outlet_id,item_id,inventory_id,minimum_stock,maximum_stock,current_stock,reorder_level,stock_status,last_updated
O0001,I0006,INV000001,15,59,76,22,Healthy,2026-08-31
O0001,I0008,INV000002,19,103,41,23,Healthy,2026-08-31
O0001,I0197,INV000003,10,37,47,17,Healthy,2026-08-31
O0001,I0189,INV000004,25,91,119,32,Healthy,2026-08-31
O0001,I0202,INV000005,28,65,101,36,Healthy,2026-08-31
O0001,I0192,INV000006,10,74,71,18,Healthy,2026-08-31
O0001,I0160,INV000007,23,95,67,31,Healthy,2026-08-31
O0001,I0172,INV000008,24,60,23,28,Low Stock,2026-08-31
O0001,I0162,INV000009,9,36,107,17,Healthy,2026-08-31
O0001,I0190,INV000010,23,77,18,24,Low Stock,2026-08-31
O0001,I0159,INV000011,12,57,29,14,Healthy,2026-08-31
O0001,I0193,INV000012,9,101,1,9,Critical,2026-08-31
O0001,I0171,INV000013,10,68,108,12,Healthy,2026-08-31
O0001,I0188,INV000014,26,54,42,28,Healthy,2026-08-31
O0001,I0005,INV000015,27,119,101,30,Healthy,2026-08-31
O0001,I0196,INV000016,30,69,38,35,Healthy,2026-08-31
O0001,I0163,INV000017,24,108,104,25,Healthy,2026-08-31
O0001,I0003,INV000018,28,88,98,34,Healthy,2026-08-31
O0002,I0198,INV000019,28,88,103,35,Healthy,2026-08-31
O0002,I0002,INV000020,11,59,18,18,Low Stock,2026-08-31
O0002,I0167,INV000021,26,89,5,26,Critical,2026-08-31
O0002,I0159,INV000022,8,40,96,10,Healthy,2026-08-31
O0002,I0200,INV000023,16,44,13,25,Low Stock,2026-08-31
O0002,I0165,INV000024,12,109,7,13,Low Stock,2026-08-31
O0002,I0201,INV000025,21,66,39,22,Healthy,2026-08-31
O0002,I0171,INV000026,21,47,18,29,Low Stock,2026-08-31
O0002,I0199,INV000027,8,65,39,14,Healthy,2026-08-31
O0002,I0008,INV000028,14,112,20,14,Healthy,2026-08-31
O0002,I0190,INV000029,12,85,115,21,Healthy,2026-08-31
O0002,I0192,INV000030,30,129,26,32,Low Stock,2026-08-31
O0002,I0168,INV000031,30,108,32,35,Low Stock,2026-08-31
O0002,I0197,INV000032,25,83,88,33,Healthy,2026-08-31
O0002,I0170,INV000033,21,63,57,30,Healthy,2026-08-31
O0002,I0160,INV000034,10,61,71,16,Healthy,2026-08-31
O0002,I0001,INV000035,9,91,21,17,Healthy,2026-08-31
O0002,I0007,INV000036,8,38,15,8,Healthy,2026-08-31
O0003,I0007,INV000037,14,40,4,16,Critical,2026-08-31
O0003,I0008,INV000038,23,90,8,24,Critical,2026-08-31
O0003,I0193,INV000039,11,75,4,16,Critical,2026-08-31
O0003,I0158,INV000040,16,52,52,23,Healthy,2026-08-31
O0003,I0159,INV000041,22,50,30,26,Healthy,2026-08-31
O0003,I0009,INV000042,26,58,1,32,Critical,2026-08-31
O0003,I0171,INV000043,14,45,46,15,Healthy,2026-08-31
O0003,I0003,INV000044,28,55,3,29,Critical,2026-08-31
O0003,I0189,INV000045,20,95,66,22,Healthy,2026-08-31
O0003,I0165,INV000046,29,63,16,31,Low Stock,2026-08-31
O0003,I0170,INV000047,13,75,91,17,Healthy,2026-08-31
O0003,I0200,INV000048,11,51,61,14,Healthy,2026-08-31
O0003,I0188,INV000049,12,93,109,16,Healthy,2026-08-31
O0003,I0195,INV000050,25,92,111,28,Healthy,2026-08-31
O0003,I0199,INV000051,19,78,96,20,Healthy,2026-08-31
O0003,I0169,INV000052,20,92,114,26,Healthy,2026-08-31
O0003,I0194,INV000053,9,100,58,9,Healthy,2026-08-31
O0003,I0163,INV000054,28,63,97,32,Healthy,2026-08-31
O0004,I0158,INV000055,17,89,25,17,Healthy,2026-08-31
O0004,I0159,INV000056,21,114,36,29,Healthy,2026-08-31
O0004,I0161,INV000057,16,61,56,25,Healthy,2026-08-31
O0004,I0001,INV000058,29,114,19,38,Critical,2026-08-31
O0004,I0163,INV000059,23,48,64,24,Healthy,2026-08-31
O0004,I0197,INV000060,8,35,95,15,Healthy,2026-08-31
O0004,I0164,INV000061,23,89,13,30,Critical,2026-08-31
O0004,I0008,INV000062,25,119,64,28,Healthy,2026-08-31
O0004,I0166,INV000063,12,58,23,13,Healthy,2026-08-31
O0004,I0170,INV000064,8,79,50,14,Healthy,2026-08-31
O0004,I0194,INV000065,28,118,48,34,Healthy,2026-08-31
O0004,I0004,INV000066,17,49,28,19,Healthy,2026-08-31
O0004,I0160,INV000067,26,79,38,33,Healthy,2026-08-31
O0004,I0007,INV000068,8,48,99,16,Healthy,2026-08-31
O0004,I0167,INV000069,15,61,6,22,Critical,2026-08-31
O0004,I0165,INV000070,25,69,90,27,Healthy,2026-08-31
O0004,I0172,INV000071,19,67,6,28,Critical,2026-08-31
O0004,I0199,INV000072,11,48,108,18,Healthy,2026-08-31
O0005,I0160,INV000073,12,99,7,14,Critical,2026-08-31
O0005,I0193,INV000074,10,76,50,18,Healthy,2026-08-31
O0005,I0003,INV000075,9,69,112,16,Healthy,2026-08-31
O0005,I0188,INV000076,15,78,24,24,Low Stock,2026-08-31
O0005,I0162,INV000077,28,114,116,30,Healthy,2026-08-31
O0005,I0164,INV000078,13,97,103,21,Healthy,2026-08-31
O0005,I0171,INV000079,26,69,50,27,Healthy,2026-08-31
O0005,I0002,INV000080,13,46,10,21,Critical,2026-08-31
O0005,I0166,INV000081,27,85,41,33,Healthy,2026-08-31
O0005,I0006,INV000082,17,113,3,23,Critical,2026-08-31
O0005,I0158,INV000083,25,115,65,34,Healthy,2026-08-31
O0005,I0189,INV000084,28,113,59,28,Healthy,2026-08-31
O0005,I0198,INV000085,12,40,95,18,Healthy,2026-08-31
O0005,I0194,INV000086,15,67,16,21,Low Stock,2026-08-31
O0005,I0163,INV000087,24,59,68,31,Healthy,2026-08-31
O0005,I0168,INV000088,23,112,112,28,Healthy,2026-08-31
O0005,I0170,INV000089,12,97,53,20,Healthy,2026-08-31
O0005,I0172,INV000090,27,70,67,29,Healthy,2026-08-31
O0006,I0161,INV000091,21,68,76,25,Healthy,2026-08-31
O0006,I0165,INV000092,15,47,81,23,Healthy,2026-08-31
O0006,I0189,INV000093,27,60,30,28,Healthy,2026-08-31
O0006,I0001,INV000094,29,70,8,35,Critical,2026-08-31
O0006,I0009,INV000095,24,57,12,28,Critical,2026-08-31
O0006,I0170,INV000096,30,121,75,33,Healthy,2026-08-31
O0006,I0195,INV000097,28,62,47,30,Healthy,2026-08-31
O0006,I0158,INV000098,11,41,99,16,Healthy,2026-08-31
O0006,I0162,INV000099,15,43,3,22,Critical,2026-08-31
O0006,I0005,INV000100,23,95,76,29,Healthy,2026-08-31
O0006,I0198,INV000101,29,116,80,38,Healthy,2026-08-31
O0006,I0163,INV000102,26,58,66,30,Healthy,2026-08-31
O0006,I0168,INV000103,24,54,14,24,Low Stock,2026-08-31
O0006,I0160,INV000104,23,82,0,25,Out of Stock,2026-08-31
O0006,I0169,INV000105,22,92,3,29,Critical,2026-08-31
O0006,I0004,INV000106,18,93,107,27,Healthy,2026-08-31
O0006,I0200,INV000107,23,54,83,27,Healthy,2026-08-31
O0006,I0197,INV000108,22,103,40,27,Healthy,2026-08-31
O0007,I0166,INV000109,19,115,44,24,Healthy,2026-08-31
O0007,I0188,INV000110,11,77,38,14,Healthy,2026-08-31
O0007,I0191,INV000111,18,67,79,19,Healthy,2026-08-31
O0007,I0163,INV000112,15,60,105,16,Healthy,2026-08-31
O0007,I0199,INV000113,30,108,95,38,Healthy,2026-08-31
O0007,I0189,INV000114,17,97,115,17,Healthy,2026-08-31
O0007,I0193,INV000115,8,53,93,15,Healthy,2026-08-31
O0007,I0170,INV000116,16,55,5,16,Critical,2026-08-31
O0007,I0162,INV000117,10,76,20,11,Healthy,2026-08-31
O0007,I0190,INV000118,27,107,101,33,Healthy,2026-08-31
O0007,I0197,INV000119,18,51,98,25,Healthy,2026-08-31
O0007,I0192,INV000120,10,42,80,13,Healthy,2026-08-31
O0007,I0196,INV000121,23,51,61,24,Healthy,2026-08-31
O0007,I0167,INV000122,20,51,32,23,Healthy,2026-08-31
O0007,I0005,INV000123,27,88,89,27,Healthy,2026-08-31
O0007,I0004,INV000124,28,59,20,36,Low Stock,2026-08-31
O0007,I0165,INV000125,27,57,45,33,Healthy,2026-08-31
O0007,I0161,INV000126,24,67,50,33,Healthy,2026-08-31
O0008,I0172,INV000127,30,62,35,31,Healthy,2026-08-31
O0008,I0003,INV000128,30,68,94,39,Healthy,2026-08-31
O0008,I0197,INV000129,8,90,89,11,Healthy,2026-08-31
O0008,I0190,INV000130,9,89,58,10,Healthy,2026-08-31
O0008,I0001,INV000131,22,71,15,22,Low Stock,2026-08-31
O0008,I0193,INV000132,20,64,21,21,Low Stock,2026-08-31
O0008,I0005,INV000133,25,71,94,28,Healthy,2026-08-31
O0008,I0202,INV000134,27,72,83,36,Healthy,2026-08-31
O0008,I0168,INV000135,12,75,17,17,Low Stock,2026-08-31
O0008,I0164,INV000136,20,75,30,29,Healthy,2026-08-31
O0008,I0195,INV000137,14,63,96,19,Healthy,2026-08-31
O0008,I0006,INV000138,20,78,20,21,Low Stock,2026-08-31
O0008,I0169,INV000139,23,107,84,23,Healthy,2026-08-31
O0008,I0159,INV000140,28,123,23,35,Low Stock,2026-08-31
O0008,I0162,INV000141,8,97,65,14,Healthy,2026-08-31
O0008,I0167,INV000142,17,104,24,19,Healthy,2026-08-31
O0008,I0198,INV000143,30,68,53,37,Healthy,2026-08-31
O0008,I0199,INV000144,10,94,56,11,Healthy,2026-08-31
O0009,I0192,INV000145,17,60,60,22,Healthy,2026-08-31
O0009,I0003,INV000146,28,58,80,28,Healthy,2026-08-31
O0009,I0005,INV000147,18,60,29,18,Healthy,2026-08-31
O0009,I0006,INV000148,20,109,19,27,Low Stock,2026-08-31
O0009,I0168,INV000149,19,51,43,24,Healthy,2026-08-31
O0009,I0002,INV000150,11,41,13,14,Low Stock,2026-08-31
O0009,I0004,INV000151,13,94,61,16,Healthy,2026-08-31
O0009,I0159,INV000152,22,73,32,26,Healthy,2026-08-31
O0009,I0189,INV000153,19,47,101,27,Healthy,2026-08-31
O0009,I0194,INV000154,17,53,99,26,Healthy,2026-08-31
O0009,I0199,INV000155,14,45,107,15,Healthy,2026-08-31
O0009,I0172,INV000156,19,99,63,22,Healthy,2026-08-31
O0009,I0196,INV000157,19,93,82,27,Healthy,2026-08-31
O0009,I0167,INV000158,15,53,8,16,Critical,2026-08-31
O0009,I0161,INV000159,27,63,16,30,Low Stock,2026-08-31
O0009,I0201,INV000160,25,108,9,25,Critical,2026-08-31
O0009,I0007,INV000161,25,96,117,33,Healthy,2026-08-31
O0009,I0198,INV000162,16,70,35,17,Healthy,2026-08-31
O0010,I0170,INV000163,16,43,63,18,Healthy,2026-08-31
O0010,I0166,INV000164,25,124,67,33,Healthy,2026-08-31
O0010,I0007,INV000165,27,100,112,31,Healthy,2026-08-31
O0010,I0198,INV000166,15,104,101,18,Healthy,2026-08-31
O0010,I0158,INV000167,18,97,1,26,Critical,2026-08-31
O0010,I0192,INV000168,16,85,27,23,Healthy,2026-08-31
O0010,I0197,INV000169,8,67,34,12,Healthy,2026-08-31
O0010,I0190,INV000170,20,83,38,25,Healthy,2026-08-31
O0010,I0194,INV000171,14,103,52,22,Healthy,2026-08-31
O0010,I0201,INV000172,20,47,109,25,Healthy,2026-08-31
O0010,I0003,INV000173,28,118,92,32,Healthy,2026-08-31
O0010,I0172,INV000174,23,91,111,27,Healthy,2026-08-31
O0010,I0001,INV000175,21,113,37,24,Healthy,2026-08-31
O0010,I0171,INV000176,17,104,38,18,Healthy,2026-08-31
O0010,I0162,INV000177,9,44,78,12,Healthy,2026-08-31
O0010,I0005,INV000178,21,113,112,28,Healthy,2026-08-31
O0010,I0193,INV000179,12,86,101,12,Healthy,2026-08-31
O0010,I0165,INV000180,9,82,113,15,Healthy,2026-08-31
O0011,I0194,INV000181,26,120,113,28,Healthy,2026-08-31
O0011,I0201,INV000182,26,81,91,34,Healthy,2026-08-31
O0011,I0159,INV000183,13,42,35,22,Healthy,2026-08-31
O0011,I0172,INV000184,9,99,62,9,Healthy,2026-08-31
O0011,I0163,INV000185,30,72,89,30,Healthy,2026-08-31
O0011,I0161,INV000186,9,104,68,9,Healthy,2026-08-31
O0011,I0199,INV000187,20,93,28,23,Healthy,2026-08-31
O0011,I0162,INV000188,10,53,59,19,Healthy,2026-08-31
O0011,I0003,INV000189,11,92,30,11,Healthy,2026-08-31
O0011,I0198,INV000190,28,58,18,36,Critical,2026-08-31
O0011,I0191,INV000191,8,81,42,14,Healthy,2026-08-31
O0011,I0169,INV000192,28,67,112,35,Healthy,2026-08-31
O0011,I0197,INV000193,8,41,39,17,Healthy,2026-08-31
O0011,I0196,INV000194,23,98,36,23,Healthy,2026-08-31
O0011,I0002,INV000195,22,115,33,29,Healthy,2026-08-31
O0011,I0188,INV000196,17,90,37,23,Healthy,2026-08-31
O0011,I0189,INV000197,19,108,9,20,Critical,2026-08-31
O0011,I0192,INV000198,9,74,3,15,Critical,2026-08-31
O0012,I0007,INV000199,26,113,6,34,Critical,2026-08-31
O0012,I0006,INV000200,16,50,34,22,Healthy,2026-08-31
O0012,I0161,INV000201,25,76,10,31,Critical,2026-08-31
O0012,I0193,INV000202,11,82,104,14,Healthy,2026-08-31
O0012,I0001,INV000203,16,43,113,22,Healthy,2026-08-31
O0012,I0190,INV000204,14,99,54,18,Healthy,2026-08-31
O0012,I0202,INV000205,9,63,66,10,Healthy,2026-08-31
O0012,I0194,INV000206,9,85,102,14,Healthy,2026-08-31
O0012,I0162,INV000207,17,61,59,22,Healthy,2026-08-31
O0012,I0008,INV000208,28,100,72,32,Healthy,2026-08-31
O0012,I0160,INV000209,8,99,52,17,Healthy,2026-08-31
O0012,I0005,INV000210,21,69,77,30,Healthy,2026-08-31
O0012,I0159,INV000211,22,116,85,24,Healthy,2026-08-31
O0012,I0163,INV000212,29,79,49,38,Healthy,2026-08-31
O0012,I0170,INV000213,13,68,77,13,Healthy,2026-08-31
O0012,I0003,INV000214,23,65,31,23,Healthy,2026-08-31
O0012,I0171,INV000215,16,52,105,24,Healthy,2026-08-31
O0012,I0199,INV000216,20,117,102,21,Healthy,2026-08-31
O0013,I0189,INV000217,9,72,114,15,Healthy,2026-08-31
O0013,I0009,INV000218,13,44,22,14,Healthy,2026-08-31
O0013,I0190,INV000219,30,77,84,35,Healthy,2026-08-31
O0013,I0004,INV000220,9,65,21,13,Healthy,2026-08-31
O0013,I0167,INV000221,24,93,13,31,Critical,2026-08-31
O0013,I0191,INV000222,9,67,42,12,Healthy,2026-08-31
O0013,I0193,INV000223,21,62,70,27,Healthy,2026-08-31
O0013,I0165,INV000224,13,112,97,13,Healthy,2026-08-31
O0013,I0003,INV000225,17,52,60,20,Healthy,2026-08-31
O0013,I0197,INV000226,22,62,34,31,Healthy,2026-08-31
O0013,I0196,INV000227,12,68,56,12,Healthy,2026-08-31
O0013,I0002,INV000228,28,57,39,34,Healthy,2026-08-31
O0013,I0166,INV000229,27,54,113,30,Healthy,2026-08-31
O0013,I0006,INV000230,8,89,81,10,Healthy,2026-08-31
O0013,I0164,INV000231,11,43,44,18,Healthy,2026-08-31
O0013,I0161,INV000232,22,64,102,28,Healthy,2026-08-31
O0013,I0158,INV000233,10,63,37,16,Healthy,2026-08-31
O0013,I0201,INV000234,28,84,75,29,Healthy,2026-08-31
O0014,I0198,INV000235,23,80,95,24,Healthy,2026-08-31
O0014,I0163,INV000236,9,69,66,12,Healthy,2026-08-31
O0014,I0161,INV000237,25,110,41,29,Healthy,2026-08-31
O0014,I0159,INV000238,30,70,69,31,Healthy,2026-08-31
O0014,I0007,INV000239,11,44,20,15,Healthy,2026-08-31
O0014,I0193,INV000240,20,61,84,20,Healthy,2026-08-31
O0014,I0196,INV000241,15,85,80,20,Healthy,2026-08-31
O0014,I0190,INV000242,18,56,54,24,Healthy,2026-08-31
O0014,I0005,INV000243,18,100,52,18,Healthy,2026-08-31
O0014,I0167,INV000244,22,113,59,22,Healthy,2026-08-31
O0014,I0172,INV000245,24,66,15,32,Critical,2026-08-31
O0014,I0160,INV000246,26,68,23,31,Low Stock,2026-08-31
O0014,I0002,INV000247,15,44,54,24,Healthy,2026-08-31
O0014,I0169,INV000248,16,49,23,20,Healthy,2026-08-31
O0014,I0199,INV000249,8,59,62,14,Healthy,2026-08-31
O0014,I0202,INV000250,27,64,77,33,Healthy,2026-08-31
O0014,I0191,INV000251,23,111,115,32,Healthy,2026-08-31
O0014,I0162,INV000252,30,84,81,31,Healthy,2026-08-31
O0015,I0162,INV000253,28,116,43,32,Healthy,2026-08-31
O0015,I0200,INV000254,26,72,96,29,Healthy,2026-08-31
O0015,I0191,INV000255,13,50,84,20,Healthy,2026-08-31
O0015,I0199,INV000256,11,62,68,14,Healthy,2026-08-31
O0015,I0171,INV000257,9,101,56,13,Healthy,2026-08-31
O0015,I0163,INV000258,23,98,81,26,Healthy,2026-08-31
O0015,I0167,INV000259,9,42,10,17,Low Stock,2026-08-31
O0015,I0196,INV000260,9,72,6,15,Critical,2026-08-31
O0015,I0195,INV000261,19,49,37,26,Healthy,2026-08-31
O0015,I0008,INV000262,23,116,50,30,Healthy,2026-08-31
O0015,I0166,INV000263,24,101,35,33,Healthy,2026-08-31
O0015,I0168,INV000264,12,106,74,17,Healthy,2026-08-31
O0015,I0158,INV000265,16,67,89,17,Healthy,2026-08-31
O0015,I0160,INV000266,8,84,53,15,Healthy,2026-08-31
O0015,I0002,INV000267,21,92,78,29,Healthy,2026-08-31
O0015,I0188,INV000268,17,66,78,20,Healthy,2026-08-31
O0015,I0202,INV000269,22,67,31,27,Healthy,2026-08-31
O0015,I0198,INV000270,28,80,98,34,Healthy,2026-08-31
O0016,I0008,INV000271,8,98,104,10,Healthy,2026-08-31
O0016,I0159,INV000272,30,87,98,37,Healthy,2026-08-31
O0016,I0195,INV000273,20,118,52,26,Healthy,2026-08-31
O0016,I0158,INV000274,16,90,79,25,Healthy,2026-08-31
O0016,I0196,INV000275,12,80,34,19,Healthy,2026-08-31
O0016,I0161,INV000276,8,42,11,16,Low Stock,2026-08-31
O0016,I0197,INV000277,30,91,1,32,Critical,2026-08-31
O0016,I0172,INV000278,13,82,4,20,Critical,2026-08-31
O0016,I0191,INV000279,19,52,1,25,Critical,2026-08-31
O0016,I0005,INV000280,26,54,51,34,Healthy,2026-08-31
O0016,I0004,INV000281,29,84,77,31,Healthy,2026-08-31
O0016,I0163,INV000282,28,104,113,36,Healthy,2026-08-31
O0016,I0171,INV000283,12,50,93,19,Healthy,2026-08-31
O0016,I0009,INV000284,8,106,16,15,Healthy,2026-08-31
O0016,I0201,INV000285,21,70,99,23,Healthy,2026-08-31
O0016,I0165,INV000286,27,102,23,32,Low Stock,2026-08-31
O0016,I0169,INV000287,30,61,54,33,Healthy,2026-08-31
O0016,I0199,INV000288,18,63,116,26,Healthy,2026-08-31
O0017,I0164,INV000289,22,51,8,22,Critical,2026-08-31
O0017,I0192,INV000290,8,99,46,13,Healthy,2026-08-31
O0017,I0005,INV000291,21,88,13,26,Critical,2026-08-31
O0017,I0193,INV000292,30,88,45,35,Healthy,2026-08-31
O0017,I0172,INV000293,19,71,39,19,Healthy,2026-08-31
O0017,I0189,INV000294,14,49,63,22,Healthy,2026-08-31
O0017,I0188,INV000295,23,55,88,26,Healthy,2026-08-31
O0017,I0194,INV000296,11,105,76,12,Healthy,2026-08-31
O0017,I0200,INV000297,19,66,75,21,Healthy,2026-08-31
O0017,I0202,INV000298,10,84,81,17,Healthy,2026-08-31
O0017,I0003,INV000299,21,51,23,27,Low Stock,2026-08-31
O0017,I0006,INV000300,25,51,4,25,Critical,2026-08-31
O0017,I0162,INV000301,21,94,39,27,Healthy,2026-08-31
O0017,I0009,INV000302,22,47,5,28,Critical,2026-08-31
O0017,I0197,INV000303,22,99,24,28,Low Stock,2026-08-31
O0017,I0168,INV000304,13,94,61,19,Healthy,2026-08-31
O0017,I0198,INV000305,27,80,108,32,Healthy,2026-08-31
O0017,I0167,INV000306,20,91,46,24,Healthy,2026-08-31
O0018,I0188,INV000307,24,56,13,24,Low Stock,2026-08-31
O0018,I0194,INV000308,27,78,13,35,Critical,2026-08-31
O0018,I0200,INV000309,16,98,107,25,Healthy,2026-08-31
O0018,I0168,INV000310,11,71,116,13,Healthy,2026-08-31
O0018,I0198,INV000311,16,89,117,23,Healthy,2026-08-31
O0018,I0004,INV000312,12,89,73,21,Healthy,2026-08-31
O0018,I0199,INV000313,19,54,65,20,Healthy,2026-08-31
O0018,I0002,INV000314,17,48,65,17,Healthy,2026-08-31
O0018,I0197,INV000315,14,45,8,23,Critical,2026-08-31
O0018,I0201,INV000316,29,83,33,30,Healthy,2026-08-31
O0018,I0007,INV000317,11,59,107,12,Healthy,2026-08-31
O0018,I0164,INV000318,28,123,46,37,Healthy,2026-08-31
O0018,I0171,INV000319,18,71,71,25,Healthy,2026-08-31
O0018,I0165,INV000320,8,50,107,10,Healthy,2026-08-31
O0018,I0195,INV000321,14,66,25,18,Healthy,2026-08-31
O0018,I0161,INV000322,22,49,107,29,Healthy,2026-08-31
O0018,I0202,INV000323,20,114,65,29,Healthy,2026-08-31
O0018,I0158,INV000324,17,112,27,17,Healthy,2026-08-31
O0019,I0002,INV000325,30,89,116,30,Healthy,2026-08-31
O0019,I0003,INV000326,22,56,114,29,Healthy,2026-08-31
O0019,I0164,INV000327,29,71,99,29,Healthy,2026-08-31
O0019,I0166,INV000328,25,85,18,29,Low Stock,2026-08-31
O0019,I0192,INV000329,25,53,107,25,Healthy,2026-08-31
O0019,I0195,INV000330,28,81,65,29,Healthy,2026-08-31
O0019,I0159,INV000331,23,101,65,25,Healthy,2026-08-31
O0019,I0165,INV000332,9,95,112,17,Healthy,2026-08-31
O0019,I0170,INV000333,13,105,116,15,Healthy,2026-08-31
O0019,I0199,INV000334,13,91,92,19,Healthy,2026-08-31
O0019,I0162,INV000335,26,114,51,27,Healthy,2026-08-31
O0019,I0196,INV000336,11,51,37,18,Healthy,2026-08-31
O0019,I0167,INV000337,28,87,13,31,Critical,2026-08-31
O0019,I0009,INV000338,29,90,80,33,Healthy,2026-08-31
O0019,I0007,INV000339,11,43,49,17,Healthy,2026-08-31
O0019,I0191,INV000340,9,102,19,15,Healthy,2026-08-31
O0019,I0171,INV000341,27,95,114,30,Healthy,2026-08-31
O0019,I0197,INV000342,27,119,44,29,Healthy,2026-08-31
O0020,I0007,INV000343,28,62,82,31,Healthy,2026-08-31
O0020,I0168,INV000344,19,87,8,27,Critical,2026-08-31
O0020,I0197,INV000345,28,109,35,34,Healthy,2026-08-31
O0020,I0165,INV000346,24,123,104,30,Healthy,2026-08-31
O0020,I0201,INV000347,8,58,26,12,Healthy,2026-08-31
O0020,I0195,INV000348,13,46,13,14,Low Stock,2026-08-31
O0020,I0164,INV000349,9,72,50,13,Healthy,2026-08-31
O0020,I0170,INV000350,19,48,13,27,Critical,2026-08-31
O0020,I0190,INV000351,20,56,65,24,Healthy,2026-08-31
O0020,I0003,INV000352,22,97,60,26,Healthy,2026-08-31
O0020,I0008,INV000353,17,97,3,18,Critical,2026-08-31
O0020,I0192,INV000354,8,35,115,17,Healthy,2026-08-31
O0020,I0163,INV000355,23,118,54,27,Healthy,2026-08-31
O0020,I0001,INV000356,22,62,56,29,Healthy,2026-08-31
O0020,I0005,INV000357,24,103,114,27,Healthy,2026-08-31
O0020,I0199,INV000358,24,85,109,33,Healthy,2026-08-31
O0020,I0200,INV000359,26,103,119,33,Healthy,2026-08-31
O0020,I0004,INV000360,9,51,103,10,Healthy,2026-08-31
O0021,I0011,INV000361,26,123,68,27,Healthy,2026-08-31
O0021,I0016,INV000362,29,106,100,30,Healthy,2026-08-31
O0021,I0010,INV000363,17,109,61,22,Healthy,2026-08-31
O0021,I0017,INV000364,29,73,27,36,Low Stock,2026-08-31
O0021,I0014,INV000365,17,100,9,20,Critical,2026-08-31
O0021,I0013,INV000366,12,108,110,19,Healthy,2026-08-31
O0021,I0012,INV000367,26,65,52,34,Healthy,2026-08-31
O0021,I0015,INV000368,25,53,114,27,Healthy,2026-08-31
O0022,I0015,INV000369,10,53,45,16,Healthy,2026-08-31
O0022,I0012,INV000370,8,88,43,13,Healthy,2026-08-31
O0022,I0011,INV000371,8,80,3,16,Critical,2026-08-31
O0022,I0013,INV000372,16,49,27,23,Healthy,2026-08-31
O0022,I0016,INV000373,28,116,89,35,Healthy,2026-08-31
O0022,I0017,INV000374,23,103,95,24,Healthy,2026-08-31
O0022,I0010,INV000375,27,122,50,29,Healthy,2026-08-31
O0022,I0014,INV000376,28,60,10,28,Critical,2026-08-31
O0023,I0012,INV000377,15,51,116,17,Healthy,2026-08-31
O0023,I0016,INV000378,26,67,83,26,Healthy,2026-08-31
O0023,I0010,INV000379,21,66,39,21,Healthy,2026-08-31
O0023,I0013,INV000380,20,90,18,26,Low Stock,2026-08-31
O0023,I0017,INV000381,12,88,86,15,Healthy,2026-08-31
O0023,I0015,INV000382,12,95,71,12,Healthy,2026-08-31
O0023,I0011,INV000383,13,65,77,21,Healthy,2026-08-31
O0023,I0014,INV000384,10,53,18,14,Healthy,2026-08-31
O0024,I0017,INV000385,25,61,104,33,Healthy,2026-08-31
O0024,I0016,INV000386,16,93,101,21,Healthy,2026-08-31
O0024,I0011,INV000387,14,40,67,16,Healthy,2026-08-31
O0024,I0012,INV000388,8,99,87,16,Healthy,2026-08-31
O0024,I0015,INV000389,27,120,75,27,Healthy,2026-08-31
O0024,I0014,INV000390,18,81,102,21,Healthy,2026-08-31
O0024,I0010,INV000391,20,74,12,22,Low Stock,2026-08-31
O0024,I0013,INV000392,13,48,9,14,Low Stock,2026-08-31
O0025,I0011,INV000393,30,56,83,38,Healthy,2026-08-31
O0025,I0012,INV000394,26,124,98,26,Healthy,2026-08-31
O0025,I0017,INV000395,10,49,45,18,Healthy,2026-08-31
O0025,I0016,INV000396,18,79,2,24,Critical,2026-08-31
O0025,I0015,INV000397,20,103,81,29,Healthy,2026-08-31
O0025,I0014,INV000398,18,108,53,23,Healthy,2026-08-31
O0025,I0013,INV000399,18,52,117,21,Healthy,2026-08-31
O0025,I0010,INV000400,21,115,39,21,Healthy,2026-08-31
O0026,I0016,INV000401,17,93,2,23,Critical,2026-08-31
O0026,I0014,INV000402,25,116,98,34,Healthy,2026-08-31
O0026,I0013,INV000403,13,112,77,16,Healthy,2026-08-31
O0026,I0012,INV000404,11,44,25,11,Healthy,2026-08-31
O0026,I0010,INV000405,21,108,61,23,Healthy,2026-08-31
O0026,I0015,INV000406,12,45,32,19,Healthy,2026-08-31
O0026,I0017,INV000407,10,87,69,10,Healthy,2026-08-31
O0026,I0011,INV000408,11,63,75,19,Healthy,2026-08-31
O0027,I0016,INV000409,14,40,107,15,Healthy,2026-08-31
O0027,I0015,INV000410,16,58,101,16,Healthy,2026-08-31
O0027,I0013,INV000411,29,105,79,36,Healthy,2026-08-31
O0027,I0017,INV000412,11,77,74,19,Healthy,2026-08-31
O0027,I0012,INV000413,26,56,84,32,Healthy,2026-08-31
O0027,I0014,INV000414,25,96,78,26,Healthy,2026-08-31
O0027,I0010,INV000415,16,45,63,16,Healthy,2026-08-31
O0027,I0011,INV000416,15,64,52,24,Healthy,2026-08-31
O0028,I0014,INV000417,19,71,33,27,Healthy,2026-08-31
O0028,I0010,INV000418,13,68,57,14,Healthy,2026-08-31
O0028,I0016,INV000419,8,103,35,10,Healthy,2026-08-31
O0028,I0011,INV000420,19,103,100,26,Healthy,2026-08-31
O0028,I0017,INV000421,18,46,102,23,Healthy,2026-08-31
O0028,I0015,INV000422,23,52,2,27,Critical,2026-08-31
O0028,I0012,INV000423,27,113,111,29,Healthy,2026-08-31
O0028,I0013,INV000424,22,80,112,22,Healthy,2026-08-31
O0029,I0014,INV000425,21,62,25,28,Low Stock,2026-08-31
O0029,I0013,INV000426,13,104,82,16,Healthy,2026-08-31
O0029,I0012,INV000427,20,54,77,26,Healthy,2026-08-31
O0029,I0017,INV000428,25,62,31,25,Healthy,2026-08-31
O0029,I0011,INV000429,25,88,94,28,Healthy,2026-08-31
O0029,I0016,INV000430,23,75,62,29,Healthy,2026-08-31
O0029,I0010,INV000431,21,87,15,21,Low Stock,2026-08-31
O0029,I0015,INV000432,9,57,31,11,Healthy,2026-08-31
O0030,I0016,INV000433,22,82,115,31,Healthy,2026-08-31
O0030,I0015,INV000434,10,72,97,10,Healthy,2026-08-31
O0030,I0017,INV000435,10,70,33,15,Healthy,2026-08-31
O0030,I0011,INV000436,12,94,71,13,Healthy,2026-08-31
O0030,I0013,INV000437,11,47,7,12,Low Stock,2026-08-31
O0030,I0010,INV000438,11,36,46,16,Healthy,2026-08-31
O0030,I0014,INV000439,24,65,116,30,Healthy,2026-08-31
O0030,I0012,INV000440,18,112,95,19,Healthy,2026-08-31
O0031,I0202,INV000441,17,85,80,17,Healthy,2026-08-31
O0031,I0200,INV000442,15,92,12,16,Low Stock,2026-08-31
O0031,I0166,INV000443,20,75,28,28,Low Stock,2026-08-31
O0031,I0194,INV000444,30,97,64,35,Healthy,2026-08-31
O0031,I0188,INV000445,18,114,54,21,Healthy,2026-08-31
O0031,I0007,INV000446,27,111,40,27,Healthy,2026-08-31
O0031,I0162,INV000447,20,113,23,25,Low Stock,2026-08-31
O0031,I0168,INV000448,14,77,57,14,Healthy,2026-08-31
O0031,I0193,INV000449,11,60,74,13,Healthy,2026-08-31
O0031,I0004,INV000450,11,37,18,14,Healthy,2026-08-31
O0031,I0006,INV000451,17,111,6,25,Critical,2026-08-31
O0031,I0201,INV000452,28,96,37,29,Healthy,2026-08-31
O0031,I0195,INV000453,10,35,12,10,Healthy,2026-08-31
O0031,I0197,INV000454,19,106,32,20,Healthy,2026-08-31
O0031,I0160,INV000455,8,46,4,13,Critical,2026-08-31
O0031,I0167,INV000456,24,91,64,28,Healthy,2026-08-31
O0031,I0198,INV000457,18,82,23,18,Healthy,2026-08-31
O0031,I0158,INV000458,19,56,24,25,Low Stock,2026-08-31
O0032,I0004,INV000459,16,70,65,18,Healthy,2026-08-31
O0032,I0190,INV000460,10,102,74,11,Healthy,2026-08-31
O0032,I0003,INV000461,19,52,116,26,Healthy,2026-08-31
O0032,I0194,INV000462,30,89,107,38,Healthy,2026-08-31
O0032,I0199,INV000463,18,57,66,22,Healthy,2026-08-31
O0032,I0005,INV000464,8,35,117,8,Healthy,2026-08-31
O0032,I0002,INV000465,22,101,91,23,Healthy,2026-08-31
O0032,I0195,INV000466,12,82,117,16,Healthy,2026-08-31
O0032,I0198,INV000467,8,107,51,15,Healthy,2026-08-31
O0032,I0006,INV000468,30,125,71,30,Healthy,2026-08-31
O0032,I0007,INV000469,15,102,77,16,Healthy,2026-08-31
O0032,I0168,INV000470,11,86,107,11,Healthy,2026-08-31
O0032,I0201,INV000471,11,83,113,12,Healthy,2026-08-31
O0032,I0171,INV000472,22,68,111,23,Healthy,2026-08-31
O0032,I0162,INV000473,17,94,37,21,Healthy,2026-08-31
O0032,I0001,INV000474,24,105,110,26,Healthy,2026-08-31
O0032,I0200,INV000475,16,65,72,24,Healthy,2026-08-31
O0032,I0161,INV000476,8,70,16,8,Healthy,2026-08-31
O0033,I0158,INV000477,13,66,84,19,Healthy,2026-08-31
O0033,I0164,INV000478,24,76,10,26,Critical,2026-08-31
O0033,I0167,INV000479,23,90,54,30,Healthy,2026-08-31
O0033,I0170,INV000480,10,109,71,10,Healthy,2026-08-31
O0033,I0193,INV000481,14,87,10,18,Low Stock,2026-08-31
O0033,I0002,INV000482,28,77,69,35,Healthy,2026-08-31
O0033,I0197,INV000483,28,118,48,37,Healthy,2026-08-31
O0033,I0001,INV000484,13,63,59,15,Healthy,2026-08-31
O0033,I0159,INV000485,13,47,114,20,Healthy,2026-08-31
O0033,I0160,INV000486,24,96,43,27,Healthy,2026-08-31
O0033,I0168,INV000487,15,114,53,17,Healthy,2026-08-31
O0033,I0189,INV000488,12,74,31,17,Healthy,2026-08-31
O0033,I0007,INV000489,30,82,19,32,Low Stock,2026-08-31
O0033,I0200,INV000490,21,115,44,26,Healthy,2026-08-31
O0033,I0169,INV000491,30,64,33,30,Healthy,2026-08-31
O0033,I0201,INV000492,21,65,83,27,Healthy,2026-08-31
O0033,I0192,INV000493,25,88,116,33,Healthy,2026-08-31
O0033,I0163,INV000494,19,72,114,24,Healthy,2026-08-31
O0034,I0189,INV000495,11,91,60,18,Healthy,2026-08-31
O0034,I0003,INV000496,11,82,12,15,Low Stock,2026-08-31
O0034,I0188,INV000497,21,115,49,29,Healthy,2026-08-31
O0034,I0002,INV000498,26,118,91,32,Healthy,2026-08-31
O0034,I0009,INV000499,13,90,33,16,Healthy,2026-08-31
O0034,I0170,INV000500,16,45,59,24,Healthy,2026-08-31
O0034,I0161,INV000501,30,115,60,38,Healthy,2026-08-31
O0034,I0169,INV000502,27,58,119,32,Healthy,2026-08-31
O0034,I0162,INV000503,17,97,39,22,Healthy,2026-08-31
O0034,I0160,INV000504,22,55,57,24,Healthy,2026-08-31
O0034,I0167,INV000505,23,57,67,26,Healthy,2026-08-31
O0034,I0171,INV000506,13,94,114,19,Healthy,2026-08-31
O0034,I0201,INV000507,12,66,33,21,Healthy,2026-08-31
O0034,I0197,INV000508,26,87,33,31,Healthy,2026-08-31
O0034,I0006,INV000509,26,93,19,26,Low Stock,2026-08-31
O0034,I0001,INV000510,20,98,95,23,Healthy,2026-08-31
O0034,I0172,INV000511,23,89,101,24,Healthy,2026-08-31
O0034,I0191,INV000512,14,95,113,21,Healthy,2026-08-31
O0035,I0163,INV000513,12,64,90,18,Healthy,2026-08-31
O0035,I0168,INV000514,24,79,69,30,Healthy,2026-08-31
O0035,I0197,INV000515,29,94,10,35,Critical,2026-08-31
O0035,I0171,INV000516,16,67,27,20,Healthy,2026-08-31
O0035,I0199,INV000517,9,61,83,18,Healthy,2026-08-31
O0035,I0009,INV000518,14,41,116,20,Healthy,2026-08-31
O0035,I0170,INV000519,25,58,106,27,Healthy,2026-08-31
O0035,I0162,INV000520,25,91,34,28,Healthy,2026-08-31
O0035,I0196,INV000521,10,38,64,13,Healthy,2026-08-31
O0035,I0159,INV000522,16,66,102,25,Healthy,2026-08-31
O0035,I0169,INV000523,23,83,100,23,Healthy,2026-08-31
O0035,I0194,INV000524,23,60,43,25,Healthy,2026-08-31
O0035,I0172,INV000525,22,99,32,29,Healthy,2026-08-31
O0035,I0193,INV000526,28,125,27,34,Low Stock,2026-08-31
O0035,I0005,INV000527,16,81,32,18,Healthy,2026-08-31
O0035,I0003,INV000528,22,91,66,24,Healthy,2026-08-31
O0035,I0190,INV000529,11,103,75,17,Healthy,2026-08-31
O0035,I0006,INV000530,13,62,21,21,Low Stock,2026-08-31
O0036,I0188,INV000531,18,69,117,24,Healthy,2026-08-31
O0036,I0161,INV000532,10,65,87,17,Healthy,2026-08-31
O0036,I0190,INV000533,28,126,39,29,Healthy,2026-08-31
O0036,I0193,INV000534,10,109,23,17,Healthy,2026-08-31
O0036,I0194,INV000535,27,58,30,34,Low Stock,2026-08-31
O0036,I0192,INV000536,25,104,40,27,Healthy,2026-08-31
O0036,I0199,INV000537,21,70,62,29,Healthy,2026-08-31
O0036,I0171,INV000538,19,85,68,22,Healthy,2026-08-31
O0036,I0009,INV000539,14,97,89,19,Healthy,2026-08-31
O0036,I0162,INV000540,17,80,35,19,Healthy,2026-08-31
O0036,I0172,INV000541,8,52,60,14,Healthy,2026-08-31
O0036,I0164,INV000542,12,99,58,12,Healthy,2026-08-31
O0036,I0170,INV000543,17,90,15,21,Low Stock,2026-08-31
O0036,I0167,INV000544,21,73,39,29,Healthy,2026-08-31
O0036,I0201,INV000545,25,118,84,27,Healthy,2026-08-31
O0036,I0189,INV000546,17,45,68,17,Healthy,2026-08-31
O0036,I0007,INV000547,13,90,56,21,Healthy,2026-08-31
O0036,I0003,INV000548,29,126,58,38,Healthy,2026-08-31
O0037,I0193,INV000549,23,100,103,25,Healthy,2026-08-31
O0037,I0001,INV000550,12,92,64,19,Healthy,2026-08-31
O0037,I0168,INV000551,28,121,94,32,Healthy,2026-08-31
O0037,I0194,INV000552,19,97,68,20,Healthy,2026-08-31
O0037,I0199,INV000553,24,51,43,29,Healthy,2026-08-31
O0037,I0171,INV000554,29,115,43,29,Healthy,2026-08-31
O0037,I0192,INV000555,29,71,39,37,Healthy,2026-08-31
O0037,I0159,INV000556,13,45,1,20,Critical,2026-08-31
O0037,I0170,INV000557,12,53,103,19,Healthy,2026-08-31
O0037,I0197,INV000558,21,81,116,25,Healthy,2026-08-31
O0037,I0169,INV000559,23,73,29,32,Low Stock,2026-08-31
O0037,I0008,INV000560,15,50,118,19,Healthy,2026-08-31
O0037,I0164,INV000561,13,49,38,14,Healthy,2026-08-31
O0037,I0200,INV000562,30,104,115,33,Healthy,2026-08-31
O0037,I0191,INV000563,15,68,93,19,Healthy,2026-08-31
O0037,I0002,INV000564,13,48,34,13,Healthy,2026-08-31
O0037,I0198,INV000565,12,78,1,17,Critical,2026-08-31
O0037,I0006,INV000566,21,70,16,22,Low Stock,2026-08-31
O0038,I0168,INV000567,18,52,41,22,Healthy,2026-08-31
O0038,I0163,INV000568,13,94,27,14,Healthy,2026-08-31
O0038,I0193,INV000569,24,92,2,32,Critical,2026-08-31
O0038,I0194,INV000570,21,68,116,25,Healthy,2026-08-31
O0038,I0170,INV000571,12,78,53,21,Healthy,2026-08-31
O0038,I0159,INV000572,17,94,90,18,Healthy,2026-08-31
O0038,I0003,INV000573,20,93,32,25,Healthy,2026-08-31
O0038,I0004,INV000574,28,83,52,30,Healthy,2026-08-31
O0038,I0165,INV000575,9,82,37,9,Healthy,2026-08-31
O0038,I0001,INV000576,15,66,62,18,Healthy,2026-08-31
O0038,I0161,INV000577,30,92,3,30,Critical,2026-08-31
O0038,I0008,INV000578,29,97,57,36,Healthy,2026-08-31
O0038,I0171,INV000579,21,64,22,25,Low Stock,2026-08-31
O0038,I0199,INV000580,24,100,114,31,Healthy,2026-08-31
O0038,I0191,INV000581,17,94,56,22,Healthy,2026-08-31
O0038,I0002,INV000582,14,76,21,16,Healthy,2026-08-31
O0038,I0158,INV000583,17,47,27,20,Healthy,2026-08-31
O0038,I0167,INV000584,8,106,42,15,Healthy,2026-08-31
O0039,I0003,INV000585,19,47,102,28,Healthy,2026-08-31
O0039,I0169,INV000586,24,103,70,29,Healthy,2026-08-31
O0039,I0188,INV000587,26,99,102,34,Healthy,2026-08-31
O0039,I0166,INV000588,21,119,86,24,Healthy,2026-08-31
O0039,I0158,INV000589,8,36,92,13,Healthy,2026-08-31
O0039,I0172,INV000590,20,103,35,27,Healthy,2026-08-31
O0039,I0002,INV000591,13,74,30,16,Healthy,2026-08-31
O0039,I0164,INV000592,22,71,1,31,Critical,2026-08-31
O0039,I0006,INV000593,21,60,102,22,Healthy,2026-08-31
O0039,I0202,INV000594,11,82,105,20,Healthy,2026-08-31
O0039,I0008,INV000595,26,67,103,31,Healthy,2026-08-31
O0039,I0198,INV000596,9,97,118,15,Healthy,2026-08-31
O0039,I0168,INV000597,10,89,19,15,Healthy,2026-08-31
O0039,I0163,INV000598,12,111,0,16,Out of Stock,2026-08-31
O0039,I0192,INV000599,27,103,60,32,Healthy,2026-08-31
O0039,I0191,INV000600,30,56,10,37,Critical,2026-08-31
O0039,I0197,INV000601,29,102,53,37,Healthy,2026-08-31
O0039,I0004,INV000602,21,46,7,27,Critical,2026-08-31
O0040,I0198,INV000603,17,48,20,21,Low Stock,2026-08-31
O0040,I0161,INV000604,8,98,50,8,Healthy,2026-08-31
O0040,I0202,INV000605,11,53,96,12,Healthy,2026-08-31
O0040,I0160,INV000606,17,80,98,25,Healthy,2026-08-31
O0040,I0158,INV000607,24,78,19,29,Low Stock,2026-08-31
O0040,I0005,INV000608,8,76,79,11,Healthy,2026-08-31
O0040,I0162,INV000609,19,101,62,25,Healthy,2026-08-31
O0040,I0002,INV000610,28,78,4,37,Critical,2026-08-31
O0040,I0167,INV000611,29,68,52,38,Healthy,2026-08-31
O0040,I0004,INV000612,9,59,119,15,Healthy,2026-08-31
O0040,I0201,INV000613,30,126,69,36,Healthy,2026-08-31
O0040,I0168,INV000614,13,98,74,20,Healthy,2026-08-31
O0040,I0190,INV000615,16,49,8,22,Critical,2026-08-31
O0040,I0164,INV000616,28,55,53,34,Healthy,2026-08-31
O0040,I0195,INV000617,23,105,42,30,Healthy,2026-08-31
O0040,I0171,INV000618,13,66,21,16,Healthy,2026-08-31
O0040,I0188,INV000619,18,109,73,19,Healthy,2026-08-31
O0040,I0172,INV000620,28,84,33,33,Low Stock,2026-08-31
O0041,I0020,INV000621,18,79,96,27,Healthy,2026-08-31
O0041,I0023,INV000622,14,78,23,21,Healthy,2026-08-31
O0041,I0025,INV000623,11,63,41,19,Healthy,2026-08-31
O0041,I0021,INV000624,13,52,105,19,Healthy,2026-08-31
O0041,I0022,INV000625,9,80,65,10,Healthy,2026-08-31
O0041,I0024,INV000626,23,93,16,31,Low Stock,2026-08-31
O0041,I0019,INV000627,28,68,41,33,Healthy,2026-08-31
O0041,I0018,INV000628,27,78,106,29,Healthy,2026-08-31
O0042,I0024,INV000629,14,49,23,21,Healthy,2026-08-31
O0042,I0025,INV000630,26,85,85,35,Healthy,2026-08-31
O0042,I0021,INV000631,20,46,32,26,Healthy,2026-08-31
O0042,I0019,INV000632,19,62,49,26,Healthy,2026-08-31
O0042,I0023,INV000633,10,106,43,16,Healthy,2026-08-31
O0042,I0022,INV000634,28,110,90,34,Healthy,2026-08-31
O0042,I0018,INV000635,13,91,34,18,Healthy,2026-08-31
O0042,I0020,INV000636,30,59,65,30,Healthy,2026-08-31
O0043,I0018,INV000637,8,68,27,15,Healthy,2026-08-31
O0043,I0024,INV000638,28,121,23,30,Low Stock,2026-08-31
O0043,I0025,INV000639,15,107,105,24,Healthy,2026-08-31
O0043,I0022,INV000640,9,72,72,18,Healthy,2026-08-31
O0043,I0023,INV000641,17,66,56,18,Healthy,2026-08-31
O0043,I0019,INV000642,21,98,28,23,Healthy,2026-08-31
O0043,I0021,INV000643,28,110,72,36,Healthy,2026-08-31
O0043,I0020,INV000644,12,107,39,16,Healthy,2026-08-31
O0044,I0021,INV000645,25,86,25,28,Low Stock,2026-08-31
O0044,I0023,INV000646,13,73,32,22,Healthy,2026-08-31
O0044,I0020,INV000647,26,72,26,34,Low Stock,2026-08-31
O0044,I0024,INV000648,19,93,37,19,Healthy,2026-08-31
O0044,I0025,INV000649,27,120,4,30,Critical,2026-08-31
O0044,I0022,INV000650,12,54,12,21,Low Stock,2026-08-31
O0044,I0019,INV000651,27,58,6,29,Critical,2026-08-31
O0044,I0018,INV000652,27,52,4,28,Critical,2026-08-31
O0045,I0020,INV000653,27,125,55,28,Healthy,2026-08-31
O0045,I0024,INV000654,9,85,45,18,Healthy,2026-08-31
O0045,I0018,INV000655,16,43,38,23,Healthy,2026-08-31
O0045,I0025,INV000656,12,87,117,19,Healthy,2026-08-31
O0045,I0023,INV000657,22,89,0,29,Out of Stock,2026-08-31
O0045,I0021,INV000658,25,57,112,31,Healthy,2026-08-31
O0045,I0022,INV000659,25,51,38,28,Healthy,2026-08-31
O0045,I0019,INV000660,29,78,14,29,Critical,2026-08-31
O0046,I0021,INV000661,15,57,64,20,Healthy,2026-08-31
O0046,I0022,INV000662,20,65,7,24,Critical,2026-08-31
O0046,I0025,INV000663,20,52,63,21,Healthy,2026-08-31
O0046,I0018,INV000664,9,42,109,18,Healthy,2026-08-31
O0046,I0023,INV000665,10,70,28,11,Healthy,2026-08-31
O0046,I0019,INV000666,9,97,51,17,Healthy,2026-08-31
O0046,I0020,INV000667,9,34,111,14,Healthy,2026-08-31
O0046,I0024,INV000668,30,103,104,35,Healthy,2026-08-31
O0047,I0024,INV000669,10,51,49,14,Healthy,2026-08-31
O0047,I0021,INV000670,19,95,91,20,Healthy,2026-08-31
O0047,I0020,INV000671,13,106,57,13,Healthy,2026-08-31
O0047,I0022,INV000672,30,107,13,37,Critical,2026-08-31
O0047,I0018,INV000673,21,59,67,22,Healthy,2026-08-31
O0047,I0019,INV000674,15,56,63,18,Healthy,2026-08-31
O0047,I0025,INV000675,8,86,68,13,Healthy,2026-08-31
O0047,I0023,INV000676,27,111,46,34,Healthy,2026-08-31
O0048,I0020,INV000677,27,112,111,30,Healthy,2026-08-31
O0048,I0024,INV000678,26,109,2,29,Critical,2026-08-31
O0048,I0018,INV000679,16,115,24,24,Low Stock,2026-08-31
O0048,I0021,INV000680,12,48,99,12,Healthy,2026-08-31
O0048,I0025,INV000681,26,82,6,28,Critical,2026-08-31
O0048,I0023,INV000682,25,111,97,32,Healthy,2026-08-31
O0048,I0019,INV000683,17,54,71,18,Healthy,2026-08-31
O0048,I0022,INV000684,12,110,69,19,Healthy,2026-08-31
O0049,I0024,INV000685,18,90,58,27,Healthy,2026-08-31
O0049,I0019,INV000686,14,51,18,21,Low Stock,2026-08-31
O0049,I0018,INV000687,9,108,69,17,Healthy,2026-08-31
O0049,I0023,INV000688,16,48,14,19,Low Stock,2026-08-31
O0049,I0020,INV000689,26,94,2,32,Critical,2026-08-31
O0049,I0025,INV000690,15,53,11,21,Low Stock,2026-08-31
O0049,I0021,INV000691,12,78,20,12,Healthy,2026-08-31
O0049,I0022,INV000692,8,69,32,13,Healthy,2026-08-31
O0050,I0020,INV000693,11,41,40,19,Healthy,2026-08-31
O0050,I0019,INV000694,19,118,46,24,Healthy,2026-08-31
O0050,I0025,INV000695,30,66,30,30,Low Stock,2026-08-31
O0050,I0023,INV000696,25,102,104,31,Healthy,2026-08-31
O0050,I0021,INV000697,18,77,40,27,Healthy,2026-08-31
O0050,I0022,INV000698,25,88,5,33,Critical,2026-08-31
O0050,I0018,INV000699,10,56,8,10,Low Stock,2026-08-31
O0050,I0024,INV000700,8,63,82,14,Healthy,2026-08-31
O0051,I0018,INV000701,14,62,115,21,Healthy,2026-08-31
O0051,I0025,INV000702,22,48,40,22,Healthy,2026-08-31
O0051,I0024,INV000703,12,86,32,14,Healthy,2026-08-31
O0051,I0019,INV000704,22,89,48,26,Healthy,2026-08-31
O0051,I0023,INV000705,16,112,53,22,Healthy,2026-08-31
O0051,I0021,INV000706,22,100,43,26,Healthy,2026-08-31
O0051,I0020,INV000707,10,77,31,18,Healthy,2026-08-31
O0051,I0022,INV000708,12,53,35,16,Healthy,2026-08-31
O0052,I0021,INV000709,17,93,59,23,Healthy,2026-08-31
O0052,I0024,INV000710,22,74,15,30,Critical,2026-08-31
O0052,I0019,INV000711,25,60,38,30,Healthy,2026-08-31
O0052,I0020,INV000712,27,121,66,35,Healthy,2026-08-31
O0052,I0023,INV000713,30,96,34,33,Healthy,2026-08-31
O0052,I0018,INV000714,30,72,11,30,Critical,2026-08-31
O0052,I0022,INV000715,18,84,113,19,Healthy,2026-08-31
O0052,I0025,INV000716,27,72,104,30,Healthy,2026-08-31
O0053,I0020,INV000717,22,59,13,28,Critical,2026-08-31
O0053,I0023,INV000718,14,48,63,21,Healthy,2026-08-31
O0053,I0019,INV000719,21,113,49,23,Healthy,2026-08-31
O0053,I0021,INV000720,15,70,118,21,Healthy,2026-08-31
O0053,I0018,INV000721,19,96,55,21,Healthy,2026-08-31
O0053,I0025,INV000722,20,57,25,29,Low Stock,2026-08-31
O0053,I0022,INV000723,8,70,36,14,Healthy,2026-08-31
O0053,I0024,INV000724,28,123,3,31,Critical,2026-08-31
O0054,I0020,INV000725,18,104,60,22,Healthy,2026-08-31
O0054,I0023,INV000726,26,121,81,34,Healthy,2026-08-31
O0054,I0022,INV000727,21,51,5,27,Critical,2026-08-31
O0054,I0025,INV000728,10,58,47,19,Healthy,2026-08-31
O0054,I0021,INV000729,22,93,31,31,Low Stock,2026-08-31
O0054,I0024,INV000730,8,96,55,11,Healthy,2026-08-31
O0054,I0019,INV000731,18,45,109,26,Healthy,2026-08-31
O0054,I0018,INV000732,30,63,26,33,Low Stock,2026-08-31
O0055,I0021,INV000733,29,69,83,33,Healthy,2026-08-31
O0055,I0018,INV000734,22,108,94,23,Healthy,2026-08-31
O0055,I0024,INV000735,30,88,29,30,Low Stock,2026-08-31
O0055,I0022,INV000736,21,114,52,27,Healthy,2026-08-31
O0055,I0025,INV000737,24,123,24,25,Low Stock,2026-08-31
O0055,I0019,INV000738,25,62,17,25,Low Stock,2026-08-31
O0055,I0020,INV000739,10,40,112,11,Healthy,2026-08-31
O0055,I0023,INV000740,14,87,56,21,Healthy,2026-08-31
O0056,I0019,INV000741,13,104,22,16,Healthy,2026-08-31
O0056,I0024,INV000742,13,101,52,14,Healthy,2026-08-31
O0056,I0025,INV000743,8,75,94,15,Healthy,2026-08-31
O0056,I0018,INV000744,30,110,95,30,Healthy,2026-08-31
O0056,I0021,INV000745,28,62,31,35,Low Stock,2026-08-31
O0056,I0020,INV000746,23,78,30,26,Healthy,2026-08-31
O0056,I0023,INV000747,23,66,118,23,Healthy,2026-08-31
O0056,I0022,INV000748,22,50,85,24,Healthy,2026-08-31
O0057,I0022,INV000749,8,83,26,8,Healthy,2026-08-31
O0057,I0021,INV000750,9,56,44,9,Healthy,2026-08-31
O0057,I0024,INV000751,15,66,10,20,Critical,2026-08-31
O0057,I0020,INV000752,25,116,98,29,Healthy,2026-08-31
O0057,I0023,INV000753,11,66,38,11,Healthy,2026-08-31
O0057,I0018,INV000754,25,83,30,26,Healthy,2026-08-31
O0057,I0019,INV000755,16,65,43,24,Healthy,2026-08-31
O0057,I0025,INV000756,20,88,31,27,Healthy,2026-08-31
O0058,I0018,INV000757,17,69,23,26,Low Stock,2026-08-31
O0058,I0021,INV000758,10,51,52,19,Healthy,2026-08-31
O0058,I0024,INV000759,16,52,1,20,Critical,2026-08-31
O0058,I0023,INV000760,27,53,103,28,Healthy,2026-08-31
O0058,I0020,INV000761,12,44,97,12,Healthy,2026-08-31
O0058,I0025,INV000762,8,90,0,10,Out of Stock,2026-08-31
O0058,I0022,INV000763,16,102,76,19,Healthy,2026-08-31
O0058,I0019,INV000764,22,114,17,25,Low Stock,2026-08-31
O0059,I0020,INV000765,10,72,56,10,Healthy,2026-08-31
O0059,I0018,INV000766,27,64,43,36,Healthy,2026-08-31
O0059,I0021,INV000767,21,73,28,21,Healthy,2026-08-31
O0059,I0024,INV000768,9,86,35,16,Healthy,2026-08-31
O0059,I0025,INV000769,20,111,50,24,Healthy,2026-08-31
O0059,I0022,INV000770,27,115,23,28,Low Stock,2026-08-31
O0059,I0019,INV000771,10,67,78,12,Healthy,2026-08-31
O0059,I0023,INV000772,30,98,20,35,Low Stock,2026-08-31
O0060,I0022,INV000773,19,105,70,20,Healthy,2026-08-31
O0060,I0023,INV000774,11,95,6,14,Critical,2026-08-31
O0060,I0021,INV000775,28,83,112,31,Healthy,2026-08-31
O0060,I0020,INV000776,21,94,73,29,Healthy,2026-08-31
O0060,I0024,INV000777,10,35,61,14,Healthy,2026-08-31
O0060,I0019,INV000778,18,104,38,26,Healthy,2026-08-31
O0060,I0025,INV000779,23,76,76,29,Healthy,2026-08-31
O0060,I0018,INV000780,19,100,113,26,Healthy,2026-08-31
O0061,I0030,INV000781,20,116,100,22,Healthy,2026-08-31
O0061,I0028,INV000782,21,63,70,28,Healthy,2026-08-31
O0061,I0031,INV000783,28,77,107,37,Healthy,2026-08-31
O0061,I0029,INV000784,29,63,32,38,Low Stock,2026-08-31
O0061,I0027,INV000785,20,60,8,22,Critical,2026-08-31
O0061,I0026,INV000786,17,81,11,25,Critical,2026-08-31
O0062,I0030,INV000787,12,80,5,17,Critical,2026-08-31
O0062,I0027,INV000788,17,109,97,22,Healthy,2026-08-31
O0062,I0026,INV000789,22,74,78,26,Healthy,2026-08-31
O0062,I0031,INV000790,10,99,101,11,Healthy,2026-08-31
O0062,I0029,INV000791,23,100,7,29,Critical,2026-08-31
O0062,I0028,INV000792,25,78,41,26,Healthy,2026-08-31
O0063,I0030,INV000793,11,70,111,19,Healthy,2026-08-31
O0063,I0029,INV000794,19,105,85,21,Healthy,2026-08-31
O0063,I0027,INV000795,11,100,5,20,Critical,2026-08-31
O0063,I0031,INV000796,12,58,91,16,Healthy,2026-08-31
O0063,I0028,INV000797,21,62,109,21,Healthy,2026-08-31
O0063,I0026,INV000798,28,125,67,37,Healthy,2026-08-31
O0064,I0030,INV000799,13,67,84,16,Healthy,2026-08-31
O0064,I0028,INV000800,15,55,95,18,Healthy,2026-08-31
O0064,I0027,INV000801,25,106,76,34,Healthy,2026-08-31
O0064,I0026,INV000802,18,82,77,24,Healthy,2026-08-31
O0064,I0031,INV000803,8,38,70,9,Healthy,2026-08-31
O0064,I0029,INV000804,27,117,58,28,Healthy,2026-08-31
O0065,I0031,INV000805,29,113,85,32,Healthy,2026-08-31
O0065,I0028,INV000806,22,83,6,29,Critical,2026-08-31
O0065,I0030,INV000807,12,47,6,16,Critical,2026-08-31
O0065,I0026,INV000808,23,86,27,25,Healthy,2026-08-31
O0065,I0029,INV000809,28,73,28,30,Low Stock,2026-08-31
O0065,I0027,INV000810,12,82,83,14,Healthy,2026-08-31
O0066,I0026,INV000811,8,80,95,11,Healthy,2026-08-31
O0066,I0028,INV000812,28,73,17,28,Low Stock,2026-08-31
O0066,I0029,INV000813,20,83,91,24,Healthy,2026-08-31
O0066,I0031,INV000814,21,86,115,30,Healthy,2026-08-31
O0066,I0027,INV000815,20,72,13,22,Low Stock,2026-08-31
O0066,I0030,INV000816,9,95,14,15,Low Stock,2026-08-31
O0067,I0031,INV000817,24,105,110,32,Healthy,2026-08-31
O0067,I0030,INV000818,18,81,82,22,Healthy,2026-08-31
O0067,I0027,INV000819,8,53,49,14,Healthy,2026-08-31
O0067,I0029,INV000820,16,66,69,23,Healthy,2026-08-31
O0067,I0026,INV000821,16,114,34,24,Healthy,2026-08-31
O0067,I0028,INV000822,29,62,73,35,Healthy,2026-08-31
O0068,I0031,INV000823,11,110,50,17,Healthy,2026-08-31
O0068,I0027,INV000824,9,73,78,11,Healthy,2026-08-31
O0068,I0028,INV000825,25,58,31,25,Healthy,2026-08-31
O0068,I0030,INV000826,13,81,73,14,Healthy,2026-08-31
O0068,I0029,INV000827,23,96,69,31,Healthy,2026-08-31
O0068,I0026,INV000828,22,80,87,27,Healthy,2026-08-31
O0069,I0028,INV000829,18,111,65,27,Healthy,2026-08-31
O0069,I0029,INV000830,14,108,66,14,Healthy,2026-08-31
O0069,I0027,INV000831,12,60,23,12,Healthy,2026-08-31
O0069,I0031,INV000832,27,77,62,28,Healthy,2026-08-31
O0069,I0030,INV000833,22,62,40,30,Healthy,2026-08-31
O0069,I0026,INV000834,26,61,112,34,Healthy,2026-08-31
O0070,I0031,INV000835,8,82,35,17,Healthy,2026-08-31
O0070,I0029,INV000836,15,61,67,19,Healthy,2026-08-31
O0070,I0028,INV000837,10,43,31,12,Healthy,2026-08-31
O0070,I0027,INV000838,25,110,70,25,Healthy,2026-08-31
O0070,I0030,INV000839,26,62,38,27,Healthy,2026-08-31
O0070,I0026,INV000840,27,57,119,31,Healthy,2026-08-31
O0071,I0016,INV000841,10,97,86,12,Healthy,2026-08-31
O0071,I0017,INV000842,25,93,9,34,Critical,2026-08-31
O0071,I0014,INV000843,10,64,31,19,Healthy,2026-08-31
O0071,I0015,INV000844,22,62,41,30,Healthy,2026-08-31
O0071,I0012,INV000845,11,102,91,19,Healthy,2026-08-31
O0071,I0011,INV000846,8,41,64,14,Healthy,2026-08-31
O0071,I0013,INV000847,8,82,55,15,Healthy,2026-08-31
O0071,I0010,INV000848,9,78,45,17,Healthy,2026-08-31
O0072,I0010,INV000849,22,57,28,24,Healthy,2026-08-31
O0072,I0017,INV000850,19,90,57,21,Healthy,2026-08-31
O0072,I0013,INV000851,17,87,15,26,Low Stock,2026-08-31
O0072,I0011,INV000852,22,67,30,31,Low Stock,2026-08-31
O0072,I0012,INV000853,21,91,57,24,Healthy,2026-08-31
O0072,I0015,INV000854,24,113,32,26,Healthy,2026-08-31
O0072,I0016,INV000855,24,86,29,28,Healthy,2026-08-31
O0072,I0014,INV000856,17,72,119,19,Healthy,2026-08-31
O0073,I0016,INV000857,20,69,68,28,Healthy,2026-08-31
O0073,I0010,INV000858,18,45,11,24,Critical,2026-08-31
O0073,I0012,INV000859,21,65,93,29,Healthy,2026-08-31
O0073,I0015,INV000860,22,85,93,31,Healthy,2026-08-31
O0073,I0014,INV000861,20,80,113,20,Healthy,2026-08-31
O0073,I0013,INV000862,26,53,38,29,Healthy,2026-08-31
O0073,I0017,INV000863,8,88,63,8,Healthy,2026-08-31
O0073,I0011,INV000864,15,51,46,22,Healthy,2026-08-31
O0074,I0013,INV000865,9,37,18,11,Healthy,2026-08-31
O0074,I0014,INV000866,10,43,113,16,Healthy,2026-08-31
O0074,I0011,INV000867,28,69,10,32,Critical,2026-08-31
O0074,I0010,INV000868,19,77,94,20,Healthy,2026-08-31
O0074,I0012,INV000869,21,83,112,25,Healthy,2026-08-31
O0074,I0017,INV000870,22,76,9,29,Critical,2026-08-31
O0074,I0016,INV000871,30,100,60,39,Healthy,2026-08-31
O0074,I0015,INV000872,22,82,1,31,Critical,2026-08-31
O0075,I0011,INV000873,8,77,16,8,Healthy,2026-08-31
O0075,I0014,INV000874,24,65,37,25,Healthy,2026-08-31
O0075,I0016,INV000875,17,54,94,20,Healthy,2026-08-31
O0075,I0015,INV000876,18,51,90,18,Healthy,2026-08-31
O0075,I0013,INV000877,21,51,2,23,Critical,2026-08-31
O0075,I0017,INV000878,14,110,24,19,Healthy,2026-08-31
O0075,I0010,INV000879,8,53,93,10,Healthy,2026-08-31
O0075,I0012,INV000880,25,70,116,33,Healthy,2026-08-31
O0076,I0012,INV000881,19,86,74,20,Healthy,2026-08-31
O0076,I0010,INV000882,12,107,15,16,Low Stock,2026-08-31
O0076,I0011,INV000883,23,112,83,30,Healthy,2026-08-31
O0076,I0016,INV000884,12,90,86,12,Healthy,2026-08-31
O0076,I0015,INV000885,8,82,49,11,Healthy,2026-08-31
O0076,I0014,INV000886,29,109,85,37,Healthy,2026-08-31
O0076,I0013,INV000887,9,107,72,10,Healthy,2026-08-31
O0076,I0017,INV000888,20,60,34,27,Healthy,2026-08-31
O0077,I0013,INV000889,21,87,31,30,Healthy,2026-08-31
O0077,I0014,INV000890,23,81,89,30,Healthy,2026-08-31
O0077,I0011,INV000891,9,96,77,14,Healthy,2026-08-31
O0077,I0010,INV000892,19,80,21,28,Low Stock,2026-08-31
O0077,I0017,INV000893,28,104,33,32,Healthy,2026-08-31
O0077,I0016,INV000894,23,56,52,30,Healthy,2026-08-31
O0077,I0015,INV000895,22,63,85,27,Healthy,2026-08-31
O0077,I0012,INV000896,15,53,70,17,Healthy,2026-08-31
O0078,I0012,INV000897,12,107,34,20,Healthy,2026-08-31
O0078,I0017,INV000898,16,51,8,19,Critical,2026-08-31
O0078,I0015,INV000899,14,91,75,14,Healthy,2026-08-31
O0078,I0014,INV000900,24,79,90,24,Healthy,2026-08-31
O0078,I0010,INV000901,13,42,27,19,Healthy,2026-08-31
O0078,I0013,INV000902,10,98,57,13,Healthy,2026-08-31
O0078,I0011,INV000903,18,98,46,24,Healthy,2026-08-31
O0078,I0016,INV000904,25,98,29,33,Low Stock,2026-08-31
O0079,I0013,INV000905,15,61,14,15,Low Stock,2026-08-31
O0079,I0015,INV000906,19,89,48,22,Healthy,2026-08-31
O0079,I0016,INV000907,30,111,82,37,Healthy,2026-08-31
O0079,I0011,INV000908,24,84,42,28,Healthy,2026-08-31
O0079,I0014,INV000909,29,63,85,29,Healthy,2026-08-31
O0079,I0012,INV000910,9,100,55,10,Healthy,2026-08-31
O0079,I0017,INV000911,18,86,58,23,Healthy,2026-08-31
O0079,I0010,INV000912,15,77,23,18,Healthy,2026-08-31
O0080,I0012,INV000913,23,105,4,31,Critical,2026-08-31
O0080,I0013,INV000914,14,102,70,17,Healthy,2026-08-31
O0080,I0016,INV000915,8,66,116,16,Healthy,2026-08-31
O0080,I0015,INV000916,25,112,97,32,Healthy,2026-08-31
O0080,I0017,INV000917,14,102,76,14,Healthy,2026-08-31
O0080,I0014,INV000918,26,52,54,32,Healthy,2026-08-31
O0080,I0011,INV000919,27,104,65,31,Healthy,2026-08-31
O0080,I0010,INV000920,21,76,117,23,Healthy,2026-08-31
O0081,I0033,INV000921,27,87,26,28,Low Stock,2026-08-31
O0081,I0037,INV000922,21,55,30,26,Healthy,2026-08-31
O0081,I0034,INV000923,30,69,110,39,Healthy,2026-08-31
O0081,I0035,INV000924,9,52,114,10,Healthy,2026-08-31
O0081,I0032,INV000925,28,118,73,31,Healthy,2026-08-31
O0081,I0036,INV000926,8,49,69,13,Healthy,2026-08-31
O0082,I0037,INV000927,11,101,55,11,Healthy,2026-08-31
O0082,I0034,INV000928,8,45,28,13,Healthy,2026-08-31
O0082,I0032,INV000929,24,70,81,31,Healthy,2026-08-31
O0082,I0033,INV000930,27,101,36,28,Healthy,2026-08-31
O0082,I0036,INV000931,10,38,107,11,Healthy,2026-08-31
O0082,I0035,INV000932,18,84,14,22,Low Stock,2026-08-31
O0083,I0033,INV000933,9,95,78,15,Healthy,2026-08-31
O0083,I0036,INV000934,18,47,106,21,Healthy,2026-08-31
O0083,I0037,INV000935,10,87,0,16,Out of Stock,2026-08-31
O0083,I0032,INV000936,12,63,7,15,Critical,2026-08-31
O0083,I0034,INV000937,18,45,96,25,Healthy,2026-08-31
O0083,I0035,INV000938,15,44,24,19,Healthy,2026-08-31
O0084,I0032,INV000939,24,93,3,28,Critical,2026-08-31
O0084,I0033,INV000940,28,114,22,33,Low Stock,2026-08-31
O0084,I0037,INV000941,11,45,32,19,Healthy,2026-08-31
O0084,I0034,INV000942,22,94,109,22,Healthy,2026-08-31
O0084,I0035,INV000943,21,93,32,29,Healthy,2026-08-31
O0084,I0036,INV000944,14,89,48,22,Healthy,2026-08-31
O0085,I0033,INV000945,11,83,76,20,Healthy,2026-08-31
O0085,I0037,INV000946,26,117,51,33,Healthy,2026-08-31
O0085,I0035,INV000947,30,107,98,34,Healthy,2026-08-31
O0085,I0036,INV000948,20,61,29,20,Healthy,2026-08-31
O0085,I0032,INV000949,19,110,38,23,Healthy,2026-08-31
O0085,I0034,INV000950,27,53,15,29,Low Stock,2026-08-31
O0086,I0037,INV000951,14,99,67,17,Healthy,2026-08-31
O0086,I0036,INV000952,14,85,116,17,Healthy,2026-08-31
O0086,I0034,INV000953,24,80,12,31,Critical,2026-08-31
O0086,I0035,INV000954,26,125,89,26,Healthy,2026-08-31
O0086,I0032,INV000955,30,127,93,36,Healthy,2026-08-31
O0086,I0033,INV000956,27,85,78,30,Healthy,2026-08-31
O0087,I0034,INV000957,13,80,33,18,Healthy,2026-08-31
O0087,I0033,INV000958,9,87,73,12,Healthy,2026-08-31
O0087,I0037,INV000959,14,86,10,17,Low Stock,2026-08-31
O0087,I0032,INV000960,13,50,85,22,Healthy,2026-08-31
O0087,I0036,INV000961,30,100,109,36,Healthy,2026-08-31
O0087,I0035,INV000962,23,118,60,24,Healthy,2026-08-31
O0088,I0032,INV000963,8,74,48,13,Healthy,2026-08-31
O0088,I0034,INV000964,18,48,1,18,Critical,2026-08-31
O0088,I0035,INV000965,18,108,20,23,Low Stock,2026-08-31
O0088,I0037,INV000966,12,64,116,21,Healthy,2026-08-31
O0088,I0036,INV000967,27,109,57,36,Healthy,2026-08-31
O0088,I0033,INV000968,15,81,44,18,Healthy,2026-08-31
O0089,I0033,INV000969,15,60,9,23,Critical,2026-08-31
O0089,I0035,INV000970,12,40,111,19,Healthy,2026-08-31
O0089,I0034,INV000971,27,105,78,35,Healthy,2026-08-31
O0089,I0032,INV000972,11,92,67,20,Healthy,2026-08-31
O0089,I0036,INV000973,15,40,3,17,Critical,2026-08-31
O0089,I0037,INV000974,15,55,48,15,Healthy,2026-08-31
O0090,I0034,INV000975,8,54,93,10,Healthy,2026-08-31
O0090,I0033,INV000976,23,96,48,27,Healthy,2026-08-31
O0090,I0037,INV000977,30,86,95,39,Healthy,2026-08-31
O0090,I0032,INV000978,27,94,31,27,Healthy,2026-08-31
O0090,I0035,INV000979,25,109,88,31,Healthy,2026-08-31
O0090,I0036,INV000980,10,57,101,11,Healthy,2026-08-31
O0091,I0022,INV000981,29,78,67,30,Healthy,2026-08-31
O0091,I0020,INV000982,27,112,44,29,Healthy,2026-08-31
O0091,I0023,INV000983,24,52,90,28,Healthy,2026-08-31
O0091,I0021,INV000984,17,64,13,19,Low Stock,2026-08-31
O0091,I0018,INV000985,24,79,14,28,Critical,2026-08-31
O0091,I0019,INV000986,21,97,30,28,Healthy,2026-08-31
O0091,I0024,INV000987,14,51,40,16,Healthy,2026-08-31
O0091,I0025,INV000988,29,91,113,29,Healthy,2026-08-31
O0092,I0019,INV000989,12,100,27,15,Healthy,2026-08-31
O0092,I0023,INV000990,18,88,98,26,Healthy,2026-08-31
O0092,I0020,INV000991,10,97,11,16,Low Stock,2026-08-31
O0092,I0018,INV000992,10,93,74,15,Healthy,2026-08-31
O0092,I0022,INV000993,12,109,65,20,Healthy,2026-08-31
O0092,I0025,INV000994,16,53,37,16,Healthy,2026-08-31
O0092,I0024,INV000995,15,103,4,15,Critical,2026-08-31
O0092,I0021,INV000996,27,72,105,28,Healthy,2026-08-31
O0093,I0022,INV000997,26,113,65,33,Healthy,2026-08-31
O0093,I0018,INV000998,17,45,39,21,Healthy,2026-08-31
O0093,I0019,INV000999,30,92,59,35,Healthy,2026-08-31
O0093,I0021,INV001000,11,66,114,19,Healthy,2026-08-31
O0093,I0020,INV001001,29,126,44,30,Healthy,2026-08-31
O0093,I0024,INV001002,14,101,51,18,Healthy,2026-08-31
O0093,I0023,INV001003,11,60,54,19,Healthy,2026-08-31
O0093,I0025,INV001004,21,98,0,26,Out of Stock,2026-08-31
O0094,I0021,INV001005,20,51,113,26,Healthy,2026-08-31
O0094,I0019,INV001006,18,65,26,26,Low Stock,2026-08-31
O0094,I0025,INV001007,26,105,46,34,Healthy,2026-08-31
O0094,I0024,INV001008,12,87,41,14,Healthy,2026-08-31
O0094,I0020,INV001009,13,41,49,17,Healthy,2026-08-31
O0094,I0022,INV001010,27,70,87,27,Healthy,2026-08-31
O0094,I0023,INV001011,26,98,4,32,Critical,2026-08-31
O0094,I0018,INV001012,14,111,103,17,Healthy,2026-08-31
O0095,I0022,INV001013,19,74,22,26,Low Stock,2026-08-31
O0095,I0018,INV001014,22,101,3,31,Critical,2026-08-31
O0095,I0024,INV001015,29,89,31,34,Low Stock,2026-08-31
O0095,I0023,INV001016,16,109,59,25,Healthy,2026-08-31
O0095,I0021,INV001017,13,103,19,22,Low Stock,2026-08-31
O0095,I0020,INV001018,17,48,20,24,Low Stock,2026-08-31
O0095,I0019,INV001019,10,57,82,17,Healthy,2026-08-31
O0095,I0025,INV001020,28,88,34,30,Healthy,2026-08-31
O0096,I0019,INV001021,30,110,61,39,Healthy,2026-08-31
O0096,I0021,INV001022,14,97,108,17,Healthy,2026-08-31
O0096,I0024,INV001023,24,71,5,31,Critical,2026-08-31
O0096,I0020,INV001024,27,91,70,29,Healthy,2026-08-31
O0096,I0022,INV001025,10,54,83,19,Healthy,2026-08-31
O0096,I0025,INV001026,28,106,23,28,Low Stock,2026-08-31
O0096,I0018,INV001027,20,56,104,23,Healthy,2026-08-31
O0096,I0023,INV001028,30,123,53,32,Healthy,2026-08-31
O0097,I0023,INV001029,20,105,25,20,Healthy,2026-08-31
O0097,I0022,INV001030,9,83,80,16,Healthy,2026-08-31
O0097,I0019,INV001031,24,60,101,30,Healthy,2026-08-31
O0097,I0020,INV001032,15,47,8,19,Critical,2026-08-31
O0097,I0024,INV001033,24,64,66,30,Healthy,2026-08-31
O0097,I0018,INV001034,13,67,11,13,Low Stock,2026-08-31
O0097,I0021,INV001035,14,96,91,17,Healthy,2026-08-31
O0097,I0025,INV001036,28,101,106,34,Healthy,2026-08-31
O0098,I0018,INV001037,20,57,67,24,Healthy,2026-08-31
O0098,I0024,INV001038,26,109,52,30,Healthy,2026-08-31
O0098,I0025,INV001039,23,101,79,24,Healthy,2026-08-31
O0098,I0022,INV001040,20,46,60,22,Healthy,2026-08-31
O0098,I0021,INV001041,18,81,106,20,Healthy,2026-08-31
O0098,I0019,INV001042,27,110,50,29,Healthy,2026-08-31
O0098,I0023,INV001043,27,84,56,30,Healthy,2026-08-31
O0098,I0020,INV001044,14,67,109,15,Healthy,2026-08-31
O0099,I0020,INV001045,26,68,61,27,Healthy,2026-08-31
O0099,I0024,INV001046,13,40,21,20,Healthy,2026-08-31
O0099,I0021,INV001047,19,91,24,20,Healthy,2026-08-31
O0099,I0025,INV001048,18,74,110,23,Healthy,2026-08-31
O0099,I0019,INV001049,27,79,119,33,Healthy,2026-08-31
O0099,I0022,INV001050,25,116,34,26,Healthy,2026-08-31
O0099,I0023,INV001051,26,54,17,27,Low Stock,2026-08-31
O0099,I0018,INV001052,13,80,54,13,Healthy,2026-08-31
O0100,I0019,INV001053,30,73,99,39,Healthy,2026-08-31
O0100,I0024,INV001054,23,98,115,25,Healthy,2026-08-31
O0100,I0022,INV001055,23,49,100,32,Healthy,2026-08-31
O0100,I0018,INV001056,27,77,94,36,Healthy,2026-08-31
O0100,I0025,INV001057,11,80,59,19,Healthy,2026-08-31
O0100,I0020,INV001058,12,42,43,19,Healthy,2026-08-31
O0100,I0021,INV001059,28,88,113,37,Healthy,2026-08-31
O0100,I0023,INV001060,13,78,61,15,Healthy,2026-08-31
O0101,I0042,INV001061,10,65,56,17,Healthy,2026-08-31
O0101,I0038,INV001062,30,112,80,33,Healthy,2026-08-31
O0101,I0043,INV001063,22,87,61,31,Healthy,2026-08-31
O0101,I0039,INV001064,23,53,88,26,Healthy,2026-08-31
O0101,I0040,INV001065,29,106,69,32,Healthy,2026-08-31
O0101,I0041,INV001066,13,83,119,15,Healthy,2026-08-31
O0102,I0038,INV001067,18,115,70,19,Healthy,2026-08-31
O0102,I0039,INV001068,9,39,41,16,Healthy,2026-08-31
O0102,I0040,INV001069,14,90,99,21,Healthy,2026-08-31
O0102,I0043,INV001070,30,107,52,39,Healthy,2026-08-31
O0102,I0041,INV001071,15,80,106,19,Healthy,2026-08-31
O0102,I0042,INV001072,24,84,31,29,Healthy,2026-08-31
O0103,I0043,INV001073,20,57,86,21,Healthy,2026-08-31
O0103,I0038,INV001074,14,79,89,17,Healthy,2026-08-31
O0103,I0039,INV001075,18,63,41,26,Healthy,2026-08-31
O0103,I0041,INV001076,28,65,0,37,Out of Stock,2026-08-31
O0103,I0042,INV001077,17,110,70,24,Healthy,2026-08-31
O0103,I0040,INV001078,26,97,6,28,Critical,2026-08-31
O0104,I0040,INV001079,29,57,38,34,Healthy,2026-08-31
O0104,I0042,INV001080,19,64,2,27,Critical,2026-08-31
O0104,I0043,INV001081,13,55,50,14,Healthy,2026-08-31
O0104,I0038,INV001082,12,103,48,18,Healthy,2026-08-31
O0104,I0039,INV001083,22,59,69,29,Healthy,2026-08-31
O0104,I0041,INV001084,15,79,6,22,Critical,2026-08-31
O0105,I0039,INV001085,14,55,38,21,Healthy,2026-08-31
O0105,I0038,INV001086,27,65,20,30,Low Stock,2026-08-31
O0105,I0042,INV001087,15,43,43,24,Healthy,2026-08-31
O0105,I0043,INV001088,15,109,65,15,Healthy,2026-08-31
O0105,I0041,INV001089,14,86,40,19,Healthy,2026-08-31
O0105,I0040,INV001090,26,67,87,29,Healthy,2026-08-31
O0106,I0042,INV001091,17,46,69,23,Healthy,2026-08-31
O0106,I0041,INV001092,20,95,73,20,Healthy,2026-08-31
O0106,I0043,INV001093,16,89,66,20,Healthy,2026-08-31
O0106,I0040,INV001094,29,92,103,36,Healthy,2026-08-31
O0106,I0039,INV001095,10,95,9,11,Low Stock,2026-08-31
O0106,I0038,INV001096,10,60,103,17,Healthy,2026-08-31
O0107,I0042,INV001097,29,113,111,31,Healthy,2026-08-31
O0107,I0040,INV001098,14,90,0,19,Out of Stock,2026-08-31
O0107,I0039,INV001099,27,86,52,31,Healthy,2026-08-31
O0107,I0038,INV001100,18,105,82,24,Healthy,2026-08-31
O0107,I0043,INV001101,17,70,42,20,Healthy,2026-08-31
O0107,I0041,INV001102,23,52,50,25,Healthy,2026-08-31
O0108,I0043,INV001103,12,84,37,13,Healthy,2026-08-31
O0108,I0042,INV001104,20,91,92,25,Healthy,2026-08-31
O0108,I0041,INV001105,24,80,77,24,Healthy,2026-08-31
O0108,I0038,INV001106,21,80,41,26,Healthy,2026-08-31
O0108,I0040,INV001107,20,70,118,25,Healthy,2026-08-31
O0108,I0039,INV001108,11,108,9,12,Low Stock,2026-08-31
O0109,I0038,INV001109,10,103,97,15,Healthy,2026-08-31
O0109,I0041,INV001110,18,81,9,23,Critical,2026-08-31
O0109,I0043,INV001111,23,85,57,25,Healthy,2026-08-31
O0109,I0040,INV001112,19,59,104,27,Healthy,2026-08-31
O0109,I0042,INV001113,12,104,5,15,Critical,2026-08-31
O0109,I0039,INV001114,23,71,75,25,Healthy,2026-08-31
O0110,I0043,INV001115,18,60,105,19,Healthy,2026-08-31
O0110,I0040,INV001116,23,66,9,25,Critical,2026-08-31
O0110,I0042,INV001117,28,124,29,28,Healthy,2026-08-31
O0110,I0039,INV001118,24,78,84,25,Healthy,2026-08-31
O0110,I0041,INV001119,13,70,41,13,Healthy,2026-08-31
O0110,I0038,INV001120,8,36,61,10,Healthy,2026-08-31
O0111,I0045,INV001121,17,47,113,21,Healthy,2026-08-31
O0111,I0047,INV001122,17,71,77,24,Healthy,2026-08-31
O0111,I0048,INV001123,19,68,63,21,Healthy,2026-08-31
O0111,I0046,INV001124,23,102,17,23,Low Stock,2026-08-31
O0111,I0044,INV001125,25,107,53,25,Healthy,2026-08-31
O0112,I0045,INV001126,9,36,112,10,Healthy,2026-08-31
O0112,I0047,INV001127,9,50,39,12,Healthy,2026-08-31
O0112,I0046,INV001128,12,59,101,17,Healthy,2026-08-31
O0112,I0048,INV001129,15,110,92,19,Healthy,2026-08-31
O0112,I0044,INV001130,23,91,110,26,Healthy,2026-08-31
O0113,I0044,INV001131,22,84,60,30,Healthy,2026-08-31
O0113,I0048,INV001132,13,99,40,22,Healthy,2026-08-31
O0113,I0047,INV001133,25,53,61,28,Healthy,2026-08-31
O0113,I0045,INV001134,28,107,32,36,Low Stock,2026-08-31
O0113,I0046,INV001135,13,49,75,15,Healthy,2026-08-31
O0114,I0046,INV001136,23,105,30,30,Low Stock,2026-08-31
O0114,I0045,INV001137,27,106,92,32,Healthy,2026-08-31
O0114,I0044,INV001138,19,49,37,21,Healthy,2026-08-31
O0114,I0047,INV001139,14,107,115,21,Healthy,2026-08-31
O0114,I0048,INV001140,27,92,9,27,Critical,2026-08-31
O0115,I0044,INV001141,29,59,23,36,Low Stock,2026-08-31
O0115,I0045,INV001142,19,65,31,26,Healthy,2026-08-31
O0115,I0048,INV001143,28,107,63,31,Healthy,2026-08-31
O0115,I0047,INV001144,14,79,64,16,Healthy,2026-08-31
O0115,I0046,INV001145,9,100,71,13,Healthy,2026-08-31
O0116,I0046,INV001146,16,78,41,18,Healthy,2026-08-31
O0116,I0048,INV001147,27,90,56,31,Healthy,2026-08-31
O0116,I0045,INV001148,22,121,26,22,Healthy,2026-08-31
O0116,I0044,INV001149,20,85,76,21,Healthy,2026-08-31
O0116,I0047,INV001150,22,108,86,26,Healthy,2026-08-31
O0117,I0048,INV001151,19,108,21,19,Healthy,2026-08-31
O0117,I0047,INV001152,10,90,40,15,Healthy,2026-08-31
O0117,I0045,INV001153,30,100,111,33,Healthy,2026-08-31
O0117,I0044,INV001154,21,59,86,29,Healthy,2026-08-31
O0117,I0046,INV001155,17,84,80,21,Healthy,2026-08-31
O0118,I0048,INV001156,16,102,72,16,Healthy,2026-08-31
O0118,I0044,INV001157,26,114,43,29,Healthy,2026-08-31
O0118,I0046,INV001158,17,52,76,26,Healthy,2026-08-31
O0118,I0047,INV001159,14,50,12,16,Low Stock,2026-08-31
O0118,I0045,INV001160,25,106,47,31,Healthy,2026-08-31
O0119,I0044,INV001161,13,53,12,20,Low Stock,2026-08-31
O0119,I0046,INV001162,15,114,79,21,Healthy,2026-08-31
O0119,I0045,INV001163,23,117,93,31,Healthy,2026-08-31
O0119,I0048,INV001164,14,79,75,22,Healthy,2026-08-31
O0119,I0047,INV001165,30,109,106,33,Healthy,2026-08-31
O0120,I0047,INV001166,29,59,17,29,Low Stock,2026-08-31
O0120,I0046,INV001167,15,98,84,15,Healthy,2026-08-31
O0120,I0048,INV001168,14,54,52,14,Healthy,2026-08-31
O0120,I0045,INV001169,15,102,7,19,Critical,2026-08-31
O0120,I0044,INV001170,25,75,53,27,Healthy,2026-08-31
O0121,I0050,INV001171,18,111,21,25,Low Stock,2026-08-31
O0121,I0051,INV001172,14,40,99,15,Healthy,2026-08-31
O0121,I0049,INV001173,13,66,81,14,Healthy,2026-08-31
O0121,I0052,INV001174,18,89,84,22,Healthy,2026-08-31
O0122,I0051,INV001175,15,77,27,24,Healthy,2026-08-31
O0122,I0050,INV001176,8,41,53,12,Healthy,2026-08-31
O0122,I0052,INV001177,21,120,14,23,Low Stock,2026-08-31
O0122,I0049,INV001178,23,49,25,28,Low Stock,2026-08-31
O0123,I0052,INV001179,28,96,38,32,Healthy,2026-08-31
O0123,I0050,INV001180,15,89,42,18,Healthy,2026-08-31
O0123,I0051,INV001181,15,90,69,18,Healthy,2026-08-31
O0123,I0049,INV001182,28,68,112,29,Healthy,2026-08-31
O0124,I0051,INV001183,26,92,28,29,Low Stock,2026-08-31
O0124,I0052,INV001184,25,84,37,29,Healthy,2026-08-31
O0124,I0049,INV001185,22,89,116,26,Healthy,2026-08-31
O0124,I0050,INV001186,16,85,14,25,Low Stock,2026-08-31
O0125,I0050,INV001187,21,60,3,29,Critical,2026-08-31
O0125,I0051,INV001188,27,106,49,30,Healthy,2026-08-31
O0125,I0052,INV001189,21,63,64,23,Healthy,2026-08-31
O0125,I0049,INV001190,30,59,81,32,Healthy,2026-08-31
O0126,I0050,INV001191,21,57,30,24,Healthy,2026-08-31
O0126,I0052,INV001192,21,71,84,22,Healthy,2026-08-31
O0126,I0049,INV001193,19,101,104,28,Healthy,2026-08-31
O0126,I0051,INV001194,26,101,114,35,Healthy,2026-08-31
O0127,I0052,INV001195,8,105,71,9,Healthy,2026-08-31
O0127,I0051,INV001196,29,80,99,36,Healthy,2026-08-31
O0127,I0049,INV001197,10,52,28,15,Healthy,2026-08-31
O0127,I0050,INV001198,30,68,20,39,Low Stock,2026-08-31
O0128,I0049,INV001199,13,107,4,15,Critical,2026-08-31
O0128,I0052,INV001200,19,68,54,26,Healthy,2026-08-31
O0128,I0051,INV001201,21,103,54,26,Healthy,2026-08-31
O0128,I0050,INV001202,12,103,12,17,Low Stock,2026-08-31
O0129,I0049,INV001203,9,106,87,17,Healthy,2026-08-31
O0129,I0051,INV001204,22,98,41,25,Healthy,2026-08-31
O0129,I0050,INV001205,19,80,80,28,Healthy,2026-08-31
O0129,I0052,INV001206,21,56,70,22,Healthy,2026-08-31
O0130,I0050,INV001207,9,64,13,12,Healthy,2026-08-31
O0130,I0049,INV001208,24,50,20,33,Low Stock,2026-08-31
O0130,I0051,INV001209,30,55,62,31,Healthy,2026-08-31
O0130,I0052,INV001210,15,107,58,24,Healthy,2026-08-31
O0131,I0054,INV001211,21,120,64,30,Healthy,2026-08-31
O0131,I0057,INV001212,28,90,92,32,Healthy,2026-08-31
O0131,I0056,INV001213,10,83,90,19,Healthy,2026-08-31
O0131,I0055,INV001214,13,38,58,22,Healthy,2026-08-31
O0131,I0053,INV001215,17,74,8,17,Critical,2026-08-31
O0132,I0053,INV001216,14,75,9,23,Critical,2026-08-31
O0132,I0054,INV001217,27,107,10,33,Critical,2026-08-31
O0132,I0056,INV001218,22,100,101,31,Healthy,2026-08-31
O0132,I0057,INV001219,8,48,37,13,Healthy,2026-08-31
O0132,I0055,INV001220,22,111,55,25,Healthy,2026-08-31
O0133,I0053,INV001221,14,85,81,20,Healthy,2026-08-31
O0133,I0054,INV001222,20,73,77,26,Healthy,2026-08-31
O0133,I0057,INV001223,17,106,36,22,Healthy,2026-08-31
O0133,I0055,INV001224,12,65,39,16,Healthy,2026-08-31
O0133,I0056,INV001225,9,96,58,9,Healthy,2026-08-31
O0134,I0057,INV001226,30,122,13,34,Critical,2026-08-31
O0134,I0053,INV001227,23,91,102,32,Healthy,2026-08-31
O0134,I0056,INV001228,10,47,74,14,Healthy,2026-08-31
O0134,I0055,INV001229,28,107,22,34,Low Stock,2026-08-31
O0134,I0054,INV001230,13,65,110,21,Healthy,2026-08-31
O0135,I0053,INV001231,20,55,35,28,Healthy,2026-08-31
O0135,I0054,INV001232,30,101,96,32,Healthy,2026-08-31
O0135,I0057,INV001233,28,105,67,36,Healthy,2026-08-31
O0135,I0056,INV001234,10,50,17,11,Healthy,2026-08-31
O0135,I0055,INV001235,30,80,83,35,Healthy,2026-08-31
O0136,I0053,INV001236,24,53,51,33,Healthy,2026-08-31
O0136,I0056,INV001237,22,72,72,24,Healthy,2026-08-31
O0136,I0055,INV001238,25,68,12,31,Critical,2026-08-31
O0136,I0054,INV001239,19,104,45,26,Healthy,2026-08-31
O0136,I0057,INV001240,22,74,114,25,Healthy,2026-08-31
O0137,I0053,INV001241,15,94,20,15,Healthy,2026-08-31
O0137,I0056,INV001242,14,43,45,14,Healthy,2026-08-31
O0137,I0054,INV001243,29,112,110,35,Healthy,2026-08-31
O0137,I0055,INV001244,15,112,20,18,Healthy,2026-08-31
O0137,I0057,INV001245,17,104,108,24,Healthy,2026-08-31
O0138,I0055,INV001246,17,43,72,24,Healthy,2026-08-31
O0138,I0056,INV001247,20,114,118,22,Healthy,2026-08-31
O0138,I0057,INV001248,20,53,12,28,Critical,2026-08-31
O0138,I0053,INV001249,16,52,64,23,Healthy,2026-08-31
O0138,I0054,INV001250,29,64,95,33,Healthy,2026-08-31
O0139,I0055,INV001251,10,46,66,19,Healthy,2026-08-31
O0139,I0054,INV001252,22,58,104,22,Healthy,2026-08-31
O0139,I0056,INV001253,10,75,104,12,Healthy,2026-08-31
O0139,I0057,INV001254,12,54,62,17,Healthy,2026-08-31
O0139,I0053,INV001255,26,86,99,33,Healthy,2026-08-31
O0140,I0054,INV001256,10,90,40,15,Healthy,2026-08-31
O0140,I0053,INV001257,29,94,49,38,Healthy,2026-08-31
O0140,I0055,INV001258,28,107,43,34,Healthy,2026-08-31
O0140,I0057,INV001259,30,60,46,36,Healthy,2026-08-31
O0140,I0056,INV001260,30,94,98,31,Healthy,2026-08-31
O0141,I0058,INV001261,25,124,10,28,Critical,2026-08-31
O0141,I0061,INV001262,8,38,70,17,Healthy,2026-08-31
O0141,I0065,INV001263,19,95,33,22,Healthy,2026-08-31
O0141,I0062,INV001264,13,80,97,13,Healthy,2026-08-31
O0141,I0059,INV001265,13,53,74,22,Healthy,2026-08-31
O0141,I0064,INV001266,14,60,58,20,Healthy,2026-08-31
O0141,I0060,INV001267,17,79,102,18,Healthy,2026-08-31
O0141,I0063,INV001268,11,37,84,15,Healthy,2026-08-31
O0142,I0062,INV001269,12,73,40,19,Healthy,2026-08-31
O0142,I0061,INV001270,27,70,99,28,Healthy,2026-08-31
O0142,I0064,INV001271,10,100,5,18,Critical,2026-08-31
O0142,I0058,INV001272,10,51,2,16,Critical,2026-08-31
O0142,I0063,INV001273,30,70,4,37,Critical,2026-08-31
O0142,I0060,INV001274,13,106,87,21,Healthy,2026-08-31
O0142,I0059,INV001275,16,69,32,17,Healthy,2026-08-31
O0142,I0065,INV001276,14,48,99,17,Healthy,2026-08-31
O0143,I0064,INV001277,9,64,51,16,Healthy,2026-08-31
O0143,I0061,INV001278,8,43,12,16,Low Stock,2026-08-31
O0143,I0063,INV001279,9,106,18,18,Low Stock,2026-08-31
O0143,I0059,INV001280,16,47,4,21,Critical,2026-08-31
O0143,I0065,INV001281,23,103,64,23,Healthy,2026-08-31
O0143,I0058,INV001282,20,82,43,24,Healthy,2026-08-31
O0143,I0062,INV001283,13,102,30,22,Healthy,2026-08-31
O0143,I0060,INV001284,12,62,111,15,Healthy,2026-08-31
O0144,I0061,INV001285,30,107,83,39,Healthy,2026-08-31
O0144,I0058,INV001286,26,86,105,26,Healthy,2026-08-31
O0144,I0065,INV001287,28,82,64,37,Healthy,2026-08-31
O0144,I0063,INV001288,25,75,101,29,Healthy,2026-08-31
O0144,I0062,INV001289,25,63,82,33,Healthy,2026-08-31
O0144,I0064,INV001290,14,58,105,20,Healthy,2026-08-31
O0144,I0060,INV001291,21,52,10,21,Critical,2026-08-31
O0144,I0059,INV001292,9,50,11,10,Healthy,2026-08-31
O0145,I0064,INV001293,12,98,107,20,Healthy,2026-08-31
O0145,I0061,INV001294,16,80,119,24,Healthy,2026-08-31
O0145,I0059,INV001295,23,89,94,26,Healthy,2026-08-31
O0145,I0062,INV001296,23,111,65,29,Healthy,2026-08-31
O0145,I0065,INV001297,28,55,98,35,Healthy,2026-08-31
O0145,I0058,INV001298,29,101,28,31,Low Stock,2026-08-31
O0145,I0060,INV001299,16,41,116,18,Healthy,2026-08-31
O0145,I0063,INV001300,27,84,114,36,Healthy,2026-08-31
O0146,I0065,INV001301,17,58,40,25,Healthy,2026-08-31
O0146,I0064,INV001302,24,61,55,29,Healthy,2026-08-31
O0146,I0061,INV001303,14,66,70,16,Healthy,2026-08-31
O0146,I0062,INV001304,27,85,113,27,Healthy,2026-08-31
O0146,I0058,INV001305,30,72,69,30,Healthy,2026-08-31
O0146,I0060,INV001306,13,94,15,20,Low Stock,2026-08-31
O0146,I0063,INV001307,13,48,14,19,Low Stock,2026-08-31
O0146,I0059,INV001308,25,72,82,34,Healthy,2026-08-31
O0147,I0062,INV001309,18,50,28,20,Healthy,2026-08-31
O0147,I0059,INV001310,23,75,58,23,Healthy,2026-08-31
O0147,I0065,INV001311,11,87,84,14,Healthy,2026-08-31
O0147,I0063,INV001312,14,107,100,20,Healthy,2026-08-31
O0147,I0064,INV001313,25,99,117,31,Healthy,2026-08-31
O0147,I0058,INV001314,24,57,64,31,Healthy,2026-08-31
O0147,I0061,INV001315,20,117,88,22,Healthy,2026-08-31
O0147,I0060,INV001316,23,50,110,32,Healthy,2026-08-31
O0148,I0058,INV001317,15,61,86,17,Healthy,2026-08-31
O0148,I0059,INV001318,15,67,85,21,Healthy,2026-08-31
O0148,I0063,INV001319,22,71,93,23,Healthy,2026-08-31
O0148,I0060,INV001320,14,86,39,18,Healthy,2026-08-31
O0148,I0062,INV001321,28,57,119,29,Healthy,2026-08-31
O0148,I0064,INV001322,29,115,111,29,Healthy,2026-08-31
O0148,I0065,INV001323,22,84,45,22,Healthy,2026-08-31
O0148,I0061,INV001324,26,86,40,32,Healthy,2026-08-31
O0149,I0059,INV001325,12,98,17,12,Healthy,2026-08-31
O0149,I0061,INV001326,12,95,68,17,Healthy,2026-08-31
O0149,I0062,INV001327,25,96,9,31,Critical,2026-08-31
O0149,I0060,INV001328,10,91,28,16,Healthy,2026-08-31
O0149,I0063,INV001329,28,76,55,37,Healthy,2026-08-31
O0149,I0064,INV001330,21,101,96,24,Healthy,2026-08-31
O0149,I0058,INV001331,27,65,109,31,Healthy,2026-08-31
O0149,I0065,INV001332,16,82,87,19,Healthy,2026-08-31
O0150,I0062,INV001333,27,109,24,30,Low Stock,2026-08-31
O0150,I0060,INV001334,23,94,86,32,Healthy,2026-08-31
O0150,I0065,INV001335,14,107,107,23,Healthy,2026-08-31
O0150,I0059,INV001336,9,58,46,14,Healthy,2026-08-31
O0150,I0063,INV001337,8,94,48,12,Healthy,2026-08-31
O0150,I0064,INV001338,18,113,7,25,Critical,2026-08-31
O0150,I0058,INV001339,24,58,60,24,Healthy,2026-08-31
O0150,I0061,INV001340,23,114,21,30,Low Stock,2026-08-31
O0151,I0061,INV001341,9,92,82,15,Healthy,2026-08-31
O0151,I0064,INV001342,25,50,111,31,Healthy,2026-08-31
O0151,I0060,INV001343,17,78,107,25,Healthy,2026-08-31
O0151,I0065,INV001344,30,86,85,31,Healthy,2026-08-31
O0151,I0058,INV001345,29,125,34,32,Healthy,2026-08-31
O0151,I0059,INV001346,27,121,100,35,Healthy,2026-08-31
O0151,I0062,INV001347,21,83,39,25,Healthy,2026-08-31
O0151,I0063,INV001348,11,41,60,18,Healthy,2026-08-31
O0152,I0060,INV001349,30,99,105,39,Healthy,2026-08-31
O0152,I0064,INV001350,11,107,67,18,Healthy,2026-08-31
O0152,I0061,INV001351,28,114,33,30,Healthy,2026-08-31
O0152,I0063,INV001352,25,117,76,34,Healthy,2026-08-31
O0152,I0058,INV001353,8,35,73,11,Healthy,2026-08-31
O0152,I0062,INV001354,19,60,108,24,Healthy,2026-08-31
O0152,I0065,INV001355,17,78,36,19,Healthy,2026-08-31
O0152,I0059,INV001356,8,52,63,17,Healthy,2026-08-31
O0153,I0063,INV001357,29,104,88,32,Healthy,2026-08-31
O0153,I0058,INV001358,24,64,117,33,Healthy,2026-08-31
O0153,I0059,INV001359,17,52,58,26,Healthy,2026-08-31
O0153,I0065,INV001360,20,91,6,25,Critical,2026-08-31
O0153,I0064,INV001361,22,77,57,24,Healthy,2026-08-31
O0153,I0062,INV001362,28,115,100,30,Healthy,2026-08-31
O0153,I0060,INV001363,23,75,16,25,Low Stock,2026-08-31
O0153,I0061,INV001364,15,54,8,15,Low Stock,2026-08-31
O0154,I0062,INV001365,9,81,76,11,Healthy,2026-08-31
O0154,I0061,INV001366,8,87,64,8,Healthy,2026-08-31
O0154,I0059,INV001367,25,104,54,25,Healthy,2026-08-31
O0154,I0060,INV001368,29,71,27,38,Low Stock,2026-08-31
O0154,I0058,INV001369,27,82,94,31,Healthy,2026-08-31
O0154,I0064,INV001370,13,62,23,14,Healthy,2026-08-31
O0154,I0065,INV001371,30,70,110,38,Healthy,2026-08-31
O0154,I0063,INV001372,11,106,26,19,Healthy,2026-08-31
O0155,I0064,INV001373,30,126,8,34,Critical,2026-08-31
O0155,I0062,INV001374,21,73,61,23,Healthy,2026-08-31
O0155,I0058,INV001375,18,105,13,25,Low Stock,2026-08-31
O0155,I0063,INV001376,9,34,74,12,Healthy,2026-08-31
O0155,I0059,INV001377,11,60,22,14,Healthy,2026-08-31
O0155,I0061,INV001378,23,55,18,27,Low Stock,2026-08-31
O0155,I0060,INV001379,15,83,65,17,Healthy,2026-08-31
O0155,I0065,INV001380,10,84,0,19,Out of Stock,2026-08-31
O0156,I0058,INV001381,29,109,71,29,Healthy,2026-08-31
O0156,I0061,INV001382,26,116,99,30,Healthy,2026-08-31
O0156,I0059,INV001383,15,47,49,15,Healthy,2026-08-31
O0156,I0060,INV001384,11,79,55,15,Healthy,2026-08-31
O0156,I0064,INV001385,26,98,105,28,Healthy,2026-08-31
O0156,I0062,INV001386,26,54,83,34,Healthy,2026-08-31
O0156,I0063,INV001387,22,119,88,23,Healthy,2026-08-31
O0156,I0065,INV001388,28,102,51,32,Healthy,2026-08-31
O0157,I0058,INV001389,9,51,92,9,Healthy,2026-08-31
O0157,I0065,INV001390,12,92,1,15,Critical,2026-08-31
O0157,I0064,INV001391,18,83,112,19,Healthy,2026-08-31
O0157,I0060,INV001392,21,59,21,29,Low Stock,2026-08-31
O0157,I0062,INV001393,27,88,110,27,Healthy,2026-08-31
O0157,I0061,INV001394,24,52,54,25,Healthy,2026-08-31
O0157,I0063,INV001395,10,35,66,14,Healthy,2026-08-31
O0157,I0059,INV001396,8,83,98,8,Healthy,2026-08-31
O0158,I0064,INV001397,23,58,19,24,Low Stock,2026-08-31
O0158,I0065,INV001398,16,41,24,21,Healthy,2026-08-31
O0158,I0061,INV001399,24,74,70,30,Healthy,2026-08-31
O0158,I0060,INV001400,28,101,55,28,Healthy,2026-08-31
O0158,I0062,INV001401,25,118,73,27,Healthy,2026-08-31
O0158,I0058,INV001402,22,93,2,26,Critical,2026-08-31
O0158,I0063,INV001403,13,98,77,21,Healthy,2026-08-31
O0158,I0059,INV001404,16,115,25,19,Healthy,2026-08-31
O0159,I0062,INV001405,18,68,91,25,Healthy,2026-08-31
O0159,I0065,INV001406,14,54,103,19,Healthy,2026-08-31
O0159,I0060,INV001407,18,66,40,22,Healthy,2026-08-31
O0159,I0064,INV001408,25,83,2,25,Critical,2026-08-31
O0159,I0063,INV001409,17,53,5,17,Critical,2026-08-31
O0159,I0061,INV001410,14,100,51,16,Healthy,2026-08-31
O0159,I0059,INV001411,19,53,91,21,Healthy,2026-08-31
O0159,I0058,INV001412,13,88,76,19,Healthy,2026-08-31
O0160,I0058,INV001413,20,72,64,21,Healthy,2026-08-31
O0160,I0064,INV001414,23,110,63,25,Healthy,2026-08-31
O0160,I0063,INV001415,26,122,98,32,Healthy,2026-08-31
O0160,I0062,INV001416,8,41,72,8,Healthy,2026-08-31
O0160,I0060,INV001417,23,83,99,29,Healthy,2026-08-31
O0160,I0061,INV001418,18,65,79,21,Healthy,2026-08-31
O0160,I0059,INV001419,22,95,47,22,Healthy,2026-08-31
O0160,I0065,INV001420,18,74,58,19,Healthy,2026-08-31
O0161,I0059,INV001421,24,81,1,24,Critical,2026-08-31
O0161,I0060,INV001422,27,59,26,35,Low Stock,2026-08-31
O0161,I0065,INV001423,11,37,114,16,Healthy,2026-08-31
O0161,I0058,INV001424,19,80,18,23,Low Stock,2026-08-31
O0161,I0062,INV001425,26,68,8,33,Critical,2026-08-31
O0161,I0061,INV001426,15,99,115,21,Healthy,2026-08-31
O0161,I0064,INV001427,20,66,50,23,Healthy,2026-08-31
O0161,I0063,INV001428,29,120,57,32,Healthy,2026-08-31
O0162,I0061,INV001429,26,111,4,31,Critical,2026-08-31
O0162,I0060,INV001430,30,105,80,33,Healthy,2026-08-31
O0162,I0063,INV001431,20,85,92,22,Healthy,2026-08-31
O0162,I0065,INV001432,10,99,81,12,Healthy,2026-08-31
O0162,I0058,INV001433,17,107,65,21,Healthy,2026-08-31
O0162,I0064,INV001434,8,77,13,15,Low Stock,2026-08-31
O0162,I0059,INV001435,30,100,15,30,Critical,2026-08-31
O0162,I0062,INV001436,8,96,55,14,Healthy,2026-08-31
O0163,I0060,INV001437,26,89,64,31,Healthy,2026-08-31
O0163,I0059,INV001438,22,63,72,29,Healthy,2026-08-31
O0163,I0061,INV001439,8,102,104,14,Healthy,2026-08-31
O0163,I0058,INV001440,22,48,72,22,Healthy,2026-08-31
O0163,I0063,INV001441,16,101,2,23,Critical,2026-08-31
O0163,I0064,INV001442,18,86,19,24,Low Stock,2026-08-31
O0163,I0065,INV001443,11,81,88,17,Healthy,2026-08-31
O0163,I0062,INV001444,9,88,93,15,Healthy,2026-08-31
O0164,I0059,INV001445,29,58,117,38,Healthy,2026-08-31
O0164,I0062,INV001446,20,79,19,27,Low Stock,2026-08-31
O0164,I0058,INV001447,27,57,77,31,Healthy,2026-08-31
O0164,I0064,INV001448,8,105,25,11,Healthy,2026-08-31
O0164,I0063,INV001449,22,47,56,29,Healthy,2026-08-31
O0164,I0065,INV001450,13,73,67,22,Healthy,2026-08-31
O0164,I0061,INV001451,8,51,13,14,Low Stock,2026-08-31
O0164,I0060,INV001452,15,83,81,23,Healthy,2026-08-31
O0165,I0058,INV001453,24,99,56,32,Healthy,2026-08-31
O0165,I0063,INV001454,9,73,66,13,Healthy,2026-08-31
O0165,I0065,INV001455,14,40,13,16,Low Stock,2026-08-31
O0165,I0061,INV001456,22,63,13,27,Critical,2026-08-31
O0165,I0064,INV001457,29,97,36,37,Low Stock,2026-08-31
O0165,I0060,INV001458,23,59,9,25,Critical,2026-08-31
O0165,I0059,INV001459,19,97,12,20,Low Stock,2026-08-31
O0165,I0062,INV001460,18,84,5,19,Critical,2026-08-31
O0166,I0059,INV001461,9,61,71,17,Healthy,2026-08-31
O0166,I0061,INV001462,24,109,8,26,Critical,2026-08-31
O0166,I0062,INV001463,27,82,89,35,Healthy,2026-08-31
O0166,I0064,INV001464,29,113,60,29,Healthy,2026-08-31
O0166,I0060,INV001465,16,75,13,24,Low Stock,2026-08-31
O0166,I0065,INV001466,15,87,66,21,Healthy,2026-08-31
O0166,I0063,INV001467,21,61,108,22,Healthy,2026-08-31
O0166,I0058,INV001468,29,97,13,35,Critical,2026-08-31
O0167,I0062,INV001469,9,99,64,10,Healthy,2026-08-31
O0167,I0058,INV001470,26,52,93,34,Healthy,2026-08-31
O0167,I0064,INV001471,15,105,76,23,Healthy,2026-08-31
O0167,I0060,INV001472,18,105,103,21,Healthy,2026-08-31
O0167,I0065,INV001473,28,113,87,32,Healthy,2026-08-31
O0167,I0059,INV001474,14,73,87,21,Healthy,2026-08-31
O0167,I0061,INV001475,14,99,42,21,Healthy,2026-08-31
O0167,I0063,INV001476,22,47,53,23,Healthy,2026-08-31
O0168,I0061,INV001477,9,80,33,11,Healthy,2026-08-31
O0168,I0064,INV001478,11,95,17,14,Healthy,2026-08-31
O0168,I0063,INV001479,10,80,103,19,Healthy,2026-08-31
O0168,I0058,INV001480,13,104,14,21,Low Stock,2026-08-31
O0168,I0065,INV001481,16,62,79,16,Healthy,2026-08-31
O0168,I0060,INV001482,14,112,53,19,Healthy,2026-08-31
O0168,I0059,INV001483,24,68,8,27,Critical,2026-08-31
O0168,I0062,INV001484,11,103,111,17,Healthy,2026-08-31
O0169,I0060,INV001485,10,65,10,14,Low Stock,2026-08-31
O0169,I0059,INV001486,22,60,47,23,Healthy,2026-08-31
O0169,I0061,INV001487,18,114,22,27,Low Stock,2026-08-31
O0169,I0065,INV001488,15,57,15,18,Low Stock,2026-08-31
O0169,I0058,INV001489,17,52,92,17,Healthy,2026-08-31
O0169,I0062,INV001490,9,61,99,17,Healthy,2026-08-31
O0169,I0063,INV001491,15,73,22,20,Healthy,2026-08-31
O0169,I0064,INV001492,9,83,93,16,Healthy,2026-08-31
O0170,I0065,INV001493,9,35,99,10,Healthy,2026-08-31
O0170,I0060,INV001494,16,76,110,17,Healthy,2026-08-31
O0170,I0059,INV001495,16,58,73,17,Healthy,2026-08-31
O0170,I0061,INV001496,26,65,63,30,Healthy,2026-08-31
O0170,I0064,INV001497,29,128,10,36,Critical,2026-08-31
O0170,I0062,INV001498,26,91,77,28,Healthy,2026-08-31
O0170,I0058,INV001499,24,118,115,33,Healthy,2026-08-31
O0170,I0063,INV001500,24,98,114,33,Healthy,2026-08-31
O0171,I0065,INV001501,23,51,54,25,Healthy,2026-08-31
O0171,I0063,INV001502,14,44,65,23,Healthy,2026-08-31
O0171,I0058,INV001503,22,89,9,25,Critical,2026-08-31
O0171,I0059,INV001504,14,57,83,19,Healthy,2026-08-31
O0171,I0061,INV001505,25,88,62,32,Healthy,2026-08-31
O0171,I0062,INV001506,10,80,5,11,Critical,2026-08-31
O0171,I0064,INV001507,23,111,6,29,Critical,2026-08-31
O0171,I0060,INV001508,19,75,77,20,Healthy,2026-08-31
O0172,I0063,INV001509,27,116,0,32,Out of Stock,2026-08-31
O0172,I0059,INV001510,8,78,96,13,Healthy,2026-08-31
O0172,I0060,INV001511,24,49,117,28,Healthy,2026-08-31
O0172,I0065,INV001512,17,106,118,21,Healthy,2026-08-31
O0172,I0061,INV001513,11,100,26,15,Healthy,2026-08-31
O0172,I0062,INV001514,12,104,96,18,Healthy,2026-08-31
O0172,I0064,INV001515,28,106,104,35,Healthy,2026-08-31
O0172,I0058,INV001516,26,121,11,30,Critical,2026-08-31
O0173,I0065,INV001517,26,108,39,33,Healthy,2026-08-31
O0173,I0062,INV001518,12,77,110,12,Healthy,2026-08-31
O0173,I0058,INV001519,20,69,116,20,Healthy,2026-08-31
O0173,I0064,INV001520,10,57,0,10,Out of Stock,2026-08-31
O0173,I0059,INV001521,17,108,26,23,Healthy,2026-08-31
O0173,I0060,INV001522,21,92,87,21,Healthy,2026-08-31
O0173,I0063,INV001523,25,88,93,25,Healthy,2026-08-31
O0173,I0061,INV001524,27,98,70,30,Healthy,2026-08-31
O0174,I0061,INV001525,20,70,82,27,Healthy,2026-08-31
O0174,I0062,INV001526,30,93,25,36,Low Stock,2026-08-31
O0174,I0060,INV001527,15,51,82,18,Healthy,2026-08-31
O0174,I0058,INV001528,25,50,0,27,Out of Stock,2026-08-31
O0174,I0059,INV001529,16,48,26,20,Healthy,2026-08-31
O0174,I0063,INV001530,29,73,7,31,Critical,2026-08-31
O0174,I0065,INV001531,8,77,53,10,Healthy,2026-08-31
O0174,I0064,INV001532,10,109,105,17,Healthy,2026-08-31
O0175,I0064,INV001533,28,71,37,28,Healthy,2026-08-31
O0175,I0059,INV001534,15,94,50,17,Healthy,2026-08-31
O0175,I0058,INV001535,11,99,32,15,Healthy,2026-08-31
O0175,I0061,INV001536,25,86,62,29,Healthy,2026-08-31
O0175,I0060,INV001537,12,98,6,12,Critical,2026-08-31
O0175,I0065,INV001538,9,40,10,16,Low Stock,2026-08-31
O0175,I0062,INV001539,15,48,87,24,Healthy,2026-08-31
O0175,I0063,INV001540,16,90,71,19,Healthy,2026-08-31
O0176,I0064,INV001541,13,90,22,14,Healthy,2026-08-31
O0176,I0059,INV001542,8,76,38,9,Healthy,2026-08-31
O0176,I0063,INV001543,9,71,64,13,Healthy,2026-08-31
O0176,I0060,INV001544,22,119,62,31,Healthy,2026-08-31
O0176,I0061,INV001545,8,94,109,12,Healthy,2026-08-31
O0176,I0062,INV001546,15,108,58,21,Healthy,2026-08-31
O0176,I0065,INV001547,11,80,112,17,Healthy,2026-08-31
O0176,I0058,INV001548,10,35,44,11,Healthy,2026-08-31
O0177,I0059,INV001549,22,87,7,28,Critical,2026-08-31
O0177,I0061,INV001550,11,56,22,15,Healthy,2026-08-31
O0177,I0064,INV001551,30,115,14,32,Critical,2026-08-31
O0177,I0060,INV001552,25,115,61,27,Healthy,2026-08-31
O0177,I0063,INV001553,30,125,48,36,Healthy,2026-08-31
O0177,I0065,INV001554,29,113,72,34,Healthy,2026-08-31
O0177,I0058,INV001555,18,65,2,26,Critical,2026-08-31
O0177,I0062,INV001556,23,80,14,30,Critical,2026-08-31
O0178,I0060,INV001557,20,57,108,22,Healthy,2026-08-31
O0178,I0058,INV001558,24,111,95,25,Healthy,2026-08-31
O0178,I0063,INV001559,19,58,59,23,Healthy,2026-08-31
O0178,I0062,INV001560,11,51,101,11,Healthy,2026-08-31
O0178,I0065,INV001561,29,64,52,37,Healthy,2026-08-31
O0178,I0059,INV001562,8,91,72,17,Healthy,2026-08-31
O0178,I0064,INV001563,16,93,0,18,Out of Stock,2026-08-31
O0178,I0061,INV001564,16,113,32,21,Healthy,2026-08-31
O0179,I0064,INV001565,19,105,35,22,Healthy,2026-08-31
O0179,I0060,INV001566,12,88,5,16,Critical,2026-08-31
O0179,I0062,INV001567,27,75,76,30,Healthy,2026-08-31
O0179,I0063,INV001568,28,121,19,34,Low Stock,2026-08-31
O0179,I0065,INV001569,12,45,93,15,Healthy,2026-08-31
O0179,I0059,INV001570,23,98,48,31,Healthy,2026-08-31
O0179,I0058,INV001571,15,74,55,17,Healthy,2026-08-31
O0179,I0061,INV001572,13,105,87,18,Healthy,2026-08-31
O0180,I0063,INV001573,21,90,107,24,Healthy,2026-08-31
O0180,I0060,INV001574,18,58,79,21,Healthy,2026-08-31
O0180,I0059,INV001575,13,52,21,15,Healthy,2026-08-31
O0180,I0062,INV001576,15,79,57,20,Healthy,2026-08-31
O0180,I0064,INV001577,26,57,65,30,Healthy,2026-08-31
O0180,I0061,INV001578,23,113,70,29,Healthy,2026-08-31
O0180,I0058,INV001579,27,99,17,29,Low Stock,2026-08-31
O0180,I0065,INV001580,27,79,11,36,Critical,2026-08-31
O0181,I0271,INV001581,20,82,25,20,Healthy,2026-08-31
O0181,I0263,INV001582,9,38,78,9,Healthy,2026-08-31
O0181,I0272,INV001583,28,81,64,32,Healthy,2026-08-31
O0181,I0068,INV001584,14,65,107,14,Healthy,2026-08-31
O0181,I0268,INV001585,11,52,44,15,Healthy,2026-08-31
O0181,I0270,INV001586,28,56,85,30,Healthy,2026-08-31
O0181,I0067,INV001587,8,102,95,13,Healthy,2026-08-31
O0181,I0273,INV001588,21,60,31,21,Healthy,2026-08-31
O0181,I0265,INV001589,14,111,87,20,Healthy,2026-08-31
O0181,I0266,INV001590,22,92,90,24,Healthy,2026-08-31
O0181,I0267,INV001591,18,102,113,26,Healthy,2026-08-31
O0181,I0275,INV001592,16,100,6,24,Critical,2026-08-31
O0181,I0071,INV001593,27,65,54,35,Healthy,2026-08-31
O0181,I0069,INV001594,16,60,14,24,Low Stock,2026-08-31
O0181,I0264,INV001595,8,52,62,9,Healthy,2026-08-31
O0181,I0276,INV001596,26,101,66,34,Healthy,2026-08-31
O0181,I0274,INV001597,12,68,2,19,Critical,2026-08-31
O0181,I0277,INV001598,24,117,76,31,Healthy,2026-08-31
O0182,I0273,INV001599,10,83,93,11,Healthy,2026-08-31
O0182,I0265,INV001600,12,61,56,20,Healthy,2026-08-31
O0182,I0067,INV001601,25,87,44,27,Healthy,2026-08-31
O0182,I0264,INV001602,19,60,106,28,Healthy,2026-08-31
O0182,I0276,INV001603,30,75,104,38,Healthy,2026-08-31
O0182,I0266,INV001604,29,98,27,36,Low Stock,2026-08-31
O0182,I0274,INV001605,9,61,98,16,Healthy,2026-08-31
O0182,I0269,INV001606,17,43,67,22,Healthy,2026-08-31
O0182,I0271,INV001607,16,109,105,23,Healthy,2026-08-31
O0182,I0070,INV001608,29,77,112,38,Healthy,2026-08-31
O0182,I0071,INV001609,17,62,26,21,Healthy,2026-08-31
O0182,I0068,INV001610,10,62,86,12,Healthy,2026-08-31
O0182,I0263,INV001611,9,44,33,16,Healthy,2026-08-31
O0182,I0066,INV001612,24,104,42,30,Healthy,2026-08-31
O0182,I0275,INV001613,14,46,78,17,Healthy,2026-08-31
O0182,I0069,INV001614,24,50,42,30,Healthy,2026-08-31
O0182,I0268,INV001615,26,56,91,31,Healthy,2026-08-31
O0182,I0272,INV001616,14,64,68,16,Healthy,2026-08-31
O0183,I0266,INV001617,18,64,82,25,Healthy,2026-08-31
O0183,I0068,INV001618,8,61,67,9,Healthy,2026-08-31
O0183,I0067,INV001619,30,93,78,37,Healthy,2026-08-31
O0183,I0265,INV001620,28,95,62,35,Healthy,2026-08-31
O0183,I0277,INV001621,20,93,45,22,Healthy,2026-08-31
O0183,I0276,INV001622,15,114,49,19,Healthy,2026-08-31
O0183,I0275,INV001623,25,58,67,28,Healthy,2026-08-31
O0183,I0269,INV001624,8,74,41,14,Healthy,2026-08-31
O0183,I0270,INV001625,17,77,69,17,Healthy,2026-08-31
O0183,I0268,INV001626,21,103,90,30,Healthy,2026-08-31
O0183,I0264,INV001627,18,102,50,18,Healthy,2026-08-31
O0183,I0070,INV001628,12,59,20,12,Healthy,2026-08-31
O0183,I0272,INV001629,22,93,51,28,Healthy,2026-08-31
O0183,I0066,INV001630,8,66,116,13,Healthy,2026-08-31
O0183,I0069,INV001631,30,109,36,37,Low Stock,2026-08-31
O0183,I0273,INV001632,29,105,73,32,Healthy,2026-08-31
O0183,I0267,INV001633,22,104,13,22,Low Stock,2026-08-31
O0183,I0263,INV001634,22,59,111,25,Healthy,2026-08-31
O0184,I0271,INV001635,25,71,33,32,Healthy,2026-08-31
O0184,I0269,INV001636,9,72,74,14,Healthy,2026-08-31
O0184,I0265,INV001637,22,116,60,25,Healthy,2026-08-31
O0184,I0263,INV001638,10,96,10,17,Low Stock,2026-08-31
O0184,I0071,INV001639,26,109,111,29,Healthy,2026-08-31
O0184,I0267,INV001640,17,116,54,24,Healthy,2026-08-31
O0184,I0276,INV001641,13,65,102,14,Healthy,2026-08-31
O0184,I0067,INV001642,13,79,17,17,Low Stock,2026-08-31
O0184,I0070,INV001643,19,98,2,27,Critical,2026-08-31
O0184,I0273,INV001644,13,90,30,16,Healthy,2026-08-31
O0184,I0266,INV001645,23,109,79,29,Healthy,2026-08-31
O0184,I0268,INV001646,20,51,45,25,Healthy,2026-08-31
O0184,I0274,INV001647,22,91,86,31,Healthy,2026-08-31
O0184,I0264,INV001648,13,96,119,21,Healthy,2026-08-31
O0184,I0270,INV001649,14,80,105,21,Healthy,2026-08-31
O0184,I0066,INV001650,26,52,87,31,Healthy,2026-08-31
O0184,I0275,INV001651,21,47,48,21,Healthy,2026-08-31
O0184,I0272,INV001652,15,52,105,21,Healthy,2026-08-31
O0185,I0275,INV001653,12,67,16,19,Low Stock,2026-08-31
O0185,I0069,INV001654,22,121,61,23,Healthy,2026-08-31
O0185,I0265,INV001655,27,62,89,31,Healthy,2026-08-31
O0185,I0272,INV001656,8,86,85,8,Healthy,2026-08-31
O0185,I0264,INV001657,26,74,110,27,Healthy,2026-08-31
O0185,I0270,INV001658,18,113,96,24,Healthy,2026-08-31
O0185,I0068,INV001659,23,65,10,32,Critical,2026-08-31
O0185,I0277,INV001660,26,125,95,32,Healthy,2026-08-31
O0185,I0071,INV001661,17,102,62,26,Healthy,2026-08-31
O0185,I0273,INV001662,11,38,70,12,Healthy,2026-08-31
O0185,I0267,INV001663,12,91,43,13,Healthy,2026-08-31
O0185,I0070,INV001664,18,50,115,24,Healthy,2026-08-31
O0185,I0274,INV001665,14,57,93,22,Healthy,2026-08-31
O0185,I0269,INV001666,27,115,61,29,Healthy,2026-08-31
O0185,I0066,INV001667,24,64,95,25,Healthy,2026-08-31
O0185,I0067,INV001668,11,43,46,18,Healthy,2026-08-31
O0185,I0268,INV001669,24,60,7,33,Critical,2026-08-31
O0185,I0271,INV001670,23,103,58,28,Healthy,2026-08-31
O0186,I0264,INV001671,25,112,119,28,Healthy,2026-08-31
O0186,I0275,INV001672,14,109,57,19,Healthy,2026-08-31
O0186,I0268,INV001673,16,55,85,21,Healthy,2026-08-31
O0186,I0267,INV001674,29,89,34,37,Low Stock,2026-08-31
O0186,I0271,INV001675,15,92,17,18,Low Stock,2026-08-31
O0186,I0263,INV001676,24,77,14,31,Critical,2026-08-31
O0186,I0265,INV001677,16,82,92,23,Healthy,2026-08-31
O0186,I0067,INV001678,22,114,40,31,Healthy,2026-08-31
O0186,I0272,INV001679,19,118,92,27,Healthy,2026-08-31
O0186,I0070,INV001680,15,76,84,22,Healthy,2026-08-31
O0186,I0071,INV001681,22,69,15,23,Low Stock,2026-08-31
O0186,I0269,INV001682,11,109,47,18,Healthy,2026-08-31
O0186,I0273,INV001683,8,77,90,13,Healthy,2026-08-31
O0186,I0068,INV001684,8,72,9,17,Low Stock,2026-08-31
O0186,I0274,INV001685,23,52,97,24,Healthy,2026-08-31
O0186,I0277,INV001686,8,82,43,8,Healthy,2026-08-31
O0186,I0276,INV001687,22,90,57,29,Healthy,2026-08-31
O0186,I0069,INV001688,16,99,118,21,Healthy,2026-08-31
O0187,I0272,INV001689,28,80,22,33,Low Stock,2026-08-31
O0187,I0277,INV001690,20,51,20,24,Low Stock,2026-08-31
O0187,I0265,INV001691,13,62,71,16,Healthy,2026-08-31
O0187,I0067,INV001692,9,72,32,17,Healthy,2026-08-31
O0187,I0071,INV001693,14,75,57,21,Healthy,2026-08-31
O0187,I0271,INV001694,23,105,78,24,Healthy,2026-08-31
O0187,I0070,INV001695,18,109,42,21,Healthy,2026-08-31
O0187,I0069,INV001696,15,95,20,23,Low Stock,2026-08-31
O0187,I0273,INV001697,24,120,70,26,Healthy,2026-08-31
O0187,I0275,INV001698,20,92,4,20,Critical,2026-08-31
O0187,I0270,INV001699,25,108,30,25,Healthy,2026-08-31
O0187,I0066,INV001700,11,87,101,16,Healthy,2026-08-31
O0187,I0267,INV001701,18,68,18,18,Low Stock,2026-08-31
O0187,I0268,INV001702,24,117,77,26,Healthy,2026-08-31
O0187,I0264,INV001703,25,96,88,32,Healthy,2026-08-31
O0187,I0269,INV001704,18,94,29,18,Healthy,2026-08-31
O0187,I0266,INV001705,15,42,51,19,Healthy,2026-08-31
O0187,I0276,INV001706,27,79,9,35,Critical,2026-08-31
O0188,I0068,INV001707,20,54,10,22,Critical,2026-08-31
O0188,I0069,INV001708,28,90,76,35,Healthy,2026-08-31
O0188,I0264,INV001709,19,93,97,20,Healthy,2026-08-31
O0188,I0271,INV001710,23,111,50,30,Healthy,2026-08-31
O0188,I0270,INV001711,13,52,34,18,Healthy,2026-08-31
O0188,I0277,INV001712,25,81,25,34,Low Stock,2026-08-31
O0188,I0267,INV001713,30,58,44,35,Healthy,2026-08-31
O0188,I0269,INV001714,27,96,91,31,Healthy,2026-08-31
O0188,I0265,INV001715,16,54,21,17,Healthy,2026-08-31
O0188,I0067,INV001716,28,126,10,32,Critical,2026-08-31
O0188,I0266,INV001717,11,65,82,11,Healthy,2026-08-31
O0188,I0272,INV001718,17,113,23,24,Low Stock,2026-08-31
O0188,I0276,INV001719,16,89,63,19,Healthy,2026-08-31
O0188,I0268,INV001720,14,79,98,18,Healthy,2026-08-31
O0188,I0274,INV001721,21,106,37,30,Healthy,2026-08-31
O0188,I0273,INV001722,20,60,73,28,Healthy,2026-08-31
O0188,I0071,INV001723,18,79,21,25,Low Stock,2026-08-31
O0188,I0066,INV001724,19,61,65,21,Healthy,2026-08-31
O0189,I0070,INV001725,12,55,18,14,Healthy,2026-08-31
O0189,I0263,INV001726,26,124,102,27,Healthy,2026-08-31
O0189,I0265,INV001727,21,80,116,24,Healthy,2026-08-31
O0189,I0267,INV001728,11,101,58,14,Healthy,2026-08-31
O0189,I0276,INV001729,26,52,111,26,Healthy,2026-08-31
O0189,I0274,INV001730,18,59,109,27,Healthy,2026-08-31
O0189,I0270,INV001731,23,66,17,24,Low Stock,2026-08-31
O0189,I0268,INV001732,20,53,56,24,Healthy,2026-08-31
O0189,I0277,INV001733,19,83,107,22,Healthy,2026-08-31
O0189,I0066,INV001734,18,78,79,18,Healthy,2026-08-31
O0189,I0264,INV001735,27,85,107,36,Healthy,2026-08-31
O0189,I0271,INV001736,12,52,16,18,Low Stock,2026-08-31
O0189,I0272,INV001737,24,55,91,28,Healthy,2026-08-31
O0189,I0266,INV001738,15,48,81,23,Healthy,2026-08-31
O0189,I0068,INV001739,25,60,98,28,Healthy,2026-08-31
O0189,I0273,INV001740,26,82,98,26,Healthy,2026-08-31
O0189,I0071,INV001741,26,114,115,29,Healthy,2026-08-31
O0189,I0067,INV001742,22,110,0,30,Out of Stock,2026-08-31
O0190,I0277,INV001743,18,66,115,19,Healthy,2026-08-31
O0190,I0274,INV001744,19,86,18,21,Low Stock,2026-08-31
O0190,I0270,INV001745,21,108,85,24,Healthy,2026-08-31
O0190,I0271,INV001746,22,108,72,25,Healthy,2026-08-31
O0190,I0265,INV001747,28,125,48,30,Healthy,2026-08-31
O0190,I0069,INV001748,25,79,114,25,Healthy,2026-08-31
O0190,I0266,INV001749,14,97,88,22,Healthy,2026-08-31
O0190,I0267,INV001750,24,82,90,26,Healthy,2026-08-31
O0190,I0071,INV001751,8,95,61,11,Healthy,2026-08-31
O0190,I0275,INV001752,15,110,100,15,Healthy,2026-08-31
O0190,I0066,INV001753,20,88,85,22,Healthy,2026-08-31
O0190,I0269,INV001754,27,101,1,28,Critical,2026-08-31
O0190,I0272,INV001755,15,45,52,15,Healthy,2026-08-31
O0190,I0276,INV001756,21,63,106,23,Healthy,2026-08-31
O0190,I0067,INV001757,14,64,16,14,Healthy,2026-08-31
O0190,I0263,INV001758,24,85,23,24,Low Stock,2026-08-31
O0190,I0264,INV001759,24,108,0,30,Out of Stock,2026-08-31
O0190,I0268,INV001760,19,109,52,22,Healthy,2026-08-31
O0191,I0268,INV001761,28,125,26,31,Low Stock,2026-08-31
O0191,I0271,INV001762,25,122,90,33,Healthy,2026-08-31
O0191,I0269,INV001763,11,44,55,16,Healthy,2026-08-31
O0191,I0270,INV001764,30,73,68,35,Healthy,2026-08-31
O0191,I0066,INV001765,22,78,109,26,Healthy,2026-08-31
O0191,I0069,INV001766,9,73,15,9,Healthy,2026-08-31
O0191,I0276,INV001767,23,96,86,27,Healthy,2026-08-31
O0191,I0265,INV001768,25,63,64,28,Healthy,2026-08-31
O0191,I0274,INV001769,24,61,100,33,Healthy,2026-08-31
O0191,I0263,INV001770,29,70,7,33,Critical,2026-08-31
O0191,I0273,INV001771,13,98,51,21,Healthy,2026-08-31
O0191,I0277,INV001772,13,46,50,13,Healthy,2026-08-31
O0191,I0071,INV001773,17,74,10,23,Critical,2026-08-31
O0191,I0067,INV001774,9,107,97,9,Healthy,2026-08-31
O0191,I0266,INV001775,28,82,95,29,Healthy,2026-08-31
O0191,I0068,INV001776,18,51,60,26,Healthy,2026-08-31
O0191,I0267,INV001777,28,102,85,33,Healthy,2026-08-31
O0191,I0264,INV001778,10,101,107,13,Healthy,2026-08-31
O0192,I0274,INV001779,11,39,83,17,Healthy,2026-08-31
O0192,I0272,INV001780,21,80,40,30,Healthy,2026-08-31
O0192,I0268,INV001781,17,98,49,18,Healthy,2026-08-31
O0192,I0068,INV001782,10,108,30,10,Healthy,2026-08-31
O0192,I0277,INV001783,13,93,51,19,Healthy,2026-08-31
O0192,I0275,INV001784,24,93,1,28,Critical,2026-08-31
O0192,I0264,INV001785,13,52,105,14,Healthy,2026-08-31
O0192,I0273,INV001786,24,88,3,28,Critical,2026-08-31
O0192,I0271,INV001787,28,98,19,35,Low Stock,2026-08-31
O0192,I0066,INV001788,12,81,74,20,Healthy,2026-08-31
O0192,I0266,INV001789,14,42,1,22,Critical,2026-08-31
O0192,I0265,INV001790,12,104,119,19,Healthy,2026-08-31
O0192,I0071,INV001791,24,51,69,33,Healthy,2026-08-31
O0192,I0267,INV001792,14,91,66,22,Healthy,2026-08-31
O0192,I0270,INV001793,30,126,69,39,Healthy,2026-08-31
O0192,I0269,INV001794,28,118,29,35,Low Stock,2026-08-31
O0192,I0070,INV001795,25,68,73,31,Healthy,2026-08-31
O0192,I0069,INV001796,30,71,1,33,Critical,2026-08-31
O0193,I0265,INV001797,18,88,15,19,Low Stock,2026-08-31
O0193,I0264,INV001798,27,55,86,29,Healthy,2026-08-31
O0193,I0268,INV001799,18,62,21,22,Low Stock,2026-08-31
O0193,I0067,INV001800,27,80,79,29,Healthy,2026-08-31
O0193,I0272,INV001801,15,89,104,20,Healthy,2026-08-31
O0193,I0267,INV001802,16,99,84,20,Healthy,2026-08-31
O0193,I0271,INV001803,9,89,26,13,Healthy,2026-08-31
O0193,I0068,INV001804,9,56,87,12,Healthy,2026-08-31
O0193,I0276,INV001805,29,72,19,37,Low Stock,2026-08-31
O0193,I0070,INV001806,8,85,86,9,Healthy,2026-08-31
O0193,I0266,INV001807,20,99,111,25,Healthy,2026-08-31
O0193,I0066,INV001808,29,72,109,29,Healthy,2026-08-31
O0193,I0274,INV001809,26,69,85,33,Healthy,2026-08-31
O0193,I0263,INV001810,21,50,55,24,Healthy,2026-08-31
O0193,I0269,INV001811,25,82,70,32,Healthy,2026-08-31
O0193,I0277,INV001812,19,98,89,26,Healthy,2026-08-31
O0193,I0270,INV001813,12,95,88,15,Healthy,2026-08-31
O0193,I0275,INV001814,16,113,12,18,Low Stock,2026-08-31
O0194,I0271,INV001815,11,38,91,14,Healthy,2026-08-31
O0194,I0069,INV001816,13,39,103,14,Healthy,2026-08-31
O0194,I0068,INV001817,14,108,4,20,Critical,2026-08-31
O0194,I0067,INV001818,29,83,57,32,Healthy,2026-08-31
O0194,I0267,INV001819,28,122,90,32,Healthy,2026-08-31
O0194,I0070,INV001820,23,82,99,26,Healthy,2026-08-31
O0194,I0275,INV001821,13,89,18,15,Healthy,2026-08-31
O0194,I0269,INV001822,15,106,0,21,Out of Stock,2026-08-31
O0194,I0277,INV001823,21,75,23,28,Low Stock,2026-08-31
O0194,I0273,INV001824,11,54,48,19,Healthy,2026-08-31
O0194,I0276,INV001825,19,96,32,26,Healthy,2026-08-31
O0194,I0264,INV001826,23,117,114,24,Healthy,2026-08-31
O0194,I0274,INV001827,10,96,115,17,Healthy,2026-08-31
O0194,I0066,INV001828,28,89,13,33,Critical,2026-08-31
O0194,I0268,INV001829,10,68,49,13,Healthy,2026-08-31
O0194,I0263,INV001830,13,42,100,16,Healthy,2026-08-31
O0194,I0265,INV001831,29,87,78,37,Healthy,2026-08-31
O0194,I0266,INV001832,13,107,26,20,Healthy,2026-08-31
O0195,I0069,INV001833,11,63,86,13,Healthy,2026-08-31
O0195,I0273,INV001834,29,80,31,36,Low Stock,2026-08-31
O0195,I0071,INV001835,21,70,107,29,Healthy,2026-08-31
O0195,I0274,INV001836,19,53,46,24,Healthy,2026-08-31
O0195,I0267,INV001837,24,92,94,24,Healthy,2026-08-31
O0195,I0265,INV001838,29,54,4,31,Critical,2026-08-31
O0195,I0270,INV001839,20,69,35,23,Healthy,2026-08-31
O0195,I0268,INV001840,26,99,67,26,Healthy,2026-08-31
O0195,I0263,INV001841,15,91,107,22,Healthy,2026-08-31
O0195,I0068,INV001842,20,59,48,29,Healthy,2026-08-31
O0195,I0276,INV001843,10,67,69,16,Healthy,2026-08-31
O0195,I0271,INV001844,18,96,96,26,Healthy,2026-08-31
O0195,I0066,INV001845,24,84,20,30,Low Stock,2026-08-31
O0195,I0277,INV001846,8,58,73,16,Healthy,2026-08-31
O0195,I0067,INV001847,16,101,38,18,Healthy,2026-08-31
O0195,I0275,INV001848,8,53,63,13,Healthy,2026-08-31
O0195,I0264,INV001849,8,107,85,10,Healthy,2026-08-31
O0195,I0269,INV001850,19,97,47,20,Healthy,2026-08-31
O0196,I0276,INV001851,9,95,99,11,Healthy,2026-08-31
O0196,I0264,INV001852,20,98,49,20,Healthy,2026-08-31
O0196,I0265,INV001853,25,117,72,28,Healthy,2026-08-31
O0196,I0071,INV001854,17,77,43,18,Healthy,2026-08-31
O0196,I0271,INV001855,28,98,119,37,Healthy,2026-08-31
O0196,I0266,INV001856,14,50,107,21,Healthy,2026-08-31
O0196,I0066,INV001857,27,121,79,32,Healthy,2026-08-31
O0196,I0070,INV001858,8,104,8,14,Low Stock,2026-08-31
O0196,I0068,INV001859,20,82,86,26,Healthy,2026-08-31
O0196,I0275,INV001860,11,55,69,16,Healthy,2026-08-31
O0196,I0267,INV001861,9,65,24,9,Healthy,2026-08-31
O0196,I0277,INV001862,13,69,115,13,Healthy,2026-08-31
O0196,I0069,INV001863,27,76,87,34,Healthy,2026-08-31
O0196,I0067,INV001864,30,73,115,34,Healthy,2026-08-31
O0196,I0270,INV001865,17,69,34,25,Healthy,2026-08-31
O0196,I0272,INV001866,30,63,43,36,Healthy,2026-08-31
O0196,I0263,INV001867,20,87,18,26,Low Stock,2026-08-31
O0196,I0273,INV001868,28,117,12,31,Critical,2026-08-31
O0197,I0272,INV001869,30,98,7,34,Critical,2026-08-31
O0197,I0276,INV001870,26,105,28,26,Healthy,2026-08-31
O0197,I0264,INV001871,17,105,23,21,Healthy,2026-08-31
O0197,I0070,INV001872,29,79,113,31,Healthy,2026-08-31
O0197,I0266,INV001873,30,81,67,34,Healthy,2026-08-31
O0197,I0263,INV001874,28,125,11,31,Critical,2026-08-31
O0197,I0067,INV001875,21,111,22,28,Low Stock,2026-08-31
O0197,I0277,INV001876,15,106,103,17,Healthy,2026-08-31
O0197,I0269,INV001877,22,77,81,27,Healthy,2026-08-31
O0197,I0071,INV001878,15,91,34,18,Healthy,2026-08-31
O0197,I0275,INV001879,16,52,92,21,Healthy,2026-08-31
O0197,I0265,INV001880,21,105,82,23,Healthy,2026-08-31
O0197,I0267,INV001881,9,59,92,15,Healthy,2026-08-31
O0197,I0270,INV001882,9,45,14,16,Low Stock,2026-08-31
O0197,I0271,INV001883,20,86,69,27,Healthy,2026-08-31
O0197,I0268,INV001884,16,49,52,17,Healthy,2026-08-31
O0197,I0066,INV001885,21,90,10,26,Critical,2026-08-31
O0197,I0273,INV001886,21,60,22,29,Low Stock,2026-08-31
O0198,I0266,INV001887,26,102,91,33,Healthy,2026-08-31
O0198,I0067,INV001888,9,70,25,14,Healthy,2026-08-31
O0198,I0263,INV001889,13,45,93,21,Healthy,2026-08-31
O0198,I0271,INV001890,23,115,92,31,Healthy,2026-08-31
O0198,I0265,INV001891,21,105,88,26,Healthy,2026-08-31
O0198,I0268,INV001892,25,104,55,28,Healthy,2026-08-31
O0198,I0275,INV001893,29,119,20,37,Low Stock,2026-08-31
O0198,I0068,INV001894,21,63,75,26,Healthy,2026-08-31
O0198,I0277,INV001895,25,63,38,26,Healthy,2026-08-31
O0198,I0070,INV001896,23,88,35,29,Healthy,2026-08-31
O0198,I0276,INV001897,20,95,58,25,Healthy,2026-08-31
O0198,I0066,INV001898,14,59,30,23,Healthy,2026-08-31
O0198,I0272,INV001899,9,69,29,14,Healthy,2026-08-31
O0198,I0267,INV001900,23,99,110,23,Healthy,2026-08-31
O0198,I0270,INV001901,26,73,37,29,Healthy,2026-08-31
O0198,I0269,INV001902,9,62,27,12,Healthy,2026-08-31
O0198,I0264,INV001903,13,111,118,14,Healthy,2026-08-31
O0198,I0274,INV001904,26,71,10,31,Critical,2026-08-31
O0199,I0274,INV001905,27,75,16,30,Low Stock,2026-08-31
O0199,I0265,INV001906,10,53,29,12,Healthy,2026-08-31
O0199,I0277,INV001907,19,47,17,21,Low Stock,2026-08-31
O0199,I0270,INV001908,15,62,74,15,Healthy,2026-08-31
O0199,I0267,INV001909,22,115,99,28,Healthy,2026-08-31
O0199,I0268,INV001910,25,83,99,26,Healthy,2026-08-31
O0199,I0070,INV001911,19,56,37,19,Healthy,2026-08-31
O0199,I0271,INV001912,17,71,15,18,Low Stock,2026-08-31
O0199,I0066,INV001913,19,58,17,28,Low Stock,2026-08-31
O0199,I0276,INV001914,12,49,52,13,Healthy,2026-08-31
O0199,I0269,INV001915,25,94,13,28,Critical,2026-08-31
O0199,I0266,INV001916,18,117,113,22,Healthy,2026-08-31
O0199,I0068,INV001917,25,104,17,26,Low Stock,2026-08-31
O0199,I0071,INV001918,9,42,85,17,Healthy,2026-08-31
O0199,I0263,INV001919,22,70,2,26,Critical,2026-08-31
O0199,I0273,INV001920,10,58,65,15,Healthy,2026-08-31
O0199,I0275,INV001921,28,72,111,33,Healthy,2026-08-31
O0199,I0264,INV001922,13,89,72,17,Healthy,2026-08-31
O0200,I0271,INV001923,20,55,117,29,Healthy,2026-08-31
O0200,I0066,INV001924,23,106,57,28,Healthy,2026-08-31
O0200,I0068,INV001925,30,82,15,30,Critical,2026-08-31
O0200,I0263,INV001926,17,101,25,18,Healthy,2026-08-31
O0200,I0264,INV001927,19,82,60,23,Healthy,2026-08-31
O0200,I0275,INV001928,24,74,11,30,Critical,2026-08-31
O0200,I0267,INV001929,17,55,64,20,Healthy,2026-08-31
O0200,I0276,INV001930,15,106,79,16,Healthy,2026-08-31
O0200,I0268,INV001931,17,50,16,25,Low Stock,2026-08-31
O0200,I0277,INV001932,14,106,59,19,Healthy,2026-08-31
O0200,I0270,INV001933,25,78,104,34,Healthy,2026-08-31
O0200,I0071,INV001934,19,117,0,20,Out of Stock,2026-08-31
O0200,I0070,INV001935,20,46,0,22,Out of Stock,2026-08-31
O0200,I0265,INV001936,22,72,68,30,Healthy,2026-08-31
O0200,I0266,INV001937,23,73,94,26,Healthy,2026-08-31
O0200,I0067,INV001938,25,62,53,25,Healthy,2026-08-31
O0200,I0274,INV001939,19,113,34,23,Healthy,2026-08-31
O0200,I0269,INV001940,16,100,34,22,Healthy,2026-08-31
O0201,I0072,INV001941,15,47,54,16,Healthy,2026-08-31
O0201,I0075,INV001942,22,116,96,27,Healthy,2026-08-31
O0201,I0076,INV001943,17,103,103,21,Healthy,2026-08-31
O0201,I0073,INV001944,17,96,42,26,Healthy,2026-08-31
O0201,I0074,INV001945,30,75,114,30,Healthy,2026-08-31
O0202,I0073,INV001946,24,51,118,28,Healthy,2026-08-31
O0202,I0076,INV001947,14,42,39,23,Healthy,2026-08-31
O0202,I0075,INV001948,8,70,110,13,Healthy,2026-08-31
O0202,I0074,INV001949,20,50,96,22,Healthy,2026-08-31
O0202,I0072,INV001950,26,68,55,31,Healthy,2026-08-31
O0203,I0072,INV001951,22,94,85,23,Healthy,2026-08-31
O0203,I0073,INV001952,8,95,76,13,Healthy,2026-08-31
O0203,I0076,INV001953,14,69,101,16,Healthy,2026-08-31
O0203,I0075,INV001954,17,73,104,20,Healthy,2026-08-31
O0203,I0074,INV001955,16,75,73,17,Healthy,2026-08-31
O0204,I0075,INV001956,21,97,2,26,Critical,2026-08-31
O0204,I0074,INV001957,13,66,108,13,Healthy,2026-08-31
O0204,I0076,INV001958,26,70,14,30,Critical,2026-08-31
O0204,I0072,INV001959,11,87,100,12,Healthy,2026-08-31
O0204,I0073,INV001960,28,107,44,28,Healthy,2026-08-31
O0205,I0076,INV001961,25,60,73,28,Healthy,2026-08-31
O0205,I0072,INV001962,11,108,80,19,Healthy,2026-08-31
O0205,I0073,INV001963,26,55,26,27,Low Stock,2026-08-31
O0205,I0074,INV001964,18,100,91,22,Healthy,2026-08-31
O0205,I0075,INV001965,11,43,77,20,Healthy,2026-08-31
O0206,I0075,INV001966,17,94,99,23,Healthy,2026-08-31
O0206,I0073,INV001967,10,95,46,11,Healthy,2026-08-31
O0206,I0076,INV001968,10,106,37,16,Healthy,2026-08-31
O0206,I0074,INV001969,17,64,17,19,Low Stock,2026-08-31
O0206,I0072,INV001970,8,84,94,9,Healthy,2026-08-31
O0207,I0076,INV001971,10,105,63,19,Healthy,2026-08-31
O0207,I0075,INV001972,23,82,97,23,Healthy,2026-08-31
O0207,I0074,INV001973,22,92,36,31,Healthy,2026-08-31
O0207,I0073,INV001974,28,110,34,32,Healthy,2026-08-31
O0207,I0072,INV001975,30,96,105,37,Healthy,2026-08-31
O0208,I0072,INV001976,20,73,20,28,Low Stock,2026-08-31
O0208,I0073,INV001977,18,71,8,22,Critical,2026-08-31
O0208,I0074,INV001978,25,51,35,29,Healthy,2026-08-31
O0208,I0076,INV001979,11,107,32,12,Healthy,2026-08-31
O0208,I0075,INV001980,22,85,63,24,Healthy,2026-08-31
O0209,I0072,INV001981,20,82,104,24,Healthy,2026-08-31
O0209,I0075,INV001982,28,70,109,34,Healthy,2026-08-31
O0209,I0073,INV001983,29,99,51,35,Healthy,2026-08-31
O0209,I0074,INV001984,8,56,31,8,Healthy,2026-08-31
O0209,I0076,INV001985,8,80,62,9,Healthy,2026-08-31
O0210,I0072,INV001986,23,60,0,29,Out of Stock,2026-08-31
O0210,I0073,INV001987,27,96,116,29,Healthy,2026-08-31
O0210,I0074,INV001988,19,61,27,19,Healthy,2026-08-31
O0210,I0075,INV001989,18,99,25,18,Healthy,2026-08-31
O0210,I0076,INV001990,15,60,10,16,Low Stock,2026-08-31
O0211,I0076,INV001991,8,36,71,11,Healthy,2026-08-31
O0211,I0073,INV001992,27,81,24,33,Low Stock,2026-08-31
O0211,I0074,INV001993,17,68,63,18,Healthy,2026-08-31
O0211,I0075,INV001994,19,73,49,24,Healthy,2026-08-31
O0211,I0072,INV001995,13,107,68,15,Healthy,2026-08-31
O0212,I0076,INV001996,19,50,39,25,Healthy,2026-08-31
O0212,I0075,INV001997,27,81,115,28,Healthy,2026-08-31
O0212,I0073,INV001998,29,58,35,31,Healthy,2026-08-31
O0212,I0074,INV001999,25,79,70,33,Healthy,2026-08-31
O0212,I0072,INV002000,25,67,47,25,Healthy,2026-08-31
O0213,I0075,INV002001,10,77,61,16,Healthy,2026-08-31
O0213,I0072,INV002002,8,96,42,13,Healthy,2026-08-31
O0213,I0076,INV002003,27,87,113,28,Healthy,2026-08-31
O0213,I0074,INV002004,11,108,43,14,Healthy,2026-08-31
O0213,I0073,INV002005,14,94,103,20,Healthy,2026-08-31
O0214,I0076,INV002006,30,69,50,30,Healthy,2026-08-31
O0214,I0073,INV002007,29,104,68,37,Healthy,2026-08-31
O0214,I0075,INV002008,12,83,52,16,Healthy,2026-08-31
O0214,I0072,INV002009,24,116,84,33,Healthy,2026-08-31
O0214,I0074,INV002010,29,89,77,29,Healthy,2026-08-31
O0215,I0072,INV002011,20,118,69,20,Healthy,2026-08-31
O0215,I0073,INV002012,8,40,81,11,Healthy,2026-08-31
O0215,I0074,INV002013,28,110,31,28,Healthy,2026-08-31
O0215,I0076,INV002014,26,105,80,31,Healthy,2026-08-31
O0215,I0075,INV002015,9,52,70,15,Healthy,2026-08-31
O0216,I0073,INV002016,12,97,11,18,Low Stock,2026-08-31
O0216,I0072,INV002017,17,73,107,20,Healthy,2026-08-31
O0216,I0076,INV002018,30,103,73,36,Healthy,2026-08-31
O0216,I0074,INV002019,12,104,96,21,Healthy,2026-08-31
O0216,I0075,INV002020,8,48,13,13,Low Stock,2026-08-31
O0217,I0072,INV002021,15,112,93,17,Healthy,2026-08-31
O0217,I0074,INV002022,8,37,103,11,Healthy,2026-08-31
O0217,I0075,INV002023,16,101,56,25,Healthy,2026-08-31
O0217,I0073,INV002024,29,120,47,30,Healthy,2026-08-31
O0217,I0076,INV002025,17,91,41,20,Healthy,2026-08-31
O0218,I0075,INV002026,14,88,19,22,Low Stock,2026-08-31
O0218,I0073,INV002027,29,65,86,32,Healthy,2026-08-31
O0218,I0076,INV002028,19,104,99,23,Healthy,2026-08-31
O0218,I0074,INV002029,26,124,14,31,Critical,2026-08-31
O0218,I0072,INV002030,11,43,80,13,Healthy,2026-08-31
O0219,I0075,INV002031,28,119,45,35,Healthy,2026-08-31
O0219,I0072,INV002032,9,98,20,16,Healthy,2026-08-31
O0219,I0073,INV002033,13,42,101,20,Healthy,2026-08-31
O0219,I0076,INV002034,30,84,70,33,Healthy,2026-08-31
O0219,I0074,INV002035,16,93,10,23,Critical,2026-08-31
O0220,I0072,INV002036,15,76,112,24,Healthy,2026-08-31
O0220,I0076,INV002037,21,67,77,25,Healthy,2026-08-31
O0220,I0074,INV002038,27,69,20,35,Low Stock,2026-08-31
O0220,I0075,INV002039,23,116,111,29,Healthy,2026-08-31
O0220,I0073,INV002040,10,50,7,15,Critical,2026-08-31
O0221,I0078,INV002041,24,109,44,25,Healthy,2026-08-31
O0221,I0080,INV002042,9,42,33,9,Healthy,2026-08-31
O0221,I0081,INV002043,11,82,7,13,Low Stock,2026-08-31
O0221,I0077,INV002044,20,107,55,24,Healthy,2026-08-31
O0221,I0079,INV002045,18,54,31,19,Healthy,2026-08-31
O0222,I0078,INV002046,27,96,63,32,Healthy,2026-08-31
O0222,I0079,INV002047,8,69,28,17,Healthy,2026-08-31
O0222,I0081,INV002048,17,94,40,21,Healthy,2026-08-31
O0222,I0077,INV002049,8,44,69,17,Healthy,2026-08-31
O0222,I0080,INV002050,23,107,50,24,Healthy,2026-08-31
O0223,I0079,INV002051,22,91,86,24,Healthy,2026-08-31
O0223,I0078,INV002052,27,108,4,34,Critical,2026-08-31
O0223,I0081,INV002053,18,61,27,26,Healthy,2026-08-31
O0223,I0077,INV002054,14,110,72,23,Healthy,2026-08-31
O0223,I0080,INV002055,30,93,81,33,Healthy,2026-08-31
O0224,I0080,INV002056,12,66,26,13,Healthy,2026-08-31
O0224,I0081,INV002057,9,43,10,11,Low Stock,2026-08-31
O0224,I0077,INV002058,23,65,92,32,Healthy,2026-08-31
O0224,I0079,INV002059,27,119,13,31,Critical,2026-08-31
O0224,I0078,INV002060,27,86,72,33,Healthy,2026-08-31
O0225,I0081,INV002061,27,88,61,35,Healthy,2026-08-31
O0225,I0079,INV002062,29,58,119,29,Healthy,2026-08-31
O0225,I0077,INV002063,9,97,1,11,Critical,2026-08-31
O0225,I0080,INV002064,12,49,21,13,Healthy,2026-08-31
O0225,I0078,INV002065,9,94,55,15,Healthy,2026-08-31
O0226,I0078,INV002066,13,79,107,16,Healthy,2026-08-31
O0226,I0079,INV002067,11,37,30,13,Healthy,2026-08-31
O0226,I0081,INV002068,19,46,16,27,Low Stock,2026-08-31
O0226,I0080,INV002069,29,100,41,29,Healthy,2026-08-31
O0226,I0077,INV002070,15,104,62,19,Healthy,2026-08-31
O0227,I0078,INV002071,21,116,47,29,Healthy,2026-08-31
O0227,I0080,INV002072,20,57,24,28,Low Stock,2026-08-31
O0227,I0081,INV002073,22,89,100,26,Healthy,2026-08-31
O0227,I0077,INV002074,18,94,35,18,Healthy,2026-08-31
O0227,I0079,INV002075,10,54,80,16,Healthy,2026-08-31
O0228,I0079,INV002076,19,71,27,24,Healthy,2026-08-31
O0228,I0077,INV002077,16,87,13,20,Low Stock,2026-08-31
O0228,I0081,INV002078,30,124,0,31,Out of Stock,2026-08-31
O0228,I0078,INV002079,28,78,78,35,Healthy,2026-08-31
O0228,I0080,INV002080,21,106,16,28,Low Stock,2026-08-31
O0229,I0077,INV002081,23,106,50,23,Healthy,2026-08-31
O0229,I0078,INV002082,30,92,45,30,Healthy,2026-08-31
O0229,I0081,INV002083,14,72,68,18,Healthy,2026-08-31
O0229,I0079,INV002084,26,64,2,29,Critical,2026-08-31
O0229,I0080,INV002085,28,59,89,33,Healthy,2026-08-31
O0230,I0080,INV002086,15,45,64,16,Healthy,2026-08-31
O0230,I0077,INV002087,16,107,77,18,Healthy,2026-08-31
O0230,I0078,INV002088,28,83,18,29,Low Stock,2026-08-31
O0230,I0079,INV002089,20,76,39,28,Healthy,2026-08-31
O0230,I0081,INV002090,12,79,80,12,Healthy,2026-08-31
O0231,I0081,INV002091,17,110,87,24,Healthy,2026-08-31
O0231,I0080,INV002092,20,49,1,26,Critical,2026-08-31
O0231,I0079,INV002093,26,85,52,35,Healthy,2026-08-31
O0231,I0078,INV002094,22,93,80,24,Healthy,2026-08-31
O0231,I0077,INV002095,26,87,110,28,Healthy,2026-08-31
O0232,I0080,INV002096,16,104,88,22,Healthy,2026-08-31
O0232,I0081,INV002097,14,68,100,21,Healthy,2026-08-31
O0232,I0078,INV002098,25,118,31,31,Low Stock,2026-08-31
O0232,I0077,INV002099,29,84,78,32,Healthy,2026-08-31
O0232,I0079,INV002100,8,107,4,8,Critical,2026-08-31
O0233,I0078,INV002101,17,83,51,23,Healthy,2026-08-31
O0233,I0079,INV002102,25,84,110,29,Healthy,2026-08-31
O0233,I0077,INV002103,23,69,30,28,Healthy,2026-08-31
O0233,I0081,INV002104,11,83,99,18,Healthy,2026-08-31
O0233,I0080,INV002105,11,47,68,11,Healthy,2026-08-31
O0234,I0078,INV002106,15,88,44,20,Healthy,2026-08-31
O0234,I0081,INV002107,18,89,7,23,Critical,2026-08-31
O0234,I0079,INV002108,20,98,79,28,Healthy,2026-08-31
O0234,I0080,INV002109,8,58,39,9,Healthy,2026-08-31
O0234,I0077,INV002110,21,51,60,27,Healthy,2026-08-31
O0235,I0079,INV002111,8,82,83,14,Healthy,2026-08-31
O0235,I0077,INV002112,18,48,41,25,Healthy,2026-08-31
O0235,I0078,INV002113,30,77,34,35,Low Stock,2026-08-31
O0235,I0081,INV002114,17,45,73,17,Healthy,2026-08-31
O0235,I0080,INV002115,28,100,52,37,Healthy,2026-08-31
O0236,I0077,INV002116,30,60,87,31,Healthy,2026-08-31
O0236,I0079,INV002117,14,87,5,20,Critical,2026-08-31
O0236,I0081,INV002118,27,111,0,27,Out of Stock,2026-08-31
O0236,I0078,INV002119,10,109,80,16,Healthy,2026-08-31
O0236,I0080,INV002120,8,84,41,11,Healthy,2026-08-31
O0237,I0077,INV002121,12,100,106,21,Healthy,2026-08-31
O0237,I0078,INV002122,21,68,118,30,Healthy,2026-08-31
O0237,I0079,INV002123,18,61,68,20,Healthy,2026-08-31
O0237,I0080,INV002124,28,115,108,34,Healthy,2026-08-31
O0237,I0081,INV002125,9,67,73,11,Healthy,2026-08-31
O0238,I0078,INV002126,25,114,31,25,Healthy,2026-08-31
O0238,I0080,INV002127,20,59,21,22,Low Stock,2026-08-31
O0238,I0077,INV002128,22,51,80,30,Healthy,2026-08-31
O0238,I0081,INV002129,24,77,58,29,Healthy,2026-08-31
O0238,I0079,INV002130,20,65,98,22,Healthy,2026-08-31
O0239,I0078,INV002131,9,93,33,12,Healthy,2026-08-31
O0239,I0077,INV002132,27,55,43,28,Healthy,2026-08-31
O0239,I0079,INV002133,26,109,26,26,Low Stock,2026-08-31
O0239,I0080,INV002134,16,41,48,21,Healthy,2026-08-31
O0239,I0081,INV002135,18,47,42,25,Healthy,2026-08-31
O0240,I0081,INV002136,15,84,29,18,Healthy,2026-08-31
O0240,I0077,INV002137,17,68,93,24,Healthy,2026-08-31
O0240,I0078,INV002138,18,90,37,20,Healthy,2026-08-31
O0240,I0079,INV002139,23,80,85,31,Healthy,2026-08-31
O0240,I0080,INV002140,14,92,59,21,Healthy,2026-08-31
O0241,I0083,INV002141,28,65,94,37,Healthy,2026-08-31
O0241,I0084,INV002142,24,49,78,24,Healthy,2026-08-31
O0241,I0085,INV002143,18,63,57,19,Healthy,2026-08-31
O0241,I0082,INV002144,10,35,111,14,Healthy,2026-08-31
O0242,I0085,INV002145,20,76,31,23,Healthy,2026-08-31
O0242,I0082,INV002146,9,52,108,10,Healthy,2026-08-31
O0242,I0083,INV002147,27,68,54,34,Healthy,2026-08-31
O0242,I0084,INV002148,19,107,43,22,Healthy,2026-08-31
O0243,I0083,INV002149,26,56,107,29,Healthy,2026-08-31
O0243,I0082,INV002150,22,51,85,25,Healthy,2026-08-31
O0243,I0084,INV002151,22,109,54,22,Healthy,2026-08-31
O0243,I0085,INV002152,17,94,60,17,Healthy,2026-08-31
O0244,I0084,INV002153,14,73,14,16,Low Stock,2026-08-31
O0244,I0082,INV002154,30,84,2,36,Critical,2026-08-31
O0244,I0083,INV002155,13,61,0,20,Out of Stock,2026-08-31
O0244,I0085,INV002156,30,56,42,34,Healthy,2026-08-31
O0245,I0084,INV002157,19,83,86,25,Healthy,2026-08-31
O0245,I0082,INV002158,23,71,43,31,Healthy,2026-08-31
O0245,I0083,INV002159,22,102,5,23,Critical,2026-08-31
O0245,I0085,INV002160,23,122,31,25,Healthy,2026-08-31
O0246,I0082,INV002161,19,73,38,19,Healthy,2026-08-31
O0246,I0084,INV002162,30,118,15,34,Critical,2026-08-31
O0246,I0083,INV002163,11,95,5,12,Critical,2026-08-31
O0246,I0085,INV002164,21,58,61,23,Healthy,2026-08-31
O0247,I0082,INV002165,12,88,49,17,Healthy,2026-08-31
O0247,I0085,INV002166,22,115,1,26,Critical,2026-08-31
O0247,I0084,INV002167,18,95,105,22,Healthy,2026-08-31
O0247,I0083,INV002168,8,68,26,8,Healthy,2026-08-31
O0248,I0082,INV002169,8,73,3,16,Critical,2026-08-31
O0248,I0084,INV002170,12,58,70,21,Healthy,2026-08-31
O0248,I0085,INV002171,15,60,25,22,Healthy,2026-08-31
O0248,I0083,INV002172,26,122,54,26,Healthy,2026-08-31
O0249,I0085,INV002173,21,64,102,27,Healthy,2026-08-31
O0249,I0084,INV002174,27,89,107,30,Healthy,2026-08-31
O0249,I0083,INV002175,11,97,12,16,Low Stock,2026-08-31
O0249,I0082,INV002176,25,106,90,34,Healthy,2026-08-31
O0250,I0084,INV002177,18,57,25,20,Healthy,2026-08-31
O0250,I0085,INV002178,19,61,77,22,Healthy,2026-08-31
O0250,I0082,INV002179,13,82,89,16,Healthy,2026-08-31
O0250,I0083,INV002180,29,56,87,32,Healthy,2026-08-31
O0251,I0087,INV002181,19,48,58,23,Healthy,2026-08-31
O0251,I0089,INV002182,15,100,103,22,Healthy,2026-08-31
O0251,I0090,INV002183,27,99,38,27,Healthy,2026-08-31
O0251,I0091,INV002184,19,102,2,23,Critical,2026-08-31
O0251,I0092,INV002185,18,52,35,21,Healthy,2026-08-31
O0251,I0086,INV002186,18,114,31,22,Healthy,2026-08-31
O0251,I0088,INV002187,23,77,65,25,Healthy,2026-08-31
O0252,I0092,INV002188,20,78,89,25,Healthy,2026-08-31
O0252,I0086,INV002189,23,59,22,23,Low Stock,2026-08-31
O0252,I0090,INV002190,11,77,42,12,Healthy,2026-08-31
O0252,I0089,INV002191,11,41,116,15,Healthy,2026-08-31
O0252,I0091,INV002192,27,107,74,32,Healthy,2026-08-31
O0252,I0088,INV002193,17,44,36,21,Healthy,2026-08-31
O0252,I0087,INV002194,12,97,41,16,Healthy,2026-08-31
O0253,I0092,INV002195,29,87,31,29,Healthy,2026-08-31
O0253,I0087,INV002196,29,80,111,32,Healthy,2026-08-31
O0253,I0086,INV002197,25,117,0,25,Out of Stock,2026-08-31
O0253,I0090,INV002198,19,114,97,24,Healthy,2026-08-31
O0253,I0088,INV002199,29,111,11,31,Critical,2026-08-31
O0253,I0089,INV002200,14,43,108,23,Healthy,2026-08-31
O0253,I0091,INV002201,15,111,37,16,Healthy,2026-08-31
O0254,I0087,INV002202,13,91,102,20,Healthy,2026-08-31
O0254,I0092,INV002203,16,107,4,20,Critical,2026-08-31
O0254,I0089,INV002204,19,91,95,19,Healthy,2026-08-31
O0254,I0090,INV002205,9,63,55,18,Healthy,2026-08-31
O0254,I0091,INV002206,14,64,86,14,Healthy,2026-08-31
O0254,I0086,INV002207,12,77,77,21,Healthy,2026-08-31
O0254,I0088,INV002208,20,81,99,26,Healthy,2026-08-31
O0255,I0092,INV002209,20,53,60,28,Healthy,2026-08-31
O0255,I0089,INV002210,8,71,3,13,Critical,2026-08-31
O0255,I0086,INV002211,26,68,77,35,Healthy,2026-08-31
O0255,I0090,INV002212,13,69,33,15,Healthy,2026-08-31
O0255,I0091,INV002213,20,114,38,27,Healthy,2026-08-31
O0255,I0087,INV002214,12,79,115,13,Healthy,2026-08-31
O0255,I0088,INV002215,24,63,89,24,Healthy,2026-08-31
O0256,I0092,INV002216,30,103,33,37,Low Stock,2026-08-31
O0256,I0088,INV002217,23,122,19,26,Low Stock,2026-08-31
O0256,I0090,INV002218,13,56,65,15,Healthy,2026-08-31
O0256,I0087,INV002219,27,109,82,35,Healthy,2026-08-31
O0256,I0091,INV002220,19,62,23,28,Low Stock,2026-08-31
O0256,I0089,INV002221,17,111,45,18,Healthy,2026-08-31
O0256,I0086,INV002222,14,112,1,18,Critical,2026-08-31
O0257,I0089,INV002223,29,94,18,35,Low Stock,2026-08-31
O0257,I0087,INV002224,14,97,76,22,Healthy,2026-08-31
O0257,I0086,INV002225,12,111,44,15,Healthy,2026-08-31
O0257,I0088,INV002226,9,56,91,16,Healthy,2026-08-31
O0257,I0090,INV002227,9,103,110,13,Healthy,2026-08-31
O0257,I0092,INV002228,25,58,10,32,Critical,2026-08-31
O0257,I0091,INV002229,25,55,96,32,Healthy,2026-08-31
O0258,I0090,INV002230,24,91,71,31,Healthy,2026-08-31
O0258,I0091,INV002231,19,48,69,23,Healthy,2026-08-31
O0258,I0089,INV002232,28,77,3,37,Critical,2026-08-31
O0258,I0087,INV002233,10,64,7,17,Critical,2026-08-31
O0258,I0088,INV002234,24,80,109,33,Healthy,2026-08-31
O0258,I0092,INV002235,18,66,83,25,Healthy,2026-08-31
O0258,I0086,INV002236,19,55,54,21,Healthy,2026-08-31
O0259,I0092,INV002237,10,40,69,13,Healthy,2026-08-31
O0259,I0086,INV002238,10,69,115,12,Healthy,2026-08-31
O0259,I0087,INV002239,25,90,85,33,Healthy,2026-08-31
O0259,I0091,INV002240,17,73,108,23,Healthy,2026-08-31
O0259,I0088,INV002241,20,77,82,22,Healthy,2026-08-31
O0259,I0089,INV002242,21,85,112,28,Healthy,2026-08-31
O0259,I0090,INV002243,24,81,8,33,Critical,2026-08-31
O0260,I0091,INV002244,20,47,69,26,Healthy,2026-08-31
O0260,I0087,INV002245,19,76,44,19,Healthy,2026-08-31
O0260,I0086,INV002246,23,83,112,24,Healthy,2026-08-31
O0260,I0088,INV002247,15,74,51,15,Healthy,2026-08-31
O0260,I0092,INV002248,22,70,36,25,Healthy,2026-08-31
O0260,I0089,INV002249,28,105,29,30,Low Stock,2026-08-31
O0260,I0090,INV002250,13,80,21,15,Healthy,2026-08-31
O0261,I0086,INV002251,30,65,84,31,Healthy,2026-08-31
O0261,I0089,INV002252,29,79,21,37,Low Stock,2026-08-31
O0261,I0091,INV002253,23,99,83,29,Healthy,2026-08-31
O0261,I0092,INV002254,20,118,28,25,Healthy,2026-08-31
O0261,I0090,INV002255,14,40,71,19,Healthy,2026-08-31
O0261,I0087,INV002256,13,38,93,22,Healthy,2026-08-31
O0261,I0088,INV002257,11,49,98,12,Healthy,2026-08-31
O0262,I0089,INV002258,30,67,65,30,Healthy,2026-08-31
O0262,I0090,INV002259,27,95,97,31,Healthy,2026-08-31
O0262,I0087,INV002260,20,104,101,23,Healthy,2026-08-31
O0262,I0092,INV002261,27,73,81,36,Healthy,2026-08-31
O0262,I0086,INV002262,28,114,18,33,Low Stock,2026-08-31
O0262,I0088,INV002263,10,102,55,14,Healthy,2026-08-31
O0262,I0091,INV002264,11,56,63,14,Healthy,2026-08-31
O0263,I0086,INV002265,28,61,51,30,Healthy,2026-08-31
O0263,I0089,INV002266,27,108,44,34,Healthy,2026-08-31
O0263,I0092,INV002267,11,77,62,19,Healthy,2026-08-31
O0263,I0090,INV002268,26,103,10,35,Critical,2026-08-31
O0263,I0087,INV002269,27,94,7,35,Critical,2026-08-31
O0263,I0088,INV002270,15,63,67,24,Healthy,2026-08-31
O0263,I0091,INV002271,12,103,4,12,Critical,2026-08-31
O0264,I0087,INV002272,24,90,14,28,Critical,2026-08-31
O0264,I0088,INV002273,25,67,37,29,Healthy,2026-08-31
O0264,I0092,INV002274,18,56,42,23,Healthy,2026-08-31
O0264,I0086,INV002275,12,40,63,16,Healthy,2026-08-31
O0264,I0089,INV002276,27,125,72,31,Healthy,2026-08-31
O0264,I0091,INV002277,12,58,77,13,Healthy,2026-08-31
O0264,I0090,INV002278,27,53,37,36,Healthy,2026-08-31
O0265,I0091,INV002279,20,99,7,27,Critical,2026-08-31
O0265,I0089,INV002280,16,93,25,23,Healthy,2026-08-31
O0265,I0088,INV002281,17,78,117,19,Healthy,2026-08-31
O0265,I0087,INV002282,24,52,2,31,Critical,2026-08-31
O0265,I0090,INV002283,30,126,40,34,Healthy,2026-08-31
O0265,I0086,INV002284,19,60,98,19,Healthy,2026-08-31
O0265,I0092,INV002285,12,87,81,18,Healthy,2026-08-31
O0266,I0092,INV002286,21,92,42,22,Healthy,2026-08-31
O0266,I0086,INV002287,13,92,104,16,Healthy,2026-08-31
O0266,I0088,INV002288,12,69,68,21,Healthy,2026-08-31
O0266,I0087,INV002289,19,84,88,25,Healthy,2026-08-31
O0266,I0089,INV002290,12,53,60,15,Healthy,2026-08-31
O0266,I0090,INV002291,19,91,52,27,Healthy,2026-08-31
O0266,I0091,INV002292,19,60,66,21,Healthy,2026-08-31
O0267,I0090,INV002293,12,40,55,17,Healthy,2026-08-31
O0267,I0092,INV002294,11,49,24,17,Healthy,2026-08-31
O0267,I0088,INV002295,14,45,39,23,Healthy,2026-08-31
O0267,I0087,INV002296,17,50,114,23,Healthy,2026-08-31
O0267,I0091,INV002297,18,95,72,27,Healthy,2026-08-31
O0267,I0089,INV002298,24,108,113,28,Healthy,2026-08-31
O0267,I0086,INV002299,24,106,38,33,Healthy,2026-08-31
O0268,I0089,INV002300,8,92,64,14,Healthy,2026-08-31
O0268,I0090,INV002301,11,74,2,17,Critical,2026-08-31
O0268,I0086,INV002302,30,122,101,39,Healthy,2026-08-31
O0268,I0088,INV002303,24,103,105,24,Healthy,2026-08-31
O0268,I0092,INV002304,27,113,108,34,Healthy,2026-08-31
O0268,I0091,INV002305,10,93,116,18,Healthy,2026-08-31
O0268,I0087,INV002306,10,89,47,13,Healthy,2026-08-31
O0269,I0088,INV002307,10,61,42,19,Healthy,2026-08-31
O0269,I0087,INV002308,13,102,109,17,Healthy,2026-08-31
O0269,I0086,INV002309,14,48,61,22,Healthy,2026-08-31
O0269,I0089,INV002310,10,73,115,12,Healthy,2026-08-31
O0269,I0091,INV002311,22,63,94,26,Healthy,2026-08-31
O0269,I0090,INV002312,8,35,92,17,Healthy,2026-08-31
O0269,I0092,INV002313,15,99,38,15,Healthy,2026-08-31
O0270,I0090,INV002314,13,111,75,21,Healthy,2026-08-31
O0270,I0087,INV002315,22,119,24,26,Low Stock,2026-08-31
O0270,I0091,INV002316,29,100,14,34,Critical,2026-08-31
O0270,I0092,INV002317,24,76,22,30,Low Stock,2026-08-31
O0270,I0089,INV002318,15,59,35,17,Healthy,2026-08-31
O0270,I0086,INV002319,9,68,61,17,Healthy,2026-08-31
O0270,I0088,INV002320,20,46,11,22,Critical,2026-08-31
O0271,I0091,INV002321,21,74,39,30,Healthy,2026-08-31
O0271,I0092,INV002322,11,63,99,20,Healthy,2026-08-31
O0271,I0086,INV002323,24,67,1,27,Critical,2026-08-31
O0271,I0088,INV002324,17,114,64,26,Healthy,2026-08-31
O0271,I0090,INV002325,17,113,87,22,Healthy,2026-08-31
O0271,I0089,INV002326,8,94,48,15,Healthy,2026-08-31
O0271,I0087,INV002327,20,77,2,27,Critical,2026-08-31
O0272,I0090,INV002328,29,85,88,32,Healthy,2026-08-31
O0272,I0089,INV002329,27,78,95,32,Healthy,2026-08-31
O0272,I0088,INV002330,21,48,40,22,Healthy,2026-08-31
O0272,I0092,INV002331,9,84,9,12,Low Stock,2026-08-31
O0272,I0091,INV002332,21,98,73,27,Healthy,2026-08-31
O0272,I0086,INV002333,13,106,19,18,Healthy,2026-08-31
O0272,I0087,INV002334,11,88,84,16,Healthy,2026-08-31
O0273,I0087,INV002335,27,52,18,36,Critical,2026-08-31
O0273,I0089,INV002336,17,66,25,22,Healthy,2026-08-31
O0273,I0091,INV002337,15,50,111,21,Healthy,2026-08-31
O0273,I0088,INV002338,10,47,23,14,Healthy,2026-08-31
O0273,I0092,INV002339,24,111,53,27,Healthy,2026-08-31
O0273,I0090,INV002340,10,42,55,16,Healthy,2026-08-31
O0273,I0086,INV002341,28,77,58,34,Healthy,2026-08-31
O0274,I0088,INV002342,12,42,24,15,Healthy,2026-08-31
O0274,I0089,INV002343,20,110,25,23,Healthy,2026-08-31
O0274,I0086,INV002344,29,128,6,32,Critical,2026-08-31
O0274,I0092,INV002345,18,58,83,24,Healthy,2026-08-31
O0274,I0087,INV002346,25,76,94,33,Healthy,2026-08-31
O0274,I0091,INV002347,30,127,78,39,Healthy,2026-08-31
O0274,I0090,INV002348,12,43,91,13,Healthy,2026-08-31
O0275,I0091,INV002349,22,75,115,31,Healthy,2026-08-31
O0275,I0087,INV002350,8,43,38,17,Healthy,2026-08-31
O0275,I0090,INV002351,19,79,52,25,Healthy,2026-08-31
O0275,I0089,INV002352,16,62,41,22,Healthy,2026-08-31
O0275,I0092,INV002353,17,71,52,23,Healthy,2026-08-31
O0275,I0088,INV002354,30,68,60,33,Healthy,2026-08-31
O0275,I0086,INV002355,11,108,73,20,Healthy,2026-08-31
O0276,I0088,INV002356,24,111,106,29,Healthy,2026-08-31
O0276,I0091,INV002357,24,96,77,33,Healthy,2026-08-31
O0276,I0092,INV002358,29,105,30,34,Low Stock,2026-08-31
O0276,I0086,INV002359,8,54,31,12,Healthy,2026-08-31
O0276,I0090,INV002360,30,114,61,31,Healthy,2026-08-31
O0276,I0089,INV002361,24,117,92,31,Healthy,2026-08-31
O0276,I0087,INV002362,8,69,10,13,Low Stock,2026-08-31
O0277,I0087,INV002363,28,92,100,34,Healthy,2026-08-31
O0277,I0086,INV002364,17,50,55,22,Healthy,2026-08-31
O0277,I0089,INV002365,29,110,9,33,Critical,2026-08-31
O0277,I0088,INV002366,28,119,111,35,Healthy,2026-08-31
O0277,I0092,INV002367,28,67,37,30,Healthy,2026-08-31
O0277,I0091,INV002368,23,69,34,31,Healthy,2026-08-31
O0277,I0090,INV002369,17,61,36,24,Healthy,2026-08-31
O0278,I0087,INV002370,28,97,20,36,Low Stock,2026-08-31
O0278,I0088,INV002371,15,62,16,23,Low Stock,2026-08-31
O0278,I0086,INV002372,21,97,87,22,Healthy,2026-08-31
O0278,I0090,INV002373,17,96,16,26,Low Stock,2026-08-31
O0278,I0091,INV002374,26,55,55,32,Healthy,2026-08-31
O0278,I0092,INV002375,12,88,75,13,Healthy,2026-08-31
O0278,I0089,INV002376,20,97,94,24,Healthy,2026-08-31
O0279,I0090,INV002377,18,100,30,24,Healthy,2026-08-31
O0279,I0088,INV002378,15,51,69,23,Healthy,2026-08-31
O0279,I0087,INV002379,16,107,74,16,Healthy,2026-08-31
O0279,I0092,INV002380,30,88,112,33,Healthy,2026-08-31
O0279,I0091,INV002381,21,104,13,25,Low Stock,2026-08-31
O0279,I0089,INV002382,18,94,94,26,Healthy,2026-08-31
O0279,I0086,INV002383,15,89,19,19,Low Stock,2026-08-31
O0280,I0088,INV002384,12,52,100,20,Healthy,2026-08-31
O0280,I0087,INV002385,18,110,114,21,Healthy,2026-08-31
O0280,I0092,INV002386,19,60,29,19,Healthy,2026-08-31
O0280,I0086,INV002387,14,66,65,16,Healthy,2026-08-31
O0280,I0089,INV002388,23,108,104,31,Healthy,2026-08-31
O0280,I0090,INV002389,8,51,69,14,Healthy,2026-08-31
O0280,I0091,INV002390,10,82,13,11,Healthy,2026-08-31
O0281,I0099,INV002391,10,93,13,12,Healthy,2026-08-31
O0281,I0096,INV002392,12,80,67,14,Healthy,2026-08-31
O0281,I0098,INV002393,12,104,89,18,Healthy,2026-08-31
O0281,I0095,INV002394,24,69,61,25,Healthy,2026-08-31
O0281,I0093,INV002395,27,95,74,30,Healthy,2026-08-31
O0281,I0097,INV002396,9,95,92,10,Healthy,2026-08-31
O0281,I0094,INV002397,23,96,107,27,Healthy,2026-08-31
O0282,I0098,INV002398,10,105,50,14,Healthy,2026-08-31
O0282,I0095,INV002399,24,54,90,28,Healthy,2026-08-31
O0282,I0097,INV002400,14,102,46,17,Healthy,2026-08-31
O0282,I0093,INV002401,21,73,81,28,Healthy,2026-08-31
O0282,I0094,INV002402,15,86,6,15,Critical,2026-08-31
O0282,I0096,INV002403,16,101,71,16,Healthy,2026-08-31
O0282,I0099,INV002404,21,103,43,24,Healthy,2026-08-31
O0283,I0095,INV002405,23,67,63,28,Healthy,2026-08-31
O0283,I0093,INV002406,15,89,49,18,Healthy,2026-08-31
O0283,I0098,INV002407,25,124,113,28,Healthy,2026-08-31
O0283,I0099,INV002408,18,111,95,21,Healthy,2026-08-31
O0283,I0094,INV002409,25,120,1,34,Critical,2026-08-31
O0283,I0097,INV002410,13,109,11,21,Low Stock,2026-08-31
O0283,I0096,INV002411,14,45,53,23,Healthy,2026-08-31
O0284,I0097,INV002412,20,79,55,20,Healthy,2026-08-31
O0284,I0095,INV002413,12,64,9,15,Low Stock,2026-08-31
O0284,I0094,INV002414,8,33,38,13,Healthy,2026-08-31
O0284,I0093,INV002415,18,62,3,19,Critical,2026-08-31
O0284,I0099,INV002416,27,119,23,32,Low Stock,2026-08-31
O0284,I0098,INV002417,11,97,103,11,Healthy,2026-08-31
O0284,I0096,INV002418,18,84,79,22,Healthy,2026-08-31
O0285,I0095,INV002419,18,81,112,27,Healthy,2026-08-31
O0285,I0096,INV002420,21,111,77,23,Healthy,2026-08-31
O0285,I0098,INV002421,30,72,56,30,Healthy,2026-08-31
O0285,I0094,INV002422,28,87,69,33,Healthy,2026-08-31
O0285,I0099,INV002423,23,90,59,27,Healthy,2026-08-31
O0285,I0093,INV002424,23,76,92,23,Healthy,2026-08-31
O0285,I0097,INV002425,27,102,62,28,Healthy,2026-08-31
O0286,I0093,INV002426,10,57,65,19,Healthy,2026-08-31
O0286,I0098,INV002427,30,69,82,34,Healthy,2026-08-31
O0286,I0099,INV002428,26,122,75,31,Healthy,2026-08-31
O0286,I0096,INV002429,27,88,68,27,Healthy,2026-08-31
O0286,I0097,INV002430,23,62,49,29,Healthy,2026-08-31
O0286,I0095,INV002431,28,82,70,33,Healthy,2026-08-31
O0286,I0094,INV002432,20,74,23,24,Low Stock,2026-08-31
O0287,I0093,INV002433,28,73,50,36,Healthy,2026-08-31
O0287,I0099,INV002434,26,92,102,32,Healthy,2026-08-31
O0287,I0095,INV002435,18,79,64,24,Healthy,2026-08-31
O0287,I0097,INV002436,11,59,105,18,Healthy,2026-08-31
O0287,I0098,INV002437,8,54,49,8,Healthy,2026-08-31
O0287,I0094,INV002438,13,101,16,14,Healthy,2026-08-31
O0287,I0096,INV002439,19,89,82,23,Healthy,2026-08-31
O0288,I0096,INV002440,19,110,28,21,Healthy,2026-08-31
O0288,I0095,INV002441,26,79,93,35,Healthy,2026-08-31
O0288,I0098,INV002442,27,60,58,32,Healthy,2026-08-31
O0288,I0094,INV002443,22,51,25,22,Healthy,2026-08-31
O0288,I0099,INV002444,9,48,23,15,Healthy,2026-08-31
O0288,I0097,INV002445,27,79,55,35,Healthy,2026-08-31
O0288,I0093,INV002446,20,108,57,29,Healthy,2026-08-31
O0289,I0098,INV002447,26,117,12,34,Critical,2026-08-31
O0289,I0097,INV002448,29,112,85,31,Healthy,2026-08-31
O0289,I0099,INV002449,19,93,62,27,Healthy,2026-08-31
O0289,I0093,INV002450,17,42,56,18,Healthy,2026-08-31
O0289,I0096,INV002451,16,81,97,21,Healthy,2026-08-31
O0289,I0095,INV002452,28,79,114,30,Healthy,2026-08-31
O0289,I0094,INV002453,19,72,119,22,Healthy,2026-08-31
O0290,I0097,INV002454,22,51,29,29,Low Stock,2026-08-31
O0290,I0098,INV002455,19,72,65,21,Healthy,2026-08-31
O0290,I0095,INV002456,27,88,106,36,Healthy,2026-08-31
O0290,I0094,INV002457,8,107,28,17,Healthy,2026-08-31
O0290,I0096,INV002458,28,81,103,36,Healthy,2026-08-31
O0290,I0093,INV002459,12,99,103,13,Healthy,2026-08-31
O0290,I0099,INV002460,17,52,14,18,Low Stock,2026-08-31
O0291,I0093,INV002461,10,71,9,15,Low Stock,2026-08-31
O0291,I0095,INV002462,8,89,13,8,Healthy,2026-08-31
O0291,I0094,INV002463,9,100,1,14,Critical,2026-08-31
O0291,I0099,INV002464,9,45,53,10,Healthy,2026-08-31
O0291,I0097,INV002465,20,75,15,21,Low Stock,2026-08-31
O0291,I0098,INV002466,20,119,111,23,Healthy,2026-08-31
O0291,I0096,INV002467,16,67,64,16,Healthy,2026-08-31
O0292,I0098,INV002468,22,69,9,31,Critical,2026-08-31
O0292,I0097,INV002469,17,61,103,25,Healthy,2026-08-31
O0292,I0099,INV002470,20,114,33,20,Healthy,2026-08-31
O0292,I0094,INV002471,12,108,22,13,Healthy,2026-08-31
O0292,I0095,INV002472,11,82,78,18,Healthy,2026-08-31
O0292,I0093,INV002473,30,72,67,39,Healthy,2026-08-31
O0292,I0096,INV002474,12,56,32,20,Healthy,2026-08-31
O0293,I0093,INV002475,26,73,58,35,Healthy,2026-08-31
O0293,I0097,INV002476,18,85,117,19,Healthy,2026-08-31
O0293,I0094,INV002477,14,53,85,18,Healthy,2026-08-31
O0293,I0095,INV002478,30,124,76,30,Healthy,2026-08-31
O0293,I0099,INV002479,18,61,25,18,Healthy,2026-08-31
O0293,I0098,INV002480,18,86,88,18,Healthy,2026-08-31
O0293,I0096,INV002481,28,86,38,35,Healthy,2026-08-31
O0294,I0099,INV002482,14,69,55,22,Healthy,2026-08-31
O0294,I0096,INV002483,8,33,44,14,Healthy,2026-08-31
O0294,I0095,INV002484,21,112,28,30,Low Stock,2026-08-31
O0294,I0098,INV002485,12,61,53,21,Healthy,2026-08-31
O0294,I0094,INV002486,28,111,93,32,Healthy,2026-08-31
O0294,I0093,INV002487,29,81,82,38,Healthy,2026-08-31
O0294,I0097,INV002488,20,96,110,27,Healthy,2026-08-31
O0295,I0096,INV002489,10,48,53,11,Healthy,2026-08-31
O0295,I0099,INV002490,18,103,107,21,Healthy,2026-08-31
O0295,I0095,INV002491,24,82,30,33,Low Stock,2026-08-31
O0295,I0093,INV002492,26,114,109,28,Healthy,2026-08-31
O0295,I0098,INV002493,9,61,119,17,Healthy,2026-08-31
O0295,I0097,INV002494,16,83,34,22,Healthy,2026-08-31
O0295,I0094,INV002495,21,52,104,24,Healthy,2026-08-31
O0296,I0095,INV002496,22,60,13,22,Low Stock,2026-08-31
O0296,I0093,INV002497,9,70,9,18,Critical,2026-08-31
O0296,I0098,INV002498,18,71,12,24,Critical,2026-08-31
O0296,I0094,INV002499,19,64,76,23,Healthy,2026-08-31
O0296,I0097,INV002500,15,47,26,24,Healthy,2026-08-31
O0296,I0096,INV002501,11,56,97,14,Healthy,2026-08-31
O0296,I0099,INV002502,25,67,7,29,Critical,2026-08-31
O0297,I0099,INV002503,26,100,100,26,Healthy,2026-08-31
O0297,I0097,INV002504,23,81,5,23,Critical,2026-08-31
O0297,I0095,INV002505,15,94,49,15,Healthy,2026-08-31
O0297,I0098,INV002506,24,90,100,25,Healthy,2026-08-31
O0297,I0094,INV002507,28,124,69,36,Healthy,2026-08-31
O0297,I0093,INV002508,30,90,64,36,Healthy,2026-08-31
O0297,I0096,INV002509,19,72,112,21,Healthy,2026-08-31
O0298,I0097,INV002510,9,105,39,12,Healthy,2026-08-31
O0298,I0099,INV002511,21,106,85,27,Healthy,2026-08-31
O0298,I0096,INV002512,13,84,53,18,Healthy,2026-08-31
O0298,I0098,INV002513,26,114,43,26,Healthy,2026-08-31
O0298,I0095,INV002514,19,93,77,24,Healthy,2026-08-31
O0298,I0093,INV002515,21,82,102,24,Healthy,2026-08-31
O0298,I0094,INV002516,21,88,21,21,Low Stock,2026-08-31
O0299,I0094,INV002517,11,46,14,17,Low Stock,2026-08-31
O0299,I0095,INV002518,19,86,116,22,Healthy,2026-08-31
O0299,I0093,INV002519,11,93,4,16,Critical,2026-08-31
O0299,I0097,INV002520,13,40,89,13,Healthy,2026-08-31
O0299,I0098,INV002521,9,104,111,11,Healthy,2026-08-31
O0299,I0099,INV002522,16,73,117,19,Healthy,2026-08-31
O0299,I0096,INV002523,9,80,24,9,Healthy,2026-08-31
O0300,I0098,INV002524,11,41,67,13,Healthy,2026-08-31
O0300,I0099,INV002525,19,62,18,24,Low Stock,2026-08-31
O0300,I0096,INV002526,24,96,103,28,Healthy,2026-08-31
O0300,I0094,INV002527,22,113,91,28,Healthy,2026-08-31
O0300,I0097,INV002528,21,119,27,24,Healthy,2026-08-31
O0300,I0095,INV002529,11,78,67,15,Healthy,2026-08-31
O0300,I0093,INV002530,13,82,54,21,Healthy,2026-08-31
O0301,I0094,INV002531,12,73,20,20,Low Stock,2026-08-31
O0301,I0097,INV002532,28,97,46,28,Healthy,2026-08-31
O0301,I0096,INV002533,16,53,5,19,Critical,2026-08-31
O0301,I0098,INV002534,9,63,9,16,Low Stock,2026-08-31
O0301,I0093,INV002535,10,76,116,12,Healthy,2026-08-31
O0301,I0099,INV002536,23,60,63,23,Healthy,2026-08-31
O0301,I0095,INV002537,13,38,109,15,Healthy,2026-08-31
O0302,I0099,INV002538,16,47,15,24,Low Stock,2026-08-31
O0302,I0098,INV002539,14,110,119,15,Healthy,2026-08-31
O0302,I0094,INV002540,22,102,79,22,Healthy,2026-08-31
O0302,I0097,INV002541,29,110,95,33,Healthy,2026-08-31
O0302,I0093,INV002542,10,74,74,16,Healthy,2026-08-31
O0302,I0095,INV002543,30,114,10,39,Critical,2026-08-31
O0302,I0096,INV002544,19,87,17,19,Low Stock,2026-08-31
O0303,I0093,INV002545,17,50,52,17,Healthy,2026-08-31
O0303,I0095,INV002546,14,66,101,16,Healthy,2026-08-31
O0303,I0097,INV002547,29,56,61,35,Healthy,2026-08-31
O0303,I0094,INV002548,20,83,99,21,Healthy,2026-08-31
O0303,I0096,INV002549,29,123,11,33,Critical,2026-08-31
O0303,I0099,INV002550,16,51,37,16,Healthy,2026-08-31
O0303,I0098,INV002551,26,58,98,29,Healthy,2026-08-31
O0304,I0097,INV002552,10,88,9,12,Low Stock,2026-08-31
O0304,I0096,INV002553,16,74,63,18,Healthy,2026-08-31
O0304,I0094,INV002554,13,57,88,21,Healthy,2026-08-31
O0304,I0095,INV002555,30,58,23,31,Low Stock,2026-08-31
O0304,I0098,INV002556,21,97,91,25,Healthy,2026-08-31
O0304,I0099,INV002557,18,65,17,19,Low Stock,2026-08-31
O0304,I0093,INV002558,22,102,46,30,Healthy,2026-08-31
O0305,I0093,INV002559,26,61,84,34,Healthy,2026-08-31
O0305,I0099,INV002560,14,62,107,23,Healthy,2026-08-31
O0305,I0096,INV002561,28,78,94,31,Healthy,2026-08-31
O0305,I0095,INV002562,8,44,100,12,Healthy,2026-08-31
O0305,I0097,INV002563,28,126,54,29,Healthy,2026-08-31
O0305,I0094,INV002564,11,69,60,14,Healthy,2026-08-31
O0305,I0098,INV002565,27,101,98,28,Healthy,2026-08-31
O0306,I0098,INV002566,21,56,98,22,Healthy,2026-08-31
O0306,I0095,INV002567,23,69,79,32,Healthy,2026-08-31
O0306,I0094,INV002568,9,69,68,11,Healthy,2026-08-31
O0306,I0097,INV002569,8,86,118,13,Healthy,2026-08-31
O0306,I0096,INV002570,17,45,91,22,Healthy,2026-08-31
O0306,I0093,INV002571,28,66,54,32,Healthy,2026-08-31
O0306,I0099,INV002572,25,118,118,27,Healthy,2026-08-31
O0307,I0094,INV002573,17,94,13,20,Low Stock,2026-08-31
O0307,I0098,INV002574,16,90,68,24,Healthy,2026-08-31
O0307,I0093,INV002575,15,56,97,24,Healthy,2026-08-31
O0307,I0095,INV002576,9,80,2,13,Critical,2026-08-31
O0307,I0097,INV002577,22,95,40,22,Healthy,2026-08-31
O0307,I0096,INV002578,9,102,105,13,Healthy,2026-08-31
O0307,I0099,INV002579,14,55,31,22,Healthy,2026-08-31
O0308,I0096,INV002580,9,49,24,9,Healthy,2026-08-31
O0308,I0093,INV002581,20,82,114,22,Healthy,2026-08-31
O0308,I0097,INV002582,25,77,54,29,Healthy,2026-08-31
O0308,I0095,INV002583,28,99,24,37,Low Stock,2026-08-31
O0308,I0094,INV002584,25,111,97,29,Healthy,2026-08-31
O0308,I0098,INV002585,10,61,6,12,Critical,2026-08-31
O0308,I0099,INV002586,9,99,42,9,Healthy,2026-08-31
O0309,I0095,INV002587,26,121,14,30,Critical,2026-08-31
O0309,I0093,INV002588,22,76,102,30,Healthy,2026-08-31
O0309,I0099,INV002589,22,120,64,26,Healthy,2026-08-31
O0309,I0096,INV002590,28,71,6,28,Critical,2026-08-31
O0309,I0097,INV002591,30,75,13,32,Critical,2026-08-31
O0309,I0098,INV002592,24,97,107,28,Healthy,2026-08-31
O0309,I0094,INV002593,22,63,66,29,Healthy,2026-08-31
O0310,I0093,INV002594,19,57,66,28,Healthy,2026-08-31
O0310,I0098,INV002595,13,78,22,20,Healthy,2026-08-31
O0310,I0099,INV002596,28,64,58,32,Healthy,2026-08-31
O0310,I0095,INV002597,28,114,68,28,Healthy,2026-08-31
O0310,I0097,INV002598,27,116,76,29,Healthy,2026-08-31
O0310,I0096,INV002599,22,65,111,28,Healthy,2026-08-31
O0310,I0094,INV002600,15,44,48,22,Healthy,2026-08-31
O0311,I0107,INV002601,26,121,95,32,Healthy,2026-08-31
O0311,I0105,INV002602,28,122,24,28,Low Stock,2026-08-31
O0311,I0108,INV002603,11,72,86,20,Healthy,2026-08-31
O0311,I0106,INV002604,22,74,106,24,Healthy,2026-08-31
O0312,I0107,INV002605,29,125,89,33,Healthy,2026-08-31
O0312,I0108,INV002606,29,71,36,37,Low Stock,2026-08-31
O0312,I0106,INV002607,27,56,59,32,Healthy,2026-08-31
O0312,I0105,INV002608,29,60,78,34,Healthy,2026-08-31
O0313,I0105,INV002609,15,46,13,17,Low Stock,2026-08-31
O0313,I0106,INV002610,26,123,68,27,Healthy,2026-08-31
O0313,I0107,INV002611,29,95,37,34,Healthy,2026-08-31
O0313,I0108,INV002612,24,65,46,31,Healthy,2026-08-31
O0314,I0107,INV002613,12,78,13,21,Low Stock,2026-08-31
O0314,I0106,INV002614,17,107,18,23,Low Stock,2026-08-31
O0314,I0105,INV002615,12,50,114,21,Healthy,2026-08-31
O0314,I0108,INV002616,24,115,23,27,Low Stock,2026-08-31
O0315,I0108,INV002617,14,53,3,14,Critical,2026-08-31
O0315,I0107,INV002618,21,55,35,24,Healthy,2026-08-31
O0315,I0106,INV002619,21,107,29,22,Healthy,2026-08-31
O0315,I0105,INV002620,8,71,20,16,Healthy,2026-08-31
O0316,I0107,INV002621,17,101,16,26,Low Stock,2026-08-31
O0316,I0106,INV002622,13,53,119,19,Healthy,2026-08-31
O0316,I0105,INV002623,15,49,53,18,Healthy,2026-08-31
O0316,I0108,INV002624,20,89,55,24,Healthy,2026-08-31
O0317,I0105,INV002625,9,40,17,15,Healthy,2026-08-31
O0317,I0107,INV002626,13,89,109,22,Healthy,2026-08-31
O0317,I0108,INV002627,18,117,9,20,Critical,2026-08-31
O0317,I0106,INV002628,25,106,78,28,Healthy,2026-08-31
O0318,I0106,INV002629,26,124,51,28,Healthy,2026-08-31
O0318,I0108,INV002630,21,107,119,28,Healthy,2026-08-31
O0318,I0105,INV002631,18,80,94,25,Healthy,2026-08-31
O0318,I0107,INV002632,28,95,70,34,Healthy,2026-08-31
O0319,I0108,INV002633,17,67,55,19,Healthy,2026-08-31
O0319,I0106,INV002634,19,69,104,21,Healthy,2026-08-31
O0319,I0105,INV002635,29,69,86,30,Healthy,2026-08-31
O0319,I0107,INV002636,28,125,11,30,Critical,2026-08-31
O0320,I0105,INV002637,19,44,57,20,Healthy,2026-08-31
O0320,I0106,INV002638,17,43,16,23,Low Stock,2026-08-31
O0320,I0107,INV002639,8,57,85,15,Healthy,2026-08-31
O0320,I0108,INV002640,14,104,32,19,Healthy,2026-08-31
O0321,I0111,INV002641,13,107,5,18,Critical,2026-08-31
O0321,I0110,INV002642,28,96,32,30,Healthy,2026-08-31
O0321,I0113,INV002643,9,100,74,11,Healthy,2026-08-31
O0321,I0109,INV002644,14,80,87,19,Healthy,2026-08-31
O0321,I0112,INV002645,26,60,25,29,Low Stock,2026-08-31
O0322,I0110,INV002646,19,60,43,27,Healthy,2026-08-31
O0322,I0109,INV002647,29,87,113,35,Healthy,2026-08-31
O0322,I0113,INV002648,24,116,7,32,Critical,2026-08-31
O0322,I0111,INV002649,22,49,50,26,Healthy,2026-08-31
O0322,I0112,INV002650,28,63,47,33,Healthy,2026-08-31
O0323,I0110,INV002651,15,61,96,17,Healthy,2026-08-31
O0323,I0109,INV002652,24,111,87,25,Healthy,2026-08-31
O0323,I0111,INV002653,11,72,21,11,Healthy,2026-08-31
O0323,I0113,INV002654,16,52,70,24,Healthy,2026-08-31
O0323,I0112,INV002655,19,49,114,22,Healthy,2026-08-31
O0324,I0112,INV002656,10,97,103,13,Healthy,2026-08-31
O0324,I0113,INV002657,22,104,25,24,Healthy,2026-08-31
O0324,I0110,INV002658,22,54,5,23,Critical,2026-08-31
O0324,I0111,INV002659,12,42,109,13,Healthy,2026-08-31
O0324,I0109,INV002660,20,86,71,27,Healthy,2026-08-31
O0325,I0110,INV002661,9,86,112,16,Healthy,2026-08-31
O0325,I0111,INV002662,25,50,79,26,Healthy,2026-08-31
O0325,I0109,INV002663,20,92,0,21,Out of Stock,2026-08-31
O0325,I0112,INV002664,22,79,45,22,Healthy,2026-08-31
O0325,I0113,INV002665,16,113,111,24,Healthy,2026-08-31
O0326,I0112,INV002666,24,52,29,33,Low Stock,2026-08-31
O0326,I0111,INV002667,19,62,31,26,Healthy,2026-08-31
O0326,I0109,INV002668,29,55,98,34,Healthy,2026-08-31
O0326,I0113,INV002669,19,105,118,26,Healthy,2026-08-31
O0326,I0110,INV002670,12,69,9,20,Critical,2026-08-31
O0327,I0111,INV002671,19,67,101,23,Healthy,2026-08-31
O0327,I0109,INV002672,29,77,23,30,Low Stock,2026-08-31
O0327,I0113,INV002673,25,106,38,26,Healthy,2026-08-31
O0327,I0112,INV002674,12,104,67,15,Healthy,2026-08-31
O0327,I0110,INV002675,24,81,3,26,Critical,2026-08-31
O0328,I0113,INV002676,18,83,39,27,Healthy,2026-08-31
O0328,I0110,INV002677,16,109,85,18,Healthy,2026-08-31
O0328,I0112,INV002678,29,94,68,31,Healthy,2026-08-31
O0328,I0109,INV002679,30,93,46,34,Healthy,2026-08-31
O0328,I0111,INV002680,23,84,41,25,Healthy,2026-08-31
O0329,I0110,INV002681,10,45,99,19,Healthy,2026-08-31
O0329,I0112,INV002682,28,66,30,32,Low Stock,2026-08-31
O0329,I0113,INV002683,12,92,89,14,Healthy,2026-08-31
O0329,I0109,INV002684,16,75,29,16,Healthy,2026-08-31
O0329,I0111,INV002685,10,40,90,18,Healthy,2026-08-31
O0330,I0111,INV002686,25,112,12,29,Critical,2026-08-31
O0330,I0113,INV002687,16,77,112,19,Healthy,2026-08-31
O0330,I0112,INV002688,9,61,71,13,Healthy,2026-08-31
O0330,I0110,INV002689,20,86,45,24,Healthy,2026-08-31
O0330,I0109,INV002690,10,67,60,18,Healthy,2026-08-31
O0331,I0111,INV002691,21,109,106,26,Healthy,2026-08-31
O0331,I0113,INV002692,13,72,29,22,Healthy,2026-08-31
O0331,I0109,INV002693,9,75,2,13,Critical,2026-08-31
O0331,I0112,INV002694,12,57,34,12,Healthy,2026-08-31
O0331,I0110,INV002695,29,123,86,32,Healthy,2026-08-31
O0332,I0110,INV002696,9,45,89,12,Healthy,2026-08-31
O0332,I0111,INV002697,17,82,34,24,Healthy,2026-08-31
O0332,I0109,INV002698,12,85,86,17,Healthy,2026-08-31
O0332,I0112,INV002699,30,59,112,39,Healthy,2026-08-31
O0332,I0113,INV002700,20,54,113,29,Healthy,2026-08-31
O0333,I0113,INV002701,15,80,61,20,Healthy,2026-08-31
O0333,I0110,INV002702,20,103,9,25,Critical,2026-08-31
O0333,I0112,INV002703,26,94,51,34,Healthy,2026-08-31
O0333,I0109,INV002704,16,105,11,23,Critical,2026-08-31
O0333,I0111,INV002705,9,52,56,17,Healthy,2026-08-31
O0334,I0109,INV002706,15,72,74,23,Healthy,2026-08-31
O0334,I0113,INV002707,22,61,1,24,Critical,2026-08-31
O0334,I0111,INV002708,8,103,71,16,Healthy,2026-08-31
O0334,I0112,INV002709,23,116,46,31,Healthy,2026-08-31
O0334,I0110,INV002710,27,74,67,34,Healthy,2026-08-31
O0335,I0109,INV002711,13,55,50,19,Healthy,2026-08-31
O0335,I0111,INV002712,9,101,34,18,Healthy,2026-08-31
O0335,I0110,INV002713,30,56,41,33,Healthy,2026-08-31
O0335,I0113,INV002714,30,62,53,38,Healthy,2026-08-31
O0335,I0112,INV002715,27,98,17,33,Low Stock,2026-08-31
O0336,I0111,INV002716,30,123,94,38,Healthy,2026-08-31
O0336,I0110,INV002717,27,94,102,31,Healthy,2026-08-31
O0336,I0113,INV002718,29,95,52,30,Healthy,2026-08-31
O0336,I0109,INV002719,25,71,79,27,Healthy,2026-08-31
O0336,I0112,INV002720,11,71,46,16,Healthy,2026-08-31
O0337,I0112,INV002721,13,60,66,16,Healthy,2026-08-31
O0337,I0109,INV002722,8,43,62,15,Healthy,2026-08-31
O0337,I0111,INV002723,20,107,55,21,Healthy,2026-08-31
O0337,I0113,INV002724,12,93,77,19,Healthy,2026-08-31
O0337,I0110,INV002725,25,105,48,32,Healthy,2026-08-31
O0338,I0110,INV002726,16,72,73,23,Healthy,2026-08-31
O0338,I0111,INV002727,18,60,32,19,Healthy,2026-08-31
O0338,I0112,INV002728,26,98,66,28,Healthy,2026-08-31
O0338,I0109,INV002729,16,92,5,21,Critical,2026-08-31
O0338,I0113,INV002730,27,121,86,33,Healthy,2026-08-31
O0339,I0110,INV002731,20,99,63,24,Healthy,2026-08-31
O0339,I0113,INV002732,9,85,110,14,Healthy,2026-08-31
O0339,I0112,INV002733,27,57,68,36,Healthy,2026-08-31
O0339,I0109,INV002734,27,110,104,32,Healthy,2026-08-31
O0339,I0111,INV002735,14,106,72,14,Healthy,2026-08-31
O0340,I0111,INV002736,27,96,3,35,Critical,2026-08-31
O0340,I0113,INV002737,28,116,113,30,Healthy,2026-08-31
O0340,I0112,INV002738,26,51,18,34,Low Stock,2026-08-31
O0340,I0109,INV002739,13,50,91,13,Healthy,2026-08-31
O0340,I0110,INV002740,13,112,104,22,Healthy,2026-08-31
O0341,I0116,INV002741,9,88,25,16,Healthy,2026-08-31
O0341,I0117,INV002742,19,63,107,20,Healthy,2026-08-31
O0341,I0115,INV002743,10,75,66,17,Healthy,2026-08-31
O0341,I0114,INV002744,30,124,111,32,Healthy,2026-08-31
O0342,I0115,INV002745,25,71,87,25,Healthy,2026-08-31
O0342,I0117,INV002746,23,79,19,28,Low Stock,2026-08-31
O0342,I0116,INV002747,23,69,55,31,Healthy,2026-08-31
O0342,I0114,INV002748,12,56,41,16,Healthy,2026-08-31
O0343,I0115,INV002749,10,103,56,18,Healthy,2026-08-31
O0343,I0116,INV002750,8,55,45,13,Healthy,2026-08-31
O0343,I0117,INV002751,10,91,61,18,Healthy,2026-08-31
O0343,I0114,INV002752,13,46,34,15,Healthy,2026-08-31
O0344,I0116,INV002753,10,96,50,15,Healthy,2026-08-31
O0344,I0115,INV002754,12,56,109,16,Healthy,2026-08-31
O0344,I0114,INV002755,13,96,105,21,Healthy,2026-08-31
O0344,I0117,INV002756,16,102,58,23,Healthy,2026-08-31
O0345,I0114,INV002757,25,124,34,31,Healthy,2026-08-31
O0345,I0117,INV002758,23,102,99,24,Healthy,2026-08-31
O0345,I0116,INV002759,9,55,79,15,Healthy,2026-08-31
O0345,I0115,INV002760,27,109,95,27,Healthy,2026-08-31
O0346,I0116,INV002761,14,75,25,17,Healthy,2026-08-31
O0346,I0115,INV002762,12,48,15,17,Low Stock,2026-08-31
O0346,I0114,INV002763,17,58,16,26,Low Stock,2026-08-31
O0346,I0117,INV002764,19,72,72,28,Healthy,2026-08-31
O0347,I0117,INV002765,8,44,48,13,Healthy,2026-08-31
O0347,I0114,INV002766,23,82,106,30,Healthy,2026-08-31
O0347,I0116,INV002767,8,86,101,13,Healthy,2026-08-31
O0347,I0115,INV002768,18,73,16,22,Low Stock,2026-08-31
O0348,I0116,INV002769,19,114,10,24,Critical,2026-08-31
O0348,I0114,INV002770,29,63,90,35,Healthy,2026-08-31
O0348,I0117,INV002771,24,70,58,27,Healthy,2026-08-31
O0348,I0115,INV002772,17,44,106,26,Healthy,2026-08-31
O0349,I0114,INV002773,23,118,31,29,Healthy,2026-08-31
O0349,I0116,INV002774,22,73,17,30,Low Stock,2026-08-31
O0349,I0117,INV002775,29,61,117,34,Healthy,2026-08-31
O0349,I0115,INV002776,14,68,71,21,Healthy,2026-08-31
O0350,I0116,INV002777,11,47,114,18,Healthy,2026-08-31
O0350,I0115,INV002778,23,48,95,31,Healthy,2026-08-31
O0350,I0114,INV002779,10,52,72,19,Healthy,2026-08-31
O0350,I0117,INV002780,12,102,32,16,Healthy,2026-08-31
O0351,I0120,INV002781,17,48,114,18,Healthy,2026-08-31
O0351,I0118,INV002782,25,95,110,32,Healthy,2026-08-31
O0351,I0121,INV002783,15,63,93,19,Healthy,2026-08-31
O0351,I0119,INV002784,11,106,28,15,Healthy,2026-08-31
O0352,I0120,INV002785,18,97,109,19,Healthy,2026-08-31
O0352,I0118,INV002786,23,66,39,27,Healthy,2026-08-31
O0352,I0121,INV002787,23,68,26,27,Low Stock,2026-08-31
O0352,I0119,INV002788,18,65,74,22,Healthy,2026-08-31
O0353,I0118,INV002789,27,108,64,29,Healthy,2026-08-31
O0353,I0119,INV002790,27,126,28,36,Low Stock,2026-08-31
O0353,I0121,INV002791,30,58,101,30,Healthy,2026-08-31
O0353,I0120,INV002792,13,103,11,21,Low Stock,2026-08-31
O0354,I0120,INV002793,27,124,115,30,Healthy,2026-08-31
O0354,I0118,INV002794,21,67,24,26,Low Stock,2026-08-31
O0354,I0119,INV002795,15,84,21,19,Healthy,2026-08-31
O0354,I0121,INV002796,10,89,81,18,Healthy,2026-08-31
O0355,I0121,INV002797,30,95,39,39,Low Stock,2026-08-31
O0355,I0119,INV002798,21,96,63,26,Healthy,2026-08-31
O0355,I0120,INV002799,28,88,18,33,Low Stock,2026-08-31
O0355,I0118,INV002800,25,76,65,30,Healthy,2026-08-31
O0356,I0120,INV002801,18,48,78,27,Healthy,2026-08-31
O0356,I0119,INV002802,29,105,69,30,Healthy,2026-08-31
O0356,I0121,INV002803,29,119,111,38,Healthy,2026-08-31
O0356,I0118,INV002804,14,71,21,20,Healthy,2026-08-31
O0357,I0121,INV002805,9,35,25,10,Healthy,2026-08-31
O0357,I0119,INV002806,11,76,66,19,Healthy,2026-08-31
O0357,I0118,INV002807,19,72,14,23,Low Stock,2026-08-31
O0357,I0120,INV002808,9,70,119,12,Healthy,2026-08-31
O0358,I0120,INV002809,11,61,56,14,Healthy,2026-08-31
O0358,I0121,INV002810,14,50,7,20,Critical,2026-08-31
O0358,I0118,INV002811,21,75,77,27,Healthy,2026-08-31
O0358,I0119,INV002812,12,100,44,18,Healthy,2026-08-31
O0359,I0119,INV002813,9,99,71,13,Healthy,2026-08-31
O0359,I0121,INV002814,15,112,97,15,Healthy,2026-08-31
O0359,I0118,INV002815,19,89,29,23,Healthy,2026-08-31
O0359,I0120,INV002816,10,41,26,19,Healthy,2026-08-31
O0360,I0121,INV002817,13,76,70,19,Healthy,2026-08-31
O0360,I0120,INV002818,23,103,103,31,Healthy,2026-08-31
O0360,I0118,INV002819,24,61,93,26,Healthy,2026-08-31
O0360,I0119,INV002820,12,67,95,15,Healthy,2026-08-31
O0361,I0123,INV002821,25,120,86,26,Healthy,2026-08-31
O0361,I0122,INV002822,14,93,58,15,Healthy,2026-08-31
O0361,I0125,INV002823,19,117,57,21,Healthy,2026-08-31
O0361,I0124,INV002824,13,77,90,15,Healthy,2026-08-31
O0362,I0124,INV002825,21,48,89,25,Healthy,2026-08-31
O0362,I0122,INV002826,12,61,97,15,Healthy,2026-08-31
O0362,I0125,INV002827,27,99,5,34,Critical,2026-08-31
O0362,I0123,INV002828,26,53,72,31,Healthy,2026-08-31
O0363,I0122,INV002829,27,118,62,31,Healthy,2026-08-31
O0363,I0123,INV002830,24,115,11,25,Critical,2026-08-31
O0363,I0124,INV002831,21,86,45,28,Healthy,2026-08-31
O0363,I0125,INV002832,23,77,86,25,Healthy,2026-08-31
O0364,I0123,INV002833,19,97,0,25,Out of Stock,2026-08-31
O0364,I0122,INV002834,21,80,16,29,Low Stock,2026-08-31
O0364,I0125,INV002835,19,95,68,24,Healthy,2026-08-31
O0364,I0124,INV002836,21,59,86,29,Healthy,2026-08-31
O0365,I0124,INV002837,28,91,41,37,Healthy,2026-08-31
O0365,I0123,INV002838,20,89,118,29,Healthy,2026-08-31
O0365,I0122,INV002839,25,75,18,25,Low Stock,2026-08-31
O0365,I0125,INV002840,16,64,37,19,Healthy,2026-08-31
O0366,I0124,INV002841,14,81,106,20,Healthy,2026-08-31
O0366,I0122,INV002842,14,99,67,19,Healthy,2026-08-31
O0366,I0123,INV002843,23,67,63,28,Healthy,2026-08-31
O0366,I0125,INV002844,23,63,50,27,Healthy,2026-08-31
O0367,I0123,INV002845,17,100,29,18,Healthy,2026-08-31
O0367,I0124,INV002846,23,53,114,31,Healthy,2026-08-31
O0367,I0122,INV002847,25,97,6,34,Critical,2026-08-31
O0367,I0125,INV002848,19,52,60,25,Healthy,2026-08-31
O0368,I0123,INV002849,15,44,31,24,Healthy,2026-08-31
O0368,I0122,INV002850,26,63,35,34,Healthy,2026-08-31
O0368,I0124,INV002851,12,53,95,20,Healthy,2026-08-31
O0368,I0125,INV002852,27,121,75,32,Healthy,2026-08-31
O0369,I0125,INV002853,28,70,110,35,Healthy,2026-08-31
O0369,I0124,INV002854,26,122,26,30,Low Stock,2026-08-31
O0369,I0123,INV002855,8,36,89,17,Healthy,2026-08-31
O0369,I0122,INV002856,19,60,49,24,Healthy,2026-08-31
O0370,I0124,INV002857,14,55,101,16,Healthy,2026-08-31
O0370,I0125,INV002858,16,64,112,20,Healthy,2026-08-31
O0370,I0123,INV002859,28,89,41,30,Healthy,2026-08-31
O0370,I0122,INV002860,16,112,28,23,Healthy,2026-08-31
O0371,I0127,INV002861,10,48,110,13,Healthy,2026-08-31
O0371,I0128,INV002862,14,45,71,23,Healthy,2026-08-31
O0371,I0129,INV002863,9,55,69,10,Healthy,2026-08-31
O0371,I0126,INV002864,8,82,86,13,Healthy,2026-08-31
O0372,I0128,INV002865,29,68,102,38,Healthy,2026-08-31
O0372,I0129,INV002866,29,116,85,30,Healthy,2026-08-31
O0372,I0127,INV002867,23,76,87,31,Healthy,2026-08-31
O0372,I0126,INV002868,15,51,6,23,Critical,2026-08-31
O0373,I0128,INV002869,10,46,4,13,Critical,2026-08-31
O0373,I0126,INV002870,9,62,91,12,Healthy,2026-08-31
O0373,I0127,INV002871,26,67,83,31,Healthy,2026-08-31
O0373,I0129,INV002872,21,105,13,23,Low Stock,2026-08-31
O0374,I0129,INV002873,24,56,85,32,Healthy,2026-08-31
O0374,I0126,INV002874,24,71,8,26,Critical,2026-08-31
O0374,I0128,INV002875,27,80,45,32,Healthy,2026-08-31
O0374,I0127,INV002876,25,76,82,31,Healthy,2026-08-31
O0375,I0127,INV002877,17,112,53,23,Healthy,2026-08-31
O0375,I0128,INV002878,12,62,32,15,Healthy,2026-08-31
O0375,I0129,INV002879,13,86,62,20,Healthy,2026-08-31
O0375,I0126,INV002880,8,41,2,16,Critical,2026-08-31
O0376,I0128,INV002881,14,99,10,17,Low Stock,2026-08-31
O0376,I0127,INV002882,21,68,20,24,Low Stock,2026-08-31
O0376,I0126,INV002883,9,92,3,10,Critical,2026-08-31
O0376,I0129,INV002884,17,70,3,22,Critical,2026-08-31
O0377,I0128,INV002885,10,106,36,11,Healthy,2026-08-31
O0377,I0129,INV002886,26,95,55,30,Healthy,2026-08-31
O0377,I0127,INV002887,28,85,117,29,Healthy,2026-08-31
O0377,I0126,INV002888,22,115,77,22,Healthy,2026-08-31
O0378,I0129,INV002889,18,74,65,24,Healthy,2026-08-31
O0378,I0128,INV002890,17,74,90,24,Healthy,2026-08-31
O0378,I0127,INV002891,26,101,66,35,Healthy,2026-08-31
O0378,I0126,INV002892,28,64,27,32,Low Stock,2026-08-31
O0379,I0128,INV002893,25,65,8,34,Critical,2026-08-31
O0379,I0127,INV002894,26,55,115,34,Healthy,2026-08-31
O0379,I0126,INV002895,26,98,78,26,Healthy,2026-08-31
O0379,I0129,INV002896,10,94,103,19,Healthy,2026-08-31
O0380,I0126,INV002897,28,117,38,28,Healthy,2026-08-31
O0380,I0127,INV002898,21,52,23,21,Healthy,2026-08-31
O0380,I0129,INV002899,21,114,13,21,Low Stock,2026-08-31
O0380,I0128,INV002900,12,62,1,13,Critical,2026-08-31
O0381,I0133,INV002901,27,63,36,33,Healthy,2026-08-31
O0381,I0130,INV002902,19,108,87,26,Healthy,2026-08-31
O0381,I0132,INV002903,19,115,60,23,Healthy,2026-08-31
O0381,I0131,INV002904,29,64,67,34,Healthy,2026-08-31
O0382,I0131,INV002905,18,65,46,22,Healthy,2026-08-31
O0382,I0130,INV002906,26,113,42,31,Healthy,2026-08-31
O0382,I0133,INV002907,30,88,114,35,Healthy,2026-08-31
O0382,I0132,INV002908,19,56,70,19,Healthy,2026-08-31
O0383,I0133,INV002909,24,114,117,32,Healthy,2026-08-31
O0383,I0131,INV002910,10,46,29,16,Healthy,2026-08-31
O0383,I0132,INV002911,9,97,108,15,Healthy,2026-08-31
O0383,I0130,INV002912,25,102,77,29,Healthy,2026-08-31
O0384,I0131,INV002913,19,53,1,19,Critical,2026-08-31
O0384,I0133,INV002914,17,93,107,17,Healthy,2026-08-31
O0384,I0132,INV002915,11,78,3,19,Critical,2026-08-31
O0384,I0130,INV002916,27,72,21,31,Low Stock,2026-08-31
O0385,I0130,INV002917,23,59,63,32,Healthy,2026-08-31
O0385,I0132,INV002918,24,66,16,28,Low Stock,2026-08-31
O0385,I0133,INV002919,24,61,44,27,Healthy,2026-08-31
O0385,I0131,INV002920,14,90,116,15,Healthy,2026-08-31
O0386,I0130,INV002921,17,76,101,26,Healthy,2026-08-31
O0386,I0133,INV002922,23,104,65,28,Healthy,2026-08-31
O0386,I0132,INV002923,11,42,53,19,Healthy,2026-08-31
O0386,I0131,INV002924,22,78,12,26,Critical,2026-08-31
O0387,I0132,INV002925,11,55,91,18,Healthy,2026-08-31
O0387,I0133,INV002926,29,88,40,33,Healthy,2026-08-31
O0387,I0131,INV002927,30,127,8,33,Critical,2026-08-31
O0387,I0130,INV002928,16,111,17,17,Low Stock,2026-08-31
O0388,I0131,INV002929,22,108,75,23,Healthy,2026-08-31
O0388,I0130,INV002930,26,86,27,29,Low Stock,2026-08-31
O0388,I0132,INV002931,22,62,102,22,Healthy,2026-08-31
O0388,I0133,INV002932,11,44,32,12,Healthy,2026-08-31
O0389,I0132,INV002933,28,59,38,34,Healthy,2026-08-31
O0389,I0131,INV002934,14,67,105,23,Healthy,2026-08-31
O0389,I0133,INV002935,18,91,32,26,Healthy,2026-08-31
O0389,I0130,INV002936,12,105,93,17,Healthy,2026-08-31
O0390,I0131,INV002937,23,107,13,30,Critical,2026-08-31
O0390,I0133,INV002938,26,94,7,29,Critical,2026-08-31
O0390,I0132,INV002939,22,87,99,27,Healthy,2026-08-31
O0390,I0130,INV002940,30,70,34,34,Low Stock,2026-08-31
O0391,I0136,INV002941,13,91,53,14,Healthy,2026-08-31
O0391,I0134,INV002942,17,91,29,19,Healthy,2026-08-31
O0391,I0135,INV002943,8,72,76,17,Healthy,2026-08-31
O0391,I0137,INV002944,21,71,30,27,Healthy,2026-08-31
O0392,I0137,INV002945,8,95,97,8,Healthy,2026-08-31
O0392,I0135,INV002946,28,65,92,35,Healthy,2026-08-31
O0392,I0134,INV002947,21,114,110,22,Healthy,2026-08-31
O0392,I0136,INV002948,19,75,107,20,Healthy,2026-08-31
O0393,I0136,INV002949,17,92,24,20,Healthy,2026-08-31
O0393,I0135,INV002950,24,58,82,30,Healthy,2026-08-31
O0393,I0134,INV002951,11,94,15,17,Low Stock,2026-08-31
O0393,I0137,INV002952,12,104,35,20,Healthy,2026-08-31
O0394,I0135,INV002953,28,121,41,36,Healthy,2026-08-31
O0394,I0134,INV002954,16,63,83,23,Healthy,2026-08-31
O0394,I0136,INV002955,29,124,46,32,Healthy,2026-08-31
O0394,I0137,INV002956,10,45,31,10,Healthy,2026-08-31
O0395,I0137,INV002957,24,92,24,32,Low Stock,2026-08-31
O0395,I0134,INV002958,12,40,50,12,Healthy,2026-08-31
O0395,I0136,INV002959,29,83,76,32,Healthy,2026-08-31
O0395,I0135,INV002960,8,99,79,12,Healthy,2026-08-31
O0396,I0137,INV002961,27,55,36,27,Healthy,2026-08-31
O0396,I0134,INV002962,21,87,83,26,Healthy,2026-08-31
O0396,I0135,INV002963,19,93,20,19,Healthy,2026-08-31
O0396,I0136,INV002964,9,60,57,14,Healthy,2026-08-31
O0397,I0135,INV002965,11,79,24,17,Healthy,2026-08-31
O0397,I0134,INV002966,29,124,11,38,Critical,2026-08-31
O0397,I0137,INV002967,30,91,55,32,Healthy,2026-08-31
O0397,I0136,INV002968,18,48,110,27,Healthy,2026-08-31
O0398,I0137,INV002969,26,101,72,27,Healthy,2026-08-31
O0398,I0134,INV002970,15,42,60,15,Healthy,2026-08-31
O0398,I0135,INV002971,11,106,24,19,Healthy,2026-08-31
O0398,I0136,INV002972,25,107,48,32,Healthy,2026-08-31
O0399,I0134,INV002973,22,94,113,28,Healthy,2026-08-31
O0399,I0135,INV002974,30,91,21,31,Low Stock,2026-08-31
O0399,I0136,INV002975,22,78,22,26,Low Stock,2026-08-31
O0399,I0137,INV002976,25,109,96,27,Healthy,2026-08-31
O0400,I0134,INV002977,10,95,33,13,Healthy,2026-08-31
O0400,I0137,INV002978,18,64,24,21,Healthy,2026-08-31
O0400,I0135,INV002979,29,54,105,33,Healthy,2026-08-31
O0400,I0136,INV002980,28,65,28,32,Low Stock,2026-08-31
O0401,I0141,INV002981,21,85,91,27,Healthy,2026-08-31
O0401,I0139,INV002982,22,75,91,31,Healthy,2026-08-31
O0401,I0142,INV002983,15,53,15,17,Low Stock,2026-08-31
O0401,I0140,INV002984,25,96,57,27,Healthy,2026-08-31
O0401,I0138,INV002985,8,62,12,9,Healthy,2026-08-31
O0402,I0140,INV002986,19,104,96,23,Healthy,2026-08-31
O0402,I0139,INV002987,20,53,35,27,Healthy,2026-08-31
O0402,I0142,INV002988,11,77,3,18,Critical,2026-08-31
O0402,I0138,INV002989,26,54,86,32,Healthy,2026-08-31
O0402,I0141,INV002990,25,111,37,34,Healthy,2026-08-31
O0403,I0138,INV002991,19,110,60,24,Healthy,2026-08-31
O0403,I0140,INV002992,9,63,105,10,Healthy,2026-08-31
O0403,I0141,INV002993,16,112,109,21,Healthy,2026-08-31
O0403,I0142,INV002994,12,49,46,13,Healthy,2026-08-31
O0403,I0139,INV002995,10,80,103,13,Healthy,2026-08-31
O0404,I0139,INV002996,28,79,20,28,Low Stock,2026-08-31
O0404,I0138,INV002997,20,55,1,20,Critical,2026-08-31
O0404,I0141,INV002998,18,79,18,23,Low Stock,2026-08-31
O0404,I0140,INV002999,29,64,48,30,Healthy,2026-08-31
O0404,I0142,INV003000,13,83,29,18,Healthy,2026-08-31
O0405,I0141,INV003001,29,63,58,31,Healthy,2026-08-31
O0405,I0140,INV003002,18,105,102,18,Healthy,2026-08-31
O0405,I0142,INV003003,23,80,5,32,Critical,2026-08-31
O0405,I0138,INV003004,16,104,43,20,Healthy,2026-08-31
O0405,I0139,INV003005,26,86,72,30,Healthy,2026-08-31
O0406,I0138,INV003006,11,84,76,14,Healthy,2026-08-31
O0406,I0142,INV003007,19,51,65,27,Healthy,2026-08-31
O0406,I0140,INV003008,13,43,89,17,Healthy,2026-08-31
O0406,I0139,INV003009,17,90,47,23,Healthy,2026-08-31
O0406,I0141,INV003010,9,45,61,10,Healthy,2026-08-31
O0407,I0140,INV003011,30,127,3,34,Critical,2026-08-31
O0407,I0138,INV003012,11,79,49,14,Healthy,2026-08-31
O0407,I0142,INV003013,25,76,3,31,Critical,2026-08-31
O0407,I0139,INV003014,23,109,35,23,Healthy,2026-08-31
O0407,I0141,INV003015,19,90,24,20,Healthy,2026-08-31
O0408,I0139,INV003016,22,109,82,29,Healthy,2026-08-31
O0408,I0142,INV003017,9,69,21,12,Healthy,2026-08-31
O0408,I0140,INV003018,15,95,113,16,Healthy,2026-08-31
O0408,I0141,INV003019,13,51,22,22,Low Stock,2026-08-31
O0408,I0138,INV003020,24,67,37,33,Healthy,2026-08-31
O0409,I0141,INV003021,11,64,58,20,Healthy,2026-08-31
O0409,I0139,INV003022,23,87,32,32,Low Stock,2026-08-31
O0409,I0140,INV003023,11,92,45,12,Healthy,2026-08-31
O0409,I0142,INV003024,19,85,72,23,Healthy,2026-08-31
O0409,I0138,INV003025,22,116,17,27,Low Stock,2026-08-31
O0410,I0142,INV003026,8,67,14,14,Low Stock,2026-08-31
O0410,I0139,INV003027,9,100,29,18,Healthy,2026-08-31
O0410,I0140,INV003028,10,98,35,12,Healthy,2026-08-31
O0410,I0138,INV003029,13,90,10,21,Critical,2026-08-31
O0410,I0141,INV003030,24,94,76,28,Healthy,2026-08-31
O0411,I0021,INV003031,21,69,0,22,Out of Stock,2026-08-31
O0411,I0024,INV003032,8,76,36,17,Healthy,2026-08-31
O0411,I0020,INV003033,21,50,73,29,Healthy,2026-08-31
O0411,I0018,INV003034,29,95,111,38,Healthy,2026-08-31
O0411,I0023,INV003035,15,57,36,20,Healthy,2026-08-31
O0411,I0019,INV003036,30,81,49,38,Healthy,2026-08-31
O0411,I0025,INV003037,22,92,59,28,Healthy,2026-08-31
O0411,I0022,INV003038,20,70,116,22,Healthy,2026-08-31
O0412,I0024,INV003039,24,68,110,28,Healthy,2026-08-31
O0412,I0020,INV003040,25,96,105,26,Healthy,2026-08-31
O0412,I0022,INV003041,17,84,92,20,Healthy,2026-08-31
O0412,I0025,INV003042,15,60,18,22,Low Stock,2026-08-31
O0412,I0021,INV003043,27,121,65,35,Healthy,2026-08-31
O0412,I0018,INV003044,15,111,37,24,Healthy,2026-08-31
O0412,I0023,INV003045,8,43,6,14,Critical,2026-08-31
O0412,I0019,INV003046,14,45,89,19,Healthy,2026-08-31
O0413,I0024,INV003047,13,44,56,18,Healthy,2026-08-31
O0413,I0020,INV003048,9,68,112,13,Healthy,2026-08-31
O0413,I0021,INV003049,13,53,110,20,Healthy,2026-08-31
O0413,I0018,INV003050,30,59,22,32,Low Stock,2026-08-31
O0413,I0022,INV003051,19,110,34,26,Healthy,2026-08-31
O0413,I0019,INV003052,19,62,29,26,Healthy,2026-08-31
O0413,I0023,INV003053,13,105,3,22,Critical,2026-08-31
O0413,I0025,INV003054,9,101,114,12,Healthy,2026-08-31
O0414,I0020,INV003055,23,67,111,30,Healthy,2026-08-31
O0414,I0023,INV003056,21,52,100,26,Healthy,2026-08-31
O0414,I0021,INV003057,14,103,109,19,Healthy,2026-08-31
O0414,I0019,INV003058,17,84,105,18,Healthy,2026-08-31
O0414,I0022,INV003059,28,62,110,29,Healthy,2026-08-31
O0414,I0018,INV003060,28,56,17,29,Low Stock,2026-08-31
O0414,I0025,INV003061,28,98,13,34,Critical,2026-08-31
O0414,I0024,INV003062,12,84,1,13,Critical,2026-08-31
O0415,I0018,INV003063,24,116,57,24,Healthy,2026-08-31
O0415,I0024,INV003064,13,76,20,21,Low Stock,2026-08-31
O0415,I0023,INV003065,17,43,23,26,Low Stock,2026-08-31
O0415,I0022,INV003066,21,75,23,29,Low Stock,2026-08-31
O0415,I0019,INV003067,23,76,81,27,Healthy,2026-08-31
O0415,I0025,INV003068,16,93,47,16,Healthy,2026-08-31
O0415,I0020,INV003069,28,62,29,36,Low Stock,2026-08-31
O0415,I0021,INV003070,17,106,63,21,Healthy,2026-08-31
O0416,I0022,INV003071,25,96,56,31,Healthy,2026-08-31
O0416,I0024,INV003072,30,56,98,31,Healthy,2026-08-31
O0416,I0019,INV003073,23,87,8,32,Critical,2026-08-31
O0416,I0020,INV003074,21,118,8,23,Critical,2026-08-31
O0416,I0025,INV003075,19,114,101,25,Healthy,2026-08-31
O0416,I0023,INV003076,21,75,47,26,Healthy,2026-08-31
O0416,I0021,INV003077,26,108,34,32,Healthy,2026-08-31
O0416,I0018,INV003078,19,74,6,23,Critical,2026-08-31
O0417,I0023,INV003079,12,56,51,12,Healthy,2026-08-31
O0417,I0018,INV003080,11,66,8,15,Low Stock,2026-08-31
O0417,I0020,INV003081,18,50,64,22,Healthy,2026-08-31
O0417,I0024,INV003082,19,83,27,24,Healthy,2026-08-31
O0417,I0019,INV003083,13,47,19,19,Low Stock,2026-08-31
O0417,I0022,INV003084,19,50,91,23,Healthy,2026-08-31
O0417,I0025,INV003085,26,53,4,28,Critical,2026-08-31
O0417,I0021,INV003086,11,68,74,16,Healthy,2026-08-31
O0418,I0025,INV003087,14,48,45,15,Healthy,2026-08-31
O0418,I0024,INV003088,19,94,19,28,Low Stock,2026-08-31
O0418,I0022,INV003089,27,121,35,36,Low Stock,2026-08-31
O0418,I0020,INV003090,27,85,13,28,Critical,2026-08-31
O0418,I0021,INV003091,21,70,79,25,Healthy,2026-08-31
O0418,I0019,INV003092,10,53,42,13,Healthy,2026-08-31
O0418,I0018,INV003093,25,102,48,33,Healthy,2026-08-31
O0418,I0023,INV003094,19,77,37,21,Healthy,2026-08-31
O0419,I0020,INV003095,23,114,58,31,Healthy,2026-08-31
O0419,I0023,INV003096,29,126,13,31,Critical,2026-08-31
O0419,I0021,INV003097,11,82,37,18,Healthy,2026-08-31
O0419,I0024,INV003098,21,56,10,27,Critical,2026-08-31
O0419,I0025,INV003099,9,49,70,9,Healthy,2026-08-31
O0419,I0022,INV003100,17,103,75,25,Healthy,2026-08-31
O0419,I0019,INV003101,26,78,34,30,Healthy,2026-08-31
O0419,I0018,INV003102,21,98,36,29,Healthy,2026-08-31
O0420,I0025,INV003103,9,83,16,15,Healthy,2026-08-31
O0420,I0020,INV003104,28,109,43,31,Healthy,2026-08-31
O0420,I0023,INV003105,15,108,111,15,Healthy,2026-08-31
O0420,I0019,INV003106,18,111,65,26,Healthy,2026-08-31
O0420,I0021,INV003107,10,109,90,17,Healthy,2026-08-31
O0420,I0022,INV003108,22,80,107,27,Healthy,2026-08-31
O0420,I0024,INV003109,15,91,89,22,Healthy,2026-08-31
O0420,I0018,INV003110,23,91,71,28,Healthy,2026-08-31
O0421,I0032,INV003111,16,112,27,20,Healthy,2026-08-31
O0421,I0033,INV003112,21,73,78,21,Healthy,2026-08-31
O0421,I0036,INV003113,18,72,108,19,Healthy,2026-08-31
O0421,I0034,INV003114,30,121,115,35,Healthy,2026-08-31
O0421,I0035,INV003115,22,97,50,28,Healthy,2026-08-31
O0421,I0037,INV003116,28,55,53,35,Healthy,2026-08-31
O0422,I0032,INV003117,8,48,29,17,Healthy,2026-08-31
O0422,I0037,INV003118,22,108,1,24,Critical,2026-08-31
O0422,I0035,INV003119,25,104,75,26,Healthy,2026-08-31
O0422,I0034,INV003120,17,48,15,20,Low Stock,2026-08-31
O0422,I0033,INV003121,25,108,41,28,Healthy,2026-08-31
O0422,I0036,INV003122,21,98,117,23,Healthy,2026-08-31
O0423,I0033,INV003123,25,107,43,29,Healthy,2026-08-31
O0423,I0034,INV003124,26,63,35,28,Healthy,2026-08-31
O0423,I0032,INV003125,30,72,114,37,Healthy,2026-08-31
O0423,I0037,INV003126,13,55,76,15,Healthy,2026-08-31
O0423,I0035,INV003127,18,87,73,27,Healthy,2026-08-31
O0423,I0036,INV003128,8,93,59,15,Healthy,2026-08-31
O0424,I0034,INV003129,17,51,60,20,Healthy,2026-08-31
O0424,I0033,INV003130,12,64,94,17,Healthy,2026-08-31
O0424,I0036,INV003131,13,69,118,14,Healthy,2026-08-31
O0424,I0037,INV003132,25,103,94,33,Healthy,2026-08-31
O0424,I0035,INV003133,25,103,22,30,Low Stock,2026-08-31
O0424,I0032,INV003134,10,98,57,16,Healthy,2026-08-31
O0425,I0034,INV003135,27,65,110,33,Healthy,2026-08-31
O0425,I0037,INV003136,25,120,16,33,Critical,2026-08-31
O0425,I0035,INV003137,21,108,11,21,Low Stock,2026-08-31
O0425,I0033,INV003138,20,115,91,27,Healthy,2026-08-31
O0425,I0032,INV003139,21,102,69,24,Healthy,2026-08-31
O0425,I0036,INV003140,27,93,98,36,Healthy,2026-08-31
O0426,I0032,INV003141,22,105,107,23,Healthy,2026-08-31
O0426,I0035,INV003142,14,97,61,14,Healthy,2026-08-31
O0426,I0036,INV003143,26,73,107,30,Healthy,2026-08-31
O0426,I0034,INV003144,30,107,26,37,Low Stock,2026-08-31
O0426,I0037,INV003145,11,64,35,11,Healthy,2026-08-31
O0426,I0033,INV003146,25,54,20,30,Low Stock,2026-08-31
O0427,I0037,INV003147,22,56,63,23,Healthy,2026-08-31
O0427,I0035,INV003148,26,98,47,35,Healthy,2026-08-31
O0427,I0036,INV003149,18,85,28,22,Healthy,2026-08-31
O0427,I0032,INV003150,12,80,46,16,Healthy,2026-08-31
O0427,I0034,INV003151,20,61,18,21,Low Stock,2026-08-31
O0427,I0033,INV003152,10,50,110,13,Healthy,2026-08-31
O0428,I0034,INV003153,22,93,113,28,Healthy,2026-08-31
O0428,I0035,INV003154,21,64,30,23,Healthy,2026-08-31
O0428,I0036,INV003155,16,104,113,24,Healthy,2026-08-31
O0428,I0032,INV003156,26,97,42,29,Healthy,2026-08-31
O0428,I0037,INV003157,21,60,74,22,Healthy,2026-08-31
O0428,I0033,INV003158,19,49,36,22,Healthy,2026-08-31
O0429,I0037,INV003159,30,107,119,36,Healthy,2026-08-31
O0429,I0032,INV003160,18,70,49,22,Healthy,2026-08-31
O0429,I0034,INV003161,15,47,113,15,Healthy,2026-08-31
O0429,I0035,INV003162,19,99,109,25,Healthy,2026-08-31
O0429,I0036,INV003163,23,73,12,29,Critical,2026-08-31
O0429,I0033,INV003164,23,51,7,29,Critical,2026-08-31
O0430,I0033,INV003165,11,46,80,19,Healthy,2026-08-31
O0430,I0032,INV003166,14,53,18,19,Low Stock,2026-08-31
O0430,I0034,INV003167,22,71,116,28,Healthy,2026-08-31
O0430,I0037,INV003168,15,50,66,15,Healthy,2026-08-31
O0430,I0036,INV003169,14,67,21,19,Healthy,2026-08-31
O0430,I0035,INV003170,23,92,39,27,Healthy,2026-08-31
O0431,I0055,INV003171,14,82,50,15,Healthy,2026-08-31
O0431,I0056,INV003172,29,67,26,29,Low Stock,2026-08-31
O0431,I0053,INV003173,25,121,6,32,Critical,2026-08-31
O0431,I0054,INV003174,9,104,118,9,Healthy,2026-08-31
O0431,I0057,INV003175,22,91,18,31,Low Stock,2026-08-31
O0432,I0056,INV003176,15,104,84,16,Healthy,2026-08-31
O0432,I0057,INV003177,21,99,119,30,Healthy,2026-08-31
O0432,I0054,INV003178,20,66,11,26,Critical,2026-08-31
O0432,I0055,INV003179,21,111,31,23,Healthy,2026-08-31
O0432,I0053,INV003180,14,42,88,22,Healthy,2026-08-31
O0433,I0053,INV003181,24,91,112,28,Healthy,2026-08-31
O0433,I0054,INV003182,12,60,52,21,Healthy,2026-08-31
O0433,I0055,INV003183,15,87,21,24,Low Stock,2026-08-31
O0433,I0057,INV003184,17,72,35,17,Healthy,2026-08-31
O0433,I0056,INV003185,20,45,39,25,Healthy,2026-08-31
O0434,I0056,INV003186,9,84,87,10,Healthy,2026-08-31
O0434,I0053,INV003187,11,56,36,18,Healthy,2026-08-31
O0434,I0054,INV003188,18,92,98,18,Healthy,2026-08-31
O0434,I0055,INV003189,29,102,110,33,Healthy,2026-08-31
O0434,I0057,INV003190,13,57,13,16,Low Stock,2026-08-31
O0435,I0054,INV003191,10,49,77,16,Healthy,2026-08-31
O0435,I0053,INV003192,19,91,11,27,Critical,2026-08-31
O0435,I0056,INV003193,28,66,67,29,Healthy,2026-08-31
O0435,I0057,INV003194,18,93,34,25,Healthy,2026-08-31
O0435,I0055,INV003195,16,106,67,19,Healthy,2026-08-31
O0436,I0057,INV003196,13,55,28,16,Healthy,2026-08-31
O0436,I0053,INV003197,8,92,0,14,Out of Stock,2026-08-31
O0436,I0056,INV003198,10,105,108,16,Healthy,2026-08-31
O0436,I0054,INV003199,10,99,51,18,Healthy,2026-08-31
O0436,I0055,INV003200,8,103,62,16,Healthy,2026-08-31
O0437,I0056,INV003201,18,57,77,18,Healthy,2026-08-31
O0437,I0054,INV003202,23,115,51,32,Healthy,2026-08-31
O0437,I0057,INV003203,19,112,59,26,Healthy,2026-08-31
O0437,I0053,INV003204,21,53,44,21,Healthy,2026-08-31
O0437,I0055,INV003205,16,112,30,16,Healthy,2026-08-31
O0438,I0057,INV003206,20,65,102,26,Healthy,2026-08-31
O0438,I0055,INV003207,14,63,26,19,Healthy,2026-08-31
O0438,I0056,INV003208,25,83,1,28,Critical,2026-08-31
O0438,I0053,INV003209,26,69,85,31,Healthy,2026-08-31
O0438,I0054,INV003210,9,72,77,13,Healthy,2026-08-31
O0439,I0056,INV003211,13,111,103,21,Healthy,2026-08-31
O0439,I0055,INV003212,11,81,60,17,Healthy,2026-08-31
O0439,I0057,INV003213,16,92,81,25,Healthy,2026-08-31
O0439,I0054,INV003214,14,104,117,22,Healthy,2026-08-31
O0439,I0053,INV003215,26,92,21,35,Low Stock,2026-08-31
O0440,I0055,INV003216,8,87,86,13,Healthy,2026-08-31
O0440,I0054,INV003217,12,94,4,20,Critical,2026-08-31
O0440,I0056,INV003218,18,66,40,18,Healthy,2026-08-31
O0440,I0057,INV003219,12,98,0,15,Out of Stock,2026-08-31
O0440,I0053,INV003220,19,113,89,28,Healthy,2026-08-31
O0441,I0072,INV003221,13,102,35,18,Healthy,2026-08-31
O0441,I0076,INV003222,17,100,71,23,Healthy,2026-08-31
O0441,I0075,INV003223,19,103,81,24,Healthy,2026-08-31
O0441,I0074,INV003224,10,48,93,12,Healthy,2026-08-31
O0441,I0073,INV003225,17,101,44,26,Healthy,2026-08-31
O0442,I0074,INV003226,27,56,34,34,Low Stock,2026-08-31
O0442,I0073,INV003227,13,87,41,14,Healthy,2026-08-31
O0442,I0076,INV003228,30,99,53,30,Healthy,2026-08-31
O0442,I0072,INV003229,24,107,17,32,Low Stock,2026-08-31
O0442,I0075,INV003230,30,84,86,36,Healthy,2026-08-31
O0443,I0075,INV003231,9,103,56,15,Healthy,2026-08-31
O0443,I0074,INV003232,18,61,105,21,Healthy,2026-08-31
O0443,I0076,INV003233,14,77,24,15,Healthy,2026-08-31
O0443,I0072,INV003234,16,89,1,19,Critical,2026-08-31
O0443,I0073,INV003235,26,101,111,33,Healthy,2026-08-31
O0444,I0072,INV003236,19,95,25,20,Healthy,2026-08-31
O0444,I0076,INV003237,17,91,98,23,Healthy,2026-08-31
O0444,I0073,INV003238,9,43,112,15,Healthy,2026-08-31
O0444,I0075,INV003239,18,60,24,25,Low Stock,2026-08-31
O0444,I0074,INV003240,29,73,15,32,Critical,2026-08-31
O0445,I0073,INV003241,26,92,64,32,Healthy,2026-08-31
O0445,I0074,INV003242,27,100,118,32,Healthy,2026-08-31
O0445,I0076,INV003243,29,91,71,31,Healthy,2026-08-31
O0445,I0072,INV003244,12,49,117,18,Healthy,2026-08-31
O0445,I0075,INV003245,18,74,111,21,Healthy,2026-08-31
O0446,I0076,INV003246,16,65,117,20,Healthy,2026-08-31
O0446,I0072,INV003247,15,73,98,21,Healthy,2026-08-31
O0446,I0074,INV003248,24,54,51,33,Healthy,2026-08-31
O0446,I0073,INV003249,29,112,87,33,Healthy,2026-08-31
O0446,I0075,INV003250,21,119,97,21,Healthy,2026-08-31
O0447,I0072,INV003251,12,63,8,21,Critical,2026-08-31
O0447,I0075,INV003252,23,86,108,24,Healthy,2026-08-31
O0447,I0074,INV003253,18,75,74,27,Healthy,2026-08-31
O0447,I0073,INV003254,8,60,33,13,Healthy,2026-08-31
O0447,I0076,INV003255,20,95,8,26,Critical,2026-08-31
O0448,I0076,INV003256,11,106,102,11,Healthy,2026-08-31
O0448,I0072,INV003257,19,60,101,26,Healthy,2026-08-31
O0448,I0074,INV003258,14,112,45,14,Healthy,2026-08-31
O0448,I0073,INV003259,10,78,96,13,Healthy,2026-08-31
O0448,I0075,INV003260,26,75,56,28,Healthy,2026-08-31
O0449,I0073,INV003261,25,116,117,27,Healthy,2026-08-31
O0449,I0076,INV003262,18,59,3,18,Critical,2026-08-31
O0449,I0072,INV003263,12,37,79,21,Healthy,2026-08-31
O0449,I0075,INV003264,10,55,54,19,Healthy,2026-08-31
O0449,I0074,INV003265,18,94,54,20,Healthy,2026-08-31
O0450,I0072,INV003266,10,75,102,14,Healthy,2026-08-31
O0450,I0076,INV003267,12,92,96,19,Healthy,2026-08-31
O0450,I0075,INV003268,30,55,15,39,Critical,2026-08-31
O0450,I0074,INV003269,23,111,43,31,Healthy,2026-08-31
O0450,I0073,INV003270,18,44,59,23,Healthy,2026-08-31
O0451,I0050,INV003271,10,50,10,15,Low Stock,2026-08-31
O0451,I0051,INV003272,24,106,70,30,Healthy,2026-08-31
O0451,I0052,INV003273,22,117,90,22,Healthy,2026-08-31
O0451,I0049,INV003274,14,68,4,21,Critical,2026-08-31
O0452,I0050,INV003275,29,102,70,36,Healthy,2026-08-31
O0452,I0049,INV003276,21,74,6,26,Critical,2026-08-31
O0452,I0051,INV003277,18,88,77,27,Healthy,2026-08-31
O0452,I0052,INV003278,29,128,27,31,Low Stock,2026-08-31
O0453,I0049,INV003279,22,84,56,23,Healthy,2026-08-31
O0453,I0052,INV003280,8,93,95,9,Healthy,2026-08-31
O0453,I0050,INV003281,28,54,32,33,Low Stock,2026-08-31
O0453,I0051,INV003282,28,97,12,33,Critical,2026-08-31
O0454,I0049,INV003283,8,99,112,8,Healthy,2026-08-31
O0454,I0050,INV003284,29,100,16,37,Critical,2026-08-31
O0454,I0051,INV003285,28,122,60,29,Healthy,2026-08-31
O0454,I0052,INV003286,14,100,37,16,Healthy,2026-08-31
O0455,I0050,INV003287,15,57,57,15,Healthy,2026-08-31
O0455,I0052,INV003288,17,99,18,21,Low Stock,2026-08-31
O0455,I0049,INV003289,15,48,56,16,Healthy,2026-08-31
O0455,I0051,INV003290,20,62,78,23,Healthy,2026-08-31
O0456,I0049,INV003291,14,50,1,17,Critical,2026-08-31
O0456,I0050,INV003292,20,106,70,26,Healthy,2026-08-31
O0456,I0052,INV003293,19,98,11,21,Low Stock,2026-08-31
O0456,I0051,INV003294,13,62,94,19,Healthy,2026-08-31
O0457,I0050,INV003295,18,77,55,27,Healthy,2026-08-31
O0457,I0052,INV003296,14,77,39,21,Healthy,2026-08-31
O0457,I0049,INV003297,21,114,87,21,Healthy,2026-08-31
O0457,I0051,INV003298,22,121,74,24,Healthy,2026-08-31
O0458,I0051,INV003299,22,94,76,24,Healthy,2026-08-31
O0458,I0050,INV003300,20,54,52,23,Healthy,2026-08-31
O0458,I0049,INV003301,25,105,69,28,Healthy,2026-08-31
O0458,I0052,INV003302,22,118,80,25,Healthy,2026-08-31
O0459,I0050,INV003303,19,81,58,23,Healthy,2026-08-31
O0459,I0049,INV003304,21,95,23,24,Low Stock,2026-08-31
O0459,I0052,INV003305,25,52,98,32,Healthy,2026-08-31
O0459,I0051,INV003306,30,122,51,37,Healthy,2026-08-31
O0460,I0051,INV003307,25,95,60,30,Healthy,2026-08-31
O0460,I0050,INV003308,10,38,52,12,Healthy,2026-08-31
O0460,I0049,INV003309,23,56,110,29,Healthy,2026-08-31
O0460,I0052,INV003310,9,56,23,14,Healthy,2026-08-31
O0461,I0025,INV003311,28,120,104,37,Healthy,2026-08-31
O0461,I0020,INV003312,27,79,12,27,Critical,2026-08-31
O0461,I0022,INV003313,16,51,37,20,Healthy,2026-08-31
O0461,I0019,INV003314,25,107,13,30,Critical,2026-08-31
O0461,I0021,INV003315,19,82,99,28,Healthy,2026-08-31
O0461,I0018,INV003316,11,106,45,14,Healthy,2026-08-31
O0461,I0023,INV003317,9,77,84,9,Healthy,2026-08-31
O0461,I0024,INV003318,11,77,62,19,Healthy,2026-08-31
O0462,I0019,INV003319,20,106,118,22,Healthy,2026-08-31
O0462,I0022,INV003320,28,110,48,33,Healthy,2026-08-31
O0462,I0023,INV003321,25,56,38,26,Healthy,2026-08-31
O0462,I0024,INV003322,17,50,13,24,Low Stock,2026-08-31
O0462,I0025,INV003323,19,104,47,26,Healthy,2026-08-31
O0462,I0021,INV003324,26,51,60,27,Healthy,2026-08-31
O0462,I0020,INV003325,12,67,103,14,Healthy,2026-08-31
O0462,I0018,INV003326,25,87,49,32,Healthy,2026-08-31
O0463,I0018,INV003327,30,95,45,31,Healthy,2026-08-31
O0463,I0024,INV003328,30,84,7,31,Critical,2026-08-31
O0463,I0022,INV003329,18,54,9,18,Critical,2026-08-31
O0463,I0021,INV003330,23,61,67,31,Healthy,2026-08-31
O0463,I0025,INV003331,10,85,78,11,Healthy,2026-08-31
O0463,I0019,INV003332,14,86,59,20,Healthy,2026-08-31
O0463,I0023,INV003333,15,100,9,22,Critical,2026-08-31
O0463,I0020,INV003334,18,96,80,23,Healthy,2026-08-31
O0464,I0025,INV003335,30,63,74,34,Healthy,2026-08-31
O0464,I0021,INV003336,21,51,52,27,Healthy,2026-08-31
O0464,I0023,INV003337,30,111,106,36,Healthy,2026-08-31
O0464,I0018,INV003338,13,82,12,20,Low Stock,2026-08-31
O0464,I0022,INV003339,21,82,54,28,Healthy,2026-08-31
O0464,I0019,INV003340,28,80,104,33,Healthy,2026-08-31
O0464,I0020,INV003341,26,123,32,28,Healthy,2026-08-31
O0464,I0024,INV003342,30,128,63,31,Healthy,2026-08-31
O0465,I0021,INV003343,19,80,105,27,Healthy,2026-08-31
O0465,I0018,INV003344,21,81,9,22,Critical,2026-08-31
O0465,I0023,INV003345,14,77,70,22,Healthy,2026-08-31
O0465,I0019,INV003346,8,68,115,16,Healthy,2026-08-31
O0465,I0022,INV003347,25,89,119,34,Healthy,2026-08-31
O0465,I0020,INV003348,21,50,9,28,Critical,2026-08-31
O0465,I0024,INV003349,15,98,49,15,Healthy,2026-08-31
O0465,I0025,INV003350,29,107,42,33,Healthy,2026-08-31
O0466,I0018,INV003351,26,96,47,31,Healthy,2026-08-31
O0466,I0021,INV003352,10,93,61,12,Healthy,2026-08-31
O0466,I0025,INV003353,14,42,110,21,Healthy,2026-08-31
O0466,I0024,INV003354,27,100,74,29,Healthy,2026-08-31
O0466,I0023,INV003355,13,47,31,15,Healthy,2026-08-31
O0466,I0022,INV003356,20,78,84,25,Healthy,2026-08-31
O0466,I0019,INV003357,19,83,94,27,Healthy,2026-08-31
O0466,I0020,INV003358,8,54,45,10,Healthy,2026-08-31
O0467,I0021,INV003359,27,97,24,36,Low Stock,2026-08-31
O0467,I0025,INV003360,27,66,24,27,Low Stock,2026-08-31
O0467,I0020,INV003361,27,82,47,27,Healthy,2026-08-31
O0467,I0023,INV003362,16,95,3,18,Critical,2026-08-31
O0467,I0019,INV003363,9,87,43,12,Healthy,2026-08-31
O0467,I0022,INV003364,14,48,100,18,Healthy,2026-08-31
O0467,I0018,INV003365,10,56,64,17,Healthy,2026-08-31
O0467,I0024,INV003366,10,68,118,10,Healthy,2026-08-31
O0468,I0022,INV003367,24,103,116,31,Healthy,2026-08-31
O0468,I0018,INV003368,28,89,68,28,Healthy,2026-08-31
O0468,I0021,INV003369,9,73,117,14,Healthy,2026-08-31
O0468,I0020,INV003370,19,74,8,27,Critical,2026-08-31
O0468,I0025,INV003371,16,95,108,17,Healthy,2026-08-31
O0468,I0019,INV003372,25,70,54,31,Healthy,2026-08-31
O0468,I0024,INV003373,15,48,37,24,Healthy,2026-08-31
O0468,I0023,INV003374,10,105,105,14,Healthy,2026-08-31
O0469,I0021,INV003375,9,44,53,13,Healthy,2026-08-31
O0469,I0025,INV003376,16,88,90,22,Healthy,2026-08-31
O0469,I0022,INV003377,8,71,85,12,Healthy,2026-08-31
O0469,I0018,INV003378,25,86,16,29,Low Stock,2026-08-31
O0469,I0024,INV003379,27,65,34,29,Healthy,2026-08-31
O0469,I0020,INV003380,17,47,5,17,Critical,2026-08-31
O0469,I0019,INV003381,10,56,92,14,Healthy,2026-08-31
O0469,I0023,INV003382,25,68,39,29,Healthy,2026-08-31
O0470,I0022,INV003383,26,61,99,29,Healthy,2026-08-31
O0470,I0024,INV003384,29,105,107,38,Healthy,2026-08-31
O0470,I0025,INV003385,10,94,46,16,Healthy,2026-08-31
O0470,I0018,INV003386,12,38,112,13,Healthy,2026-08-31
O0470,I0021,INV003387,12,84,104,12,Healthy,2026-08-31
O0470,I0023,INV003388,12,43,14,20,Low Stock,2026-08-31
O0470,I0020,INV003389,28,114,92,33,Healthy,2026-08-31
O0470,I0019,INV003390,23,107,15,32,Critical,2026-08-31
O0471,I0101,INV003391,30,121,85,30,Healthy,2026-08-31
O0471,I0103,INV003392,18,113,119,20,Healthy,2026-08-31
O0471,I0100,INV003393,14,95,118,18,Healthy,2026-08-31
O0471,I0102,INV003394,11,108,48,16,Healthy,2026-08-31
O0471,I0104,INV003395,19,102,47,23,Healthy,2026-08-31
O0472,I0104,INV003396,8,80,63,10,Healthy,2026-08-31
O0472,I0100,INV003397,28,59,77,30,Healthy,2026-08-31
O0472,I0103,INV003398,26,102,0,35,Out of Stock,2026-08-31
O0472,I0101,INV003399,17,78,15,21,Low Stock,2026-08-31
O0472,I0102,INV003400,22,77,26,27,Low Stock,2026-08-31
O0473,I0104,INV003401,16,64,71,19,Healthy,2026-08-31
O0473,I0100,INV003402,27,74,61,29,Healthy,2026-08-31
O0473,I0102,INV003403,15,47,96,16,Healthy,2026-08-31
O0473,I0101,INV003404,27,107,37,35,Healthy,2026-08-31
O0473,I0103,INV003405,8,47,13,12,Healthy,2026-08-31
O0474,I0100,INV003406,30,120,87,37,Healthy,2026-08-31
O0474,I0104,INV003407,19,88,36,21,Healthy,2026-08-31
O0474,I0102,INV003408,12,79,109,13,Healthy,2026-08-31
O0474,I0103,INV003409,26,110,0,30,Out of Stock,2026-08-31
O0474,I0101,INV003410,11,87,97,13,Healthy,2026-08-31
O0475,I0100,INV003411,13,102,77,19,Healthy,2026-08-31
O0475,I0101,INV003412,28,76,91,37,Healthy,2026-08-31
O0475,I0104,INV003413,21,46,74,24,Healthy,2026-08-31
O0475,I0102,INV003414,24,85,45,32,Healthy,2026-08-31
O0475,I0103,INV003415,28,97,107,28,Healthy,2026-08-31
O0476,I0101,INV003416,10,50,94,18,Healthy,2026-08-31
O0476,I0104,INV003417,30,89,49,36,Healthy,2026-08-31
O0476,I0102,INV003418,23,71,34,32,Healthy,2026-08-31
O0476,I0103,INV003419,15,104,90,22,Healthy,2026-08-31
O0476,I0100,INV003420,9,91,53,18,Healthy,2026-08-31
O0477,I0104,INV003421,15,85,46,22,Healthy,2026-08-31
O0477,I0103,INV003422,10,77,41,17,Healthy,2026-08-31
O0477,I0102,INV003423,15,102,119,21,Healthy,2026-08-31
O0477,I0100,INV003424,11,110,54,16,Healthy,2026-08-31
O0477,I0101,INV003425,25,93,18,31,Low Stock,2026-08-31
O0478,I0102,INV003426,11,55,67,14,Healthy,2026-08-31
O0478,I0103,INV003427,12,99,17,20,Low Stock,2026-08-31
O0478,I0100,INV003428,30,118,107,32,Healthy,2026-08-31
O0478,I0101,INV003429,24,88,6,28,Critical,2026-08-31
O0478,I0104,INV003430,12,85,63,15,Healthy,2026-08-31
O0479,I0104,INV003431,20,54,26,23,Healthy,2026-08-31
O0479,I0102,INV003432,18,96,31,23,Healthy,2026-08-31
O0479,I0101,INV003433,15,97,28,20,Healthy,2026-08-31
O0479,I0100,INV003434,28,116,10,34,Critical,2026-08-31
O0479,I0103,INV003435,19,79,81,23,Healthy,2026-08-31
O0480,I0100,INV003436,25,91,12,32,Critical,2026-08-31
O0480,I0102,INV003437,10,99,86,16,Healthy,2026-08-31
O0480,I0103,INV003438,14,108,44,19,Healthy,2026-08-31
O0480,I0104,INV003439,14,77,97,17,Healthy,2026-08-31
O0480,I0101,INV003440,14,57,44,16,Healthy,2026-08-31
O0481,I0022,INV003441,14,92,36,23,Healthy,2026-08-31
O0481,I0020,INV003442,24,99,23,33,Low Stock,2026-08-31
O0481,I0023,INV003443,15,89,114,16,Healthy,2026-08-31
O0481,I0025,INV003444,16,73,52,25,Healthy,2026-08-31
O0481,I0024,INV003445,8,88,104,11,Healthy,2026-08-31
O0481,I0018,INV003446,19,61,12,27,Critical,2026-08-31
O0481,I0019,INV003447,20,54,32,26,Healthy,2026-08-31
O0481,I0021,INV003448,24,54,72,25,Healthy,2026-08-31
O0482,I0020,INV003449,13,48,57,21,Healthy,2026-08-31
O0482,I0025,INV003450,30,70,65,32,Healthy,2026-08-31
O0482,I0019,INV003451,11,40,54,14,Healthy,2026-08-31
O0482,I0018,INV003452,11,62,107,13,Healthy,2026-08-31
O0482,I0024,INV003453,13,56,114,14,Healthy,2026-08-31
O0482,I0021,INV003454,11,64,79,16,Healthy,2026-08-31
O0482,I0023,INV003455,22,78,94,29,Healthy,2026-08-31
O0482,I0022,INV003456,19,66,111,19,Healthy,2026-08-31
O0483,I0023,INV003457,13,97,54,18,Healthy,2026-08-31
O0483,I0024,INV003458,14,96,78,14,Healthy,2026-08-31
O0483,I0022,INV003459,30,60,32,32,Low Stock,2026-08-31
O0483,I0018,INV003460,28,116,38,33,Healthy,2026-08-31
O0483,I0021,INV003461,26,120,5,35,Critical,2026-08-31
O0483,I0020,INV003462,11,94,23,12,Healthy,2026-08-31
O0483,I0019,INV003463,9,98,106,16,Healthy,2026-08-31
O0483,I0025,INV003464,19,85,28,27,Healthy,2026-08-31
O0484,I0023,INV003465,17,111,53,26,Healthy,2026-08-31
O0484,I0018,INV003466,13,107,118,20,Healthy,2026-08-31
O0484,I0019,INV003467,13,97,59,20,Healthy,2026-08-31
O0484,I0020,INV003468,26,122,119,30,Healthy,2026-08-31
O0484,I0025,INV003469,20,60,70,27,Healthy,2026-08-31
O0484,I0021,INV003470,8,97,65,17,Healthy,2026-08-31
O0484,I0022,INV003471,8,105,79,16,Healthy,2026-08-31
O0484,I0024,INV003472,24,116,8,32,Critical,2026-08-31
O0485,I0018,INV003473,16,47,20,25,Low Stock,2026-08-31
O0485,I0019,INV003474,21,82,42,27,Healthy,2026-08-31
O0485,I0021,INV003475,8,63,53,11,Healthy,2026-08-31
O0485,I0025,INV003476,15,62,50,21,Healthy,2026-08-31
O0485,I0022,INV003477,16,99,117,16,Healthy,2026-08-31
O0485,I0024,INV003478,17,75,60,20,Healthy,2026-08-31
O0485,I0023,INV003479,23,96,33,27,Healthy,2026-08-31
O0485,I0020,INV003480,26,107,68,31,Healthy,2026-08-31
O0486,I0023,INV003481,8,64,81,16,Healthy,2026-08-31
O0486,I0025,INV003482,27,89,27,36,Low Stock,2026-08-31
O0486,I0024,INV003483,13,60,80,19,Healthy,2026-08-31
O0486,I0022,INV003484,9,45,98,17,Healthy,2026-08-31
O0486,I0021,INV003485,22,79,3,29,Critical,2026-08-31
O0486,I0018,INV003486,20,119,96,23,Healthy,2026-08-31
O0486,I0020,INV003487,18,67,22,21,Healthy,2026-08-31
O0486,I0019,INV003488,20,111,51,28,Healthy,2026-08-31
O0487,I0018,INV003489,29,68,20,34,Low Stock,2026-08-31
O0487,I0025,INV003490,24,107,98,31,Healthy,2026-08-31
O0487,I0022,INV003491,24,58,89,25,Healthy,2026-08-31
O0487,I0020,INV003492,9,35,19,11,Healthy,2026-08-31
O0487,I0024,INV003493,28,57,68,36,Healthy,2026-08-31
O0487,I0023,INV003494,28,114,78,32,Healthy,2026-08-31
O0487,I0019,INV003495,21,102,34,29,Healthy,2026-08-31
O0487,I0021,INV003496,10,38,53,12,Healthy,2026-08-31
O0488,I0020,INV003497,24,84,107,25,Healthy,2026-08-31
O0488,I0024,INV003498,26,68,13,35,Critical,2026-08-31
O0488,I0022,INV003499,16,55,75,16,Healthy,2026-08-31
O0488,I0018,INV003500,16,44,81,17,Healthy,2026-08-31
O0488,I0019,INV003501,12,85,56,12,Healthy,2026-08-31
O0488,I0021,INV003502,26,122,65,26,Healthy,2026-08-31
O0488,I0025,INV003503,26,85,87,29,Healthy,2026-08-31
O0488,I0023,INV003504,24,85,95,29,Healthy,2026-08-31
O0489,I0023,INV003505,20,101,116,22,Healthy,2026-08-31
O0489,I0020,INV003506,20,111,50,21,Healthy,2026-08-31
O0489,I0019,INV003507,23,114,87,29,Healthy,2026-08-31
O0489,I0025,INV003508,22,116,117,27,Healthy,2026-08-31
O0489,I0022,INV003509,11,109,21,11,Healthy,2026-08-31
O0489,I0018,INV003510,23,94,87,29,Healthy,2026-08-31
O0489,I0021,INV003511,28,103,111,28,Healthy,2026-08-31
O0489,I0024,INV003512,30,87,90,37,Healthy,2026-08-31
O0490,I0018,INV003513,28,77,57,28,Healthy,2026-08-31
O0490,I0023,INV003514,10,74,87,16,Healthy,2026-08-31
O0490,I0020,INV003515,13,107,110,15,Healthy,2026-08-31
O0490,I0019,INV003516,25,68,66,29,Healthy,2026-08-31
O0490,I0025,INV003517,21,90,25,29,Low Stock,2026-08-31
O0490,I0022,INV003518,20,114,50,27,Healthy,2026-08-31
O0490,I0021,INV003519,23,91,16,31,Low Stock,2026-08-31
O0490,I0024,INV003520,10,79,61,16,Healthy,2026-08-31
O0491,I0140,INV003521,23,49,31,30,Healthy,2026-08-31
O0491,I0139,INV003522,24,74,97,33,Healthy,2026-08-31
O0491,I0142,INV003523,26,100,101,28,Healthy,2026-08-31
O0491,I0141,INV003524,22,87,95,23,Healthy,2026-08-31
O0491,I0138,INV003525,30,56,2,37,Critical,2026-08-31
O0492,I0138,INV003526,16,61,12,19,Low Stock,2026-08-31
O0492,I0140,INV003527,25,64,18,33,Low Stock,2026-08-31
O0492,I0142,INV003528,9,94,3,10,Critical,2026-08-31
O0492,I0139,INV003529,22,95,39,23,Healthy,2026-08-31
O0492,I0141,INV003530,16,74,31,25,Healthy,2026-08-31
O0493,I0141,INV003531,30,67,105,35,Healthy,2026-08-31
O0493,I0139,INV003532,17,103,1,24,Critical,2026-08-31
O0493,I0138,INV003533,12,38,88,20,Healthy,2026-08-31
O0493,I0140,INV003534,10,35,40,17,Healthy,2026-08-31
O0493,I0142,INV003535,28,93,99,29,Healthy,2026-08-31
O0494,I0139,INV003536,30,121,116,30,Healthy,2026-08-31
O0494,I0140,INV003537,30,100,3,38,Critical,2026-08-31
O0494,I0142,INV003538,16,106,10,21,Critical,2026-08-31
O0494,I0138,INV003539,25,91,94,32,Healthy,2026-08-31
O0494,I0141,INV003540,11,70,108,14,Healthy,2026-08-31
O0495,I0140,INV003541,10,96,82,17,Healthy,2026-08-31
O0495,I0139,INV003542,10,108,4,19,Critical,2026-08-31
O0495,I0138,INV003543,20,92,83,28,Healthy,2026-08-31
O0495,I0142,INV003544,10,81,39,19,Healthy,2026-08-31
O0495,I0141,INV003545,19,74,75,25,Healthy,2026-08-31
O0496,I0141,INV003546,29,76,76,32,Healthy,2026-08-31
O0496,I0142,INV003547,12,78,78,21,Healthy,2026-08-31
O0496,I0138,INV003548,16,115,50,22,Healthy,2026-08-31
O0496,I0139,INV003549,12,49,105,15,Healthy,2026-08-31
O0496,I0140,INV003550,30,120,54,34,Healthy,2026-08-31
O0497,I0140,INV003551,8,97,59,13,Healthy,2026-08-31
O0497,I0138,INV003552,22,114,73,27,Healthy,2026-08-31
O0497,I0139,INV003553,20,89,20,25,Low Stock,2026-08-31
O0497,I0141,INV003554,22,56,117,26,Healthy,2026-08-31
O0497,I0142,INV003555,22,74,84,28,Healthy,2026-08-31
O0498,I0141,INV003556,15,96,40,16,Healthy,2026-08-31
O0498,I0139,INV003557,30,55,38,36,Healthy,2026-08-31
O0498,I0142,INV003558,21,98,18,21,Low Stock,2026-08-31
O0498,I0140,INV003559,22,73,95,24,Healthy,2026-08-31
O0498,I0138,INV003560,18,114,5,22,Critical,2026-08-31
O0499,I0138,INV003561,18,44,0,23,Out of Stock,2026-08-31
O0499,I0140,INV003562,16,95,50,22,Healthy,2026-08-31
O0499,I0142,INV003563,9,69,92,17,Healthy,2026-08-31
O0499,I0141,INV003564,10,64,43,15,Healthy,2026-08-31
O0499,I0139,INV003565,13,84,6,18,Critical,2026-08-31
O0500,I0141,INV003566,25,53,60,25,Healthy,2026-08-31
O0500,I0138,INV003567,22,55,17,30,Low Stock,2026-08-31
O0500,I0142,INV003568,11,69,31,17,Healthy,2026-08-31
O0500,I0140,INV003569,8,72,6,12,Critical,2026-08-31
O0500,I0139,INV003570,19,90,38,25,Healthy,2026-08-31
