reorder_id,outlet_id,item_id,current_stock,reorder_level,recommended_quantity,priority,status,created_at
REO000001,O0095,I0022,22,26,52,Medium,Ordered,2026-08-31
REO000002,O0012,I0161,10,31,66,High,Approved,2026-08-31
REO000003,O0192,I0273,3,28,85,High,Pending,2026-08-31
REO000004,O0043,I0024,23,30,98,Medium,Pending,2026-08-31
REO000005,O0218,I0074,14,31,110,High,Ordered,2026-08-31
REO000006,O0463,I0024,7,31,77,High,Approved,2026-08-31
REO000007,O0390,I0133,7,29,87,High,Received,2026-08-31
REO000008,O0296,I0095,13,22,47,Medium,Pending,2026-08-31
REO000009,O0092,I0020,11,16,86,Medium,Ordered,2026-08-31
REO000010,O0404,I0141,18,23,61,Medium,Pending,2026-08-31
REO000011,O0245,I0083,5,23,97,High,Pending,2026-08-31
REO000012,O0226,I0081,16,27,30,Medium,Received,2026-08-31
REO000013,O0138,I0057,12,28,41,High,Pending,2026-08-31
REO000014,O0118,I0047,12,16,38,Medium,Ordered,2026-08-31
REO000015,O0044,I0020,26,34,46,Medium,Approved,2026-08-31
REO000016,O0168,I0059,8,27,60,High,Ordered,2026-08-31
REO000017,O0122,I0052,14,23,106,Medium,Pending,2026-08-31
REO000018,O0376,I0129,3,22,67,High,Ordered,2026-08-31
REO000019,O0174,I0062,25,36,68,Medium,Pending,2026-08-31
REO000020,O0426,I0033,20,30,34,Medium,Ordered,2026-08-31
REO000021,O0472,I0102,26,27,51,Medium,Ordered,2026-08-31
REO000022,O0078,I0016,29,33,69,Medium,Ordered,2026-08-31
REO000023,O0444,I0074,15,32,58,High,Received,2026-08-31
REO000024,O0416,I0018,6,23,68,High,Ordered,2026-08-31
REO000025,O0274,I0086,6,32,122,High,Ordered,2026-08-31
REO000026,O0494,I0142,10,21,96,High,Approved,2026-08-31
REO000027,O0155,I0058,13,25,92,Medium,Ordered,2026-08-31
REO000028,O0252,I0086,22,23,37,Medium,Ordered,2026-08-31
REO000029,O0014,I0172,15,32,51,High,Approved,2026-08-31
REO000030,O0500,I0138,17,30,38,Medium,Ordered,2026-08-31
REO000031,O0271,I0086,1,27,66,High,Ordered,2026-08-31
REO000032,O0333,I0110,9,25,94,High,Ordered,2026-08-31
REO000033,O0171,I0058,9,25,80,High,Pending,2026-08-31
REO000034,O0024,I0013,9,14,39,Medium,Received,2026-08-31
REO000035,O0163,I0064,19,24,67,Medium,Pending,2026-08-31
REO000036,O0192,I0273,3,28,85,High,Approved,2026-08-31
REO000037,O0132,I0053,9,23,66,High,Pending,2026-08-31
REO000038,O0265,I0091,7,27,92,High,Ordered,2026-08-31
REO000039,O0124,I0051,28,29,64,Medium,Approved,2026-08-31
REO000040,O0153,I0061,8,15,46,Medium,Pending,2026-08-31
REO000041,O0260,I0089,29,30,76,Medium,Approved,2026-08-31
REO000042,O0006,I0168,14,24,40,Medium,Ordered,2026-08-31
REO000043,O0049,I0025,11,21,42,Medium,Ordered,2026-08-31
REO000044,O0257,I0092,10,32,48,High,Ordered,2026-08-31
REO000045,O0196,I0070,8,14,96,Medium,Approved,2026-08-31
REO000046,O0048,I0025,6,28,76,High,Pending,2026-08-31
REO000047,O0179,I0060,5,16,83,High,Ordered,2026-08-31
REO000048,O0120,I0047,17,29,42,Medium,Approved,2026-08-31
REO000049,O0410,I0138,10,21,80,High,Received,2026-08-31
REO000050,O0271,I0087,2,27,75,High,Ordered,2026-08-31
REO000051,O0197,I0263,11,31,114,High,Ordered,2026-08-31
REO000052,O0161,I0062,8,33,60,High,Ordered,2026-08-31
REO000053,O0495,I0139,4,19,104,High,Approved,2026-08-31
REO000054,O0216,I0073,11,18,86,Medium,Approved,2026-08-31
REO000055,O0486,I0021,3,29,76,High,Pending,2026-08-31
REO000056,O0044,I0020,26,34,46,Medium,Received,2026-08-31
REO000057,O0060,I0023,6,14,89,High,Approved,2026-08-31
REO000058,O0039,I0191,10,37,46,High,Ordered,2026-08-31
REO000059,O0017,I0009,5,28,42,High,Approved,2026-08-31
REO000060,O0205,I0073,26,27,29,Medium,Pending,2026-08-31
REO000061,O0095,I0022,22,26,52,Medium,Ordered,2026-08-31
REO000062,O0076,I0010,15,16,92,Medium,Pending,2026-08-31
REO000063,O0295,I0095,30,33,52,Medium,Received,2026-08-31
REO000064,O0177,I0058,2,26,63,High,Pending,2026-08-31
REO000065,O0044,I0021,25,28,61,Medium,Approved,2026-08-31
REO000066,O0364,I0123,0,25,97,Critical,Received,2026-08-31
REO000067,O0008,I0001,15,22,56,Medium,Ordered,2026-08-31
REO000068,O0002,I0192,26,32,103,Medium,Approved,2026-08-31
REO000069,O0347,I0115,16,22,57,Medium,Pending,2026-08-31
REO000070,O0230,I0078,18,29,65,Medium,Received,2026-08-31
REO000071,O0399,I0135,21,31,70,Medium,Approved,2026-08-31
REO000072,O0159,I0064,2,25,81,High,Ordered,2026-08-31
REO000073,O0414,I0024,1,13,83,High,Ordered,2026-08-31
REO000074,O0402,I0142,3,18,74,High,Pending,2026-08-31
REO000075,O0017,I0197,24,28,75,Medium,Ordered,2026-08-31
REO000076,O0057,I0024,10,20,56,Medium,Ordered,2026-08-31
REO000077,O0104,I0041,6,22,73,High,Ordered,2026-08-31
REO000078,O0094,I0023,4,32,94,High,Pending,2026-08-31
REO000079,O0168,I0058,14,21,90,Medium,Ordered,2026-08-31
REO000080,O0002,I0200,13,25,31,Medium,Ordered,2026-08-31
REO000081,O0447,I0076,8,26,87,High,Approved,2026-08-31
REO000082,O0307,I0094,13,20,81,Medium,Ordered,2026-08-31
REO000083,O0165,I0061,13,27,50,High,Approved,2026-08-31
REO000084,O0188,I0068,10,22,44,High,Received,2026-08-31
REO000085,O0416,I0020,8,23,110,High,Pending,2026-08-31
REO000086,O0439,I0053,21,35,71,Medium,Pending,2026-08-31
REO000087,O0014,I0172,15,32,51,High,Received,2026-08-31
REO000088,O0291,I0097,15,21,60,Medium,Ordered,2026-08-31
REO000089,O0424,I0035,22,30,81,Medium,Ordered,2026-08-31
REO000090,O0110,I0040,9,25,57,High,Ordered,2026-08-31
REO000091,O0296,I0098,12,24,59,Medium,Ordered,2026-08-31
REO000092,O0169,I0065,15,18,42,Medium,Ordered,2026-08-31
REO000093,O0001,I0190,18,24,59,Medium,Pending,2026-08-31
REO000094,O0313,I0105,13,17,33,Medium,Received,2026-08-31
REO000095,O0061,I0029,32,38,31,Medium,Ordered,2026-08-31
REO000096,O0316,I0107,16,26,85,Medium,Ordered,2026-08-31
REO000097,O0467,I0021,24,36,73,Medium,Pending,2026-08-31
REO000098,O0186,I0271,17,18,75,Medium,Ordered,2026-08-31
REO000099,O0181,I0069,14,24,46,Medium,Approved,2026-08-31
REO000100,O0490,I0025,25,29,65,Medium,Received,2026-08-31
REO000101,O0186,I0068,9,17,63,Medium,Pending,2026-08-31
REO000102,O0184,I0070,2,27,96,High,Received,2026-08-31
REO000103,O0295,I0095,30,33,52,Medium,Ordered,2026-08-31
REO000104,O0018,I0197,8,23,37,High,Ordered,2026-08-31
REO000105,O0296,I0098,12,24,59,Medium,Pending,2026-08-31
REO000106,O0355,I0121,39,39,56,Medium,Pending,2026-08-31
REO000107,O0095,I0022,22,26,52,Medium,Ordered,2026-08-31
REO000108,O0061,I0029,32,38,31,Medium,Pending,2026-08-31
REO000109,O0013,I0167,13,31,80,High,Approved,2026-08-31
REO000110,O0317,I0108,9,20,108,High,Approved,2026-08-31
REO000111,O0150,I0064,7,25,106,High,Ordered,2026-08-31
REO000112,O0094,I0019,26,26,39,Medium,Ordered,2026-08-31
REO000113,O0130,I0049,20,33,30,Medium,Approved,2026-08-31
REO000114,O0078,I0017,8,19,43,High,Ordered,2026-08-31
REO000115,O0494,I0142,10,21,96,High,Approved,2026-08-31
REO000116,O0219,I0074,10,23,83,High,Ordered,2026-08-31
REO000117,O0262,I0086,18,33,96,Medium,Ordered,2026-08-31
REO000118,O0044,I0019,6,29,52,High,Pending,2026-08-31
REO000119,O0025,I0016,2,24,77,High,Ordered,2026-08-31
REO000120,O0161,I0058,18,23,62,Medium,Pending,2026-08-31
REO000121,O0038,I0193,2,32,90,High,Approved,2026-08-31
REO000122,O0283,I0097,11,21,98,Medium,Ordered,2026-08-31
REO000123,O0297,I0097,5,23,76,High,Pending,2026-08-31
REO000124,O0387,I0131,8,33,119,High,Approved,2026-08-31
REO000125,O0009,I0006,19,27,90,Medium,Ordered,2026-08-31
REO000126,O0187,I0069,20,23,75,Medium,Approved,2026-08-31
REO000127,O0204,I0076,14,30,56,High,Approved,2026-08-31
REO000128,O0465,I0020,9,28,41,High,Ordered,2026-08-31
REO000129,O0165,I0060,9,25,50,High,Approved,2026-08-31
REO000130,O0104,I0041,6,22,73,High,Approved,2026-08-31
REO000131,O0024,I0013,9,14,39,Medium,Received,2026-08-31
REO000132,O0278,I0088,16,23,46,Medium,Pending,2026-08-31
REO000133,O0083,I0037,0,16,87,Critical,Ordered,2026-08-31
REO000134,O0121,I0050,21,25,90,Medium,Pending,2026-08-31
REO000135,O0043,I0024,23,30,98,Medium,Ordered,2026-08-31
REO000136,O0218,I0074,14,31,110,High,Ordered,2026-08-31
REO000137,O0003,I0007,4,16,36,High,Ordered,2026-08-31
REO000138,O0181,I0275,6,24,94,High,Pending,2026-08-31
REO000139,O0358,I0121,7,20,43,High,Approved,2026-08-31
REO000140,O0314,I0107,13,21,65,Medium,Approved,2026-08-31
REO000141,O0053,I0025,25,29,32,Medium,Pending,2026-08-31
REO000142,O0319,I0107,11,30,114,High,Pending,2026-08-31
REO000143,O0009,I0161,16,30,47,Medium,Ordered,2026-08-31
REO000144,O0001,I0172,23,28,37,Medium,Ordered,2026-08-31
REO000145,O0078,I0016,29,33,69,Medium,Received,2026-08-31
REO000146,O0434,I0057,13,16,44,Medium,Received,2026-08-31
REO000147,O0001,I0190,18,24,59,Medium,Received,2026-08-31
REO000148,O0183,I0267,13,22,91,Medium,Ordered,2026-08-31
REO000149,O0465,I0020,9,28,41,High,Ordered,2026-08-31
REO000150,O0008,I0006,20,21,58,Medium,Approved,2026-08-31
REO000151,O0410,I0138,10,21,80,High,Approved,2026-08-31
REO000152,O0455,I0052,18,21,81,Medium,Pending,2026-08-31
REO000153,O0143,I0063,18,18,88,Medium,Pending,2026-08-31
REO000154,O0286,I0094,23,24,51,Medium,Pending,2026-08-31
REO000155,O0146,I0060,15,20,79,Medium,Pending,2026-08-31
REO000156,O0436,I0053,0,14,92,Critical,Pending,2026-08-31
REO000157,O0186,I0071,15,23,54,Medium,Pending,2026-08-31
REO000158,O0076,I0010,15,16,92,Medium,Ordered,2026-08-31
REO000159,O0188,I0272,23,24,90,Medium,Approved,2026-08-31
REO000160,O0033,I0193,10,18,77,Medium,Pending,2026-08-31
REO000161,O0301,I0098,9,16,54,Medium,Received,2026-08-31
REO000162,O0268,I0090,2,17,72,High,Pending,2026-08-31
REO000163,O0055,I0019,17,25,45,Medium,Pending,2026-08-31
REO000164,O0165,I0062,5,19,79,High,Received,2026-08-31
REO000165,O0187,I0267,18,18,50,Medium,Ordered,2026-08-31
REO000166,O0500,I0138,17,30,38,Medium,Pending,2026-08-31
REO000167,O0163,I0064,19,24,67,Medium,Ordered,2026-08-31
REO000168,O0109,I0042,5,15,99,High,Ordered,2026-08-31
REO000169,O0095,I0021,19,22,84,Medium,Approved,2026-08-31
REO000170,O0031,I0006,6,25,105,High,Received,2026-08-31
REO000171,O0168,I0059,8,27,60,High,Pending,2026-08-31
REO000172,O0486,I0025,27,36,62,Medium,Ordered,2026-08-31
REO000173,O0200,I0068,15,30,67,Medium,Ordered,2026-08-31
REO000174,O0040,I0198,20,21,28,Medium,Pending,2026-08-31
REO000175,O0153,I0060,16,25,59,Medium,Approved,2026-08-31
REO000176,O0495,I0139,4,19,104,High,Ordered,2026-08-31
REO000177,O0416,I0019,8,32,79,High,Ordered,2026-08-31
REO000178,O0058,I0018,23,26,46,Medium,Ordered,2026-08-31
REO000179,O0150,I0061,21,30,93,Medium,Ordered,2026-08-31
REO000180,O0092,I0020,11,16,86,Medium,Pending,2026-08-31
REO000181,O0122,I0052,14,23,106,Medium,Pending,2026-08-31
REO000182,O0169,I0060,10,14,55,Medium,Approved,2026-08-31
REO000183,O0393,I0134,15,17,79,Medium,Pending,2026-08-31
REO000184,O0143,I0063,18,18,88,Medium,Ordered,2026-08-31
REO000185,O0416,I0018,6,23,68,High,Approved,2026-08-31
REO000186,O0200,I0275,11,30,63,High,Ordered,2026-08-31
REO000187,O0271,I0087,2,27,75,High,Received,2026-08-31
REO000188,O0188,I0067,10,32,116,High,Received,2026-08-31
REO000189,O0065,I0028,6,29,77,High,Received,2026-08-31
REO000190,O0418,I0020,13,28,72,High,Approved,2026-08-31
REO000191,O0001,I0172,23,28,37,Medium,Ordered,2026-08-31
REO000192,O0134,I0057,13,34,109,High,Received,2026-08-31
REO000193,O0088,I0035,20,23,88,Medium,Approved,2026-08-31
REO000194,O0393,I0134,15,17,79,Medium,Ordered,2026-08-31
REO000195,O0165,I0062,5,19,79,High,Pending,2026-08-31
REO000196,O0085,I0034,15,29,38,Medium,Pending,2026-08-31
REO000197,O0486,I0021,3,29,76,High,Ordered,2026-08-31
REO000198,O0186,I0267,34,37,55,Medium,Ordered,2026-08-31
REO000199,O0478,I0101,6,28,82,High,Received,2026-08-31
REO000200,O0279,I0091,13,25,91,Medium,Pending,2026-08-31
REO000201,O0374,I0126,8,26,63,High,Ordered,2026-08-31
REO000202,O0165,I0059,12,20,85,Medium,Ordered,2026-08-31
REO000203,O0204,I0075,2,26,95,High,Approved,2026-08-31
REO000204,O0296,I0099,7,29,60,High,Pending,2026-08-31
REO000205,O0043,I0024,23,30,98,Medium,Ordered,2026-08-31
REO000206,O0369,I0124,26,30,96,Medium,Ordered,2026-08-31
REO000207,O0376,I0126,3,10,89,High,Approved,2026-08-31
REO000208,O0191,I0263,7,33,63,High,Ordered,2026-08-31
REO000209,O0264,I0087,14,28,76,Medium,Approved,2026-08-31
REO000210,O0375,I0126,2,16,39,High,Ordered,2026-08-31
REO000211,O0286,I0094,23,24,51,Medium,Approved,2026-08-31
REO000212,O0023,I0013,18,26,72,Medium,Approved,2026-08-31
REO000213,O0300,I0099,18,24,44,Medium,Approved,2026-08-31
REO000214,O0039,I0163,0,16,111,Critical,Approved,2026-08-31
REO000215,O0109,I0041,9,23,72,High,Approved,2026-08-31
REO000216,O0277,I0089,9,33,101,High,Approved,2026-08-31
REO000217,O0418,I0022,35,36,86,Medium,Pending,2026-08-31
REO000218,O0399,I0135,21,31,70,Medium,Approved,2026-08-31
REO000219,O0315,I0108,3,14,50,High,Pending,2026-08-31
REO000220,O0192,I0069,1,33,70,High,Ordered,2026-08-31
REO000221,O0055,I0025,24,25,99,Medium,Approved,2026-08-31
REO000222,O0084,I0033,22,33,92,Medium,Ordered,2026-08-31
REO000223,O0004,I0164,13,30,76,High,Received,2026-08-31
REO000224,O0142,I0063,4,37,66,High,Ordered,2026-08-31
REO000225,O0088,I0035,20,23,88,Medium,Pending,2026-08-31
REO000226,O0171,I0062,5,11,75,High,Approved,2026-08-31
REO000227,O0097,I0020,8,19,39,High,Ordered,2026-08-31
REO000228,O0005,I0188,24,24,54,Medium,Pending,2026-08-31
REO000229,O0367,I0122,6,34,91,High,Approved,2026-08-31
REO000230,O0190,I0269,1,28,100,High,Ordered,2026-08-31
REO000231,O0199,I0274,16,30,59,Medium,Received,2026-08-31
REO000232,O0304,I0097,9,12,79,Medium,Approved,2026-08-31
REO000233,O0256,I0091,23,28,39,Medium,Approved,2026-08-31
REO000234,O0271,I0087,2,27,75,High,Pending,2026-08-31
REO000235,O0481,I0020,23,33,76,Medium,Pending,2026-08-31
REO000236,O0410,I0142,14,14,53,Medium,Approved,2026-08-31
REO000237,O0278,I0088,16,23,46,Medium,Ordered,2026-08-31
REO000238,O0165,I0061,13,27,50,High,Ordered,2026-08-31
REO000239,O0020,I0008,3,18,94,High,Pending,2026-08-31
REO000240,O0194,I0068,4,20,104,High,Pending,2026-08-31
REO000241,O0162,I0064,13,15,64,Medium,Approved,2026-08-31
REO000242,O0248,I0082,3,16,70,High,Received,2026-08-31
REO000243,O0017,I0006,4,25,47,High,Approved,2026-08-31
REO000244,O0159,I0064,2,25,81,High,Approved,2026-08-31
REO000245,O0340,I0112,18,34,33,Medium,Pending,2026-08-31
REO000246,O0016,I0172,4,20,78,High,Ordered,2026-08-31
REO000247,O0072,I0013,15,26,72,Medium,Approved,2026-08-31
REO000248,O0395,I0137,24,32,68,Medium,Ordered,2026-08-31
REO000249,O0092,I0024,4,15,99,High,Pending,2026-08-31
REO000250,O0029,I0010,15,21,72,Medium,Approved,2026-08-31
REO000251,O0434,I0057,13,16,44,Medium,Ordered,2026-08-31
REO000252,O0340,I0112,18,34,33,Medium,Ordered,2026-08-31
REO000253,O0039,I0163,0,16,111,Critical,Pending,2026-08-31
REO000254,O0410,I0138,10,21,80,High,Approved,2026-08-31
REO000255,O0109,I0042,5,15,99,High,Ordered,2026-08-31
REO000256,O0021,I0014,9,20,91,High,Received,2026-08-31
REO000257,O0197,I0067,22,28,89,Medium,Approved,2026-08-31
REO000258,O0046,I0022,7,24,58,High,Ordered,2026-08-31
REO000259,O0459,I0049,23,24,72,Medium,Ordered,2026-08-31
REO000260,O0191,I0263,7,33,63,High,Ordered,2026-08-31
REO000261,O0180,I0058,17,29,82,Medium,Approved,2026-08-31
REO000262,O0109,I0042,5,15,99,High,Ordered,2026-08-31
REO000263,O0426,I0033,20,30,34,Medium,Pending,2026-08-31
REO000264,O0104,I0041,6,22,73,High,Ordered,2026-08-31
REO000265,O0002,I0002,18,18,41,Medium,Ordered,2026-08-31
REO000266,O0236,I0079,5,20,82,High,Pending,2026-08-31
REO000267,O0465,I0018,9,22,72,High,Ordered,2026-08-31
REO000268,O0442,I0074,34,34,22,Medium,Pending,2026-08-31
REO000269,O0414,I0018,17,29,39,Medium,Pending,2026-08-31
REO000270,O0414,I0018,17,29,39,Medium,Approved,2026-08-31
REO000271,O0016,I0161,11,16,31,Medium,Ordered,2026-08-31
REO000272,O0044,I0021,25,28,61,Medium,Pending,2026-08-31
REO000273,O0020,I0008,3,18,94,High,Pending,2026-08-31
REO000274,O0228,I0081,0,31,124,Critical,Approved,2026-08-31
REO000275,O0053,I0024,3,31,120,High,Approved,2026-08-31
REO000276,O0226,I0081,16,27,30,Medium,Approved,2026-08-31
REO000277,O0089,I0033,9,23,51,High,Approved,2026-08-31
REO000278,O0142,I0063,4,37,66,High,Approved,2026-08-31
REO000279,O0497,I0139,20,25,69,Medium,Pending,2026-08-31
REO000280,O0169,I0060,10,14,55,Medium,Ordered,2026-08-31
REO000281,O0138,I0057,12,28,41,High,Ordered,2026-08-31
REO000282,O0006,I0169,3,29,89,High,Approved,2026-08-31
REO000283,O0165,I0065,13,16,27,Medium,Pending,2026-08-31
REO000284,O0185,I0068,10,32,55,High,Ordered,2026-08-31
REO000285,O0166,I0058,13,35,84,High,Ordered,2026-08-31
REO000286,O0390,I0131,13,30,94,High,Received,2026-08-31
REO000287,O0182,I0266,27,36,71,Medium,Received,2026-08-31
REO000288,O0263,I0090,10,35,93,High,Approved,2026-08-31
REO000289,O0189,I0271,16,18,36,Medium,Approved,2026-08-31
REO000290,O0340,I0111,3,35,93,High,Ordered,2026-08-31
REO000291,O0253,I0086,0,25,117,Critical,Approved,2026-08-31
REO000292,O0307,I0094,13,20,81,Medium,Pending,2026-08-31
REO000293,O0349,I0116,17,30,56,Medium,Ordered,2026-08-31
REO000294,O0079,I0013,14,15,47,Medium,Received,2026-08-31
REO000295,O0033,I0007,19,32,63,Medium,Approved,2026-08-31
REO000296,O0283,I0097,11,21,98,Medium,Pending,2026-08-31
REO000297,O0005,I0188,24,24,54,Medium,Ordered,2026-08-31
REO000298,O0120,I0045,7,19,95,High,Approved,2026-08-31
REO000299,O0173,I0064,0,10,57,Critical,Received,2026-08-31
REO000300,O0055,I0019,17,25,45,Medium,Received,2026-08-31
REO000301,O0008,I0193,21,21,43,Medium,Received,2026-08-31
REO000302,O0307,I0095,2,13,78,High,Approved,2026-08-31
REO000303,O0372,I0126,6,23,45,High,Approved,2026-08-31
REO000304,O0088,I0035,20,23,88,Medium,Ordered,2026-08-31
REO000305,O0186,I0263,14,31,63,High,Approved,2026-08-31
REO000306,O0416,I0018,6,23,68,High,Approved,2026-08-31
REO000307,O0257,I0092,10,32,48,High,Approved,2026-08-31
REO000308,O0061,I0029,32,38,31,Medium,Ordered,2026-08-31
REO000309,O0007,I0004,20,36,39,Medium,Pending,2026-08-31
REO000310,O0265,I0091,7,27,92,High,Pending,2026-08-31
REO000311,O0199,I0269,13,28,81,High,Received,2026-08-31
REO000312,O0169,I0060,10,14,55,Medium,Received,2026-08-31
REO000313,O0188,I0067,10,32,116,High,Received,2026-08-31
REO000314,O0456,I0049,1,17,49,High,Received,2026-08-31
REO000315,O0191,I0268,26,31,99,Medium,Ordered,2026-08-31
REO000316,O0208,I0072,20,28,53,Medium,Pending,2026-08-31
REO000317,O0413,I0018,22,32,37,Medium,Pending,2026-08-31
REO000318,O0061,I0026,11,25,70,High,Pending,2026-08-31
REO000319,O0440,I0054,4,20,90,High,Ordered,2026-08-31
REO000320,O0197,I0263,11,31,114,High,Ordered,2026-08-31
REO000321,O0494,I0142,10,21,96,High,Ordered,2026-08-31
REO000322,O0005,I0194,16,21,51,Medium,Approved,2026-08-31
REO000323,O0017,I0009,5,28,42,High,Ordered,2026-08-31
REO000324,O0346,I0115,15,17,33,Medium,Approved,2026-08-31
REO000325,O0183,I0069,36,37,73,Medium,Ordered,2026-08-31
REO000326,O0037,I0198,1,17,77,High,Received,2026-08-31
REO000327,O0232,I0079,4,8,103,Medium,Approved,2026-08-31
REO000328,O0376,I0128,10,17,89,Medium,Ordered,2026-08-31
REO000329,O0486,I0021,3,29,76,High,Ordered,2026-08-31
REO000330,O0187,I0069,20,23,75,Medium,Approved,2026-08-31
REO000331,O0166,I0061,8,26,101,High,Approved,2026-08-31
REO000332,O0284,I0095,9,15,55,Medium,Ordered,2026-08-31
REO000333,O0283,I0097,11,21,98,Medium,Pending,2026-08-31
REO000334,O0192,I0266,1,22,41,High,Pending,2026-08-31
REO000335,O0055,I0025,24,25,99,Medium,Approved,2026-08-31
REO000336,O0138,I0057,12,28,41,High,Received,2026-08-31
REO000337,O0417,I0019,19,19,28,Medium,Pending,2026-08-31
REO000338,O0165,I0059,12,20,85,Medium,Pending,2026-08-31
REO000339,O0315,I0108,3,14,50,High,Ordered,2026-08-31
REO000340,O0387,I0131,8,33,119,High,Received,2026-08-31
REO000341,O0452,I0049,6,26,68,High,Ordered,2026-08-31
REO000342,O0405,I0142,5,32,75,High,Approved,2026-08-31
REO000343,O0111,I0046,17,23,85,Medium,Received,2026-08-31
REO000344,O0197,I0066,10,26,80,High,Ordered,2026-08-31
REO000345,O0187,I0267,18,18,50,Medium,Ordered,2026-08-31
REO000346,O0263,I0087,7,35,87,High,Approved,2026-08-31
REO000347,O0105,I0038,20,30,45,Medium,Received,2026-08-31
REO000348,O0263,I0091,4,12,99,High,Pending,2026-08-31
REO000349,O0024,I0013,9,14,39,Medium,Ordered,2026-08-31
REO000350,O0114,I0048,9,27,83,High,Pending,2026-08-31
REO000351,O0419,I0023,13,31,113,High,Ordered,2026-08-31
REO000352,O0158,I0058,2,26,91,High,Ordered,2026-08-31
REO000353,O0159,I0063,5,17,48,High,Pending,2026-08-31
REO000354,O0467,I0025,24,27,42,Medium,Ordered,2026-08-31
REO000355,O0012,I0161,10,31,66,High,Pending,2026-08-31
REO000356,O0433,I0055,21,24,66,Medium,Received,2026-08-31
REO000357,O0499,I0139,6,18,78,High,Ordered,2026-08-31
REO000358,O0470,I0019,15,32,92,High,Pending,2026-08-31
REO000359,O0418,I0022,35,36,86,Medium,Ordered,2026-08-31
REO000360,O0142,I0063,4,37,66,High,Approved,2026-08-31
REO000361,O0199,I0263,2,26,68,High,Ordered,2026-08-31
REO000362,O0277,I0089,9,33,101,High,Approved,2026-08-31
REO000363,O0385,I0132,16,28,50,Medium,Pending,2026-08-31
REO000364,O0103,I0041,0,37,65,Critical,Approved,2026-08-31
REO000365,O0128,I0050,12,17,91,Medium,Received,2026-08-31
REO000366,O0165,I0065,13,16,27,Medium,Received,2026-08-31
REO000367,O0401,I0142,15,17,38,Medium,Approved,2026-08-31
REO000368,O0210,I0072,0,29,60,Critical,Ordered,2026-08-31
REO000369,O0162,I0064,13,15,64,Medium,Approved,2026-08-31
REO000370,O0083,I0032,7,15,56,High,Approved,2026-08-31
REO000371,O0044,I0020,26,34,46,Medium,Pending,2026-08-31
REO000372,O0197,I0066,10,26,80,High,Approved,2026-08-31
REO000373,O0074,I0011,10,32,59,High,Pending,2026-08-31
REO000374,O0196,I0070,8,14,96,Medium,Ordered,2026-08-31
REO000375,O0082,I0035,14,22,70,Medium,Pending,2026-08-31
REO000376,O0030,I0013,7,12,40,Medium,Ordered,2026-08-31
REO000377,O0364,I0122,16,29,64,Medium,Approved,2026-08-31
REO000378,O0321,I0111,5,18,102,High,Approved,2026-08-31
REO000379,O0021,I0017,27,36,46,Medium,Approved,2026-08-31
REO000380,O0315,I0108,3,14,50,High,Ordered,2026-08-31
REO000381,O0210,I0072,0,29,60,Critical,Approved,2026-08-31
REO000382,O0312,I0108,36,37,35,Medium,Approved,2026-08-31
REO000383,O0003,I0008,8,24,82,High,Received,2026-08-31
REO000384,O0179,I0060,5,16,83,High,Ordered,2026-08-31
REO000385,O0017,I0164,8,22,43,High,Pending,2026-08-31
REO000386,O0464,I0018,12,20,70,Medium,Ordered,2026-08-31
REO000387,O0035,I0193,27,34,98,Medium,Ordered,2026-08-31
REO000388,O0429,I0033,7,29,44,High,Pending,2026-08-31
REO000389,O0279,I0086,19,19,70,Medium,Ordered,2026-08-31
REO000390,O0189,I0067,0,30,110,Critical,Received,2026-08-31
REO000391,O0277,I0089,9,33,101,High,Approved,2026-08-31
REO000392,O0331,I0109,2,13,73,High,Ordered,2026-08-31
REO000393,O0065,I0028,6,29,77,High,Received,2026-08-31
REO000394,O0053,I0020,13,28,46,High,Ordered,2026-08-31
REO000395,O0418,I0022,35,36,86,Medium,Ordered,2026-08-31
REO000396,O0376,I0129,3,22,67,High,Pending,2026-08-31
REO000397,O0470,I0023,14,20,29,Medium,Ordered,2026-08-31
REO000398,O0490,I0025,25,29,65,Medium,Received,2026-08-31
REO000399,O0200,I0068,15,30,67,Medium,Approved,2026-08-31
REO000400,O0299,I0094,14,17,32,Medium,Received,2026-08-31
REO000401,O0456,I0052,11,21,87,Medium,Pending,2026-08-31
REO000402,O0480,I0100,12,32,79,High,Ordered,2026-08-31
REO000403,O0417,I0025,4,28,49,High,Approved,2026-08-31
REO000404,O0183,I0267,13,22,91,Medium,Pending,2026-08-31
REO000405,O0185,I0068,10,32,55,High,Ordered,2026-08-31
REO000406,O0271,I0087,2,27,75,High,Approved,2026-08-31
REO000407,O0002,I0171,18,29,29,Medium,Pending,2026-08-31
REO000408,O0431,I0053,6,32,115,High,Approved,2026-08-31
REO000409,O0120,I0045,7,19,95,High,Received,2026-08-31
REO000410,O0264,I0087,14,28,76,Medium,Approved,2026-08-31
REO000411,O0327,I0110,3,26,78,High,Approved,2026-08-31
REO000412,O0184,I0067,17,17,62,Medium,Approved,2026-08-31
REO000413,O0316,I0107,16,26,85,Medium,Ordered,2026-08-31
REO000414,O0261,I0089,21,37,58,Medium,Ordered,2026-08-31
REO000415,O0084,I0033,22,33,92,Medium,Ordered,2026-08-31
REO000416,O0162,I0059,15,30,85,Medium,Received,2026-08-31
REO000417,O0096,I0024,5,31,66,High,Approved,2026-08-31
REO000418,O0192,I0275,1,28,92,High,Approved,2026-08-31
REO000419,O0296,I0099,7,29,60,High,Ordered,2026-08-31
REO000420,O0094,I0023,4,32,94,High,Pending,2026-08-31
REO000421,O0478,I0103,17,20,82,Medium,Approved,2026-08-31
REO000422,O0246,I0083,5,12,90,High,Pending,2026-08-31
REO000423,O0190,I0264,0,30,108,Critical,Approved,2026-08-31
REO000424,O0197,I0272,7,34,91,High,Received,2026-08-31
REO000425,O0331,I0109,2,13,73,High,Pending,2026-08-31
REO000426,O0142,I0058,2,16,49,High,Ordered,2026-08-31
REO000427,O0270,I0092,22,30,54,Medium,Pending,2026-08-31
REO000428,O0031,I0200,12,16,80,Medium,Ordered,2026-08-31
REO000429,O0005,I0194,16,21,51,Medium,Ordered,2026-08-31
REO000430,O0274,I0086,6,32,122,High,Pending,2026-08-31
REO000431,O0402,I0142,3,18,74,High,Pending,2026-08-31
REO000432,O0251,I0091,2,23,100,High,Ordered,2026-08-31
REO000433,O0378,I0126,27,32,37,Medium,Ordered,2026-08-31
REO000434,O0074,I0015,1,31,81,High,Approved,2026-08-31
REO000435,O0179,I0060,5,16,83,High,Ordered,2026-08-31
REO000436,O0017,I0197,24,28,75,Medium,Ordered,2026-08-31
REO000437,O0417,I0018,8,15,58,Medium,Pending,2026-08-31
REO000438,O0072,I0011,30,31,37,Medium,Ordered,2026-08-31
REO000439,O0463,I0023,9,22,91,High,Approved,2026-08-31
REO000440,O0052,I0024,15,30,59,Medium,Ordered,2026-08-31
REO000441,O0413,I0018,22,32,37,Medium,Pending,2026-08-31
REO000442,O0058,I0018,23,26,46,Medium,Ordered,2026-08-31
REO000443,O0395,I0137,24,32,68,Medium,Ordered,2026-08-31
REO000444,O0477,I0101,18,31,75,Medium,Ordered,2026-08-31
REO000445,O0149,I0062,9,31,87,High,Pending,2026-08-31
REO000446,O0029,I0014,25,28,37,Medium,Ordered,2026-08-31
REO000447,O0331,I0109,2,13,73,High,Ordered,2026-08-31
REO000448,O0143,I0061,12,16,31,Medium,Ordered,2026-08-31
REO000449,O0304,I0097,9,12,79,Medium,Received,2026-08-31
REO000450,O0335,I0112,17,33,81,Medium,Approved,2026-08-31
REO000451,O0447,I0076,8,26,87,High,Received,2026-08-31
REO000452,O0025,I0016,2,24,77,High,Ordered,2026-08-31
REO000453,O0190,I0269,1,28,100,High,Ordered,2026-08-31
REO000454,O0326,I0112,29,33,23,Medium,Received,2026-08-31
REO000455,O0329,I0112,30,32,36,Medium,Received,2026-08-31
REO000456,O0367,I0122,6,34,91,High,Pending,2026-08-31
REO000457,O0003,I0165,16,31,47,Medium,Ordered,2026-08-31
REO000458,O0415,I0024,20,21,56,Medium,Ordered,2026-08-31
REO000459,O0296,I0099,7,29,60,High,Ordered,2026-08-31
REO000460,O0440,I0057,0,15,98,Critical,Received,2026-08-31
REO000461,O0040,I0158,19,29,59,Medium,Received,2026-08-31
REO000462,O0009,I0167,8,16,45,Medium,Pending,2026-08-31
REO000463,O0134,I0055,22,34,85,Medium,Pending,2026-08-31
REO000464,O0143,I0063,18,18,88,Medium,Approved,2026-08-31
REO000465,O0430,I0032,18,19,35,Medium,Approved,2026-08-31
REO000466,O0053,I0020,13,28,46,High,Received,2026-08-31
REO000467,O0487,I0018,20,34,48,Medium,Pending,2026-08-31
REO000468,O0333,I0110,9,25,94,High,Pending,2026-08-31
REO000469,O0261,I0089,21,37,58,Medium,Pending,2026-08-31
REO000470,O0005,I0188,24,24,54,Medium,Ordered,2026-08-31
REO000471,O0404,I0139,20,28,59,Medium,Pending,2026-08-31
REO000472,O0016,I0165,23,32,79,Medium,Approved,2026-08-31
REO000473,O0334,I0113,1,24,60,High,Pending,2026-08-31
REO000474,O0049,I0025,11,21,42,Medium,Approved,2026-08-31
REO000475,O0122,I0052,14,23,106,Medium,Approved,2026-08-31
REO000476,O0277,I0089,9,33,101,High,Pending,2026-08-31
REO000477,O0105,I0038,20,30,45,Medium,Ordered,2026-08-31
REO000478,O0472,I0102,26,27,51,Medium,Pending,2026-08-31
REO000479,O0035,I0197,10,35,84,High,Ordered,2026-08-31
REO000480,O0145,I0058,28,31,73,Medium,Ordered,2026-08-31
REO000481,O0174,I0058,0,27,50,Critical,Ordered,2026-08-31
REO000482,O0276,I0092,30,34,75,Medium,Approved,2026-08-31
REO000483,O0035,I0193,27,34,98,Medium,Received,2026-08-31
REO000484,O0223,I0078,4,34,104,High,Approved,2026-08-31
REO000485,O0059,I0022,23,28,92,Medium,Approved,2026-08-31
REO000486,O0052,I0024,15,30,59,Medium,Approved,2026-08-31
REO000487,O0333,I0110,9,25,94,High,Ordered,2026-08-31
REO000488,O0494,I0142,10,21,96,High,Ordered,2026-08-31
REO000489,O0181,I0274,2,19,66,High,Ordered,2026-08-31
REO000490,O0168,I0058,14,21,90,Medium,Pending,2026-08-31
REO000491,O0038,I0193,2,32,90,High,Received,2026-08-31
REO000492,O0166,I0058,13,35,84,High,Ordered,2026-08-31
REO000493,O0408,I0141,22,22,29,Medium,Ordered,2026-08-31
REO000494,O0348,I0116,10,24,104,High,Received,2026-08-31
REO000495,O0105,I0038,20,30,45,Medium,Ordered,2026-08-31
REO000496,O0179,I0063,19,34,102,Medium,Approved,2026-08-31
REO000497,O0238,I0080,21,22,38,Medium,Pending,2026-08-31
REO000498,O0159,I0064,2,25,81,High,Approved,2026-08-31
REO000499,O0283,I0094,1,34,119,High,Approved,2026-08-31
REO000500,O0113,I0045,32,36,75,Medium,Approved,2026-08-31
REO000501,O0380,I0128,1,13,61,High,Ordered,2026-08-31
REO000502,O0197,I0066,10,26,80,High,Pending,2026-08-31
REO000503,O0315,I0108,3,14,50,High,Pending,2026-08-31
REO000504,O0006,I0160,0,25,82,Critical,Approved,2026-08-31
REO000505,O0019,I0167,13,31,74,High,Approved,2026-08-31
REO000506,O0144,I0060,10,21,42,High,Approved,2026-08-31
REO000507,O0074,I0011,10,32,59,High,Ordered,2026-08-31
REO000508,O0035,I0197,10,35,84,High,Pending,2026-08-31
REO000509,O0415,I0024,20,21,56,Medium,Pending,2026-08-31
REO000510,O0008,I0193,21,21,43,Medium,Ordered,2026-08-31
REO000511,O0146,I0063,14,19,34,Medium,Approved,2026-08-31
REO000512,O0393,I0134,15,17,79,Medium,Pending,2026-08-31
REO000513,O0254,I0092,4,20,103,High,Pending,2026-08-31
REO000514,O0109,I0041,9,23,72,High,Pending,2026-08-31
REO000515,O0480,I0100,12,32,79,High,Pending,2026-08-31
REO000516,O0244,I0082,2,36,82,High,Approved,2026-08-31
REO000517,O0410,I0142,14,14,53,Medium,Approved,2026-08-31
REO000518,O0236,I0081,0,27,111,Critical,Ordered,2026-08-31
REO000519,O0451,I0049,4,21,64,High,Ordered,2026-08-31
REO000520,O0231,I0080,1,26,48,High,Ordered,2026-08-31
REO000521,O0037,I0198,1,17,77,High,Ordered,2026-08-31
REO000522,O0256,I0088,19,26,103,Medium,Ordered,2026-08-31
REO000523,O0253,I0088,11,31,100,High,Ordered,2026-08-31
REO000524,O0015,I0196,6,15,66,High,Approved,2026-08-31
REO000525,O0192,I0069,1,33,70,High,Pending,2026-08-31
REO000526,O0031,I0160,4,13,42,High,Ordered,2026-08-31
REO000527,O0002,I0192,26,32,103,Medium,Pending,2026-08-31
REO000528,O0277,I0089,9,33,101,High,Pending,2026-08-31
REO000529,O0007,I0170,5,16,50,High,Received,2026-08-31
REO000530,O0295,I0095,30,33,52,Medium,Received,2026-08-31
REO000531,O0197,I0067,22,28,89,Medium,Pending,2026-08-31
REO000532,O0005,I0160,7,14,92,Medium,Approved,2026-08-31
REO000533,O0016,I0172,4,20,78,High,Approved,2026-08-31
REO000534,O0387,I0131,8,33,119,High,Ordered,2026-08-31
REO000535,O0397,I0134,11,38,113,High,Pending,2026-08-31
REO000536,O0249,I0083,12,16,85,Medium,Approved,2026-08-31
REO000537,O0438,I0056,1,28,82,High,Received,2026-08-31
REO000538,O0188,I0277,25,34,56,Medium,Received,2026-08-31
REO000539,O0193,I0268,21,22,41,Medium,Approved,2026-08-31
REO000540,O0105,I0038,20,30,45,Medium,Ordered,2026-08-31
REO000541,O0210,I0076,10,16,50,Medium,Ordered,2026-08-31
REO000542,O0301,I0098,9,16,54,Medium,Received,2026-08-31
REO000543,O0158,I0058,2,26,91,High,Ordered,2026-08-31
REO000544,O0127,I0050,20,39,48,Medium,Pending,2026-08-31
REO000545,O0255,I0089,3,13,68,High,Approved,2026-08-31
REO000546,O0415,I0024,20,21,56,Medium,Approved,2026-08-31
REO000547,O0228,I0080,16,28,90,Medium,Received,2026-08-31
REO000548,O0165,I0062,5,19,79,High,Ordered,2026-08-31
REO000549,O0058,I0024,1,20,51,High,Approved,2026-08-31
REO000550,O0205,I0073,26,27,29,Medium,Pending,2026-08-31
REO000551,O0040,I0190,8,22,41,High,Ordered,2026-08-31
REO000552,O0030,I0013,7,12,40,Medium,Approved,2026-08-31
REO000553,O0111,I0046,17,23,85,Medium,Approved,2026-08-31
REO000554,O0490,I0025,25,29,65,Medium,Pending,2026-08-31
REO000555,O0317,I0108,9,20,108,High,Received,2026-08-31
REO000556,O0231,I0080,1,26,48,High,Pending,2026-08-31
REO000557,O0044,I0022,12,21,42,Medium,Ordered,2026-08-31
REO000558,O0493,I0139,1,24,102,High,Pending,2026-08-31
REO000559,O0282,I0094,6,15,80,High,Ordered,2026-08-31
REO000560,O0379,I0128,8,34,57,High,Pending,2026-08-31
REO000561,O0303,I0096,11,33,112,High,Ordered,2026-08-31
REO000562,O0440,I0054,4,20,90,High,Ordered,2026-08-31
REO000563,O0127,I0050,20,39,48,Medium,Pending,2026-08-31
REO000564,O0463,I0024,7,31,77,High,Approved,2026-08-31
REO000565,O0490,I0021,16,31,75,Medium,Approved,2026-08-31
REO000566,O0059,I0023,20,35,78,Medium,Pending,2026-08-31
REO000567,O0181,I0069,14,24,46,Medium,Approved,2026-08-31
REO000568,O0158,I0064,19,24,39,Medium,Approved,2026-08-31
REO000569,O0326,I0112,29,33,23,Medium,Approved,2026-08-31
REO000570,O0416,I0018,6,23,68,High,Approved,2026-08-31
REO000571,O0008,I0168,17,17,58,Medium,Received,2026-08-31
REO000572,O0228,I0081,0,31,124,Critical,Received,2026-08-31
REO000573,O0210,I0072,0,29,60,Critical,Approved,2026-08-31
REO000574,O0483,I0021,5,35,115,High,Pending,2026-08-31
REO000575,O0491,I0138,2,37,54,High,Approved,2026-08-31
REO000576,O0007,I0004,20,36,39,Medium,Approved,2026-08-31
REO000577,O0211,I0073,24,33,57,Medium,Pending,2026-08-31
REO000578,O0263,I0091,4,12,99,High,Ordered,2026-08-31
REO000579,O0499,I0139,6,18,78,High,Approved,2026-08-31
REO000580,O0173,I0064,0,10,57,Critical,Pending,2026-08-31
REO000581,O0162,I0059,15,30,85,Medium,Ordered,2026-08-31
REO000582,O0006,I0162,3,22,40,High,Ordered,2026-08-31
REO000583,O0097,I0020,8,19,39,High,Pending,2026-08-31
REO000584,O0018,I0197,8,23,37,High,Ordered,2026-08-31
REO000585,O0404,I0138,1,20,54,High,Ordered,2026-08-31
REO000586,O0016,I0191,1,25,51,High,Approved,2026-08-31
REO000587,O0270,I0091,14,34,86,High,Pending,2026-08-31
REO000588,O0270,I0091,14,34,86,High,Approved,2026-08-31
REO000589,O0187,I0069,20,23,75,Medium,Approved,2026-08-31
REO000590,O0198,I0275,20,37,99,Medium,Pending,2026-08-31
REO000591,O0401,I0142,15,17,38,Medium,Ordered,2026-08-31
REO000592,O0184,I0263,10,17,86,Medium,Pending,2026-08-31
REO000593,O0037,I0006,16,22,54,Medium,Approved,2026-08-31
REO000594,O0104,I0042,2,27,62,High,Ordered,2026-08-31
REO000595,O0409,I0138,17,27,99,Medium,Ordered,2026-08-31
REO000596,O0039,I0004,7,27,39,High,Ordered,2026-08-31
REO000597,O0325,I0109,0,21,92,Critical,Pending,2026-08-31
REO000598,O0499,I0139,6,18,78,High,Pending,2026-08-31
REO000599,O0300,I0099,18,24,44,Medium,Pending,2026-08-31
REO000600,O0388,I0130,27,29,59,Medium,Ordered,2026-08-31
REO000601,O0355,I0120,18,33,70,Medium,Received,2026-08-31
REO000602,O0418,I0020,13,28,72,High,Pending,2026-08-31
REO000603,O0059,I0023,20,35,78,Medium,Approved,2026-08-31
REO000604,O0145,I0058,28,31,73,Medium,Ordered,2026-08-31
REO000605,O0026,I0016,2,23,91,High,Ordered,2026-08-31
REO000606,O0031,I0162,23,25,90,Medium,Pending,2026-08-31
REO000607,O0169,I0061,22,27,92,Medium,Approved,2026-08-31
REO000608,O0169,I0061,22,27,92,Medium,Received,2026-08-31
REO000609,O0153,I0065,6,25,85,High,Approved,2026-08-31
REO000610,O0080,I0012,4,31,101,High,Approved,2026-08-31
REO000611,O0017,I0009,5,28,42,High,Pending,2026-08-31
REO000612,O0048,I0025,6,28,76,High,Received,2026-08-31
REO000613,O0429,I0036,12,29,61,High,Ordered,2026-08-31
REO000614,O0223,I0078,4,34,104,High,Ordered,2026-08-31
REO000615,O0477,I0101,18,31,75,Medium,Ordered,2026-08-31
REO000616,O0327,I0109,23,30,54,Medium,Pending,2026-08-31
REO000617,O0171,I0064,6,29,105,High,Ordered,2026-08-31
REO000618,O0196,I0263,18,26,69,Medium,Approved,2026-08-31
REO000619,O0094,I0019,26,26,39,Medium,Approved,2026-08-31
REO000620,O0286,I0094,23,24,51,Medium,Ordered,2026-08-31
REO000621,O0084,I0032,3,28,90,High,Received,2026-08-31
REO000622,O0058,I0018,23,26,46,Medium,Received,2026-08-31
REO000623,O0065,I0030,6,16,41,High,Ordered,2026-08-31
REO000624,O0186,I0267,34,37,55,Medium,Ordered,2026-08-31
REO000625,O0455,I0052,18,21,81,Medium,Ordered,2026-08-31
REO000626,O0024,I0013,9,14,39,Medium,Ordered,2026-08-31
REO000627,O0109,I0042,5,15,99,High,Pending,2026-08-31
REO000628,O0095,I0018,3,31,98,High,Approved,2026-08-31
REO000629,O0048,I0018,24,24,91,Medium,Pending,2026-08-31
REO000630,O0028,I0015,2,27,50,High,Ordered,2026-08-31
REO000631,O0155,I0065,0,19,84,Critical,Received,2026-08-31
REO000632,O0342,I0117,19,28,60,Medium,Ordered,2026-08-31
REO000633,O0444,I0075,24,25,36,Medium,Approved,2026-08-31
REO000634,O0128,I0050,12,17,91,Medium,Received,2026-08-31
REO000635,O0440,I0054,4,20,90,High,Ordered,2026-08-31
REO000636,O0324,I0110,5,23,49,High,Pending,2026-08-31
REO000637,O0153,I0065,6,25,85,High,Pending,2026-08-31
REO000638,O0278,I0090,16,26,80,Medium,Ordered,2026-08-31
REO000639,O0434,I0057,13,16,44,Medium,Pending,2026-08-31
REO000640,O0500,I0140,6,12,66,Medium,Pending,2026-08-31
REO000641,O0307,I0094,13,20,81,Medium,Ordered,2026-08-31
REO000642,O0321,I0112,25,29,35,Medium,Approved,2026-08-31
REO000643,O0145,I0058,28,31,73,Medium,Pending,2026-08-31
REO000644,O0040,I0158,19,29,59,Medium,Approved,2026-08-31
REO000645,O0028,I0015,2,27,50,High,Ordered,2026-08-31
REO000646,O0230,I0078,18,29,65,Medium,Ordered,2026-08-31
REO000647,O0162,I0061,4,31,107,High,Received,2026-08-31
REO000648,O0330,I0111,12,29,100,High,Ordered,2026-08-31
REO000649,O0061,I0027,8,22,52,High,Received,2026-08-31
REO000650,O0488,I0024,13,35,55,High,Approved,2026-08-31
REO000651,O0265,I0087,2,31,50,High,Approved,2026-08-31
REO000652,O0410,I0138,10,21,80,High,Approved,2026-08-31
REO000653,O0199,I0277,17,21,30,Medium,Ordered,2026-08-31
REO000654,O0199,I0271,15,18,56,Medium,Received,2026-08-31
REO000655,O0188,I0272,23,24,90,Medium,Ordered,2026-08-31
REO000656,O0053,I0020,13,28,46,High,Ordered,2026-08-31
REO000657,O0072,I0011,30,31,37,Medium,Ordered,2026-08-31
REO000658,O0424,I0035,22,30,81,Medium,Ordered,2026-08-31
REO000659,O0124,I0050,14,25,71,Medium,Ordered,2026-08-31
REO000660,O0384,I0130,21,31,51,Medium,Ordered,2026-08-31
REO000661,O0302,I0095,10,39,104,High,Approved,2026-08-31
REO000662,O0221,I0081,7,13,75,Medium,Approved,2026-08-31
REO000663,O0195,I0273,31,36,49,Medium,Ordered,2026-08-31
REO000664,O0174,I0063,7,31,66,High,Pending,2026-08-31
REO000665,O0197,I0270,14,16,31,Medium,Ordered,2026-08-31
REO000666,O0302,I0096,17,19,70,Medium,Ordered,2026-08-31
REO000667,O0001,I0193,1,9,100,High,Pending,2026-08-31
REO000668,O0301,I0094,20,20,53,Medium,Ordered,2026-08-31
REO000669,O0483,I0021,5,35,115,High,Approved,2026-08-31
REO000670,O0109,I0041,9,23,72,High,Approved,2026-08-31
REO000671,O0453,I0050,32,33,22,Medium,Pending,2026-08-31
REO000672,O0185,I0068,10,32,55,High,Pending,2026-08-31
REO000673,O0034,I0003,12,15,70,Medium,Approved,2026-08-31
REO000674,O0120,I0047,17,29,42,Medium,Approved,2026-08-31
REO000675,O0040,I0172,33,33,51,Medium,Ordered,2026-08-31
REO000676,O0244,I0082,2,36,82,High,Received,2026-08-31
REO000677,O0066,I0028,17,28,56,Medium,Ordered,2026-08-31
REO000678,O0358,I0121,7,20,43,High,Ordered,2026-08-31
REO000679,O0003,I0193,4,16,71,High,Approved,2026-08-31
REO000680,O0091,I0021,13,19,51,Medium,Approved,2026-08-31
REO000681,O0422,I0037,1,24,107,High,Ordered,2026-08-31
REO000682,O0071,I0017,9,34,84,High,Ordered,2026-08-31
REO000683,O0190,I0269,1,28,100,High,Received,2026-08-31
REO000684,O0039,I0191,10,37,46,High,Ordered,2026-08-31
REO000685,O0236,I0081,0,27,111,Critical,Ordered,2026-08-31
REO000686,O0185,I0068,10,32,55,High,Received,2026-08-31
REO000687,O0338,I0109,5,21,87,High,Pending,2026-08-31
REO000688,O0155,I0065,0,19,84,Critical,Approved,2026-08-31
REO000689,O0060,I0023,6,14,89,High,Ordered,2026-08-31
REO000690,O0376,I0127,20,24,48,Medium,Approved,2026-08-31
REO000691,O0200,I0268,16,25,34,Medium,Pending,2026-08-31
REO000692,O0208,I0072,20,28,53,Medium,Received,2026-08-31
REO000693,O0007,I0004,20,36,39,Medium,Approved,2026-08-31
REO000694,O0066,I0028,17,28,56,Medium,Pending,2026-08-31
REO000695,O0003,I0007,4,16,36,High,Pending,2026-08-31
REO000696,O0196,I0273,12,31,105,High,Approved,2026-08-31
REO000697,O0380,I0128,1,13,61,High,Ordered,2026-08-31
REO000698,O0348,I0116,10,24,104,High,Received,2026-08-31
REO000699,O0162,I0059,15,30,85,Medium,Ordered,2026-08-31
REO000700,O0079,I0013,14,15,47,Medium,Ordered,2026-08-31
REO000701,O0186,I0068,9,17,63,Medium,Received,2026-08-31
REO000702,O0028,I0015,2,27,50,High,Received,2026-08-31
REO000703,O0346,I0114,16,26,42,Medium,Ordered,2026-08-31
REO000704,O0055,I0019,17,25,45,Medium,Ordered,2026-08-31
REO000705,O0036,I0194,30,34,28,Medium,Ordered,2026-08-31
REO000706,O0278,I0090,16,26,80,Medium,Pending,2026-08-31
REO000707,O0035,I0006,21,21,41,Medium,Approved,2026-08-31
REO000708,O0223,I0078,4,34,104,High,Ordered,2026-08-31
REO000709,O0282,I0094,6,15,80,High,Pending,2026-08-31
REO000710,O0472,I0102,26,27,51,Medium,Approved,2026-08-31
REO000711,O0246,I0083,5,12,90,High,Ordered,2026-08-31
REO000712,O0270,I0088,11,22,35,Medium,Pending,2026-08-31
REO000713,O0453,I0050,32,33,22,Medium,Approved,2026-08-31
REO000714,O0094,I0023,4,32,94,High,Ordered,2026-08-31
REO000715,O0092,I0024,4,15,99,High,Pending,2026-08-31
REO000716,O0058,I0018,23,26,46,Medium,Ordered,2026-08-31
REO000717,O0050,I0025,30,30,36,Medium,Approved,2026-08-31
REO000718,O0349,I0116,17,30,56,Medium,Pending,2026-08-31
REO000719,O0146,I0063,14,19,34,Medium,Ordered,2026-08-31
REO000720,O0006,I0168,14,24,40,Medium,Pending,2026-08-31
REO000721,O0284,I0093,3,19,59,High,Ordered,2026-08-31
REO000722,O0498,I0142,18,21,80,Medium,Ordered,2026-08-31
REO000723,O0409,I0138,17,27,99,Medium,Approved,2026-08-31
REO000724,O0019,I0167,13,31,74,High,Pending,2026-08-31
REO000725,O0127,I0050,20,39,48,Medium,Pending,2026-08-31
REO000726,O0199,I0277,17,21,30,Medium,Ordered,2026-08-31
REO000727,O0260,I0089,29,30,76,Medium,Received,2026-08-31
REO000728,O0404,I0138,1,20,54,High,Approved,2026-08-31
REO000729,O0058,I0025,0,10,90,Critical,Ordered,2026-08-31
REO000730,O0003,I0008,8,24,82,High,Approved,2026-08-31
REO000731,O0498,I0142,18,21,80,Medium,Pending,2026-08-31
REO000732,O0143,I0061,12,16,31,Medium,Pending,2026-08-31
REO000733,O0296,I0099,7,29,60,High,Received,2026-08-31
REO000734,O0204,I0076,14,30,56,High,Ordered,2026-08-31
REO000735,O0091,I0021,13,19,51,Medium,Approved,2026-08-31
REO000736,O0244,I0083,0,20,61,Critical,Approved,2026-08-31
REO000737,O0228,I0080,16,28,90,Medium,Ordered,2026-08-31
REO000738,O0221,I0081,7,13,75,Medium,Ordered,2026-08-31
REO000739,O0254,I0092,4,20,103,High,Ordered,2026-08-31
REO000740,O0257,I0092,10,32,48,High,Pending,2026-08-31
REO000741,O0131,I0053,8,17,66,High,Pending,2026-08-31
REO000742,O0158,I0058,2,26,91,High,Ordered,2026-08-31
REO000743,O0035,I0006,21,21,41,Medium,Ordered,2026-08-31
REO000744,O0418,I0022,35,36,86,Medium,Received,2026-08-31
REO000745,O0199,I0068,17,26,87,Medium,Pending,2026-08-31
REO000746,O0255,I0089,3,13,68,High,Ordered,2026-08-31
REO000747,O0472,I0102,26,27,51,Medium,Ordered,2026-08-31
REO000748,O0272,I0092,9,12,75,Medium,Ordered,2026-08-31
REO000749,O0021,I0017,27,36,46,Medium,Pending,2026-08-31
REO000750,O0181,I0275,6,24,94,High,Ordered,2026-08-31
REO000751,O0058,I0019,17,25,97,Medium,Ordered,2026-08-31
REO000752,O0301,I0096,5,19,48,High,Pending,2026-08-31
REO000753,O0034,I0006,19,26,74,Medium,Ordered,2026-08-31
REO000754,O0158,I0064,19,24,39,Medium,Approved,2026-08-31
REO000755,O0395,I0137,24,32,68,Medium,Received,2026-08-31
REO000756,O0162,I0059,15,30,85,Medium,Received,2026-08-31
REO000757,O0122,I0049,25,28,24,Medium,Pending,2026-08-31
REO000758,O0442,I0072,17,32,90,Medium,Ordered,2026-08-31
REO000759,O0017,I0003,23,27,28,Medium,Pending,2026-08-31
REO000760,O0074,I0017,9,29,67,High,Ordered,2026-08-31
REO000761,O0002,I0167,5,26,84,High,Pending,2026-08-31
REO000762,O0451,I0049,4,21,64,High,Ordered,2026-08-31
REO000763,O0086,I0034,12,31,68,High,Received,2026-08-31
REO000764,O0407,I0142,3,31,73,High,Received,2026-08-31
REO000765,O0120,I0045,7,19,95,High,Pending,2026-08-31
REO000766,O0431,I0057,18,31,73,Medium,Pending,2026-08-31
REO000767,O0185,I0068,10,32,55,High,Ordered,2026-08-31
REO000768,O0002,I0167,5,26,84,High,Approved,2026-08-31
REO000769,O0050,I0025,30,30,36,Medium,Received,2026-08-31
REO000770,O0043,I0024,23,30,98,Medium,Pending,2026-08-31
REO000771,O0038,I0193,2,32,90,High,Approved,2026-08-31
REO000772,O0162,I0059,15,30,85,Medium,Received,2026-08-31
REO000773,O0271,I0086,1,27,66,High,Pending,2026-08-31
REO000774,O0111,I0046,17,23,85,Medium,Ordered,2026-08-31
REO000775,O0187,I0069,20,23,75,Medium,Ordered,2026-08-31
REO000776,O0244,I0084,14,16,59,Medium,Received,2026-08-31
REO000777,O0498,I0138,5,22,109,High,Ordered,2026-08-31
REO000778,O0500,I0140,6,12,66,Medium,Pending,2026-08-31
REO000779,O0155,I0058,13,25,92,Medium,Ordered,2026-08-31
REO000780,O0143,I0063,18,18,88,Medium,Ordered,2026-08-31
REO000781,O0199,I0269,13,28,81,High,Received,2026-08-31
REO000782,O0291,I0094,1,14,99,High,Approved,2026-08-31
REO000783,O0291,I0094,1,14,99,High,Approved,2026-08-31
REO000784,O0017,I0164,8,22,43,High,Pending,2026-08-31
REO000785,O0159,I0064,2,25,81,High,Received,2026-08-31
REO000786,O0037,I0169,29,32,44,Medium,Ordered,2026-08-31
REO000787,O0419,I0024,10,27,46,High,Ordered,2026-08-31
REO000788,O0078,I0016,29,33,69,Medium,Pending,2026-08-31
REO000789,O0080,I0012,4,31,101,High,Ordered,2026-08-31
REO000790,O0031,I0166,28,28,47,Medium,Pending,2026-08-31
REO000791,O0179,I0063,19,34,102,Medium,Ordered,2026-08-31
REO000792,O0066,I0027,13,22,59,Medium,Pending,2026-08-31
REO000793,O0384,I0130,21,31,51,Medium,Pending,2026-08-31
REO000794,O0289,I0098,12,34,105,High,Received,2026-08-31
REO000795,O0169,I0061,22,27,92,Medium,Approved,2026-08-31
REO000796,O0409,I0139,32,32,55,Medium,Pending,2026-08-31
REO000797,O0001,I0193,1,9,100,High,Approved,2026-08-31
REO000798,O0037,I0198,1,17,77,High,Ordered,2026-08-31
REO000799,O0493,I0139,1,24,102,High,Ordered,2026-08-31
REO000800,O0190,I0264,0,30,108,Critical,Ordered,2026-08-31
REO000801,O0192,I0269,29,35,89,Medium,Ordered,2026-08-31
REO000802,O0295,I0095,30,33,52,Medium,Approved,2026-08-31
REO000803,O0188,I0068,10,22,44,High,Pending,2026-08-31
REO000804,O0410,I0138,10,21,80,High,Received,2026-08-31
REO000805,O0103,I0041,0,37,65,Critical,Ordered,2026-08-31
REO000806,O0187,I0277,20,24,31,Medium,Approved,2026-08-31
REO000807,O0283,I0097,11,21,98,Medium,Ordered,2026-08-31
REO000808,O0109,I0041,9,23,72,High,Approved,2026-08-31
REO000809,O0206,I0074,17,19,47,Medium,Pending,2026-08-31
REO000810,O0031,I0160,4,13,42,High,Approved,2026-08-31
REO000811,O0056,I0021,31,35,31,Medium,Pending,2026-08-31
REO000812,O0342,I0117,19,28,60,Medium,Ordered,2026-08-31
REO000813,O0043,I0024,23,30,98,Medium,Ordered,2026-08-31
REO000814,O0022,I0011,3,16,77,High,Pending,2026-08-31
REO000815,O0220,I0074,20,35,49,Medium,Approved,2026-08-31
REO000816,O0017,I0006,4,25,47,High,Ordered,2026-08-31
REO000817,O0419,I0024,10,27,46,High,Ordered,2026-08-31
REO000818,O0346,I0114,16,26,42,Medium,Ordered,2026-08-31
REO000819,O0326,I0112,29,33,23,Medium,Approved,2026-08-31
REO000820,O0104,I0042,2,27,62,High,Ordered,2026-08-31
REO000821,O0083,I0032,7,15,56,High,Pending,2026-08-31
REO000822,O0165,I0059,12,20,85,Medium,Ordered,2026-08-31
REO000823,O0302,I0096,17,19,70,Medium,Pending,2026-08-31
REO000824,O0049,I0019,18,21,33,Medium,Approved,2026-08-31
REO000825,O0038,I0161,3,30,89,High,Received,2026-08-31
REO000826,O0467,I0025,24,27,42,Medium,Pending,2026-08-31
REO000827,O0181,I0275,6,24,94,High,Approved,2026-08-31
REO000828,O0142,I0064,5,18,95,High,Pending,2026-08-31
REO000829,O0300,I0099,18,24,44,Medium,Received,2026-08-31
REO000830,O0180,I0065,11,36,68,High,Pending,2026-08-31
REO000831,O0289,I0098,12,34,105,High,Approved,2026-08-31
REO000832,O0408,I0141,22,22,29,Medium,Received,2026-08-31
REO000833,O0286,I0094,23,24,51,Medium,Approved,2026-08-31
REO000834,O0245,I0083,5,23,97,High,Approved,2026-08-31
REO000835,O0045,I0023,0,29,89,Critical,Approved,2026-08-31
REO000836,O0005,I0160,7,14,92,Medium,Approved,2026-08-31
REO000837,O0143,I0059,4,21,43,High,Ordered,2026-08-31
REO000838,O0247,I0085,1,26,114,High,Ordered,2026-08-31
REO000839,O0415,I0024,20,21,56,Medium,Ordered,2026-08-31
REO000840,O0095,I0018,3,31,98,High,Approved,2026-08-31
REO000841,O0211,I0073,24,33,57,Medium,Received,2026-08-31
REO000842,O0170,I0064,10,36,118,High,Approved,2026-08-31
REO000843,O0083,I0037,0,16,87,Critical,Pending,2026-08-31
REO000844,O0307,I0095,2,13,78,High,Received,2026-08-31
REO000845,O0149,I0062,9,31,87,High,Pending,2026-08-31
REO000846,O0174,I0058,0,27,50,Critical,Approved,2026-08-31
REO000847,O0198,I0274,10,31,61,High,Pending,2026-08-31
REO000848,O0210,I0076,10,16,50,Medium,Pending,2026-08-31
REO000849,O0244,I0082,2,36,82,High,Received,2026-08-31
REO000850,O0338,I0109,5,21,87,High,Pending,2026-08-31
REO000851,O0185,I0068,10,32,55,High,Ordered,2026-08-31
REO000852,O0200,I0071,0,20,117,Critical,Approved,2026-08-31
REO000853,O0024,I0013,9,14,39,Medium,Received,2026-08-31
REO000854,O0022,I0014,10,28,50,High,Ordered,2026-08-31
REO000855,O0002,I0165,7,13,102,Medium,Approved,2026-08-31
REO000856,O0492,I0140,18,33,46,Medium,Ordered,2026-08-31
REO000857,O0017,I0164,8,22,43,High,Received,2026-08-31
REO000858,O0418,I0020,13,28,72,High,Ordered,2026-08-31
REO000859,O0409,I0138,17,27,99,Medium,Pending,2026-08-31
REO000860,O0228,I0080,16,28,90,Medium,Received,2026-08-31
REO000861,O0104,I0041,6,22,73,High,Ordered,2026-08-31
REO000862,O0192,I0069,1,33,70,High,Pending,2026-08-31
REO000863,O0426,I0033,20,30,34,Medium,Ordered,2026-08-31
REO000864,O0194,I0068,4,20,104,High,Ordered,2026-08-31
REO000865,O0486,I0025,27,36,62,Medium,Ordered,2026-08-31
REO000866,O0379,I0128,8,34,57,High,Approved,2026-08-31
REO000867,O0491,I0138,2,37,54,High,Ordered,2026-08-31
REO000868,O0185,I0068,10,32,55,High,Received,2026-08-31
REO000869,O0094,I0019,26,26,39,Medium,Received,2026-08-31
REO000870,O0049,I0023,14,19,34,Medium,Approved,2026-08-31
REO000871,O0325,I0109,0,21,92,Critical,Approved,2026-08-31
REO000872,O0246,I0084,15,34,103,High,Ordered,2026-08-31
REO000873,O0185,I0275,16,19,51,Medium,Ordered,2026-08-31
REO000874,O0002,I0200,13,25,31,Medium,Pending,2026-08-31
REO000875,O0095,I0022,22,26,52,Medium,Pending,2026-08-31
REO000876,O0007,I0170,5,16,50,High,Ordered,2026-08-31
REO000877,O0012,I0161,10,31,66,High,Ordered,2026-08-31
REO000878,O0144,I0060,10,21,42,High,Approved,2026-08-31
REO000879,O0387,I0131,8,33,119,High,Approved,2026-08-31
REO000880,O0461,I0020,12,27,67,High,Ordered,2026-08-31
REO000881,O0245,I0083,5,23,97,High,Approved,2026-08-31
REO000882,O0006,I0009,12,28,45,High,Received,2026-08-31
REO000883,O0260,I0089,29,30,76,Medium,Received,2026-08-31
REO000884,O0012,I0007,6,34,107,High,Ordered,2026-08-31
REO000885,O0017,I0003,23,27,28,Medium,Approved,2026-08-31
REO000886,O0044,I0021,25,28,61,Medium,Ordered,2026-08-31
REO000887,O0228,I0081,0,31,124,Critical,Approved,2026-08-31
REO000888,O0094,I0023,4,32,94,High,Ordered,2026-08-31
REO000889,O0481,I0020,23,33,76,Medium,Pending,2026-08-31
REO000890,O0470,I0019,15,32,92,High,Approved,2026-08-31
REO000891,O0061,I0026,11,25,70,High,Received,2026-08-31
REO000892,O0015,I0167,10,17,32,Medium,Approved,2026-08-31
REO000893,O0384,I0130,21,31,51,Medium,Ordered,2026-08-31
REO000894,O0087,I0037,10,17,76,Medium,Ordered,2026-08-31
REO000895,O0239,I0079,26,26,83,Medium,Ordered,2026-08-31
REO000896,O0498,I0142,18,21,80,Medium,Pending,2026-08-31
REO000897,O0028,I0015,2,27,50,High,Ordered,2026-08-31
REO000898,O0138,I0057,12,28,41,High,Ordered,2026-08-31
REO000899,O0080,I0012,4,31,101,High,Pending,2026-08-31
REO000900,O0397,I0134,11,38,113,High,Received,2026-08-31
REO000901,O0486,I0025,27,36,62,Medium,Pending,2026-08-31
REO000902,O0049,I0023,14,19,34,Medium,Pending,2026-08-31
REO000903,O0033,I0164,10,26,66,High,Approved,2026-08-31
REO000904,O0254,I0092,4,20,103,High,Approved,2026-08-31
REO000905,O0181,I0275,6,24,94,High,Approved,2026-08-31
REO000906,O0142,I0063,4,37,66,High,Received,2026-08-31
REO000907,O0335,I0112,17,33,81,Medium,Ordered,2026-08-31
REO000908,O0216,I0075,13,13,35,Medium,Ordered,2026-08-31
REO000909,O0331,I0109,2,13,73,High,Ordered,2026-08-31
REO000910,O0084,I0033,22,33,92,Medium,Pending,2026-08-31
REO000911,O0141,I0058,10,28,114,High,Pending,2026-08-31
REO000912,O0031,I0160,4,13,42,High,Pending,2026-08-31
REO000913,O0003,I0008,8,24,82,High,Ordered,2026-08-31
REO000914,O0035,I0006,21,21,41,Medium,Received,2026-08-31
REO000915,O0050,I0025,30,30,36,Medium,Pending,2026-08-31
REO000916,O0444,I0075,24,25,36,Medium,Ordered,2026-08-31
REO000917,O0061,I0026,11,25,70,High,Ordered,2026-08-31
REO000918,O0059,I0023,20,35,78,Medium,Approved,2026-08-31
REO000919,O0132,I0054,10,33,97,High,Ordered,2026-08-31
REO000920,O0197,I0272,7,34,91,High,Approved,2026-08-31
REO000921,O0265,I0087,2,31,50,High,Pending,2026-08-31
REO000922,O0172,I0063,0,32,116,Critical,Pending,2026-08-31
REO000923,O0302,I0095,10,39,104,High,Pending,2026-08-31
REO000924,O0170,I0064,10,36,118,High,Ordered,2026-08-31
REO000925,O0081,I0033,26,28,61,Medium,Pending,2026-08-31
REO000926,O0150,I0061,21,30,93,Medium,Ordered,2026-08-31
REO000927,O0210,I0076,10,16,50,Medium,Ordered,2026-08-31
REO000928,O0197,I0273,22,29,38,Medium,Ordered,2026-08-31
REO000929,O0408,I0141,22,22,29,Medium,Received,2026-08-31
REO000930,O0390,I0131,13,30,94,High,Ordered,2026-08-31
REO000931,O0183,I0267,13,22,91,Medium,Ordered,2026-08-31
REO000932,O0170,I0064,10,36,118,High,Approved,2026-08-31
REO000933,O0440,I0057,0,15,98,Critical,Ordered,2026-08-31
REO000934,O0028,I0015,2,27,50,High,Ordered,2026-08-31
REO000935,O0104,I0042,2,27,62,High,Ordered,2026-08-31
REO000936,O0050,I0022,5,33,83,High,Pending,2026-08-31
REO000937,O0444,I0075,24,25,36,Medium,Received,2026-08-31
REO000938,O0062,I0029,7,29,93,High,Approved,2026-08-31
REO000939,O0309,I0097,13,32,62,High,Approved,2026-08-31
REO000940,O0301,I0098,9,16,54,Medium,Approved,2026-08-31
REO000941,O0432,I0054,11,26,55,High,Ordered,2026-08-31
REO000942,O0013,I0167,13,31,80,High,Approved,2026-08-31
REO000943,O0335,I0112,17,33,81,Medium,Ordered,2026-08-31
REO000944,O0074,I0015,1,31,81,High,Approved,2026-08-31
REO000945,O0374,I0126,8,26,63,High,Ordered,2026-08-31
REO000946,O0191,I0071,10,23,64,High,Pending,2026-08-31
REO000947,O0074,I0017,9,29,67,High,Pending,2026-08-31
REO000948,O0296,I0095,13,22,47,Medium,Approved,2026-08-31
REO000949,O0194,I0066,13,33,76,High,Ordered,2026-08-31
REO000950,O0177,I0059,7,28,80,High,Received,2026-08-31
REO000951,O0230,I0078,18,29,65,Medium,Approved,2026-08-31
REO000952,O0061,I0026,11,25,70,High,Pending,2026-08-31
REO000953,O0300,I0099,18,24,44,Medium,Approved,2026-08-31
REO000954,O0226,I0081,16,27,30,Medium,Ordered,2026-08-31
REO000955,O0419,I0023,13,31,113,High,Approved,2026-08-31
REO000956,O0219,I0074,10,23,83,High,Approved,2026-08-31
REO000957,O0004,I0164,13,30,76,High,Ordered,2026-08-31
REO000958,O0187,I0275,4,20,88,High,Ordered,2026-08-31
REO000959,O0185,I0268,7,33,53,High,Received,2026-08-31
REO000960,O0485,I0018,20,25,27,Medium,Ordered,2026-08-31
REO000961,O0040,I0190,8,22,41,High,Received,2026-08-31
REO000962,O0223,I0078,4,34,104,High,Ordered,2026-08-31
REO000963,O0481,I0020,23,33,76,Medium,Ordered,2026-08-31
REO000964,O0194,I0068,4,20,104,High,Received,2026-08-31
REO000965,O0355,I0120,18,33,70,Medium,Ordered,2026-08-31
REO000966,O0487,I0018,20,34,48,Medium,Ordered,2026-08-31
REO000967,O0283,I0097,11,21,98,Medium,Received,2026-08-31
REO000968,O0005,I0002,10,21,36,High,Pending,2026-08-31
REO000969,O0227,I0080,24,28,33,Medium,Pending,2026-08-31
REO000970,O0296,I0095,13,22,47,Medium,Approved,2026-08-31
REO000971,O0026,I0016,2,23,91,High,Ordered,2026-08-31
REO000972,O0253,I0086,0,25,117,Critical,Pending,2026-08-31
REO000973,O0044,I0020,26,34,46,Medium,Approved,2026-08-31
REO000974,O0327,I0109,23,30,54,Medium,Ordered,2026-08-31
REO000975,O0321,I0112,25,29,35,Medium,Ordered,2026-08-31
REO000976,O0063,I0027,5,20,95,High,Ordered,2026-08-31
REO000977,O0132,I0053,9,23,66,High,Received,2026-08-31
REO000978,O0194,I0269,0,21,106,Critical,Ordered,2026-08-31
REO000979,O0061,I0029,32,38,31,Medium,Received,2026-08-31
REO000980,O0049,I0023,14,19,34,Medium,Pending,2026-08-31
REO000981,O0352,I0121,26,27,42,Medium,Approved,2026-08-31
REO000982,O0120,I0047,17,29,42,Medium,Pending,2026-08-31
REO000983,O0373,I0128,4,13,42,High,Approved,2026-08-31
REO000984,O0456,I0052,11,21,87,Medium,Pending,2026-08-31
REO000985,O0246,I0084,15,34,103,High,Pending,2026-08-31
REO000986,O0038,I0161,3,30,89,High,Ordered,2026-08-31
REO000987,O0470,I0019,15,32,92,High,Pending,2026-08-31
REO000988,O0053,I0025,25,29,32,Medium,Pending,2026-08-31
REO000989,O0228,I0080,16,28,90,Medium,Pending,2026-08-31
REO000990,O0411,I0021,0,22,69,Critical,Approved,2026-08-31
REO000991,O0440,I0054,4,20,90,High,Ordered,2026-08-31
REO000992,O0244,I0083,0,20,61,Critical,Pending,2026-08-31
REO000993,O0006,I0169,3,29,89,High,Received,2026-08-31
REO000994,O0003,I0008,8,24,82,High,Ordered,2026-08-31
REO000995,O0118,I0047,12,16,38,Medium,Ordered,2026-08-31
REO000996,O0165,I0059,12,20,85,Medium,Pending,2026-08-31
REO000997,O0142,I0064,5,18,95,High,Approved,2026-08-31
REO000998,O0425,I0037,16,33,104,High,Ordered,2026-08-31
REO000999,O0218,I0075,19,22,69,Medium,Ordered,2026-08-31
REO001000,O0210,I0072,0,29,60,Critical,Received,2026-08-31
REO001001,O0295,I0095,30,33,52,Medium,Ordered,2026-08-31
REO001002,O0363,I0123,11,25,104,High,Pending,2026-08-31
REO001003,O0072,I0011,30,31,37,Medium,Approved,2026-08-31
REO001004,O0186,I0271,17,18,75,Medium,Ordered,2026-08-31
REO001005,O0052,I0024,15,30,59,Medium,Approved,2026-08-31
REO001006,O0415,I0023,23,26,20,Medium,Received,2026-08-31
REO001007,O0415,I0023,23,26,20,Medium,Received,2026-08-31
REO001008,O0023,I0013,18,26,72,Medium,Approved,2026-08-31
REO001009,O0273,I0087,18,36,34,Medium,Received,2026-08-31
REO001010,O0189,I0271,16,18,36,Medium,Approved,2026-08-31
REO001011,O0379,I0128,8,34,57,High,Pending,2026-08-31
REO001012,O0146,I0060,15,20,79,Medium,Ordered,2026-08-31
REO001013,O0181,I0275,6,24,94,High,Approved,2026-08-31
REO001014,O0491,I0138,2,37,54,High,Pending,2026-08-31
REO001015,O0358,I0121,7,20,43,High,Ordered,2026-08-31
REO001016,O0244,I0082,2,36,82,High,Pending,2026-08-31
REO001017,O0439,I0053,21,35,71,Medium,Approved,2026-08-31
REO001018,O0059,I0022,23,28,92,Medium,Received,2026-08-31
REO001019,O0291,I0094,1,14,99,High,Ordered,2026-08-31
REO001020,O0187,I0272,22,33,58,Medium,Approved,2026-08-31
REO001021,O0040,I0002,4,37,74,High,Pending,2026-08-31
REO001022,O0185,I0275,16,19,51,Medium,Ordered,2026-08-31
REO001023,O0447,I0072,8,21,55,High,Ordered,2026-08-31
REO001024,O0044,I0019,6,29,52,High,Pending,2026-08-31
REO001025,O0105,I0038,20,30,45,Medium,Pending,2026-08-31
REO001026,O0192,I0271,19,35,79,Medium,Ordered,2026-08-31
REO001027,O0198,I0274,10,31,61,High,Approved,2026-08-31
REO001028,O0054,I0018,26,33,37,Medium,Pending,2026-08-31
REO001029,O0054,I0021,31,31,62,Medium,Received,2026-08-31
REO001030,O0463,I0023,9,22,91,High,Approved,2026-08-31
REO001031,O0073,I0010,11,24,34,High,Received,2026-08-31
REO001032,O0061,I0029,32,38,31,Medium,Pending,2026-08-31
REO001033,O0031,I0200,12,16,80,Medium,Pending,2026-08-31
REO001034,O0256,I0086,1,18,111,High,Received,2026-08-31
REO001035,O0472,I0102,26,27,51,Medium,Ordered,2026-08-31
REO001036,O0095,I0021,19,22,84,Medium,Ordered,2026-08-31
REO001037,O0174,I0063,7,31,66,High,Pending,2026-08-31
REO001038,O0200,I0071,0,20,117,Critical,Pending,2026-08-31
REO001039,O0278,I0087,20,36,77,Medium,Approved,2026-08-31
REO001040,O0439,I0053,21,35,71,Medium,Ordered,2026-08-31
REO001041,O0295,I0095,30,33,52,Medium,Ordered,2026-08-31
REO001042,O0256,I0086,1,18,111,High,Pending,2026-08-31
REO001043,O0228,I0081,0,31,124,Critical,Ordered,2026-08-31
REO001044,O0277,I0089,9,33,101,High,Ordered,2026-08-31
REO001045,O0035,I0006,21,21,41,Medium,Approved,2026-08-31
REO001046,O0086,I0034,12,31,68,High,Ordered,2026-08-31
REO001047,O0093,I0025,0,26,98,Critical,Ordered,2026-08-31
REO001048,O0009,I0002,13,14,28,Medium,Approved,2026-08-31
REO001049,O0270,I0091,14,34,86,High,Ordered,2026-08-31
REO001050,O0353,I0120,11,21,92,Medium,Approved,2026-08-31
REO001051,O0294,I0095,28,30,84,Medium,Pending,2026-08-31
REO001052,O0413,I0023,3,22,102,High,Ordered,2026-08-31
REO001053,O0265,I0087,2,31,50,High,Pending,2026-08-31
REO001054,O0095,I0022,22,26,52,Medium,Ordered,2026-08-31
REO001055,O0177,I0058,2,26,63,High,Approved,2026-08-31
REO001056,O0231,I0080,1,26,48,High,Approved,2026-08-31
REO001057,O0226,I0081,16,27,30,Medium,Ordered,2026-08-31
REO001058,O0034,I0006,19,26,74,Medium,Pending,2026-08-31
REO001059,O0109,I0042,5,15,99,High,Received,2026-08-31
REO001060,O0023,I0013,18,26,72,Medium,Ordered,2026-08-31
REO001061,O0492,I0142,3,10,91,High,Approved,2026-08-31
REO001062,O0500,I0140,6,12,66,Medium,Pending,2026-08-31
REO001063,O0358,I0121,7,20,43,High,Received,2026-08-31
REO001064,O0163,I0063,2,23,99,High,Approved,2026-08-31
REO001065,O0431,I0056,26,29,41,Medium,Pending,2026-08-31
REO001066,O0048,I0025,6,28,76,High,Approved,2026-08-31
REO001067,O0016,I0197,1,32,90,High,Received,2026-08-31
REO001068,O0302,I0096,17,19,70,Medium,Approved,2026-08-31
REO001069,O0124,I0050,14,25,71,Medium,Pending,2026-08-31
REO001070,O0172,I0058,11,30,110,High,Pending,2026-08-31
REO001071,O0490,I0021,16,31,75,Medium,Ordered,2026-08-31
REO001072,O0257,I0089,18,35,76,Medium,Ordered,2026-08-31
REO001073,O0039,I0004,7,27,39,High,Ordered,2026-08-31
REO001074,O0376,I0126,3,10,89,High,Approved,2026-08-31
REO001075,O0183,I0069,36,37,73,Medium,Approved,2026-08-31
REO001076,O0364,I0122,16,29,64,Medium,Approved,2026-08-31
REO001077,O0003,I0009,1,32,57,High,Ordered,2026-08-31
REO001078,O0453,I0051,12,33,85,High,Approved,2026-08-31
REO001079,O0004,I0164,13,30,76,High,Ordered,2026-08-31
REO001080,O0232,I0079,4,8,103,Medium,Received,2026-08-31
REO001081,O0127,I0050,20,39,48,Medium,Approved,2026-08-31
REO001082,O0037,I0006,16,22,54,Medium,Ordered,2026-08-31
REO001083,O0290,I0097,29,29,22,Medium,Ordered,2026-08-31
REO001084,O0055,I0025,24,25,99,Medium,Received,2026-08-31
REO001085,O0181,I0069,14,24,46,Medium,Pending,2026-08-31
REO001086,O0362,I0125,5,34,94,High,Ordered,2026-08-31
REO001087,O0088,I0035,20,23,88,Medium,Ordered,2026-08-31
REO001088,O0357,I0118,14,23,58,Medium,Ordered,2026-08-31
REO001089,O0085,I0034,15,29,38,Medium,Ordered,2026-08-31
REO001090,O0416,I0019,8,32,79,High,Received,2026-08-31
REO001091,O0380,I0128,1,13,61,High,Pending,2026-08-31
REO001092,O0190,I0263,23,24,62,Medium,Received,2026-08-31
REO001093,O0245,I0083,5,23,97,High,Approved,2026-08-31
REO001094,O0340,I0112,18,34,33,Medium,Ordered,2026-08-31
REO001095,O0143,I0059,4,21,43,High,Approved,2026-08-31
REO001096,O0018,I0194,13,35,65,High,Approved,2026-08-31
REO001097,O0078,I0017,8,19,43,High,Approved,2026-08-31
REO001098,O0353,I0120,11,21,92,Medium,Ordered,2026-08-31
REO001099,O0181,I0274,2,19,66,High,Ordered,2026-08-31
REO001100,O0004,I0172,6,28,61,High,Approved,2026-08-31
REO001101,O0220,I0073,7,15,43,High,Pending,2026-08-31
REO001102,O0075,I0013,2,23,49,High,Ordered,2026-08-31
REO001103,O0189,I0270,17,24,49,Medium,Ordered,2026-08-31
REO001104,O0005,I0002,10,21,36,High,Pending,2026-08-31
REO001105,O0271,I0087,2,27,75,High,Approved,2026-08-31
REO001106,O0036,I0170,15,21,75,Medium,Ordered,2026-08-31
REO001107,O0286,I0094,23,24,51,Medium,Ordered,2026-08-31
REO001108,O0194,I0068,4,20,104,High,Pending,2026-08-31
REO001109,O0059,I0023,20,35,78,Medium,Received,2026-08-31
REO001110,O0021,I0017,27,36,46,Medium,Ordered,2026-08-31
REO001111,O0189,I0270,17,24,49,Medium,Ordered,2026-08-31
REO001112,O0029,I0010,15,21,72,Medium,Ordered,2026-08-31
REO001113,O0083,I0032,7,15,56,High,Ordered,2026-08-31
REO001114,O0284,I0093,3,19,59,High,Approved,2026-08-31
REO001115,O0208,I0073,8,22,63,High,Approved,2026-08-31
REO001116,O0216,I0075,13,13,35,Medium,Ordered,2026-08-31
REO001117,O0053,I0024,3,31,120,High,Pending,2026-08-31
REO001118,O0166,I0060,13,24,62,Medium,Pending,2026-08-31
REO001119,O0296,I0098,12,24,59,Medium,Approved,2026-08-31
REO001120,O0302,I0095,10,39,104,High,Pending,2026-08-31
REO001121,O0058,I0024,1,20,51,High,Pending,2026-08-31
REO001122,O0002,I0200,13,25,31,Medium,Pending,2026-08-31
REO001123,O0200,I0068,15,30,67,Medium,Received,2026-08-31
REO001124,O0038,I0171,22,25,42,Medium,Ordered,2026-08-31
REO001125,O0053,I0025,25,29,32,Medium,Pending,2026-08-31
REO001126,O0196,I0263,18,26,69,Medium,Pending,2026-08-31
REO001127,O0040,I0158,19,29,59,Medium,Pending,2026-08-31
REO001128,O0193,I0275,12,18,101,Medium,Ordered,2026-08-31
REO001129,O0088,I0034,1,18,47,High,Ordered,2026-08-31
REO001130,O0472,I0102,26,27,51,Medium,Ordered,2026-08-31
REO001131,O0414,I0024,1,13,83,High,Ordered,2026-08-31
REO001132,O0001,I0193,1,9,100,High,Received,2026-08-31
REO001133,O0438,I0056,1,28,82,High,Pending,2026-08-31
REO001134,O0483,I0022,32,32,28,Medium,Received,2026-08-31
REO001135,O0400,I0136,28,32,37,Medium,Pending,2026-08-31
REO001136,O0246,I0083,5,12,90,High,Pending,2026-08-31
REO001137,O0469,I0020,5,17,42,High,Pending,2026-08-31
REO001138,O0315,I0108,3,14,50,High,Ordered,2026-08-31
REO001139,O0358,I0121,7,20,43,High,Ordered,2026-08-31
REO001140,O0024,I0013,9,14,39,Medium,Pending,2026-08-31
REO001141,O0429,I0036,12,29,61,High,Ordered,2026-08-31
REO001142,O0346,I0114,16,26,42,Medium,Pending,2026-08-31
REO001143,O0199,I0068,17,26,87,Medium,Approved,2026-08-31
REO001144,O0388,I0130,27,29,59,Medium,Approved,2026-08-31
REO001145,O0044,I0025,4,30,116,High,Received,2026-08-31
REO001146,O0249,I0083,12,16,85,Medium,Received,2026-08-31
REO001147,O0334,I0113,1,24,60,High,Pending,2026-08-31
REO001148,O0479,I0100,10,34,106,High,Ordered,2026-08-31
REO001149,O0044,I0018,4,28,48,High,Ordered,2026-08-31
REO001150,O0119,I0044,12,20,41,Medium,Pending,2026-08-31
REO001151,O0169,I0061,22,27,92,Medium,Ordered,2026-08-31
REO001152,O0097,I0020,8,19,39,High,Pending,2026-08-31
REO001153,O0003,I0003,3,29,52,High,Ordered,2026-08-31
REO001154,O0367,I0122,6,34,91,High,Pending,2026-08-31
REO001155,O0159,I0064,2,25,81,High,Ordered,2026-08-31
REO001156,O0304,I0099,17,19,48,Medium,Ordered,2026-08-31
REO001157,O0114,I0048,9,27,83,High,Ordered,2026-08-31
REO001158,O0426,I0033,20,30,34,Medium,Ordered,2026-08-31
REO001159,O0039,I0163,0,16,111,Critical,Approved,2026-08-31
REO001160,O0183,I0267,13,22,91,Medium,Ordered,2026-08-31
REO001161,O0187,I0069,20,23,75,Medium,Ordered,2026-08-31
REO001162,O0003,I0003,3,29,52,High,Pending,2026-08-31
REO001163,O0105,I0038,20,30,45,Medium,Received,2026-08-31
REO001164,O0226,I0081,16,27,30,Medium,Approved,2026-08-31
REO001165,O0422,I0037,1,24,107,High,Pending,2026-08-31
REO001166,O0431,I0056,26,29,41,Medium,Ordered,2026-08-31
REO001167,O0161,I0062,8,33,60,High,Approved,2026-08-31
REO001168,O0347,I0115,16,22,57,Medium,Ordered,2026-08-31
REO001169,O0097,I0018,11,13,56,Medium,Received,2026-08-31
REO001170,O0044,I0021,25,28,61,Medium,Approved,2026-08-31
REO001171,O0186,I0267,34,37,55,Medium,Pending,2026-08-31
REO001172,O0186,I0263,14,31,63,High,Pending,2026-08-31
REO001173,O0219,I0074,10,23,83,High,Ordered,2026-08-31
REO001174,O0198,I0274,10,31,61,High,Ordered,2026-08-31
REO001175,O0278,I0088,16,23,46,Medium,Ordered,2026-08-31
REO001176,O0113,I0045,32,36,75,Medium,Ordered,2026-08-31
REO001177,O0002,I0171,18,29,29,Medium,Ordered,2026-08-31
REO001178,O0472,I0103,0,35,102,Critical,Ordered,2026-08-31
REO001179,O0303,I0096,11,33,112,High,Pending,2026-08-31
REO001180,O0177,I0064,14,32,101,High,Pending,2026-08-31
REO001181,O0410,I0142,14,14,53,Medium,Ordered,2026-08-31
REO001182,O0122,I0049,25,28,24,Medium,Received,2026-08-31
REO001183,O0079,I0013,14,15,47,Medium,Ordered,2026-08-31
REO001184,O0231,I0080,1,26,48,High,Ordered,2026-08-31
REO001185,O0081,I0033,26,28,61,Medium,Received,2026-08-31
REO001186,O0373,I0128,4,13,42,High,Approved,2026-08-31
REO001187,O0087,I0037,10,17,76,Medium,Ordered,2026-08-31
REO001188,O0484,I0024,8,32,108,High,Approved,2026-08-31
REO001189,O0065,I0028,6,29,77,High,Pending,2026-08-31
REO001190,O0096,I0024,5,31,66,High,Received,2026-08-31
REO001191,O0055,I0025,24,25,99,Medium,Received,2026-08-31
REO001192,O0493,I0139,1,24,102,High,Approved,2026-08-31
REO001193,O0433,I0055,21,24,66,Medium,Approved,2026-08-31
REO001194,O0444,I0075,24,25,36,Medium,Ordered,2026-08-31
REO001195,O0002,I0165,7,13,102,Medium,Approved,2026-08-31
REO001196,O0372,I0126,6,23,45,High,Received,2026-08-31
REO001197,O0388,I0130,27,29,59,Medium,Pending,2026-08-31
REO001198,O0014,I0160,23,31,45,Medium,Ordered,2026-08-31
REO001199,O0020,I0168,8,27,79,High,Received,2026-08-31
REO001200,O0031,I0160,4,13,42,High,Approved,2026-08-31
REO001201,O0346,I0114,16,26,42,Medium,Received,2026-08-31
REO001202,O0063,I0027,5,20,95,High,Ordered,2026-08-31
REO001203,O0044,I0021,25,28,61,Medium,Approved,2026-08-31
REO001204,O0074,I0011,10,32,59,High,Pending,2026-08-31
REO001205,O0002,I0168,32,35,76,Medium,Approved,2026-08-31
REO001206,O0422,I0037,1,24,107,High,Approved,2026-08-31
REO001207,O0254,I0092,4,20,103,High,Pending,2026-08-31
REO001208,O0196,I0070,8,14,96,Medium,Pending,2026-08-31
REO001209,O0128,I0049,4,15,103,High,Ordered,2026-08-31
REO001210,O0043,I0024,23,30,98,Medium,Received,2026-08-31
REO001211,O0453,I0051,12,33,85,High,Pending,2026-08-31
REO001212,O0016,I0172,4,20,78,High,Pending,2026-08-31
REO001213,O0106,I0039,9,11,86,Medium,Pending,2026-08-31
REO001214,O0122,I0049,25,28,24,Medium,Ordered,2026-08-31
REO001215,O0484,I0024,8,32,108,High,Pending,2026-08-31
REO001216,O0194,I0269,0,21,106,Critical,Ordered,2026-08-31
REO001217,O0297,I0097,5,23,76,High,Approved,2026-08-31
REO001218,O0374,I0126,8,26,63,High,Ordered,2026-08-31
REO001219,O0001,I0172,23,28,37,Medium,Received,2026-08-31
REO001220,O0304,I0095,23,31,35,Medium,Approved,2026-08-31
REO001221,O0035,I0197,10,35,84,High,Pending,2026-08-31
REO001222,O0453,I0050,32,33,22,Medium,Received,2026-08-31
REO001223,O0259,I0090,8,33,73,High,Pending,2026-08-31
REO001224,O0300,I0099,18,24,44,Medium,Pending,2026-08-31
REO001225,O0050,I0025,30,30,36,Medium,Pending,2026-08-31
REO001226,O0146,I0060,15,20,79,Medium,Approved,2026-08-31
REO001227,O0478,I0101,6,28,82,High,Approved,2026-08-31
REO001228,O0326,I0110,9,20,60,High,Ordered,2026-08-31
REO001229,O0143,I0063,18,18,88,Medium,Approved,2026-08-31
REO001230,O0279,I0086,19,19,70,Medium,Approved,2026-08-31
REO001231,O0002,I0200,13,25,31,Medium,Ordered,2026-08-31
REO001232,O0480,I0100,12,32,79,High,Pending,2026-08-31
REO001233,O0197,I0270,14,16,31,Medium,Ordered,2026-08-31
REO001234,O0393,I0134,15,17,79,Medium,Approved,2026-08-31
REO001235,O0029,I0014,25,28,37,Medium,Received,2026-08-31
REO001236,O0031,I0006,6,25,105,High,Ordered,2026-08-31
REO001237,O0463,I0024,7,31,77,High,Ordered,2026-08-31
REO001238,O0252,I0086,22,23,37,Medium,Pending,2026-08-31
REO001239,O0199,I0274,16,30,59,Medium,Ordered,2026-08-31
REO001240,O0038,I0193,2,32,90,High,Approved,2026-08-31
REO001241,O0184,I0070,2,27,96,High,Pending,2026-08-31
REO001242,O0193,I0276,19,37,53,Medium,Ordered,2026-08-31
REO001243,O0385,I0132,16,28,50,Medium,Approved,2026-08-31
REO001244,O0155,I0058,13,25,92,Medium,Pending,2026-08-31
REO001245,O0122,I0052,14,23,106,Medium,Ordered,2026-08-31
REO001246,O0452,I0052,27,31,101,Medium,Ordered,2026-08-31
REO001247,O0459,I0049,23,24,72,Medium,Received,2026-08-31
REO001248,O0007,I0004,20,36,39,Medium,Ordered,2026-08-31
REO001249,O0038,I0161,3,30,89,High,Received,2026-08-31
REO001250,O0238,I0080,21,22,38,Medium,Ordered,2026-08-31
REO001251,O0376,I0127,20,24,48,Medium,Approved,2026-08-31
REO001252,O0483,I0022,32,32,28,Medium,Pending,2026-08-31
REO001253,O0043,I0024,23,30,98,Medium,Pending,2026-08-31
REO001254,O0103,I0040,6,28,91,High,Ordered,2026-08-31
REO001255,O0296,I0095,13,22,47,Medium,Ordered,2026-08-31
REO001256,O0016,I0172,4,20,78,High,Pending,2026-08-31
REO001257,O0095,I0018,3,31,98,High,Received,2026-08-31
REO001258,O0369,I0124,26,30,96,Medium,Ordered,2026-08-31
REO001259,O0132,I0054,10,33,97,High,Pending,2026-08-31
REO001260,O0171,I0064,6,29,105,High,Received,2026-08-31
REO001261,O0015,I0167,10,17,32,Medium,Approved,2026-08-31
REO001262,O0225,I0077,1,11,96,High,Ordered,2026-08-31
REO001263,O0008,I0006,20,21,58,Medium,Received,2026-08-31
REO001264,O0170,I0064,10,36,118,High,Approved,2026-08-31
REO001265,O0159,I0063,5,17,48,High,Ordered,2026-08-31
REO001266,O0490,I0025,25,29,65,Medium,Ordered,2026-08-31
REO001267,O0414,I0024,1,13,83,High,Approved,2026-08-31
REO001268,O0444,I0075,24,25,36,Medium,Approved,2026-08-31
REO001269,O0379,I0128,8,34,57,High,Pending,2026-08-31
REO001270,O0444,I0074,15,32,58,High,Ordered,2026-08-31
REO001271,O0040,I0198,20,21,28,Medium,Approved,2026-08-31
REO001272,O0481,I0018,12,27,49,High,Ordered,2026-08-31
REO001273,O0077,I0010,21,28,59,Medium,Approved,2026-08-31
REO001274,O0295,I0095,30,33,52,Medium,Ordered,2026-08-31
REO001275,O0254,I0092,4,20,103,High,Ordered,2026-08-31
REO001276,O0438,I0056,1,28,82,High,Ordered,2026-08-31
REO001277,O0278,I0088,16,23,46,Medium,Approved,2026-08-31
REO001278,O0004,I0001,19,38,95,Medium,Ordered,2026-08-31
REO001279,O0055,I0024,29,30,59,Medium,Approved,2026-08-31
REO001280,O0189,I0271,16,18,36,Medium,Ordered,2026-08-31
REO001281,O0276,I0092,30,34,75,Medium,Received,2026-08-31
REO001282,O0188,I0068,10,22,44,High,Pending,2026-08-31
REO001283,O0043,I0024,23,30,98,Medium,Received,2026-08-31
REO001284,O0427,I0034,18,21,43,Medium,Pending,2026-08-31
REO001285,O0017,I0003,23,27,28,Medium,Approved,2026-08-31
REO001286,O0109,I0041,9,23,72,High,Ordered,2026-08-31
REO001287,O0166,I0061,8,26,101,High,Pending,2026-08-31
REO001288,O0245,I0083,5,23,97,High,Approved,2026-08-31
REO001289,O0290,I0097,29,29,22,Medium,Received,2026-08-31
REO001290,O0095,I0021,19,22,84,Medium,Ordered,2026-08-31
REO001291,O0062,I0030,5,17,75,High,Ordered,2026-08-31
REO001292,O0183,I0069,36,37,73,Medium,Ordered,2026-08-31
REO001293,O0234,I0081,7,23,82,High,Ordered,2026-08-31
REO001294,O0002,I0171,18,29,29,Medium,Approved,2026-08-31
REO001295,O0467,I0025,24,27,42,Medium,Approved,2026-08-31
REO001296,O0194,I0068,4,20,104,High,Received,2026-08-31
REO001297,O0044,I0020,26,34,46,Medium,Received,2026-08-31
REO001298,O0395,I0137,24,32,68,Medium,Pending,2026-08-31
REO001299,O0415,I0020,29,36,33,Medium,Approved,2026-08-31
REO001300,O0200,I0268,16,25,34,Medium,Ordered,2026-08-31
REO001301,O0400,I0136,28,32,37,Medium,Ordered,2026-08-31
REO001302,O0110,I0040,9,25,57,High,Ordered,2026-08-31
REO001303,O0245,I0083,5,23,97,High,Approved,2026-08-31
REO001304,O0342,I0117,19,28,60,Medium,Approved,2026-08-31
REO001305,O0291,I0094,1,14,99,High,Ordered,2026-08-31
REO001306,O0273,I0087,18,36,34,Medium,Approved,2026-08-31
REO001307,O0439,I0053,21,35,71,Medium,Ordered,2026-08-31
REO001308,O0150,I0061,21,30,93,Medium,Ordered,2026-08-31
REO001309,O0268,I0090,2,17,72,High,Ordered,2026-08-31
REO001310,O0122,I0052,14,23,106,Medium,Approved,2026-08-31
REO001311,O0055,I0024,29,30,59,Medium,Received,2026-08-31
REO001312,O0075,I0013,2,23,49,High,Pending,2026-08-31
REO001313,O0415,I0023,23,26,20,Medium,Approved,2026-08-31
REO001314,O0036,I0194,30,34,28,Medium,Received,2026-08-31
REO001315,O0494,I0142,10,21,96,High,Ordered,2026-08-31
REO001316,O0298,I0094,21,21,67,Medium,Ordered,2026-08-31
REO001317,O0107,I0040,0,19,90,Critical,Approved,2026-08-31
REO001318,O0044,I0022,12,21,42,Medium,Received,2026-08-31
REO001319,O0020,I0168,8,27,79,High,Ordered,2026-08-31
REO001320,O0424,I0035,22,30,81,Medium,Approved,2026-08-31
REO001321,O0132,I0053,9,23,66,High,Approved,2026-08-31
REO001322,O0256,I0092,33,37,70,Medium,Pending,2026-08-31
REO001323,O0270,I0087,24,26,95,Medium,Approved,2026-08-31
REO001324,O0301,I0098,9,16,54,Medium,Ordered,2026-08-31
REO001325,O0085,I0034,15,29,38,Medium,Pending,2026-08-31
REO001326,O0065,I0028,6,29,77,High,Received,2026-08-31
REO001327,O0191,I0263,7,33,63,High,Received,2026-08-31
REO001328,O0024,I0010,12,22,62,Medium,Approved,2026-08-31
REO001329,O0094,I0023,4,32,94,High,Received,2026-08-31
REO001330,O0313,I0105,13,17,33,Medium,Ordered,2026-08-31
REO001331,O0308,I0095,24,37,75,Medium,Pending,2026-08-31
REO001332,O0039,I0004,7,27,39,High,Pending,2026-08-31
REO001333,O0326,I0110,9,20,60,High,Ordered,2026-08-31
REO001334,O0020,I0195,13,14,33,Medium,Pending,2026-08-31
REO001335,O0251,I0091,2,23,100,High,Ordered,2026-08-31
REO001336,O0276,I0087,10,13,59,Medium,Received,2026-08-31
REO001337,O0058,I0018,23,26,46,Medium,Approved,2026-08-31
REO001338,O0095,I0024,31,34,58,Medium,Pending,2026-08-31
REO001339,O0056,I0021,31,35,31,Medium,Approved,2026-08-31
REO001340,O0299,I0094,14,17,32,Medium,Approved,2026-08-31
REO001341,O0313,I0105,13,17,33,Medium,Approved,2026-08-31
REO001342,O0026,I0016,2,23,91,High,Ordered,2026-08-31
REO001343,O0008,I0193,21,21,43,Medium,Pending,2026-08-31
REO001344,O0199,I0271,15,18,56,Medium,Ordered,2026-08-31
REO001345,O0186,I0068,9,17,63,Medium,Pending,2026-08-31
REO001346,O0210,I0076,10,16,50,Medium,Approved,2026-08-31
REO001347,O0088,I0035,20,23,88,Medium,Received,2026-08-31
REO001348,O0009,I0002,13,14,28,Medium,Received,2026-08-31
REO001349,O0236,I0079,5,20,82,High,Received,2026-08-31
REO001350,O0017,I0006,4,25,47,High,Pending,2026-08-31
REO001351,O0104,I0041,6,22,73,High,Received,2026-08-31
REO001352,O0272,I0092,9,12,75,Medium,Approved,2026-08-31
REO001353,O0087,I0037,10,17,76,Medium,Approved,2026-08-31
REO001354,O0047,I0022,13,37,94,High,Received,2026-08-31
REO001355,O0278,I0088,16,23,46,Medium,Approved,2026-08-31
REO001356,O0084,I0033,22,33,92,Medium,Pending,2026-08-31
REO001357,O0007,I0170,5,16,50,High,Approved,2026-08-31
REO001358,O0227,I0080,24,28,33,Medium,Received,2026-08-31
REO001359,O0284,I0095,9,15,55,Medium,Ordered,2026-08-31
REO001360,O0125,I0050,3,29,57,High,Ordered,2026-08-31
REO001361,O0002,I0192,26,32,103,Medium,Approved,2026-08-31
REO001362,O0109,I0041,9,23,72,High,Received,2026-08-31
REO001363,O0114,I0048,9,27,83,High,Pending,2026-08-31
REO001364,O0238,I0080,21,22,38,Medium,Approved,2026-08-31
REO001365,O0153,I0065,6,25,85,High,Received,2026-08-31
REO001366,O0093,I0025,0,26,98,Critical,Approved,2026-08-31
REO001367,O0189,I0067,0,30,110,Critical,Pending,2026-08-31
REO001368,O0009,I0006,19,27,90,Medium,Received,2026-08-31
REO001369,O0238,I0080,21,22,38,Medium,Ordered,2026-08-31
REO001370,O0049,I0023,14,19,34,Medium,Approved,2026-08-31
REO001371,O0028,I0015,2,27,50,High,Ordered,2026-08-31
REO001372,O0055,I0024,29,30,59,Medium,Approved,2026-08-31
REO001373,O0040,I0190,8,22,41,High,Pending,2026-08-31
REO001374,O0166,I0061,8,26,101,High,Ordered,2026-08-31
REO001375,O0055,I0024,29,30,59,Medium,Pending,2026-08-31
REO001376,O0171,I0062,5,11,75,High,Ordered,2026-08-31
REO001377,O0049,I0023,14,19,34,Medium,Pending,2026-08-31
REO001378,O0387,I0130,17,17,94,Medium,Approved,2026-08-31
REO001379,O0256,I0092,33,37,70,Medium,Pending,2026-08-31
REO001380,O0429,I0033,7,29,44,High,Pending,2026-08-31
REO001381,O0227,I0080,24,28,33,Medium,Ordered,2026-08-31
REO001382,O0278,I0088,16,23,46,Medium,Approved,2026-08-31
REO001383,O0199,I0068,17,26,87,Medium,Ordered,2026-08-31
REO001384,O0161,I0059,1,24,80,High,Approved,2026-08-31
REO001385,O0074,I0011,10,32,59,High,Received,2026-08-31
REO001386,O0187,I0276,9,35,70,High,Ordered,2026-08-31
REO001387,O0409,I0139,32,32,55,Medium,Received,2026-08-31
REO001388,O0196,I0273,12,31,105,High,Ordered,2026-08-31
REO001389,O0197,I0066,10,26,80,High,Ordered,2026-08-31
REO001390,O0157,I0065,1,15,91,High,Received,2026-08-31
REO001391,O0190,I0269,1,28,100,High,Received,2026-08-31
REO001392,O0431,I0056,26,29,41,Medium,Received,2026-08-31
REO001393,O0256,I0088,19,26,103,Medium,Approved,2026-08-31
REO001394,O0468,I0020,8,27,66,High,Pending,2026-08-31
REO001395,O0331,I0109,2,13,73,High,Received,2026-08-31
REO001396,O0033,I0007,19,32,63,Medium,Pending,2026-08-31
REO001397,O0017,I0197,24,28,75,Medium,Ordered,2026-08-31
REO001398,O0199,I0277,17,21,30,Medium,Pending,2026-08-31
REO001399,O0114,I0046,30,30,75,Medium,Approved,2026-08-31
REO001400,O0178,I0064,0,18,93,Critical,Ordered,2026-08-31
REO001401,O0053,I0024,3,31,120,High,Pending,2026-08-31
REO001402,O0190,I0264,0,30,108,Critical,Approved,2026-08-31
REO001403,O0294,I0095,28,30,84,Medium,Ordered,2026-08-31
REO001404,O0187,I0272,22,33,58,Medium,Ordered,2026-08-31
REO001405,O0451,I0050,10,15,40,Medium,Pending,2026-08-31
REO001406,O0410,I0142,14,14,53,Medium,Ordered,2026-08-31
REO001407,O0313,I0105,13,17,33,Medium,Ordered,2026-08-31
REO001408,O0270,I0088,11,22,35,Medium,Pending,2026-08-31
REO001409,O0272,I0092,9,12,75,Medium,Pending,2026-08-31
REO001410,O0279,I0091,13,25,91,Medium,Pending,2026-08-31
REO001411,O0452,I0049,6,26,68,High,Pending,2026-08-31
REO001412,O0031,I0160,4,13,42,High,Approved,2026-08-31
REO001413,O0046,I0022,7,24,58,High,Approved,2026-08-31
REO001414,O0424,I0035,22,30,81,Medium,Ordered,2026-08-31
REO001415,O0200,I0268,16,25,34,Medium,Ordered,2026-08-31
REO001416,O0142,I0058,2,16,49,High,Ordered,2026-08-31
REO001417,O0188,I0272,23,24,90,Medium,Ordered,2026-08-31
REO001418,O0142,I0064,5,18,95,High,Approved,2026-08-31
REO001419,O0185,I0268,7,33,53,High,Pending,2026-08-31
REO001420,O0006,I0162,3,22,40,High,Approved,2026-08-31
REO001421,O0365,I0122,18,25,57,Medium,Received,2026-08-31
REO001422,O0002,I0002,18,18,41,Medium,Ordered,2026-08-31
REO001423,O0092,I0020,11,16,86,Medium,Pending,2026-08-31
REO001424,O0089,I0033,9,23,51,High,Ordered,2026-08-31
REO001425,O0011,I0189,9,20,99,High,Ordered,2026-08-31
REO001426,O0435,I0053,11,27,80,High,Ordered,2026-08-31
REO001427,O0218,I0074,14,31,110,High,Ordered,2026-08-31
REO001428,O0376,I0127,20,24,48,Medium,Pending,2026-08-31
REO001429,O0071,I0017,9,34,84,High,Approved,2026-08-31
REO001430,O0016,I0165,23,32,79,Medium,Ordered,2026-08-31
REO001431,O0393,I0134,15,17,79,Medium,Ordered,2026-08-31
REO001432,O0089,I0033,9,23,51,High,Pending,2026-08-31
REO001433,O0114,I0046,30,30,75,Medium,Ordered,2026-08-31
REO001434,O0020,I0168,8,27,79,High,Pending,2026-08-31
REO001435,O0005,I0002,10,21,36,High,Ordered,2026-08-31
REO001436,O0055,I0019,17,25,45,Medium,Pending,2026-08-31
REO001437,O0089,I0033,9,23,51,High,Approved,2026-08-31
REO001438,O0031,I0006,6,25,105,High,Received,2026-08-31
REO001439,O0170,I0064,10,36,118,High,Pending,2026-08-31
REO001440,O0001,I0193,1,9,100,High,Received,2026-08-31
REO001441,O0380,I0129,13,21,101,Medium,Approved,2026-08-31
REO001442,O0197,I0273,22,29,38,Medium,Ordered,2026-08-31
REO001443,O0095,I0024,31,34,58,Medium,Approved,2026-08-31
REO001444,O0408,I0141,22,22,29,Medium,Pending,2026-08-31
REO001445,O0369,I0124,26,30,96,Medium,Pending,2026-08-31
REO001446,O0244,I0083,0,20,61,Critical,Ordered,2026-08-31
REO001447,O0020,I0170,13,27,35,High,Pending,2026-08-31
REO001448,O0478,I0101,6,28,82,High,Approved,2026-08-31
REO001449,O0074,I0011,10,32,59,High,Received,2026-08-31
REO001450,O0060,I0023,6,14,89,High,Ordered,2026-08-31
REO001451,O0144,I0060,10,21,42,High,Pending,2026-08-31
REO001452,O0006,I0009,12,28,45,High,Pending,2026-08-31
REO001453,O0459,I0049,23,24,72,Medium,Approved,2026-08-31
REO001454,O0017,I0009,5,28,42,High,Received,2026-08-31
REO001455,O0021,I0017,27,36,46,Medium,Approved,2026-08-31
REO001456,O0104,I0042,2,27,62,High,Pending,2026-08-31
REO001457,O0354,I0118,24,26,43,Medium,Pending,2026-08-31
REO001458,O0017,I0197,24,28,75,Medium,Approved,2026-08-31
REO001459,O0431,I0056,26,29,41,Medium,Ordered,2026-08-31
REO001460,O0438,I0056,1,28,82,High,Approved,2026-08-31
REO001461,O0023,I0013,18,26,72,Medium,Ordered,2026-08-31
REO001462,O0199,I0269,13,28,81,High,Pending,2026-08-31
REO001463,O0066,I0027,13,22,59,Medium,Pending,2026-08-31
REO001464,O0103,I0040,6,28,91,High,Pending,2026-08-31
REO001465,O0004,I0167,6,22,55,High,Approved,2026-08-31
REO001466,O0171,I0062,5,11,75,High,Received,2026-08-31
REO001467,O0218,I0074,14,31,110,High,Pending,2026-08-31
REO001468,O0199,I0263,2,26,68,High,Pending,2026-08-31
REO001469,O0278,I0090,16,26,80,Medium,Pending,2026-08-31
REO001470,O0097,I0018,11,13,56,Medium,Ordered,2026-08-31
REO001471,O0225,I0077,1,11,96,High,Pending,2026-08-31
REO001472,O0465,I0020,9,28,41,High,Ordered,2026-08-31
REO001473,O0236,I0081,0,27,111,Critical,Ordered,2026-08-31
REO001474,O0091,I0021,13,19,51,Medium,Ordered,2026-08-31
REO001475,O0304,I0099,17,19,48,Medium,Received,2026-08-31
REO001476,O0049,I0019,18,21,33,Medium,Approved,2026-08-31
REO001477,O0035,I0197,10,35,84,High,Ordered,2026-08-31
REO001478,O0230,I0078,18,29,65,Medium,Received,2026-08-31
REO001479,O0172,I0058,11,30,110,High,Received,2026-08-31
REO001480,O0429,I0033,7,29,44,High,Ordered,2026-08-31
REO001481,O0049,I0019,18,21,33,Medium,Approved,2026-08-31
REO001482,O0286,I0094,23,24,51,Medium,Approved,2026-08-31
REO001483,O0481,I0018,12,27,49,High,Ordered,2026-08-31
REO001484,O0177,I0058,2,26,63,High,Ordered,2026-08-31
REO001485,O0017,I0003,23,27,28,Medium,Pending,2026-08-31
REO001486,O0085,I0034,15,29,38,Medium,Ordered,2026-08-31
REO001487,O0074,I0015,1,31,81,High,Received,2026-08-31
REO001488,O0456,I0052,11,21,87,Medium,Pending,2026-08-31
REO001489,O0071,I0017,9,34,84,High,Pending,2026-08-31
REO001490,O0016,I0172,4,20,78,High,Received,2026-08-31
REO001491,O0099,I0023,17,27,37,Medium,Pending,2026-08-31
REO001492,O0060,I0023,6,14,89,High,Approved,2026-08-31
REO001493,O0055,I0025,24,25,99,Medium,Received,2026-08-31
REO001494,O0158,I0064,19,24,39,Medium,Received,2026-08-31
REO001495,O0177,I0059,7,28,80,High,Ordered,2026-08-31
REO001496,O0010,I0158,1,26,96,High,Received,2026-08-31
REO001497,O0124,I0050,14,25,71,Medium,Ordered,2026-08-31
REO001498,O0162,I0059,15,30,85,Medium,Pending,2026-08-31
REO001499,O0261,I0089,21,37,58,Medium,Ordered,2026-08-31
REO001500,O0296,I0095,13,22,47,Medium,Ordered,2026-08-31
REO001501,O0485,I0018,20,25,27,Medium,Approved,2026-08-31
REO001502,O0061,I0029,32,38,31,Medium,Approved,2026-08-31
REO001503,O0039,I0004,7,27,39,High,Approved,2026-08-31
REO001504,O0199,I0066,17,28,41,Medium,Received,2026-08-31
REO001505,O0138,I0057,12,28,41,High,Ordered,2026-08-31
REO001506,O0055,I0025,24,25,99,Medium,Ordered,2026-08-31
REO001507,O0276,I0087,10,13,59,Medium,Ordered,2026-08-31
REO001508,O0427,I0034,18,21,43,Medium,Received,2026-08-31
REO001509,O0228,I0080,16,28,90,Medium,Ordered,2026-08-31
REO001510,O0170,I0064,10,36,118,High,Ordered,2026-08-31
REO001511,O0216,I0075,13,13,35,Medium,Ordered,2026-08-31
REO001512,O0376,I0128,10,17,89,Medium,Ordered,2026-08-31
REO001513,O0415,I0020,29,36,33,Medium,Approved,2026-08-31
REO001514,O0304,I0099,17,19,48,Medium,Approved,2026-08-31
REO001515,O0265,I0091,7,27,92,High,Pending,2026-08-31
REO001516,O0289,I0098,12,34,105,High,Approved,2026-08-31
REO001517,O0024,I0010,12,22,62,Medium,Pending,2026-08-31
REO001518,O0150,I0061,21,30,93,Medium,Ordered,2026-08-31
REO001519,O0333,I0110,9,25,94,High,Ordered,2026-08-31
REO001520,O0263,I0090,10,35,93,High,Pending,2026-08-31
REO001521,O0174,I0058,0,27,50,Critical,Received,2026-08-31
REO001522,O0411,I0021,0,22,69,Critical,Pending,2026-08-31
REO001523,O0481,I0020,23,33,76,Medium,Ordered,2026-08-31
REO001524,O0157,I0065,1,15,91,High,Ordered,2026-08-31
REO001525,O0200,I0070,0,22,46,Critical,Pending,2026-08-31
REO001526,O0494,I0142,10,21,96,High,Received,2026-08-31
REO001527,O0107,I0040,0,19,90,Critical,Approved,2026-08-31
REO001528,O0115,I0044,23,36,36,Medium,Received,2026-08-31
REO001529,O0334,I0113,1,24,60,High,Pending,2026-08-31
REO001530,O0416,I0018,6,23,68,High,Ordered,2026-08-31
REO001531,O0035,I0193,27,34,98,Medium,Received,2026-08-31
REO001532,O0165,I0064,36,37,61,Medium,Ordered,2026-08-31
REO001533,O0078,I0016,29,33,69,Medium,Ordered,2026-08-31
REO001534,O0493,I0139,1,24,102,High,Approved,2026-08-31
REO001535,O0089,I0036,3,17,37,High,Pending,2026-08-31
REO001536,O0256,I0092,33,37,70,Medium,Ordered,2026-08-31
REO001537,O0321,I0112,25,29,35,Medium,Ordered,2026-08-31
REO001538,O0373,I0129,13,23,92,Medium,Pending,2026-08-31
REO001539,O0273,I0087,18,36,34,Medium,Ordered,2026-08-31
REO001540,O0290,I0099,14,18,38,Medium,Pending,2026-08-31
REO001541,O0231,I0080,1,26,48,High,Pending,2026-08-31
REO001542,O0404,I0139,20,28,59,Medium,Received,2026-08-31
REO001543,O0303,I0096,11,33,112,High,Pending,2026-08-31
REO001544,O0395,I0137,24,32,68,Medium,Ordered,2026-08-31
REO001545,O0375,I0126,2,16,39,High,Pending,2026-08-31
REO001546,O0282,I0094,6,15,80,High,Received,2026-08-31
REO001547,O0272,I0092,9,12,75,Medium,Ordered,2026-08-31
REO001548,O0300,I0099,18,24,44,Medium,Received,2026-08-31
REO001549,O0040,I0172,33,33,51,Medium,Received,2026-08-31
REO001550,O0232,I0079,4,8,103,Medium,Approved,2026-08-31
REO001551,O0150,I0064,7,25,106,High,Ordered,2026-08-31
REO001552,O0165,I0059,12,20,85,Medium,Approved,2026-08-31
REO001553,O0226,I0081,16,27,30,Medium,Ordered,2026-08-31
REO001554,O0040,I0190,8,22,41,High,Received,2026-08-31
REO001555,O0236,I0079,5,20,82,High,Approved,2026-08-31
REO001556,O0229,I0079,2,29,62,High,Ordered,2026-08-31
REO001557,O0095,I0021,19,22,84,Medium,Ordered,2026-08-31
REO001558,O0307,I0094,13,20,81,Medium,Ordered,2026-08-31
REO001559,O0195,I0066,20,30,64,Medium,Approved,2026-08-31
REO001560,O0146,I0063,14,19,34,Medium,Ordered,2026-08-31
REO001561,O0304,I0095,23,31,35,Medium,Ordered,2026-08-31
REO001562,O0404,I0141,18,23,61,Medium,Pending,2026-08-31
REO001563,O0182,I0266,27,36,71,Medium,Pending,2026-08-31
REO001564,O0216,I0073,11,18,86,Medium,Ordered,2026-08-31
REO001565,O0342,I0117,19,28,60,Medium,Approved,2026-08-31
REO001566,O0416,I0018,6,23,68,High,Approved,2026-08-31
REO001567,O0296,I0095,13,22,47,Medium,Ordered,2026-08-31
REO001568,O0353,I0119,28,36,98,Medium,Received,2026-08-31
REO001569,O0037,I0006,16,22,54,Medium,Approved,2026-08-31
REO001570,O0010,I0158,1,26,96,High,Pending,2026-08-31
REO001571,O0179,I0060,5,16,83,High,Ordered,2026-08-31
REO001572,O0053,I0020,13,28,46,High,Pending,2026-08-31
REO001573,O0385,I0132,16,28,50,Medium,Pending,2026-08-31
REO001574,O0035,I0197,10,35,84,High,Received,2026-08-31
REO001575,O0384,I0131,1,19,52,High,Ordered,2026-08-31
REO001576,O0191,I0268,26,31,99,Medium,Ordered,2026-08-31
REO001577,O0486,I0025,27,36,62,Medium,Ordered,2026-08-31
REO001578,O0142,I0058,2,16,49,High,Pending,2026-08-31
REO001579,O0436,I0053,0,14,92,Critical,Ordered,2026-08-31
REO001580,O0407,I0142,3,31,73,High,Ordered,2026-08-31
REO001581,O0404,I0139,20,28,59,Medium,Pending,2026-08-31
REO001582,O0200,I0275,11,30,63,High,Pending,2026-08-31
REO001583,O0485,I0018,20,25,27,Medium,Pending,2026-08-31
REO001584,O0165,I0064,36,37,61,Medium,Approved,2026-08-31
REO001585,O0004,I0167,6,22,55,High,Pending,2026-08-31
REO001586,O0005,I0188,24,24,54,Medium,Approved,2026-08-31
REO001587,O0255,I0089,3,13,68,High,Received,2026-08-31
REO001588,O0321,I0112,25,29,35,Medium,Ordered,2026-08-31
REO001589,O0232,I0078,31,31,87,Medium,Pending,2026-08-31
REO001590,O0033,I0164,10,26,66,High,Received,2026-08-31
REO001591,O0264,I0087,14,28,76,Medium,Pending,2026-08-31
REO001592,O0044,I0025,4,30,116,High,Ordered,2026-08-31
REO001593,O0091,I0021,13,19,51,Medium,Ordered,2026-08-31
REO001594,O0094,I0023,4,32,94,High,Received,2026-08-31
REO001595,O0200,I0070,0,22,46,Critical,Received,2026-08-31
REO001596,O0063,I0027,5,20,95,High,Approved,2026-08-31
REO001597,O0150,I0064,7,25,106,High,Ordered,2026-08-31
REO001598,O0186,I0263,14,31,63,High,Pending,2026-08-31
REO001599,O0197,I0270,14,16,31,Medium,Ordered,2026-08-31
REO001600,O0109,I0042,5,15,99,High,Approved,2026-08-31
REO001601,O0031,I0160,4,13,42,High,Pending,2026-08-31
REO001602,O0440,I0054,4,20,90,High,Pending,2026-08-31
REO001603,O0309,I0095,14,30,107,High,Ordered,2026-08-31
REO001604,O0183,I0267,13,22,91,Medium,Ordered,2026-08-31
REO001605,O0199,I0271,15,18,56,Medium,Ordered,2026-08-31
REO001606,O0196,I0273,12,31,105,High,Approved,2026-08-31
REO001607,O0478,I0101,6,28,82,High,Approved,2026-08-31
REO001608,O0179,I0060,5,16,83,High,Pending,2026-08-31
REO001609,O0048,I0024,2,29,107,High,Approved,2026-08-31
REO001610,O0002,I0165,7,13,102,Medium,Approved,2026-08-31
REO001611,O0388,I0130,27,29,59,Medium,Ordered,2026-08-31
REO001612,O0232,I0078,31,31,87,Medium,Ordered,2026-08-31
REO001613,O0031,I0006,6,25,105,High,Ordered,2026-08-31
REO001614,O0127,I0050,20,39,48,Medium,Received,2026-08-31
REO001615,O0245,I0083,5,23,97,High,Approved,2026-08-31
REO001616,O0417,I0018,8,15,58,Medium,Ordered,2026-08-31
REO001617,O0158,I0058,2,26,91,High,Received,2026-08-31
REO001618,O0037,I0006,16,22,54,Medium,Pending,2026-08-31
REO001619,O0194,I0277,23,28,52,Medium,Pending,2026-08-31
REO001620,O0008,I0193,21,21,43,Medium,Pending,2026-08-31
REO001621,O0092,I0020,11,16,86,Medium,Pending,2026-08-31
REO001622,O0278,I0087,20,36,77,Medium,Ordered,2026-08-31
REO001623,O0493,I0139,1,24,102,High,Pending,2026-08-31
REO001624,O0002,I0192,26,32,103,Medium,Approved,2026-08-31
REO001625,O0053,I0024,3,31,120,High,Ordered,2026-08-31
REO001626,O0208,I0073,8,22,63,High,Ordered,2026-08-31
REO001627,O0050,I0022,5,33,83,High,Received,2026-08-31
REO001628,O0204,I0076,14,30,56,High,Pending,2026-08-31
REO001629,O0483,I0022,32,32,28,Medium,Approved,2026-08-31
REO001630,O0175,I0060,6,12,92,Medium,Pending,2026-08-31
REO001631,O0177,I0062,14,30,66,High,Approved,2026-08-31
REO001632,O0390,I0131,13,30,94,High,Received,2026-08-31
REO001633,O0053,I0025,25,29,32,Medium,Ordered,2026-08-31
REO001634,O0177,I0062,14,30,66,High,Received,2026-08-31
REO001635,O0208,I0072,20,28,53,Medium,Ordered,2026-08-31
REO001636,O0390,I0133,7,29,87,High,Ordered,2026-08-31
REO001637,O0132,I0053,9,23,66,High,Pending,2026-08-31
REO001638,O0379,I0128,8,34,57,High,Pending,2026-08-31
REO001639,O0181,I0069,14,24,46,Medium,Ordered,2026-08-31
REO001640,O0442,I0074,34,34,22,Medium,Approved,2026-08-31
REO001641,O0415,I0020,29,36,33,Medium,Approved,2026-08-31
REO001642,O0464,I0018,12,20,70,Medium,Received,2026-08-31
REO001643,O0044,I0018,4,28,48,High,Pending,2026-08-31
REO001644,O0062,I0030,5,17,75,High,Ordered,2026-08-31
REO001645,O0308,I0098,6,12,55,Medium,Ordered,2026-08-31
REO001646,O0218,I0074,14,31,110,High,Ordered,2026-08-31
REO001647,O0374,I0126,8,26,63,High,Ordered,2026-08-31
REO001648,O0110,I0040,9,25,57,High,Approved,2026-08-31
REO001649,O0418,I0022,35,36,86,Medium,Received,2026-08-31
REO001650,O0200,I0268,16,25,34,Medium,Pending,2026-08-31
REO001651,O0002,I0168,32,35,76,Medium,Approved,2026-08-31
REO001652,O0187,I0277,20,24,31,Medium,Approved,2026-08-31
REO001653,O0095,I0018,3,31,98,High,Ordered,2026-08-31
REO001654,O0061,I0027,8,22,52,High,Ordered,2026-08-31
REO001655,O0047,I0022,13,37,94,High,Received,2026-08-31
REO001656,O0059,I0023,20,35,78,Medium,Received,2026-08-31
REO001657,O0061,I0026,11,25,70,High,Ordered,2026-08-31
REO001658,O0143,I0063,18,18,88,Medium,Pending,2026-08-31
REO001659,O0099,I0023,17,27,37,Medium,Approved,2026-08-31
REO001660,O0376,I0128,10,17,89,Medium,Ordered,2026-08-31
REO001661,O0022,I0011,3,16,77,High,Approved,2026-08-31
REO001662,O0444,I0074,15,32,58,High,Ordered,2026-08-31
REO001663,O0179,I0060,5,16,83,High,Received,2026-08-31
REO001664,O0009,I0002,13,14,28,Medium,Approved,2026-08-31
REO001665,O0395,I0137,24,32,68,Medium,Received,2026-08-31
REO001666,O0061,I0029,32,38,31,Medium,Pending,2026-08-31
REO001667,O0188,I0272,23,24,90,Medium,Ordered,2026-08-31
REO001668,O0009,I0167,8,16,45,Medium,Approved,2026-08-31
REO001669,O0174,I0058,0,27,50,Critical,Ordered,2026-08-31
REO001670,O0413,I0023,3,22,102,High,Approved,2026-08-31
REO001671,O0429,I0036,12,29,61,High,Ordered,2026-08-31
REO001672,O0304,I0097,9,12,79,Medium,Approved,2026-08-31
REO001673,O0006,I0160,0,25,82,Critical,Ordered,2026-08-31
REO001674,O0388,I0130,27,29,59,Medium,Pending,2026-08-31
REO001675,O0006,I0168,14,24,40,Medium,Approved,2026-08-31
REO001676,O0165,I0061,13,27,50,High,Approved,2026-08-31
REO001677,O0425,I0035,11,21,97,Medium,Pending,2026-08-31
REO001678,O0435,I0053,11,27,80,High,Approved,2026-08-31
REO001679,O0179,I0063,19,34,102,Medium,Ordered,2026-08-31
REO001680,O0134,I0055,22,34,85,Medium,Received,2026-08-31
REO001681,O0411,I0021,0,22,69,Critical,Approved,2026-08-31
REO001682,O0284,I0095,9,15,55,Medium,Pending,2026-08-31
REO001683,O0195,I0265,4,31,50,High,Received,2026-08-31
REO001684,O0157,I0065,1,15,91,High,Ordered,2026-08-31
REO001685,O0049,I0023,14,19,34,Medium,Approved,2026-08-31
REO001686,O0218,I0075,19,22,69,Medium,Ordered,2026-08-31
REO001687,O0412,I0023,6,14,37,High,Ordered,2026-08-31
REO001688,O0444,I0075,24,25,36,Medium,Ordered,2026-08-31
REO001689,O0454,I0050,16,37,84,High,Ordered,2026-08-31
REO001690,O0086,I0034,12,31,68,High,Received,2026-08-31
REO001691,O0094,I0019,26,26,39,Medium,Pending,2026-08-31
REO001692,O0191,I0268,26,31,99,Medium,Received,2026-08-31
REO001693,O0031,I0158,24,25,32,Medium,Ordered,2026-08-31
REO001694,O0262,I0086,18,33,96,Medium,Ordered,2026-08-31
REO001695,O0228,I0080,16,28,90,Medium,Pending,2026-08-31
REO001696,O0251,I0091,2,23,100,High,Ordered,2026-08-31
REO001697,O0009,I0006,19,27,90,Medium,Ordered,2026-08-31
REO001698,O0296,I0093,9,18,61,Medium,Ordered,2026-08-31
REO001699,O0037,I0198,1,17,77,High,Approved,2026-08-31
REO001700,O0479,I0100,10,34,106,High,Approved,2026-08-31
REO001701,O0008,I0001,15,22,56,Medium,Approved,2026-08-31
REO001702,O0047,I0022,13,37,94,High,Ordered,2026-08-31
REO001703,O0166,I0060,13,24,62,Medium,Pending,2026-08-31
REO001704,O0020,I0008,3,18,94,High,Received,2026-08-31
REO001705,O0270,I0087,24,26,95,Medium,Ordered,2026-08-31
REO001706,O0146,I0063,14,19,34,Medium,Ordered,2026-08-31
REO001707,O0435,I0053,11,27,80,High,Received,2026-08-31
REO001708,O0165,I0061,13,27,50,High,Approved,2026-08-31
REO001709,O0154,I0060,27,38,44,Medium,Approved,2026-08-31
REO001710,O0153,I0061,8,15,46,Medium,Received,2026-08-31
REO001711,O0317,I0108,9,20,108,High,Approved,2026-08-31
REO001712,O0037,I0169,29,32,44,Medium,Ordered,2026-08-31
REO001713,O0302,I0096,17,19,70,Medium,Ordered,2026-08-31
REO001714,O0283,I0097,11,21,98,Medium,Pending,2026-08-31
REO001715,O0219,I0074,10,23,83,High,Approved,2026-08-31
REO001716,O0462,I0024,13,24,37,Medium,Pending,2026-08-31
REO001717,O0380,I0129,13,21,101,Medium,Approved,2026-08-31
REO001718,O0004,I0164,13,30,76,High,Pending,2026-08-31
REO001719,O0290,I0097,29,29,22,Medium,Pending,2026-08-31
REO001720,O0161,I0058,18,23,62,Medium,Ordered,2026-08-31
REO001721,O0002,I0002,18,18,41,Medium,Ordered,2026-08-31
REO001722,O0178,I0064,0,18,93,Critical,Ordered,2026-08-31
REO001723,O0048,I0024,2,29,107,High,Pending,2026-08-31
REO001724,O0092,I0024,4,15,99,High,Approved,2026-08-31
REO001725,O0010,I0158,1,26,96,High,Ordered,2026-08-31
REO001726,O0184,I0067,17,17,62,Medium,Received,2026-08-31
REO001727,O0364,I0122,16,29,64,Medium,Pending,2026-08-31
REO001728,O0467,I0025,24,27,42,Medium,Ordered,2026-08-31
REO001729,O0232,I0079,4,8,103,Medium,Approved,2026-08-31
REO001730,O0049,I0025,11,21,42,Medium,Approved,2026-08-31
REO001731,O0171,I0058,9,25,80,High,Ordered,2026-08-31
REO001732,O0189,I0271,16,18,36,Medium,Pending,2026-08-31
REO001733,O0002,I0200,13,25,31,Medium,Approved,2026-08-31
REO001734,O0236,I0081,0,27,111,Critical,Approved,2026-08-31
REO001735,O0142,I0064,5,18,95,High,Ordered,2026-08-31
REO001736,O0205,I0073,26,27,29,Medium,Ordered,2026-08-31
REO001737,O0177,I0058,2,26,63,High,Received,2026-08-31
REO001738,O0179,I0060,5,16,83,High,Approved,2026-08-31
REO001739,O0002,I0200,13,25,31,Medium,Ordered,2026-08-31
REO001740,O0166,I0058,13,35,84,High,Received,2026-08-31
REO001741,O0453,I0051,12,33,85,High,Approved,2026-08-31
REO001742,O0335,I0112,17,33,81,Medium,Received,2026-08-31
REO001743,O0169,I0061,22,27,92,Medium,Ordered,2026-08-31
REO001744,O0395,I0137,24,32,68,Medium,Ordered,2026-08-31
REO001745,O0172,I0063,0,32,116,Critical,Pending,2026-08-31
REO001746,O0353,I0119,28,36,98,Medium,Pending,2026-08-31
REO001747,O0020,I0195,13,14,33,Medium,Ordered,2026-08-31
REO001748,O0193,I0275,12,18,101,Medium,Ordered,2026-08-31
REO001749,O0122,I0049,25,28,24,Medium,Approved,2026-08-31
REO001750,O0094,I0023,4,32,94,High,Ordered,2026-08-31
REO001751,O0301,I0098,9,16,54,Medium,Received,2026-08-31
REO001752,O0191,I0071,10,23,64,High,Approved,2026-08-31
REO001753,O0033,I0164,10,26,66,High,Ordered,2026-08-31
REO001754,O0054,I0018,26,33,37,Medium,Ordered,2026-08-31
REO001755,O0252,I0086,22,23,37,Medium,Received,2026-08-31
REO001756,O0199,I0274,16,30,59,Medium,Ordered,2026-08-31
REO001757,O0012,I0161,10,31,66,High,Pending,2026-08-31
REO001758,O0442,I0072,17,32,90,Medium,Ordered,2026-08-31
REO001759,O0142,I0064,5,18,95,High,Ordered,2026-08-31
REO001760,O0291,I0094,1,14,99,High,Ordered,2026-08-31
REO001761,O0220,I0073,7,15,43,High,Ordered,2026-08-31
REO001762,O0052,I0024,15,30,59,Medium,Ordered,2026-08-31
REO001763,O0037,I0198,1,17,77,High,Received,2026-08-31
REO001764,O0165,I0061,13,27,50,High,Approved,2026-08-31
REO001765,O0465,I0020,9,28,41,High,Received,2026-08-31
REO001766,O0094,I0019,26,26,39,Medium,Approved,2026-08-31
REO001767,O0205,I0073,26,27,29,Medium,Ordered,2026-08-31
REO001768,O0044,I0018,4,28,48,High,Pending,2026-08-31
REO001769,O0481,I0018,12,27,49,High,Ordered,2026-08-31
REO001770,O0034,I0003,12,15,70,Medium,Approved,2026-08-31
REO001771,O0007,I0170,5,16,50,High,Ordered,2026-08-31
REO001772,O0422,I0034,15,20,33,Medium,Pending,2026-08-31
REO001773,O0181,I0069,14,24,46,Medium,Pending,2026-08-31
REO001774,O0463,I0023,9,22,91,High,Approved,2026-08-31
REO001775,O0200,I0068,15,30,67,Medium,Ordered,2026-08-31
REO001776,O0273,I0087,18,36,34,Medium,Received,2026-08-31
REO001777,O0270,I0087,24,26,95,Medium,Received,2026-08-31
REO001778,O0186,I0071,15,23,54,Medium,Pending,2026-08-31
REO001779,O0095,I0022,22,26,52,Medium,Approved,2026-08-31
REO001780,O0023,I0013,18,26,72,Medium,Pending,2026-08-31
REO001781,O0017,I0164,8,22,43,High,Pending,2026-08-31
REO001782,O0009,I0167,8,16,45,Medium,Approved,2026-08-31
REO001783,O0274,I0086,6,32,122,High,Pending,2026-08-31
REO001784,O0197,I0273,22,29,38,Medium,Ordered,2026-08-31
REO001785,O0035,I0197,10,35,84,High,Received,2026-08-31
REO001786,O0276,I0092,30,34,75,Medium,Approved,2026-08-31
REO001787,O0301,I0094,20,20,53,Medium,Ordered,2026-08-31
REO001788,O0066,I0028,17,28,56,Medium,Approved,2026-08-31
REO001789,O0376,I0127,20,24,48,Medium,Received,2026-08-31
REO001790,O0425,I0037,16,33,104,High,Ordered,2026-08-31
REO001791,O0124,I0050,14,25,71,Medium,Ordered,2026-08-31
REO001792,O0196,I0263,18,26,69,Medium,Ordered,2026-08-31
REO001793,O0005,I0006,3,23,110,High,Approved,2026-08-31
REO001794,O0142,I0063,4,37,66,High,Received,2026-08-31
REO001795,O0072,I0011,30,31,37,Medium,Approved,2026-08-31
REO001796,O0480,I0100,12,32,79,High,Ordered,2026-08-31
REO001797,O0009,I0002,13,14,28,Medium,Ordered,2026-08-31
REO001798,O0277,I0089,9,33,101,High,Approved,2026-08-31
REO001799,O0347,I0115,16,22,57,Medium,Pending,2026-08-31
REO001800,O0253,I0086,0,25,117,Critical,Approved,2026-08-31
REO001801,O0444,I0075,24,25,36,Medium,Ordered,2026-08-31
REO001802,O0284,I0093,3,19,59,High,Pending,2026-08-31
REO001803,O0184,I0070,2,27,96,High,Pending,2026-08-31
REO001804,O0182,I0266,27,36,71,Medium,Received,2026-08-31
REO001805,O0124,I0051,28,29,64,Medium,Ordered,2026-08-31
REO001806,O0037,I0169,29,32,44,Medium,Received,2026-08-31
REO001807,O0191,I0268,26,31,99,Medium,Pending,2026-08-31
REO001808,O0050,I0018,8,10,48,Medium,Pending,2026-08-31
REO001809,O0180,I0058,17,29,82,Medium,Ordered,2026-08-31
REO001810,O0002,I0192,26,32,103,Medium,Ordered,2026-08-31
REO001811,O0498,I0138,5,22,109,High,Pending,2026-08-31
REO001812,O0031,I0158,24,25,32,Medium,Pending,2026-08-31
REO001813,O0493,I0139,1,24,102,High,Ordered,2026-08-31
REO001814,O0199,I0068,17,26,87,Medium,Received,2026-08-31
REO001815,O0177,I0058,2,26,63,High,Approved,2026-08-31
REO001816,O0174,I0063,7,31,66,High,Pending,2026-08-31
REO001817,O0023,I0013,18,26,72,Medium,Pending,2026-08-31
REO001818,O0012,I0007,6,34,107,High,Pending,2026-08-31
REO001819,O0224,I0081,10,11,33,Medium,Ordered,2026-08-31
REO001820,O0111,I0046,17,23,85,Medium,Ordered,2026-08-31
REO001821,O0175,I0060,6,12,92,Medium,Received,2026-08-31
REO001822,O0157,I0065,1,15,91,High,Ordered,2026-08-31
REO001823,O0376,I0127,20,24,48,Medium,Pending,2026-08-31
REO001824,O0078,I0017,8,19,43,High,Pending,2026-08-31
REO001825,O0161,I0058,18,23,62,Medium,Pending,2026-08-31
REO001826,O0307,I0094,13,20,81,Medium,Ordered,2026-08-31
REO001827,O0107,I0040,0,19,90,Critical,Pending,2026-08-31
REO001828,O0286,I0094,23,24,51,Medium,Approved,2026-08-31
REO001829,O0159,I0063,5,17,48,High,Approved,2026-08-31
REO001830,O0118,I0047,12,16,38,Medium,Ordered,2026-08-31
REO001831,O0410,I0142,14,14,53,Medium,Approved,2026-08-31
REO001832,O0340,I0111,3,35,93,High,Ordered,2026-08-31
REO001833,O0483,I0022,32,32,28,Medium,Received,2026-08-31
REO001834,O0025,I0016,2,24,77,High,Ordered,2026-08-31
REO001835,O0187,I0275,4,20,88,High,Received,2026-08-31
REO001836,O0040,I0198,20,21,28,Medium,Pending,2026-08-31
REO001837,O0246,I0084,15,34,103,High,Pending,2026-08-31
REO001838,O0452,I0052,27,31,101,Medium,Ordered,2026-08-31
REO001839,O0164,I0062,19,27,60,Medium,Approved,2026-08-31
REO001840,O0085,I0034,15,29,38,Medium,Pending,2026-08-31
REO001841,O0197,I0270,14,16,31,Medium,Pending,2026-08-31
REO001842,O0065,I0028,6,29,77,High,Ordered,2026-08-31
REO001843,O0307,I0094,13,20,81,Medium,Pending,2026-08-31
REO001844,O0270,I0087,24,26,95,Medium,Approved,2026-08-31
REO001845,O0453,I0051,12,33,85,High,Pending,2026-08-31
REO001846,O0263,I0090,10,35,93,High,Ordered,2026-08-31
REO001847,O0364,I0123,0,25,97,Critical,Ordered,2026-08-31
REO001848,O0346,I0115,15,17,33,Medium,Approved,2026-08-31
REO001849,O0216,I0073,11,18,86,Medium,Received,2026-08-31
REO001850,O0301,I0096,5,19,48,High,Ordered,2026-08-31
REO001851,O0298,I0094,21,21,67,Medium,Approved,2026-08-31
REO001852,O0279,I0086,19,19,70,Medium,Ordered,2026-08-31
REO001853,O0020,I0195,13,14,33,Medium,Ordered,2026-08-31
REO001854,O0079,I0013,14,15,47,Medium,Approved,2026-08-31
REO001855,O0256,I0086,1,18,111,High,Pending,2026-08-31
REO001856,O0211,I0073,24,33,57,Medium,Approved,2026-08-31
REO001857,O0246,I0083,5,12,90,High,Approved,2026-08-31
REO001858,O0124,I0051,28,29,64,Medium,Pending,2026-08-31
REO001859,O0314,I0108,23,27,92,Medium,Approved,2026-08-31
REO001860,O0411,I0021,0,22,69,Critical,Ordered,2026-08-31
REO001861,O0188,I0068,10,22,44,High,Pending,2026-08-31
REO001862,O0128,I0050,12,17,91,Medium,Ordered,2026-08-31
REO001863,O0263,I0090,10,35,93,High,Received,2026-08-31
REO001864,O0085,I0034,15,29,38,Medium,Ordered,2026-08-31
REO001865,O0236,I0079,5,20,82,High,Ordered,2026-08-31
REO001866,O0016,I0191,1,25,51,High,Ordered,2026-08-31
REO001867,O0456,I0049,1,17,49,High,Pending,2026-08-31
REO001868,O0001,I0190,18,24,59,Medium,Approved,2026-08-31
REO001869,O0290,I0097,29,29,22,Medium,Received,2026-08-31
REO001870,O0020,I0168,8,27,79,High,Received,2026-08-31
REO001871,O0314,I0106,18,23,89,Medium,Approved,2026-08-31
REO001872,O0276,I0087,10,13,59,Medium,Ordered,2026-08-31
REO001873,O0364,I0123,0,25,97,Critical,Approved,2026-08-31
REO001874,O0004,I0167,6,22,55,High,Approved,2026-08-31
REO001875,O0013,I0167,13,31,80,High,Approved,2026-08-31
REO001876,O0210,I0076,10,16,50,Medium,Approved,2026-08-31
REO001877,O0155,I0058,13,25,92,Medium,Pending,2026-08-31
REO001878,O0003,I0165,16,31,47,Medium,Ordered,2026-08-31
REO001879,O0040,I0198,20,21,28,Medium,Approved,2026-08-31
REO001880,O0304,I0099,17,19,48,Medium,Ordered,2026-08-31
REO001881,O0186,I0267,34,37,55,Medium,Approved,2026-08-31
REO001882,O0174,I0058,0,27,50,Critical,Received,2026-08-31
REO001883,O0158,I0058,2,26,91,High,Pending,2026-08-31
REO001884,O0146,I0063,14,19,34,Medium,Pending,2026-08-31
REO001885,O0007,I0170,5,16,50,High,Ordered,2026-08-31
REO001886,O0298,I0094,21,21,67,Medium,Pending,2026-08-31
REO001887,O0119,I0044,12,20,41,Medium,Ordered,2026-08-31
REO001888,O0224,I0079,13,31,106,High,Received,2026-08-31
REO001889,O0492,I0140,18,33,46,Medium,Approved,2026-08-31
REO001890,O0020,I0008,3,18,94,High,Ordered,2026-08-31
REO001891,O0049,I0023,14,19,34,Medium,Received,2026-08-31
REO001892,O0435,I0053,11,27,80,High,Approved,2026-08-31
REO001893,O0039,I0004,7,27,39,High,Pending,2026-08-31
REO001894,O0182,I0266,27,36,71,Medium,Approved,2026-08-31
REO001895,O0134,I0055,22,34,85,Medium,Ordered,2026-08-31
REO001896,O0415,I0022,23,29,52,Medium,Ordered,2026-08-31
REO001897,O0451,I0050,10,15,40,Medium,Received,2026-08-31
REO001898,O0251,I0091,2,23,100,High,Approved,2026-08-31
REO001899,O0431,I0056,26,29,41,Medium,Ordered,2026-08-31
REO001900,O0273,I0087,18,36,34,Medium,Approved,2026-08-31
REO001901,O0050,I0022,5,33,83,High,Approved,2026-08-31
REO001902,O0348,I0116,10,24,104,High,Received,2026-08-31
REO001903,O0454,I0050,16,37,84,High,Ordered,2026-08-31
REO001904,O0058,I0018,23,26,46,Medium,Pending,2026-08-31
REO001905,O0388,I0130,27,29,59,Medium,Pending,2026-08-31
REO001906,O0417,I0025,4,28,49,High,Approved,2026-08-31
REO001907,O0283,I0097,11,21,98,Medium,Pending,2026-08-31
REO001908,O0136,I0055,12,31,56,High,Pending,2026-08-31
REO001909,O0163,I0064,19,24,67,Medium,Received,2026-08-31
REO001910,O0162,I0059,15,30,85,Medium,Approved,2026-08-31
REO001911,O0415,I0024,20,21,56,Medium,Pending,2026-08-31
REO001912,O0194,I0269,0,21,106,Critical,Ordered,2026-08-31
REO001913,O0199,I0271,15,18,56,Medium,Ordered,2026-08-31
REO001914,O0417,I0018,8,15,58,Medium,Approved,2026-08-31
REO001915,O0078,I0016,29,33,69,Medium,Approved,2026-08-31
REO001916,O0097,I0020,8,19,39,High,Pending,2026-08-31
REO001917,O0161,I0058,18,23,62,Medium,Approved,2026-08-31
REO001918,O0276,I0092,30,34,75,Medium,Ordered,2026-08-31
REO001919,O0002,I0002,18,18,41,Medium,Approved,2026-08-31
REO001920,O0188,I0071,21,25,58,Medium,Pending,2026-08-31
REO001921,O0461,I0019,13,30,94,High,Pending,2026-08-31
REO001922,O0342,I0117,19,28,60,Medium,Pending,2026-08-31
REO001923,O0415,I0020,29,36,33,Medium,Ordered,2026-08-31
REO001924,O0200,I0071,0,20,117,Critical,Ordered,2026-08-31
REO001925,O0200,I0268,16,25,34,Medium,Approved,2026-08-31
REO001926,O0169,I0061,22,27,92,Medium,Ordered,2026-08-31
REO001927,O0039,I0163,0,16,111,Critical,Ordered,2026-08-31
REO001928,O0415,I0024,20,21,56,Medium,Pending,2026-08-31
REO001929,O0192,I0275,1,28,92,High,Ordered,2026-08-31
REO001930,O0433,I0055,21,24,66,Medium,Received,2026-08-31
REO001931,O0142,I0058,2,16,49,High,Received,2026-08-31
REO001932,O0438,I0056,1,28,82,High,Pending,2026-08-31
REO001933,O0376,I0126,3,10,89,High,Pending,2026-08-31
REO001934,O0063,I0027,5,20,95,High,Ordered,2026-08-31
REO001935,O0179,I0060,5,16,83,High,Pending,2026-08-31
REO001936,O0463,I0024,7,31,77,High,Ordered,2026-08-31
REO001937,O0342,I0117,19,28,60,Medium,Ordered,2026-08-31
REO001938,O0173,I0064,0,10,57,Critical,Received,2026-08-31
REO001939,O0163,I0063,2,23,99,High,Received,2026-08-31
REO001940,O0130,I0049,20,33,30,Medium,Pending,2026-08-31
REO001941,O0021,I0014,9,20,91,High,Approved,2026-08-31
REO001942,O0472,I0103,0,35,102,Critical,Ordered,2026-08-31
REO001943,O0169,I0065,15,18,42,Medium,Approved,2026-08-31
REO001944,O0284,I0093,3,19,59,High,Received,2026-08-31
REO001945,O0050,I0018,8,10,48,Medium,Ordered,2026-08-31
REO001946,O0193,I0276,19,37,53,Medium,Received,2026-08-31
REO001947,O0416,I0019,8,32,79,High,Received,2026-08-31
REO001948,O0015,I0167,10,17,32,Medium,Ordered,2026-08-31
REO001949,O0074,I0017,9,29,67,High,Pending,2026-08-31
REO001950,O0194,I0066,13,33,76,High,Received,2026-08-31
REO001951,O0415,I0024,20,21,56,Medium,Pending,2026-08-31
REO001952,O0022,I0014,10,28,50,High,Ordered,2026-08-31
REO001953,O0422,I0034,15,20,33,Medium,Received,2026-08-31
REO001954,O0484,I0024,8,32,108,High,Received,2026-08-31
REO001955,O0138,I0057,12,28,41,High,Approved,2026-08-31
REO001956,O0005,I0160,7,14,92,Medium,Pending,2026-08-31
REO001957,O0002,I0165,7,13,102,Medium,Pending,2026-08-31
REO001958,O0174,I0063,7,31,66,High,Pending,2026-08-31
REO001959,O0016,I0197,1,32,90,High,Approved,2026-08-31
REO001960,O0033,I0193,10,18,77,Medium,Approved,2026-08-31
REO001961,O0058,I0018,23,26,46,Medium,Approved,2026-08-31
REO001962,O0165,I0059,12,20,85,Medium,Ordered,2026-08-31
REO001963,O0417,I0025,4,28,49,High,Ordered,2026-08-31
REO001964,O0003,I0003,3,29,52,High,Ordered,2026-08-31
REO001965,O0409,I0139,32,32,55,Medium,Pending,2026-08-31
REO001966,O0309,I0095,14,30,107,High,Received,2026-08-31
REO001967,O0401,I0142,15,17,38,Medium,Pending,2026-08-31
REO001968,O0113,I0045,32,36,75,Medium,Received,2026-08-31
REO001969,O0455,I0052,18,21,81,Medium,Received,2026-08-31
REO001970,O0004,I0001,19,38,95,Medium,Pending,2026-08-31
REO001971,O0282,I0094,6,15,80,High,Approved,2026-08-31
REO001972,O0154,I0060,27,38,44,Medium,Pending,2026-08-31
REO001973,O0171,I0062,5,11,75,High,Pending,2026-08-31
REO001974,O0480,I0100,12,32,79,High,Pending,2026-08-31
REO001975,O0431,I0057,18,31,73,Medium,Pending,2026-08-31
REO001976,O0467,I0023,3,18,92,High,Ordered,2026-08-31
REO001977,O0271,I0086,1,27,66,High,Approved,2026-08-31
REO001978,O0163,I0064,19,24,67,Medium,Ordered,2026-08-31
REO001979,O0277,I0089,9,33,101,High,Approved,2026-08-31
REO001980,O0180,I0065,11,36,68,High,Approved,2026-08-31
REO001981,O0223,I0078,4,34,104,High,Ordered,2026-08-31
REO001982,O0118,I0047,12,16,38,Medium,Approved,2026-08-31
REO001983,O0157,I0065,1,15,91,High,Approved,2026-08-31
REO001984,O0193,I0276,19,37,53,Medium,Pending,2026-08-31
REO001985,O0451,I0050,10,15,40,Medium,Pending,2026-08-31
REO001986,O0498,I0138,5,22,109,High,Ordered,2026-08-31
REO001987,O0035,I0006,21,21,41,Medium,Received,2026-08-31
REO001988,O0017,I0164,8,22,43,High,Approved,2026-08-31
REO001989,O0059,I0023,20,35,78,Medium,Ordered,2026-08-31
REO001990,O0165,I0062,5,19,79,High,Ordered,2026-08-31
REO001991,O0367,I0122,6,34,91,High,Pending,2026-08-31
REO001992,O0038,I0161,3,30,89,High,Ordered,2026-08-31
REO001993,O0050,I0022,5,33,83,High,Received,2026-08-31
REO001994,O0309,I0097,13,32,62,High,Approved,2026-08-31
REO001995,O0289,I0098,12,34,105,High,Pending,2026-08-31
REO001996,O0375,I0126,2,16,39,High,Approved,2026-08-31
REO001997,O0481,I0020,23,33,76,Medium,Ordered,2026-08-31
REO001998,O0415,I0022,23,29,52,Medium,Received,2026-08-31
REO001999,O0002,I0167,5,26,84,High,Received,2026-08-31
REO002000,O0499,I0139,6,18,78,High,Ordered,2026-08-31
REO002001,O0165,I0064,36,37,61,Medium,Ordered,2026-08-31
REO002002,O0200,I0070,0,22,46,Critical,Ordered,2026-08-31
REO002003,O0197,I0067,22,28,89,Medium,Approved,2026-08-31
REO002004,O0494,I0142,10,21,96,High,Ordered,2026-08-31
REO002005,O0258,I0087,7,17,57,High,Received,2026-08-31
REO002006,O0121,I0050,21,25,90,Medium,Ordered,2026-08-31
REO002007,O0150,I0064,7,25,106,High,Received,2026-08-31
REO002008,O0106,I0039,9,11,86,Medium,Ordered,2026-08-31
REO002009,O0465,I0018,9,22,72,High,Ordered,2026-08-31
REO002010,O0058,I0019,17,25,97,Medium,Ordered,2026-08-31
REO002011,O0321,I0112,25,29,35,Medium,Ordered,2026-08-31
REO002012,O0484,I0024,8,32,108,High,Pending,2026-08-31
REO002013,O0009,I0167,8,16,45,Medium,Ordered,2026-08-31
REO002014,O0413,I0023,3,22,102,High,Ordered,2026-08-31
REO002015,O0196,I0263,18,26,69,Medium,Approved,2026-08-31
REO002016,O0283,I0097,11,21,98,Medium,Ordered,2026-08-31
REO002017,O0004,I0164,13,30,76,High,Ordered,2026-08-31
REO002018,O0066,I0027,13,22,59,Medium,Received,2026-08-31
REO002019,O0155,I0065,0,19,84,Critical,Approved,2026-08-31
REO002020,O0472,I0103,0,35,102,Critical,Received,2026-08-31
REO002021,O0031,I0162,23,25,90,Medium,Pending,2026-08-31
REO002022,O0164,I0062,19,27,60,Medium,Received,2026-08-31
REO002023,O0082,I0035,14,22,70,Medium,Pending,2026-08-31
REO002024,O0065,I0029,28,30,45,Medium,Ordered,2026-08-31
REO002025,O0016,I0197,1,32,90,High,Ordered,2026-08-31
REO002026,O0096,I0024,5,31,66,High,Ordered,2026-08-31
REO002027,O0193,I0275,12,18,101,Medium,Received,2026-08-31
REO002028,O0092,I0020,11,16,86,Medium,Received,2026-08-31
REO002029,O0490,I0025,25,29,65,Medium,Pending,2026-08-31
REO002030,O0316,I0107,16,26,85,Medium,Approved,2026-08-31
REO002031,O0416,I0019,8,32,79,High,Received,2026-08-31
REO002032,O0003,I0003,3,29,52,High,Approved,2026-08-31
REO002033,O0134,I0055,22,34,85,Medium,Pending,2026-08-31
REO002034,O0169,I0061,22,27,92,Medium,Ordered,2026-08-31
REO002035,O0317,I0108,9,20,108,High,Ordered,2026-08-31
REO002036,O0155,I0058,13,25,92,Medium,Received,2026-08-31
REO002037,O0498,I0142,18,21,80,Medium,Pending,2026-08-31
REO002038,O0146,I0063,14,19,34,Medium,Ordered,2026-08-31
REO002039,O0199,I0066,17,28,41,Medium,Pending,2026-08-31
REO002040,O0033,I0193,10,18,77,Medium,Received,2026-08-31
REO002041,O0095,I0020,20,24,28,Medium,Ordered,2026-08-31
REO002042,O0049,I0020,2,32,92,High,Received,2026-08-31
REO002043,O0019,I0167,13,31,74,High,Ordered,2026-08-31
REO002044,O0294,I0095,28,30,84,Medium,Approved,2026-08-31
REO002045,O0122,I0052,14,23,106,Medium,Approved,2026-08-31
REO002046,O0469,I0018,16,29,70,Medium,Approved,2026-08-31
REO002047,O0426,I0034,26,37,81,Medium,Ordered,2026-08-31
REO002048,O0278,I0088,16,23,46,Medium,Pending,2026-08-31
REO002049,O0229,I0079,2,29,62,High,Approved,2026-08-31
REO002050,O0006,I0169,3,29,89,High,Ordered,2026-08-31
REO002051,O0074,I0015,1,31,81,High,Ordered,2026-08-31
REO002052,O0060,I0023,6,14,89,High,Pending,2026-08-31
REO002053,O0453,I0050,32,33,22,Medium,Ordered,2026-08-31
REO002054,O0415,I0022,23,29,52,Medium,Received,2026-08-31
REO002055,O0058,I0025,0,10,90,Critical,Pending,2026-08-31
REO002056,O0006,I0001,8,35,62,High,Pending,2026-08-31
REO002057,O0170,I0064,10,36,118,High,Pending,2026-08-31
REO002058,O0107,I0040,0,19,90,Critical,Approved,2026-08-31
REO002059,O0025,I0016,2,24,77,High,Pending,2026-08-31
REO002060,O0038,I0161,3,30,89,High,Approved,2026-08-31
REO002061,O0429,I0033,7,29,44,High,Ordered,2026-08-31
REO002062,O0418,I0020,13,28,72,High,Pending,2026-08-31
REO002063,O0186,I0071,15,23,54,Medium,Pending,2026-08-31
REO002064,O0174,I0063,7,31,66,High,Pending,2026-08-31
REO002065,O0340,I0111,3,35,93,High,Ordered,2026-08-31
REO002066,O0089,I0033,9,23,51,High,Approved,2026-08-31
REO002067,O0092,I0024,4,15,99,High,Received,2026-08-31
REO002068,O0447,I0076,8,26,87,High,Pending,2026-08-31
REO002069,O0463,I0023,9,22,91,High,Approved,2026-08-31
REO002070,O0289,I0098,12,34,105,High,Received,2026-08-31
REO002071,O0163,I0063,2,23,99,High,Ordered,2026-08-31
REO002072,O0003,I0009,1,32,57,High,Received,2026-08-31
REO002073,O0035,I0197,10,35,84,High,Ordered,2026-08-31
REO002074,O0165,I0064,36,37,61,Medium,Approved,2026-08-31
REO002075,O0347,I0115,16,22,57,Medium,Ordered,2026-08-31
REO002076,O0334,I0113,1,24,60,High,Received,2026-08-31
REO002077,O0017,I0197,24,28,75,Medium,Pending,2026-08-31
REO002078,O0063,I0027,5,20,95,High,Pending,2026-08-31
REO002079,O0346,I0115,15,17,33,Medium,Ordered,2026-08-31
REO002080,O0074,I0017,9,29,67,High,Ordered,2026-08-31
REO002081,O0235,I0078,34,35,43,Medium,Ordered,2026-08-31
REO002082,O0134,I0057,13,34,109,High,Pending,2026-08-31
REO002083,O0044,I0020,26,34,46,Medium,Ordered,2026-08-31
REO002084,O0092,I0020,11,16,86,Medium,Ordered,2026-08-31
REO002085,O0301,I0098,9,16,54,Medium,Pending,2026-08-31
REO002086,O0404,I0139,20,28,59,Medium,Received,2026-08-31
REO002087,O0150,I0061,21,30,93,Medium,Pending,2026-08-31
REO002088,O0184,I0263,10,17,86,Medium,Ordered,2026-08-31
REO002089,O0463,I0023,9,22,91,High,Pending,2026-08-31
REO002090,O0498,I0138,5,22,109,High,Ordered,2026-08-31
REO002091,O0187,I0276,9,35,70,High,Pending,2026-08-31
REO002092,O0309,I0095,14,30,107,High,Approved,2026-08-31
REO002093,O0467,I0025,24,27,42,Medium,Ordered,2026-08-31
REO002094,O0017,I0005,13,26,75,Medium,Pending,2026-08-31
REO002095,O0422,I0034,15,20,33,Medium,Approved,2026-08-31
REO002096,O0303,I0096,11,33,112,High,Ordered,2026-08-31
REO002097,O0413,I0018,22,32,37,Medium,Received,2026-08-31
REO002098,O0177,I0064,14,32,101,High,Approved,2026-08-31
REO002099,O0022,I0014,10,28,50,High,Approved,2026-08-31
REO002100,O0468,I0020,8,27,66,High,Pending,2026-08-31
REO002101,O0239,I0079,26,26,83,Medium,Received,2026-08-31
REO002102,O0039,I0191,10,37,46,High,Ordered,2026-08-31
REO002103,O0220,I0074,20,35,49,Medium,Pending,2026-08-31
REO002104,O0125,I0050,3,29,57,High,Approved,2026-08-31
REO002105,O0483,I0022,32,32,28,Medium,Ordered,2026-08-31
REO002106,O0472,I0103,0,35,102,Critical,Pending,2026-08-31
REO002107,O0380,I0129,13,21,101,Medium,Approved,2026-08-31
REO002108,O0199,I0269,13,28,81,High,Received,2026-08-31
REO002109,O0340,I0112,18,34,33,Medium,Ordered,2026-08-31
REO002110,O0399,I0136,22,26,56,Medium,Ordered,2026-08-31
REO002111,O0078,I0016,29,33,69,Medium,Ordered,2026-08-31
REO002112,O0299,I0093,4,16,89,High,Ordered,2026-08-31
REO002113,O0199,I0068,17,26,87,Medium,Received,2026-08-31
REO002114,O0095,I0018,3,31,98,High,Approved,2026-08-31
REO002115,O0172,I0058,11,30,110,High,Pending,2026-08-31
REO002116,O0415,I0020,29,36,33,Medium,Pending,2026-08-31
REO002117,O0017,I0005,13,26,75,Medium,Pending,2026-08-31
REO002118,O0320,I0106,16,23,27,Medium,Approved,2026-08-31
REO002119,O0177,I0059,7,28,80,High,Ordered,2026-08-31
REO002120,O0190,I0264,0,30,108,Critical,Received,2026-08-31
REO002121,O0346,I0114,16,26,42,Medium,Approved,2026-08-31
REO002122,O0003,I0007,4,16,36,High,Ordered,2026-08-31
REO002123,O0039,I0191,10,37,46,High,Received,2026-08-31
REO002124,O0037,I0169,29,32,44,Medium,Pending,2026-08-31
REO002125,O0182,I0266,27,36,71,Medium,Ordered,2026-08-31
REO002126,O0035,I0006,21,21,41,Medium,Pending,2026-08-31
REO002127,O0263,I0091,4,12,99,High,Approved,2026-08-31
REO002128,O0015,I0196,6,15,66,High,Approved,2026-08-31
REO002129,O0352,I0121,26,27,42,Medium,Ordered,2026-08-31
REO002130,O0109,I0042,5,15,99,High,Ordered,2026-08-31
REO002131,O0205,I0073,26,27,29,Medium,Ordered,2026-08-31
REO002132,O0429,I0033,7,29,44,High,Ordered,2026-08-31
REO002133,O0015,I0196,6,15,66,High,Pending,2026-08-31
REO002134,O0384,I0132,3,19,75,High,Approved,2026-08-31
REO002135,O0016,I0197,1,32,90,High,Ordered,2026-08-31
REO002136,O0416,I0020,8,23,110,High,Ordered,2026-08-31
REO002137,O0169,I0065,15,18,42,Medium,Approved,2026-08-31
REO002138,O0016,I0197,1,32,90,High,Ordered,2026-08-31
REO002139,O0187,I0275,4,20,88,High,Approved,2026-08-31
REO002140,O0033,I0193,10,18,77,Medium,Pending,2026-08-31
REO002141,O0044,I0020,26,34,46,Medium,Received,2026-08-31
REO002142,O0419,I0023,13,31,113,High,Ordered,2026-08-31
REO002143,O0208,I0073,8,22,63,High,Received,2026-08-31
REO002144,O0197,I0270,14,16,31,Medium,Received,2026-08-31
REO002145,O0478,I0101,6,28,82,High,Approved,2026-08-31
REO002146,O0105,I0038,20,30,45,Medium,Ordered,2026-08-31
REO002147,O0062,I0029,7,29,93,High,Pending,2026-08-31
REO002148,O0144,I0060,10,21,42,High,Ordered,2026-08-31
REO002149,O0143,I0061,12,16,31,Medium,Pending,2026-08-31
REO002150,O0399,I0136,22,26,56,Medium,Ordered,2026-08-31
REO002151,O0033,I0164,10,26,66,High,Pending,2026-08-31
REO002152,O0065,I0029,28,30,45,Medium,Approved,2026-08-31
REO002153,O0186,I0271,17,18,75,Medium,Ordered,2026-08-31
REO002154,O0453,I0051,12,33,85,High,Pending,2026-08-31
REO002155,O0225,I0077,1,11,96,High,Pending,2026-08-31
REO002156,O0019,I0167,13,31,74,High,Approved,2026-08-31
REO002157,O0055,I0025,24,25,99,Medium,Approved,2026-08-31
REO002158,O0185,I0068,10,32,55,High,Ordered,2026-08-31
REO002159,O0144,I0060,10,21,42,High,Pending,2026-08-31
REO002160,O0124,I0050,14,25,71,Medium,Pending,2026-08-31
REO002161,O0286,I0094,23,24,51,Medium,Ordered,2026-08-31
REO002162,O0219,I0074,10,23,83,High,Ordered,2026-08-31
REO002163,O0165,I0059,12,20,85,Medium,Pending,2026-08-31
REO002164,O0044,I0021,25,28,61,Medium,Approved,2026-08-31
REO002165,O0284,I0099,23,32,96,Medium,Approved,2026-08-31
REO002166,O0143,I0063,18,18,88,Medium,Received,2026-08-31
REO002167,O0317,I0108,9,20,108,High,Pending,2026-08-31
REO002168,O0172,I0063,0,32,116,Critical,Pending,2026-08-31
REO002169,O0008,I0159,23,35,100,Medium,Ordered,2026-08-31
REO002170,O0373,I0128,4,13,42,High,Pending,2026-08-31
REO002171,O0220,I0073,7,15,43,High,Approved,2026-08-31
REO002172,O0354,I0118,24,26,43,Medium,Received,2026-08-31
REO002173,O0157,I0065,1,15,91,High,Ordered,2026-08-31
REO002174,O0199,I0277,17,21,30,Medium,Received,2026-08-31
REO002175,O0058,I0025,0,10,90,Critical,Pending,2026-08-31
REO002176,O0193,I0268,21,22,41,Medium,Received,2026-08-31
REO002177,O0470,I0023,14,20,29,Medium,Approved,2026-08-31
REO002178,O0246,I0083,5,12,90,High,Approved,2026-08-31
REO002179,O0028,I0015,2,27,50,High,Ordered,2026-08-31
REO002180,O0008,I0193,21,21,43,Medium,Approved,2026-08-31
REO002181,O0218,I0074,14,31,110,High,Ordered,2026-08-31
REO002182,O0055,I0025,24,25,99,Medium,Pending,2026-08-31
REO002183,O0196,I0273,12,31,105,High,Received,2026-08-31
REO002184,O0033,I0164,10,26,66,High,Received,2026-08-31
REO002185,O0095,I0018,3,31,98,High,Pending,2026-08-31
REO002186,O0004,I0164,13,30,76,High,Received,2026-08-31
REO002187,O0235,I0078,34,35,43,Medium,Ordered,2026-08-31
REO002188,O0161,I0059,1,24,80,High,Ordered,2026-08-31
REO002189,O0159,I0064,2,25,81,High,Approved,2026-08-31
REO002190,O0378,I0126,27,32,37,Medium,Ordered,2026-08-31
REO002191,O0165,I0059,12,20,85,Medium,Received,2026-08-31
REO002192,O0076,I0010,15,16,92,Medium,Ordered,2026-08-31
REO002193,O0161,I0059,1,24,80,High,Ordered,2026-08-31
REO002194,O0028,I0015,2,27,50,High,Ordered,2026-08-31
REO002195,O0292,I0098,9,31,60,High,Ordered,2026-08-31
REO002196,O0497,I0139,20,25,69,Medium,Ordered,2026-08-31
REO002197,O0295,I0095,30,33,52,Medium,Ordered,2026-08-31
REO002198,O0022,I0014,10,28,50,High,Ordered,2026-08-31
REO002199,O0181,I0274,2,19,66,High,Ordered,2026-08-31
REO002200,O0256,I0088,19,26,103,Medium,Received,2026-08-31
REO002201,O0162,I0061,4,31,107,High,Approved,2026-08-31
REO002202,O0365,I0122,18,25,57,Medium,Approved,2026-08-31
REO002203,O0419,I0024,10,27,46,High,Ordered,2026-08-31
REO002204,O0194,I0269,0,21,106,Critical,Approved,2026-08-31
REO002205,O0006,I0162,3,22,40,High,Received,2026-08-31
REO002206,O0033,I0193,10,18,77,Medium,Received,2026-08-31
REO002207,O0244,I0083,0,20,61,Critical,Pending,2026-08-31
REO002208,O0309,I0096,6,28,65,High,Ordered,2026-08-31
REO002209,O0009,I0161,16,30,47,Medium,Pending,2026-08-31
REO002210,O0059,I0023,20,35,78,Medium,Ordered,2026-08-31
REO002211,O0078,I0017,8,19,43,High,Received,2026-08-31
REO002212,O0272,I0092,9,12,75,Medium,Ordered,2026-08-31
REO002213,O0196,I0070,8,14,96,Medium,Approved,2026-08-31
REO002214,O0425,I0035,11,21,97,Medium,Approved,2026-08-31
REO002215,O0256,I0086,1,18,111,High,Ordered,2026-08-31
REO002216,O0181,I0275,6,24,94,High,Approved,2026-08-31
REO002217,O0188,I0068,10,22,44,High,Approved,2026-08-31
REO002218,O0031,I0006,6,25,105,High,Approved,2026-08-31
REO002219,O0065,I0030,6,16,41,High,Approved,2026-08-31
REO002220,O0291,I0093,9,15,62,Medium,Ordered,2026-08-31
REO002221,O0484,I0024,8,32,108,High,Ordered,2026-08-31
REO002222,O0026,I0016,2,23,91,High,Approved,2026-08-31
REO002223,O0488,I0024,13,35,55,High,Pending,2026-08-31
REO002224,O0384,I0131,1,19,52,High,Ordered,2026-08-31
REO002225,O0304,I0099,17,19,48,Medium,Pending,2026-08-31
REO002226,O0499,I0138,0,23,44,Critical,Pending,2026-08-31
REO002227,O0054,I0018,26,33,37,Medium,Ordered,2026-08-31
REO002228,O0253,I0088,11,31,100,High,Approved,2026-08-31
REO002229,O0333,I0109,11,23,94,High,Received,2026-08-31
REO002230,O0172,I0063,0,32,116,Critical,Received,2026-08-31
REO002231,O0258,I0087,7,17,57,High,Approved,2026-08-31
REO002232,O0031,I0162,23,25,90,Medium,Approved,2026-08-31
REO002233,O0002,I0168,32,35,76,Medium,Approved,2026-08-31
REO002234,O0161,I0059,1,24,80,High,Pending,2026-08-31
REO002235,O0491,I0138,2,37,54,High,Pending,2026-08-31
REO002236,O0276,I0087,10,13,59,Medium,Approved,2026-08-31
REO002237,O0169,I0061,22,27,92,Medium,Pending,2026-08-31
REO002238,O0195,I0265,4,31,50,High,Pending,2026-08-31
REO002239,O0028,I0015,2,27,50,High,Ordered,2026-08-31
REO002240,O0002,I0171,18,29,29,Medium,Received,2026-08-31
REO002241,O0009,I0167,8,16,45,Medium,Approved,2026-08-31
REO002242,O0161,I0060,26,35,33,Medium,Approved,2026-08-31
REO002243,O0197,I0263,11,31,114,High,Ordered,2026-08-31
REO002244,O0143,I0063,18,18,88,Medium,Approved,2026-08-31
REO002245,O0039,I0163,0,16,111,Critical,Ordered,2026-08-31
REO002246,O0047,I0022,13,37,94,High,Received,2026-08-31
REO002247,O0346,I0115,15,17,33,Medium,Pending,2026-08-31
REO002248,O0268,I0090,2,17,72,High,Ordered,2026-08-31
REO002249,O0119,I0044,12,20,41,Medium,Ordered,2026-08-31
REO002250,O0239,I0079,26,26,83,Medium,Approved,2026-08-31
REO002251,O0062,I0030,5,17,75,High,Ordered,2026-08-31
REO002252,O0113,I0045,32,36,75,Medium,Received,2026-08-31
REO002253,O0037,I0169,29,32,44,Medium,Ordered,2026-08-31
REO002254,O0184,I0070,2,27,96,High,Ordered,2026-08-31
REO002255,O0103,I0040,6,28,91,High,Ordered,2026-08-31
REO002256,O0003,I0003,3,29,52,High,Ordered,2026-08-31
REO002257,O0198,I0275,20,37,99,Medium,Pending,2026-08-31
REO002258,O0066,I0027,13,22,59,Medium,Ordered,2026-08-31
REO002259,O0105,I0038,20,30,45,Medium,Approved,2026-08-31
REO002260,O0464,I0018,12,20,70,Medium,Ordered,2026-08-31
REO002261,O0401,I0142,15,17,38,Medium,Approved,2026-08-31
REO002262,O0312,I0108,36,37,35,Medium,Pending,2026-08-31
REO002263,O0119,I0044,12,20,41,Medium,Received,2026-08-31
REO002264,O0386,I0131,12,26,66,High,Ordered,2026-08-31
REO002265,O0018,I0194,13,35,65,High,Ordered,2026-08-31
REO002266,O0354,I0118,24,26,43,Medium,Approved,2026-08-31
REO002267,O0399,I0136,22,26,56,Medium,Ordered,2026-08-31
REO002268,O0150,I0061,21,30,93,Medium,Approved,2026-08-31
REO002269,O0082,I0035,14,22,70,Medium,Approved,2026-08-31
REO002270,O0363,I0123,11,25,104,High,Approved,2026-08-31
REO002271,O0021,I0017,27,36,46,Medium,Ordered,2026-08-31
REO002272,O0454,I0050,16,37,84,High,Ordered,2026-08-31
REO002273,O0016,I0172,4,20,78,High,Received,2026-08-31
REO002274,O0257,I0092,10,32,48,High,Received,2026-08-31
REO002275,O0018,I0197,8,23,37,High,Pending,2026-08-31
REO002276,O0109,I0042,5,15,99,High,Received,2026-08-31
REO002277,O0230,I0078,18,29,65,Medium,Ordered,2026-08-31
REO002278,O0498,I0138,5,22,109,High,Approved,2026-08-31
REO002279,O0472,I0101,15,21,63,Medium,Received,2026-08-31
REO002280,O0142,I0058,2,16,49,High,Ordered,2026-08-31
REO002281,O0418,I0020,13,28,72,High,Pending,2026-08-31
REO002282,O0052,I0024,15,30,59,Medium,Pending,2026-08-31
REO002283,O0054,I0021,31,31,62,Medium,Pending,2026-08-31
REO002284,O0169,I0061,22,27,92,Medium,Received,2026-08-31
REO002285,O0006,I0009,12,28,45,High,Pending,2026-08-31
REO002286,O0231,I0080,1,26,48,High,Pending,2026-08-31
REO002287,O0191,I0268,26,31,99,Medium,Approved,2026-08-31
REO002288,O0198,I0275,20,37,99,Medium,Pending,2026-08-31
REO002289,O0416,I0020,8,23,110,High,Ordered,2026-08-31
REO002290,O0404,I0141,18,23,61,Medium,Pending,2026-08-31
REO002291,O0235,I0078,34,35,43,Medium,Approved,2026-08-31
REO002292,O0193,I0265,15,19,73,Medium,Approved,2026-08-31
REO002293,O0121,I0050,21,25,90,Medium,Approved,2026-08-31
REO002294,O0166,I0058,13,35,84,High,Pending,2026-08-31
REO002295,O0127,I0050,20,39,48,Medium,Received,2026-08-31
REO002296,O0055,I0024,29,30,59,Medium,Approved,2026-08-31
REO002297,O0352,I0121,26,27,42,Medium,Ordered,2026-08-31
REO002298,O0199,I0271,15,18,56,Medium,Pending,2026-08-31
REO002299,O0075,I0013,2,23,49,High,Ordered,2026-08-31
REO002300,O0031,I0160,4,13,42,High,Pending,2026-08-31
REO002301,O0063,I0027,5,20,95,High,Received,2026-08-31
REO002302,O0186,I0271,17,18,75,Medium,Pending,2026-08-31
REO002303,O0103,I0041,0,37,65,Critical,Approved,2026-08-31
REO002304,O0485,I0018,20,25,27,Medium,Approved,2026-08-31
REO002305,O0194,I0269,0,21,106,Critical,Approved,2026-08-31
REO002306,O0363,I0123,11,25,104,High,Approved,2026-08-31
REO002307,O0180,I0058,17,29,82,Medium,Approved,2026-08-31
REO002308,O0189,I0270,17,24,49,Medium,Ordered,2026-08-31
REO002309,O0017,I0164,8,22,43,High,Ordered,2026-08-31
REO002310,O0278,I0088,16,23,46,Medium,Ordered,2026-08-31
REO002311,O0063,I0027,5,20,95,High,Ordered,2026-08-31
REO002312,O0453,I0050,32,33,22,Medium,Approved,2026-08-31
REO002313,O0046,I0022,7,24,58,High,Pending,2026-08-31
REO002314,O0290,I0097,29,29,22,Medium,Ordered,2026-08-31
REO002315,O0036,I0194,30,34,28,Medium,Approved,2026-08-31
REO002316,O0303,I0096,11,33,112,High,Received,2026-08-31
REO002317,O0038,I0171,22,25,42,Medium,Received,2026-08-31
REO002318,O0150,I0064,7,25,106,High,Approved,2026-08-31
REO002319,O0257,I0089,18,35,76,Medium,Received,2026-08-31
REO002320,O0199,I0274,16,30,59,Medium,Pending,2026-08-31
REO002321,O0062,I0029,7,29,93,High,Approved,2026-08-31
REO002322,O0463,I0023,9,22,91,High,Ordered,2026-08-31
REO002323,O0020,I0195,13,14,33,Medium,Ordered,2026-08-31
REO002324,O0044,I0020,26,34,46,Medium,Ordered,2026-08-31
REO002325,O0369,I0124,26,30,96,Medium,Ordered,2026-08-31
REO002326,O0013,I0167,13,31,80,High,Ordered,2026-08-31
REO002327,O0447,I0076,8,26,87,High,Approved,2026-08-31
REO002328,O0194,I0277,23,28,52,Medium,Approved,2026-08-31
REO002329,O0270,I0091,14,34,86,High,Ordered,2026-08-31
REO002330,O0270,I0087,24,26,95,Medium,Pending,2026-08-31
REO002331,O0190,I0264,0,30,108,Critical,Pending,2026-08-31
REO002332,O0456,I0052,11,21,87,Medium,Ordered,2026-08-31
REO002333,O0417,I0025,4,28,49,High,Pending,2026-08-31
REO002334,O0111,I0046,17,23,85,Medium,Ordered,2026-08-31
REO002335,O0295,I0095,30,33,52,Medium,Approved,2026-08-31
REO002336,O0026,I0016,2,23,91,High,Ordered,2026-08-31
REO002337,O0071,I0017,9,34,84,High,Pending,2026-08-31
REO002338,O0168,I0058,14,21,90,Medium,Approved,2026-08-31
REO002339,O0121,I0050,21,25,90,Medium,Approved,2026-08-31
REO002340,O0050,I0025,30,30,36,Medium,Approved,2026-08-31
REO002341,O0038,I0161,3,30,89,High,Ordered,2026-08-31
REO002342,O0188,I0277,25,34,56,Medium,Pending,2026-08-31
REO002343,O0017,I0003,23,27,28,Medium,Approved,2026-08-31
REO002344,O0077,I0010,21,28,59,Medium,Received,2026-08-31
REO002345,O0196,I0263,18,26,69,Medium,Ordered,2026-08-31
REO002346,O0020,I0008,3,18,94,High,Ordered,2026-08-31
REO002347,O0195,I0273,31,36,49,Medium,Pending,2026-08-31
REO002348,O0012,I0161,10,31,66,High,Pending,2026-08-31
REO002349,O0161,I0059,1,24,80,High,Approved,2026-08-31
REO002350,O0006,I0009,12,28,45,High,Received,2026-08-31
REO002351,O0188,I0067,10,32,116,High,Received,2026-08-31
REO002352,O0393,I0134,15,17,79,Medium,Received,2026-08-31
REO002353,O0186,I0271,17,18,75,Medium,Pending,2026-08-31
REO002354,O0074,I0017,9,29,67,High,Approved,2026-08-31
REO002355,O0374,I0126,8,26,63,High,Ordered,2026-08-31
REO002356,O0005,I0194,16,21,51,Medium,Approved,2026-08-31
REO002357,O0468,I0020,8,27,66,High,Pending,2026-08-31
REO002358,O0363,I0123,11,25,104,High,Ordered,2026-08-31
REO002359,O0077,I0010,21,28,59,Medium,Approved,2026-08-31
REO002360,O0248,I0082,3,16,70,High,Received,2026-08-31
REO002361,O0200,I0268,16,25,34,Medium,Ordered,2026-08-31
REO002362,O0114,I0046,30,30,75,Medium,Pending,2026-08-31
REO002363,O0279,I0091,13,25,91,Medium,Received,2026-08-31
REO002364,O0076,I0010,15,16,92,Medium,Approved,2026-08-31
REO002365,O0001,I0190,18,24,59,Medium,Approved,2026-08-31
REO002366,O0373,I0128,4,13,42,High,Pending,2026-08-31
REO002367,O0464,I0018,12,20,70,Medium,Pending,2026-08-31
REO002368,O0007,I0170,5,16,50,High,Received,2026-08-31
REO002369,O0078,I0017,8,19,43,High,Pending,2026-08-31
REO002370,O0189,I0270,17,24,49,Medium,Ordered,2026-08-31
REO002371,O0299,I0094,14,17,32,Medium,Ordered,2026-08-31
REO002372,O0265,I0087,2,31,50,High,Ordered,2026-08-31
REO002373,O0046,I0022,7,24,58,High,Ordered,2026-08-31
REO002374,O0431,I0057,18,31,73,Medium,Pending,2026-08-31
REO002375,O0195,I0273,31,36,49,Medium,Ordered,2026-08-31
REO002376,O0418,I0022,35,36,86,Medium,Approved,2026-08-31
REO002377,O0493,I0139,1,24,102,High,Ordered,2026-08-31
REO002378,O0399,I0135,21,31,70,Medium,Approved,2026-08-31
REO002379,O0134,I0057,13,34,109,High,Ordered,2026-08-31
REO002380,O0290,I0097,29,29,22,Medium,Pending,2026-08-31
REO002381,O0166,I0061,8,26,101,High,Approved,2026-08-31
REO002382,O0006,I0009,12,28,45,High,Received,2026-08-31
REO002383,O0452,I0052,27,31,101,Medium,Pending,2026-08-31
REO002384,O0472,I0103,0,35,102,Critical,Ordered,2026-08-31
REO002385,O0191,I0071,10,23,64,High,Ordered,2026-08-31
REO002386,O0193,I0275,12,18,101,Medium,Received,2026-08-31
REO002387,O0054,I0021,31,31,62,Medium,Ordered,2026-08-31
REO002388,O0186,I0071,15,23,54,Medium,Ordered,2026-08-31
REO002389,O0283,I0097,11,21,98,Medium,Pending,2026-08-31
REO002390,O0315,I0108,3,14,50,High,Pending,2026-08-31
REO002391,O0292,I0098,9,31,60,High,Approved,2026-08-31
REO002392,O0040,I0198,20,21,28,Medium,Pending,2026-08-31
REO002393,O0349,I0116,17,30,56,Medium,Pending,2026-08-31
REO002394,O0411,I0021,0,22,69,Critical,Pending,2026-08-31
REO002395,O0426,I0033,20,30,34,Medium,Received,2026-08-31
REO002396,O0165,I0062,5,19,79,High,Ordered,2026-08-31
REO002397,O0080,I0012,4,31,101,High,Ordered,2026-08-31
REO002398,O0096,I0025,23,28,83,Medium,Approved,2026-08-31
REO002399,O0061,I0027,8,22,52,High,Ordered,2026-08-31
REO002400,O0412,I0023,6,14,37,High,Ordered,2026-08-31
REO002401,O0002,I0192,26,32,103,Medium,Pending,2026-08-31
REO002402,O0177,I0058,2,26,63,High,Pending,2026-08-31
REO002403,O0312,I0108,36,37,35,Medium,Ordered,2026-08-31
REO002404,O0431,I0053,6,32,115,High,Ordered,2026-08-31
REO002405,O0017,I0006,4,25,47,High,Received,2026-08-31
REO002406,O0270,I0087,24,26,95,Medium,Pending,2026-08-31
REO002407,O0422,I0034,15,20,33,Medium,Approved,2026-08-31
REO002408,O0363,I0123,11,25,104,High,Pending,2026-08-31
REO002409,O0073,I0010,11,24,34,High,Received,2026-08-31
REO002410,O0277,I0089,9,33,101,High,Ordered,2026-08-31
REO002411,O0092,I0024,4,15,99,High,Ordered,2026-08-31
REO002412,O0253,I0086,0,25,117,Critical,Ordered,2026-08-31
REO002413,O0404,I0141,18,23,61,Medium,Received,2026-08-31
REO002414,O0029,I0014,25,28,37,Medium,Ordered,2026-08-31
REO002415,O0262,I0086,18,33,96,Medium,Ordered,2026-08-31
REO002416,O0149,I0062,9,31,87,High,Approved,2026-08-31
REO002417,O0278,I0090,16,26,80,Medium,Approved,2026-08-31
REO002418,O0374,I0126,8,26,63,High,Ordered,2026-08-31
REO002419,O0185,I0068,10,32,55,High,Pending,2026-08-31
REO002420,O0191,I0268,26,31,99,Medium,Pending,2026-08-31
REO002421,O0461,I0019,13,30,94,High,Ordered,2026-08-31
REO002422,O0087,I0037,10,17,76,Medium,Pending,2026-08-31
REO002423,O0057,I0024,10,20,56,Medium,Received,2026-08-31
REO002424,O0409,I0139,32,32,55,Medium,Pending,2026-08-31
REO002425,O0094,I0023,4,32,94,High,Approved,2026-08-31
REO002426,O0003,I0008,8,24,82,High,Received,2026-08-31
REO002427,O0200,I0068,15,30,67,Medium,Pending,2026-08-31
REO002428,O0171,I0062,5,11,75,High,Ordered,2026-08-31
REO002429,O0158,I0064,19,24,39,Medium,Ordered,2026-08-31
REO002430,O0185,I0268,7,33,53,High,Ordered,2026-08-31
REO002431,O0444,I0075,24,25,36,Medium,Approved,2026-08-31
REO002432,O0374,I0126,8,26,63,High,Pending,2026-08-31
REO002433,O0349,I0116,17,30,56,Medium,Pending,2026-08-31
REO002434,O0228,I0081,0,31,124,Critical,Ordered,2026-08-31
REO002435,O0196,I0070,8,14,96,Medium,Pending,2026-08-31
REO002436,O0225,I0077,1,11,96,High,Approved,2026-08-31
REO002437,O0483,I0021,5,35,115,High,Approved,2026-08-31
REO002438,O0033,I0164,10,26,66,High,Approved,2026-08-31
REO002439,O0006,I0169,3,29,89,High,Received,2026-08-31
REO002440,O0142,I0058,2,16,49,High,Ordered,2026-08-31
REO002441,O0005,I0002,10,21,36,High,Ordered,2026-08-31
REO002442,O0003,I0003,3,29,52,High,Approved,2026-08-31
REO002443,O0453,I0050,32,33,22,Medium,Ordered,2026-08-31
REO002444,O0492,I0142,3,10,91,High,Pending,2026-08-31
REO002445,O0003,I0003,3,29,52,High,Ordered,2026-08-31
REO002446,O0397,I0134,11,38,113,High,Approved,2026-08-31
REO002447,O0187,I0275,4,20,88,High,Received,2026-08-31
REO002448,O0009,I0201,9,25,99,High,Ordered,2026-08-31
REO002449,O0492,I0140,18,33,46,Medium,Approved,2026-08-31
REO002450,O0419,I0023,13,31,113,High,Pending,2026-08-31
REO002451,O0053,I0025,25,29,32,Medium,Ordered,2026-08-31
REO002452,O0425,I0035,11,21,97,Medium,Pending,2026-08-31
REO002453,O0379,I0128,8,34,57,High,Approved,2026-08-31
REO002454,O0246,I0084,15,34,103,High,Pending,2026-08-31
REO002455,O0499,I0138,0,23,44,Critical,Pending,2026-08-31
REO002456,O0417,I0025,4,28,49,High,Approved,2026-08-31
REO002457,O0031,I0162,23,25,90,Medium,Pending,2026-08-31
REO002458,O0199,I0277,17,21,30,Medium,Ordered,2026-08-31
REO002459,O0155,I0065,0,19,84,Critical,Ordered,2026-08-31
REO002460,O0198,I0274,10,31,61,High,Pending,2026-08-31
REO002461,O0038,I0161,3,30,89,High,Approved,2026-08-31
REO002462,O0486,I0025,27,36,62,Medium,Pending,2026-08-31
REO002463,O0016,I0197,1,32,90,High,Ordered,2026-08-31
REO002464,O0290,I0097,29,29,22,Medium,Approved,2026-08-31
REO002465,O0289,I0098,12,34,105,High,Received,2026-08-31
REO002466,O0467,I0021,24,36,73,Medium,Approved,2026-08-31
REO002467,O0050,I0018,8,10,48,Medium,Pending,2026-08-31
REO002468,O0294,I0095,28,30,84,Medium,Approved,2026-08-31
REO002469,O0037,I0169,29,32,44,Medium,Received,2026-08-31
REO002470,O0095,I0021,19,22,84,Medium,Approved,2026-08-31
REO002471,O0451,I0049,4,21,64,High,Pending,2026-08-31
REO002472,O0319,I0107,11,30,114,High,Ordered,2026-08-31
REO002473,O0210,I0076,10,16,50,Medium,Pending,2026-08-31
REO002474,O0011,I0189,9,20,99,High,Pending,2026-08-31
REO002475,O0258,I0087,7,17,57,High,Received,2026-08-31
REO002476,O0313,I0105,13,17,33,Medium,Approved,2026-08-31
REO002477,O0158,I0058,2,26,91,High,Pending,2026-08-31
REO002478,O0005,I0160,7,14,92,Medium,Approved,2026-08-31
REO002479,O0385,I0132,16,28,50,Medium,Pending,2026-08-31
REO002480,O0231,I0080,1,26,48,High,Approved,2026-08-31
REO002481,O0210,I0076,10,16,50,Medium,Ordered,2026-08-31
REO002482,O0206,I0074,17,19,47,Medium,Pending,2026-08-31
REO002483,O0193,I0276,19,37,53,Medium,Pending,2026-08-31
REO002484,O0461,I0020,12,27,67,High,Pending,2026-08-31
REO002485,O0037,I0159,1,20,44,High,Pending,2026-08-31
REO002486,O0216,I0075,13,13,35,Medium,Pending,2026-08-31
REO002487,O0216,I0075,13,13,35,Medium,Pending,2026-08-31
REO002488,O0270,I0091,14,34,86,High,Approved,2026-08-31
REO002489,O0400,I0136,28,32,37,Medium,Approved,2026-08-31
REO002490,O0146,I0060,15,20,79,Medium,Approved,2026-08-31
REO002491,O0192,I0275,1,28,92,High,Ordered,2026-08-31
REO002492,O0029,I0014,25,28,37,Medium,Ordered,2026-08-31
REO002493,O0268,I0090,2,17,72,High,Approved,2026-08-31
REO002494,O0410,I0138,10,21,80,High,Ordered,2026-08-31
REO002495,O0084,I0032,3,28,90,High,Received,2026-08-31
REO002496,O0442,I0074,34,34,22,Medium,Approved,2026-08-31
REO002497,O0089,I0036,3,17,37,High,Approved,2026-08-31
REO002498,O0118,I0047,12,16,38,Medium,Ordered,2026-08-31
REO002499,O0001,I0193,1,9,100,High,Ordered,2026-08-31
REO002500,O0191,I0071,10,23,64,High,Ordered,2026-08-31
REO002501,O0276,I0092,30,34,75,Medium,Approved,2026-08-31
REO002502,O0228,I0080,16,28,90,Medium,Approved,2026-08-31
REO002503,O0020,I0195,13,14,33,Medium,Approved,2026-08-31
REO002504,O0419,I0023,13,31,113,High,Ordered,2026-08-31
REO002505,O0012,I0007,6,34,107,High,Ordered,2026-08-31
REO002506,O0109,I0041,9,23,72,High,Approved,2026-08-31
REO002507,O0035,I0006,21,21,41,Medium,Received,2026-08-31
REO002508,O0429,I0033,7,29,44,High,Pending,2026-08-31
REO002509,O0419,I0023,13,31,113,High,Ordered,2026-08-31
REO002510,O0444,I0074,15,32,58,High,Received,2026-08-31
REO002511,O0062,I0030,5,17,75,High,Received,2026-08-31
REO002512,O0003,I0003,3,29,52,High,Pending,2026-08-31
REO002513,O0128,I0050,12,17,91,Medium,Pending,2026-08-31
REO002514,O0166,I0058,13,35,84,High,Approved,2026-08-31
REO002515,O0040,I0172,33,33,51,Medium,Pending,2026-08-31
REO002516,O0188,I0277,25,34,56,Medium,Received,2026-08-31
REO002517,O0180,I0058,17,29,82,Medium,Approved,2026-08-31
REO002518,O0192,I0069,1,33,70,High,Received,2026-08-31
REO002519,O0159,I0064,2,25,81,High,Ordered,2026-08-31
REO002520,O0044,I0019,6,29,52,High,Ordered,2026-08-31
REO002521,O0092,I0020,11,16,86,Medium,Approved,2026-08-31
REO002522,O0189,I0270,17,24,49,Medium,Received,2026-08-31
REO002523,O0095,I0021,19,22,84,Medium,Received,2026-08-31
REO002524,O0002,I0167,5,26,84,High,Received,2026-08-31
REO002525,O0299,I0093,4,16,89,High,Approved,2026-08-31
REO002526,O0087,I0037,10,17,76,Medium,Pending,2026-08-31
REO002527,O0333,I0109,11,23,94,High,Ordered,2026-08-31
REO002528,O0302,I0099,15,24,32,Medium,Ordered,2026-08-31
REO002529,O0065,I0030,6,16,41,High,Approved,2026-08-31
REO002530,O0049,I0025,11,21,42,Medium,Pending,2026-08-31
REO002531,O0219,I0074,10,23,83,High,Ordered,2026-08-31
REO002532,O0016,I0197,1,32,90,High,Pending,2026-08-31
REO002533,O0066,I0028,17,28,56,Medium,Approved,2026-08-31
REO002534,O0270,I0087,24,26,95,Medium,Approved,2026-08-31
REO002535,O0467,I0023,3,18,92,High,Ordered,2026-08-31
REO002536,O0186,I0068,9,17,63,Medium,Approved,2026-08-31
REO002537,O0155,I0064,8,34,118,High,Ordered,2026-08-31
REO002538,O0492,I0142,3,10,91,High,Ordered,2026-08-31
REO002539,O0204,I0076,14,30,56,High,Approved,2026-08-31
REO002540,O0244,I0084,14,16,59,Medium,Approved,2026-08-31
REO002541,O0481,I0018,12,27,49,High,Ordered,2026-08-31
REO002542,O0073,I0010,11,24,34,High,Received,2026-08-31
REO002543,O0320,I0106,16,23,27,Medium,Ordered,2026-08-31
REO002544,O0184,I0070,2,27,96,High,Received,2026-08-31
REO002545,O0400,I0136,28,32,37,Medium,Pending,2026-08-31
REO002546,O0153,I0061,8,15,46,Medium,Ordered,2026-08-31
REO002547,O0192,I0273,3,28,85,High,Received,2026-08-31
REO002548,O0456,I0052,11,21,87,Medium,Ordered,2026-08-31
REO002549,O0185,I0268,7,33,53,High,Ordered,2026-08-31
REO002550,O0004,I0167,6,22,55,High,Approved,2026-08-31
REO002551,O0136,I0055,12,31,56,High,Pending,2026-08-31
REO002552,O0463,I0024,7,31,77,High,Approved,2026-08-31
REO002553,O0309,I0095,14,30,107,High,Ordered,2026-08-31
REO002554,O0155,I0064,8,34,118,High,Approved,2026-08-31
REO002555,O0340,I0111,3,35,93,High,Ordered,2026-08-31
REO002556,O0014,I0172,15,32,51,High,Approved,2026-08-31
REO002557,O0393,I0134,15,17,79,Medium,Approved,2026-08-31
REO002558,O0199,I0269,13,28,81,High,Ordered,2026-08-31
REO002559,O0038,I0171,22,25,42,Medium,Ordered,2026-08-31
REO002560,O0174,I0062,25,36,68,Medium,Approved,2026-08-31
REO002561,O0179,I0063,19,34,102,Medium,Pending,2026-08-31
REO002562,O0380,I0129,13,21,101,Medium,Approved,2026-08-31
REO002563,O0192,I0269,29,35,89,Medium,Received,2026-08-31
REO002564,O0200,I0070,0,22,46,Critical,Received,2026-08-31
REO002565,O0187,I0069,20,23,75,Medium,Ordered,2026-08-31
REO002566,O0260,I0089,29,30,76,Medium,Approved,2026-08-31
REO002567,O0074,I0011,10,32,59,High,Ordered,2026-08-31
REO002568,O0314,I0106,18,23,89,Medium,Approved,2026-08-31
REO002569,O0296,I0098,12,24,59,Medium,Received,2026-08-31
REO002570,O0194,I0277,23,28,52,Medium,Received,2026-08-31
REO002571,O0223,I0078,4,34,104,High,Ordered,2026-08-31
REO002572,O0174,I0063,7,31,66,High,Ordered,2026-08-31
REO002573,O0011,I0192,3,15,71,High,Approved,2026-08-31
REO002574,O0044,I0019,6,29,52,High,Received,2026-08-31
REO002575,O0162,I0059,15,30,85,Medium,Pending,2026-08-31
REO002576,O0018,I0197,8,23,37,High,Ordered,2026-08-31
REO002577,O0165,I0061,13,27,50,High,Pending,2026-08-31
REO002578,O0008,I0159,23,35,100,Medium,Received,2026-08-31
REO002579,O0108,I0039,9,12,99,Medium,Approved,2026-08-31
REO002580,O0413,I0023,3,22,102,High,Pending,2026-08-31
REO002581,O0088,I0034,1,18,47,High,Pending,2026-08-31
REO002582,O0128,I0050,12,17,91,Medium,Ordered,2026-08-31
REO002583,O0029,I0010,15,21,72,Medium,Pending,2026-08-31
REO002584,O0178,I0064,0,18,93,Critical,Ordered,2026-08-31
REO002585,O0255,I0089,3,13,68,High,Received,2026-08-31
REO002586,O0197,I0263,11,31,114,High,Ordered,2026-08-31
REO002587,O0357,I0118,14,23,58,Medium,Approved,2026-08-31
REO002588,O0006,I0162,3,22,40,High,Received,2026-08-31
REO002589,O0277,I0089,9,33,101,High,Ordered,2026-08-31
REO002590,O0169,I0060,10,14,55,Medium,Ordered,2026-08-31
REO002591,O0150,I0061,21,30,93,Medium,Ordered,2026-08-31
REO002592,O0095,I0022,22,26,52,Medium,Ordered,2026-08-31
REO002593,O0417,I0019,19,19,28,Medium,Ordered,2026-08-31
REO002594,O0220,I0074,20,35,49,Medium,Approved,2026-08-31
REO002595,O0467,I0025,24,27,42,Medium,Ordered,2026-08-31
REO002596,O0309,I0097,13,32,62,High,Pending,2026-08-31
REO002597,O0384,I0131,1,19,52,High,Approved,2026-08-31
REO002598,O0012,I0161,10,31,66,High,Pending,2026-08-31
REO002599,O0076,I0010,15,16,92,Medium,Approved,2026-08-31
REO002600,O0247,I0085,1,26,114,High,Approved,2026-08-31
REO002601,O0017,I0003,23,27,28,Medium,Ordered,2026-08-31
REO002602,O0120,I0045,7,19,95,High,Approved,2026-08-31
REO002603,O0303,I0096,11,33,112,High,Pending,2026-08-31
REO002604,O0005,I0160,7,14,92,Medium,Ordered,2026-08-31
REO002605,O0284,I0099,23,32,96,Medium,Pending,2026-08-31
REO002606,O0185,I0068,10,32,55,High,Approved,2026-08-31
REO002607,O0153,I0061,8,15,46,Medium,Ordered,2026-08-31
REO002608,O0004,I0001,19,38,95,Medium,Ordered,2026-08-31
REO002609,O0130,I0049,20,33,30,Medium,Approved,2026-08-31
REO002610,O0431,I0057,18,31,73,Medium,Approved,2026-08-31
REO002611,O0296,I0099,7,29,60,High,Received,2026-08-31
REO002612,O0442,I0074,34,34,22,Medium,Pending,2026-08-31
REO002613,O0009,I0167,8,16,45,Medium,Received,2026-08-31
REO002614,O0058,I0018,23,26,46,Medium,Pending,2026-08-31
REO002615,O0470,I0019,15,32,92,High,Received,2026-08-31
REO002616,O0211,I0073,24,33,57,Medium,Received,2026-08-31
REO002617,O0125,I0050,3,29,57,High,Pending,2026-08-31
REO002618,O0348,I0116,10,24,104,High,Ordered,2026-08-31
REO002619,O0050,I0022,5,33,83,High,Pending,2026-08-31
REO002620,O0380,I0129,13,21,101,Medium,Approved,2026-08-31
REO002621,O0179,I0063,19,34,102,Medium,Received,2026-08-31
REO002622,O0056,I0021,31,35,31,Medium,Pending,2026-08-31
REO002623,O0333,I0110,9,25,94,High,Ordered,2026-08-31
REO002624,O0034,I0003,12,15,70,Medium,Received,2026-08-31
REO002625,O0002,I0002,18,18,41,Medium,Received,2026-08-31
REO002626,O0089,I0033,9,23,51,High,Approved,2026-08-31
REO002627,O0498,I0142,18,21,80,Medium,Ordered,2026-08-31
REO002628,O0364,I0123,0,25,97,Critical,Ordered,2026-08-31
REO002629,O0302,I0096,17,19,70,Medium,Pending,2026-08-31
REO002630,O0200,I0070,0,22,46,Critical,Ordered,2026-08-31
REO002631,O0153,I0060,16,25,59,Medium,Pending,2026-08-31
REO002632,O0295,I0095,30,33,52,Medium,Ordered,2026-08-31
REO002633,O0096,I0025,23,28,83,Medium,Pending,2026-08-31
REO002634,O0134,I0055,22,34,85,Medium,Pending,2026-08-31
REO002635,O0016,I0165,23,32,79,Medium,Ordered,2026-08-31
REO002636,O0284,I0099,23,32,96,Medium,Approved,2026-08-31
REO002637,O0130,I0049,20,33,30,Medium,Pending,2026-08-31
REO002638,O0461,I0020,12,27,67,High,Received,2026-08-31
REO002639,O0015,I0196,6,15,66,High,Approved,2026-08-31
REO002640,O0246,I0084,15,34,103,High,Ordered,2026-08-31
REO002641,O0486,I0025,27,36,62,Medium,Ordered,2026-08-31
REO002642,O0002,I0171,18,29,29,Medium,Ordered,2026-08-31
REO002643,O0199,I0269,13,28,81,High,Approved,2026-08-31
REO002644,O0208,I0073,8,22,63,High,Pending,2026-08-31
REO002645,O0440,I0054,4,20,90,High,Received,2026-08-31
REO002646,O0020,I0168,8,27,79,High,Pending,2026-08-31
REO002647,O0003,I0193,4,16,71,High,Approved,2026-08-31
REO002648,O0490,I0025,25,29,65,Medium,Approved,2026-08-31
REO002649,O0061,I0026,11,25,70,High,Pending,2026-08-31
REO002650,O0224,I0081,10,11,33,Medium,Received,2026-08-31
REO002651,O0365,I0122,18,25,57,Medium,Pending,2026-08-31
REO002652,O0172,I0058,11,30,110,High,Approved,2026-08-31
REO002653,O0284,I0095,9,15,55,Medium,Ordered,2026-08-31
REO002654,O0197,I0067,22,28,89,Medium,Ordered,2026-08-31
REO002655,O0450,I0075,15,39,40,High,Ordered,2026-08-31
REO002656,O0166,I0061,8,26,101,High,Ordered,2026-08-31
REO002657,O0078,I0017,8,19,43,High,Ordered,2026-08-31
REO002658,O0299,I0093,4,16,89,High,Approved,2026-08-31
REO002659,O0478,I0103,17,20,82,Medium,Pending,2026-08-31
REO002660,O0246,I0084,15,34,103,High,Ordered,2026-08-31
REO002661,O0327,I0109,23,30,54,Medium,Pending,2026-08-31
REO002662,O0376,I0127,20,24,48,Medium,Received,2026-08-31
REO002663,O0055,I0025,24,25,99,Medium,Ordered,2026-08-31
REO002664,O0002,I0171,18,29,29,Medium,Ordered,2026-08-31
REO002665,O0166,I0061,8,26,101,High,Approved,2026-08-31
REO002666,O0400,I0136,28,32,37,Medium,Received,2026-08-31
REO002667,O0416,I0019,8,32,79,High,Pending,2026-08-31
REO002668,O0001,I0193,1,9,100,High,Pending,2026-08-31
REO002669,O0223,I0078,4,34,104,High,Pending,2026-08-31
REO002670,O0169,I0060,10,14,55,Medium,Ordered,2026-08-31
REO002671,O0029,I0014,25,28,37,Medium,Received,2026-08-31
REO002672,O0283,I0094,1,34,119,High,Ordered,2026-08-31
REO002673,O0373,I0128,4,13,42,High,Approved,2026-08-31
REO002674,O0162,I0061,4,31,107,High,Approved,2026-08-31
REO002675,O0447,I0072,8,21,55,High,Received,2026-08-31
REO002676,O0093,I0025,0,26,98,Critical,Ordered,2026-08-31
REO002677,O0376,I0127,20,24,48,Medium,Received,2026-08-31
REO002678,O0015,I0196,6,15,66,High,Received,2026-08-31
REO002679,O0408,I0141,22,22,29,Medium,Pending,2026-08-31
REO002680,O0074,I0011,10,32,59,High,Ordered,2026-08-31
REO002681,O0194,I0066,13,33,76,High,Pending,2026-08-31
REO002682,O0193,I0268,21,22,41,Medium,Approved,2026-08-31
REO002683,O0048,I0024,2,29,107,High,Ordered,2026-08-31
REO002684,O0083,I0032,7,15,56,High,Approved,2026-08-31
REO002685,O0002,I0168,32,35,76,Medium,Received,2026-08-31
REO002686,O0407,I0142,3,31,73,High,Received,2026-08-31
REO002687,O0103,I0040,6,28,91,High,Received,2026-08-31
REO002688,O0005,I0160,7,14,92,Medium,Ordered,2026-08-31
REO002689,O0097,I0020,8,19,39,High,Ordered,2026-08-31
REO002690,O0197,I0272,7,34,91,High,Approved,2026-08-31
REO002691,O0014,I0172,15,32,51,High,Received,2026-08-31
REO002692,O0193,I0265,15,19,73,Medium,Received,2026-08-31
REO002693,O0109,I0042,5,15,99,High,Approved,2026-08-31
REO002694,O0191,I0071,10,23,64,High,Received,2026-08-31
REO002695,O0440,I0054,4,20,90,High,Approved,2026-08-31
REO002696,O0016,I0191,1,25,51,High,Received,2026-08-31
REO002697,O0171,I0062,5,11,75,High,Received,2026-08-31
REO002698,O0199,I0263,2,26,68,High,Received,2026-08-31
REO002699,O0376,I0128,10,17,89,Medium,Ordered,2026-08-31
REO002700,O0002,I0168,32,35,76,Medium,Pending,2026-08-31
REO002701,O0072,I0013,15,26,72,Medium,Pending,2026-08-31
REO002702,O0407,I0140,3,34,124,High,Ordered,2026-08-31
REO002703,O0066,I0030,14,15,81,Medium,Pending,2026-08-31
REO002704,O0322,I0113,7,32,109,High,Ordered,2026-08-31
REO002705,O0252,I0086,22,23,37,Medium,Pending,2026-08-31
REO002706,O0235,I0078,34,35,43,Medium,Pending,2026-08-31
REO002707,O0036,I0194,30,34,28,Medium,Ordered,2026-08-31
REO002708,O0264,I0087,14,28,76,Medium,Received,2026-08-31
REO002709,O0031,I0006,6,25,105,High,Pending,2026-08-31
REO002710,O0095,I0021,19,22,84,Medium,Pending,2026-08-31
REO002711,O0049,I0019,18,21,33,Medium,Approved,2026-08-31
REO002712,O0085,I0034,15,29,38,Medium,Pending,2026-08-31
REO002713,O0034,I0003,12,15,70,Medium,Approved,2026-08-31
REO002714,O0260,I0089,29,30,76,Medium,Ordered,2026-08-31
REO002715,O0319,I0107,11,30,114,High,Ordered,2026-08-31
REO002716,O0179,I0063,19,34,102,Medium,Ordered,2026-08-31
REO002717,O0062,I0030,5,17,75,High,Ordered,2026-08-31
REO002718,O0014,I0160,23,31,45,Medium,Ordered,2026-08-31
REO002719,O0187,I0277,20,24,31,Medium,Ordered,2026-08-31
REO002720,O0244,I0082,2,36,82,High,Ordered,2026-08-31
REO002721,O0170,I0064,10,36,118,High,Pending,2026-08-31
REO002722,O0223,I0078,4,34,104,High,Ordered,2026-08-31
REO002723,O0178,I0064,0,18,93,Critical,Approved,2026-08-31
REO002724,O0492,I0140,18,33,46,Medium,Received,2026-08-31
REO002725,O0387,I0131,8,33,119,High,Ordered,2026-08-31
REO002726,O0430,I0032,18,19,35,Medium,Pending,2026-08-31
REO002727,O0144,I0060,10,21,42,High,Approved,2026-08-31
REO002728,O0046,I0022,7,24,58,High,Pending,2026-08-31
REO002729,O0016,I0161,11,16,31,Medium,Received,2026-08-31
REO002730,O0017,I0006,4,25,47,High,Ordered,2026-08-31
REO002731,O0408,I0141,22,22,29,Medium,Ordered,2026-08-31
REO002732,O0124,I0051,28,29,64,Medium,Approved,2026-08-31
REO002733,O0003,I0007,4,16,36,High,Approved,2026-08-31
REO002734,O0278,I0090,16,26,80,Medium,Pending,2026-08-31
REO002735,O0313,I0105,13,17,33,Medium,Pending,2026-08-31
REO002736,O0154,I0060,27,38,44,Medium,Approved,2026-08-31
REO002737,O0082,I0035,14,22,70,Medium,Ordered,2026-08-31
REO002738,O0033,I0164,10,26,66,High,Pending,2026-08-31
REO002739,O0284,I0099,23,32,96,Medium,Pending,2026-08-31
REO002740,O0325,I0109,0,21,92,Critical,Received,2026-08-31
REO002741,O0180,I0058,17,29,82,Medium,Ordered,2026-08-31
REO002742,O0386,I0131,12,26,66,High,Received,2026-08-31
REO002743,O0492,I0140,18,33,46,Medium,Pending,2026-08-31
REO002744,O0468,I0020,8,27,66,High,Ordered,2026-08-31
REO002745,O0190,I0269,1,28,100,High,Approved,2026-08-31
REO002746,O0052,I0018,11,30,61,High,Approved,2026-08-31
REO002747,O0218,I0075,19,22,69,Medium,Pending,2026-08-31
REO002748,O0260,I0089,29,30,76,Medium,Pending,2026-08-31
REO002749,O0192,I0275,1,28,92,High,Approved,2026-08-31
REO002750,O0063,I0027,5,20,95,High,Ordered,2026-08-31
REO002751,O0244,I0084,14,16,59,Medium,Ordered,2026-08-31
REO002752,O0273,I0087,18,36,34,Medium,Ordered,2026-08-31
REO002753,O0097,I0020,8,19,39,High,Ordered,2026-08-31
REO002754,O0197,I0273,22,29,38,Medium,Approved,2026-08-31
REO002755,O0006,I0169,3,29,89,High,Approved,2026-08-31
REO002756,O0001,I0190,18,24,59,Medium,Approved,2026-08-31
REO002757,O0011,I0198,18,36,40,Medium,Pending,2026-08-31
REO002758,O0352,I0121,26,27,42,Medium,Approved,2026-08-31
REO002759,O0095,I0022,22,26,52,Medium,Ordered,2026-08-31
REO002760,O0256,I0091,23,28,39,Medium,Ordered,2026-08-31
REO002761,O0168,I0058,14,21,90,Medium,Pending,2026-08-31
REO002762,O0218,I0075,19,22,69,Medium,Received,2026-08-31
REO002763,O0173,I0064,0,10,57,Critical,Approved,2026-08-31
REO002764,O0432,I0054,11,26,55,High,Approved,2026-08-31
REO002765,O0173,I0064,0,10,57,Critical,Pending,2026-08-31
REO002766,O0358,I0121,7,20,43,High,Received,2026-08-31
REO002767,O0454,I0050,16,37,84,High,Ordered,2026-08-31
REO002768,O0378,I0126,27,32,37,Medium,Approved,2026-08-31
REO002769,O0177,I0059,7,28,80,High,Pending,2026-08-31
REO002770,O0325,I0109,0,21,92,Critical,Ordered,2026-08-31
REO002771,O0066,I0027,13,22,59,Medium,Approved,2026-08-31
REO002772,O0004,I0164,13,30,76,High,Ordered,2026-08-31
REO002773,O0078,I0016,29,33,69,Medium,Received,2026-08-31
REO002774,O0376,I0128,10,17,89,Medium,Pending,2026-08-31
REO002775,O0095,I0022,22,26,52,Medium,Ordered,2026-08-31
REO002776,O0177,I0064,14,32,101,High,Pending,2026-08-31
REO002777,O0131,I0053,8,17,66,High,Approved,2026-08-31
REO002778,O0387,I0131,8,33,119,High,Received,2026-08-31
REO002779,O0321,I0111,5,18,102,High,Pending,2026-08-31
REO002780,O0036,I0194,30,34,28,Medium,Ordered,2026-08-31
REO002781,O0498,I0138,5,22,109,High,Approved,2026-08-31
REO002782,O0190,I0269,1,28,100,High,Approved,2026-08-31
REO002783,O0142,I0064,5,18,95,High,Approved,2026-08-31
REO002784,O0155,I0058,13,25,92,Medium,Received,2026-08-31
REO002785,O0055,I0025,24,25,99,Medium,Approved,2026-08-31
REO002786,O0174,I0058,0,27,50,Critical,Approved,2026-08-31
REO002787,O0142,I0064,5,18,95,High,Pending,2026-08-31
REO002788,O0141,I0058,10,28,114,High,Pending,2026-08-31
REO002789,O0255,I0089,3,13,68,High,Pending,2026-08-31
REO002790,O0299,I0094,14,17,32,Medium,Approved,2026-08-31
REO002791,O0309,I0096,6,28,65,High,Received,2026-08-31
REO002792,O0178,I0064,0,18,93,Critical,Received,2026-08-31
REO002793,O0103,I0041,0,37,65,Critical,Approved,2026-08-31
REO002794,O0313,I0105,13,17,33,Medium,Approved,2026-08-31
REO002795,O0208,I0072,20,28,53,Medium,Approved,2026-08-31
REO002796,O0291,I0097,15,21,60,Medium,Approved,2026-08-31
REO002797,O0417,I0019,19,19,28,Medium,Pending,2026-08-31
REO002798,O0320,I0106,16,23,27,Medium,Pending,2026-08-31
REO002799,O0433,I0055,21,24,66,Medium,Ordered,2026-08-31
REO002800,O0216,I0075,13,13,35,Medium,Ordered,2026-08-31
REO002801,O0467,I0023,3,18,92,High,Ordered,2026-08-31
REO002802,O0173,I0064,0,10,57,Critical,Ordered,2026-08-31
REO002803,O0186,I0071,15,23,54,Medium,Ordered,2026-08-31
REO002804,O0159,I0063,5,17,48,High,Received,2026-08-31
REO002805,O0418,I0024,19,28,75,Medium,Ordered,2026-08-31
REO002806,O0342,I0117,19,28,60,Medium,Ordered,2026-08-31
REO002807,O0247,I0085,1,26,114,High,Received,2026-08-31
REO002808,O0019,I0166,18,29,67,Medium,Ordered,2026-08-31
REO002809,O0409,I0139,32,32,55,Medium,Approved,2026-08-31
REO002810,O0014,I0172,15,32,51,High,Approved,2026-08-31
REO002811,O0200,I0068,15,30,67,Medium,Pending,2026-08-31
REO002812,O0205,I0073,26,27,29,Medium,Pending,2026-08-31
REO002813,O0192,I0273,3,28,85,High,Ordered,2026-08-31
REO002814,O0005,I0002,10,21,36,High,Approved,2026-08-31
REO002815,O0409,I0139,32,32,55,Medium,Ordered,2026-08-31
REO002816,O0485,I0018,20,25,27,Medium,Received,2026-08-31
REO002817,O0173,I0064,0,10,57,Critical,Received,2026-08-31
REO002818,O0079,I0013,14,15,47,Medium,Pending,2026-08-31
REO002819,O0165,I0059,12,20,85,Medium,Received,2026-08-31
REO002820,O0418,I0024,19,28,75,Medium,Approved,2026-08-31
REO002821,O0236,I0081,0,27,111,Critical,Approved,2026-08-31
REO002822,O0415,I0023,23,26,20,Medium,Pending,2026-08-31
REO002823,O0199,I0269,13,28,81,High,Received,2026-08-31
REO002824,O0297,I0097,5,23,76,High,Approved,2026-08-31
REO002825,O0054,I0018,26,33,37,Medium,Approved,2026-08-31
REO002826,O0185,I0268,7,33,53,High,Pending,2026-08-31
REO002827,O0174,I0062,25,36,68,Medium,Pending,2026-08-31
REO002828,O0136,I0055,12,31,56,High,Ordered,2026-08-31
REO002829,O0174,I0063,7,31,66,High,Approved,2026-08-31
REO002830,O0179,I0063,19,34,102,Medium,Ordered,2026-08-31
REO002831,O0018,I0188,13,24,43,Medium,Pending,2026-08-31
REO002832,O0271,I0087,2,27,75,High,Ordered,2026-08-31
REO002833,O0122,I0052,14,23,106,Medium,Pending,2026-08-31
REO002834,O0054,I0022,5,27,46,High,Received,2026-08-31
REO002835,O0158,I0064,19,24,39,Medium,Ordered,2026-08-31
REO002836,O0061,I0029,32,38,31,Medium,Ordered,2026-08-31
REO002837,O0206,I0074,17,19,47,Medium,Ordered,2026-08-31
REO002838,O0346,I0114,16,26,42,Medium,Ordered,2026-08-31
REO002839,O0235,I0078,34,35,43,Medium,Approved,2026-08-31
REO002840,O0150,I0062,24,30,85,Medium,Approved,2026-08-31
REO002841,O0155,I0058,13,25,92,Medium,Pending,2026-08-31
REO002842,O0453,I0051,12,33,85,High,Approved,2026-08-31
REO002843,O0434,I0057,13,16,44,Medium,Approved,2026-08-31
REO002844,O0412,I0023,6,14,37,High,Approved,2026-08-31
REO002845,O0024,I0010,12,22,62,Medium,Pending,2026-08-31
REO002846,O0199,I0269,13,28,81,High,Approved,2026-08-31
REO002847,O0016,I0197,1,32,90,High,Ordered,2026-08-31
REO002848,O0096,I0025,23,28,83,Medium,Approved,2026-08-31
REO002849,O0132,I0053,9,23,66,High,Ordered,2026-08-31
REO002850,O0181,I0274,2,19,66,High,Ordered,2026-08-31
REO002851,O0290,I0097,29,29,22,Medium,Ordered,2026-08-31
REO002852,O0426,I0033,20,30,34,Medium,Approved,2026-08-31
REO002853,O0268,I0090,2,17,72,High,Approved,2026-08-31
REO002854,O0143,I0059,4,21,43,High,Pending,2026-08-31
REO002855,O0226,I0081,16,27,30,Medium,Pending,2026-08-31
REO002856,O0006,I0009,12,28,45,High,Ordered,2026-08-31
REO002857,O0447,I0072,8,21,55,High,Approved,2026-08-31
REO002858,O0464,I0018,12,20,70,Medium,Received,2026-08-31
REO002859,O0468,I0020,8,27,66,High,Received,2026-08-31
REO002860,O0451,I0049,4,21,64,High,Ordered,2026-08-31
REO002861,O0331,I0109,2,13,73,High,Ordered,2026-08-31
REO002862,O0417,I0019,19,19,28,Medium,Ordered,2026-08-31
REO002863,O0179,I0060,5,16,83,High,Ordered,2026-08-31
REO002864,O0498,I0138,5,22,109,High,Ordered,2026-08-31
REO002865,O0015,I0196,6,15,66,High,Pending,2026-08-31
REO002866,O0468,I0020,8,27,66,High,Pending,2026-08-31
REO002867,O0342,I0117,19,28,60,Medium,Approved,2026-08-31
REO002868,O0179,I0063,19,34,102,Medium,Ordered,2026-08-31
REO002869,O0317,I0108,9,20,108,High,Pending,2026-08-31
REO002870,O0200,I0071,0,20,117,Critical,Received,2026-08-31
REO002871,O0316,I0107,16,26,85,Medium,Approved,2026-08-31
REO002872,O0194,I0277,23,28,52,Medium,Approved,2026-08-31
REO002873,O0210,I0076,10,16,50,Medium,Ordered,2026-08-31
REO002874,O0218,I0075,19,22,69,Medium,Received,2026-08-31
REO002875,O0490,I0025,25,29,65,Medium,Received,2026-08-31
REO002876,O0353,I0119,28,36,98,Medium,Approved,2026-08-31
REO002877,O0274,I0086,6,32,122,High,Pending,2026-08-31
REO002878,O0333,I0109,11,23,94,High,Approved,2026-08-31
REO002879,O0017,I0197,24,28,75,Medium,Pending,2026-08-31
REO002880,O0384,I0132,3,19,75,High,Pending,2026-08-31
REO002881,O0463,I0024,7,31,77,High,Pending,2026-08-31
REO002882,O0434,I0057,13,16,44,Medium,Received,2026-08-31
REO002883,O0053,I0024,3,31,120,High,Pending,2026-08-31
REO002884,O0467,I0021,24,36,73,Medium,Ordered,2026-08-31
REO002885,O0197,I0263,11,31,114,High,Received,2026-08-31
REO002886,O0417,I0019,19,19,28,Medium,Ordered,2026-08-31
REO002887,O0162,I0061,4,31,107,High,Pending,2026-08-31
REO002888,O0407,I0142,3,31,73,High,Pending,2026-08-31
REO002889,O0124,I0051,28,29,64,Medium,Ordered,2026-08-31
REO002890,O0296,I0098,12,24,59,Medium,Pending,2026-08-31
REO002891,O0056,I0021,31,35,31,Medium,Pending,2026-08-31
REO002892,O0037,I0169,29,32,44,Medium,Ordered,2026-08-31
REO002893,O0325,I0109,0,21,92,Critical,Ordered,2026-08-31
REO002894,O0037,I0198,1,17,77,High,Approved,2026-08-31
REO002895,O0094,I0023,4,32,94,High,Approved,2026-08-31
REO002896,O0236,I0079,5,20,82,High,Ordered,2026-08-31
REO002897,O0409,I0139,32,32,55,Medium,Ordered,2026-08-31
REO002898,O0494,I0140,3,38,97,High,Pending,2026-08-31
REO002899,O0120,I0047,17,29,42,Medium,Received,2026-08-31
REO002900,O0061,I0029,32,38,31,Medium,Approved,2026-08-31
REO002901,O0002,I0168,32,35,76,Medium,Approved,2026-08-31
REO002902,O0132,I0053,9,23,66,High,Approved,2026-08-31
REO002903,O0020,I0168,8,27,79,High,Approved,2026-08-31
REO002904,O0483,I0022,32,32,28,Medium,Ordered,2026-08-31
REO002905,O0181,I0274,2,19,66,High,Approved,2026-08-31
REO002906,O0218,I0074,14,31,110,High,Approved,2026-08-31
REO002907,O0205,I0073,26,27,29,Medium,Pending,2026-08-31
REO002908,O0236,I0081,0,27,111,Critical,Approved,2026-08-31
REO002909,O0195,I0265,4,31,50,High,Ordered,2026-08-31
REO002910,O0074,I0015,1,31,81,High,Received,2026-08-31
REO002911,O0149,I0062,9,31,87,High,Pending,2026-08-31
REO002912,O0263,I0091,4,12,99,High,Received,2026-08-31
REO002913,O0198,I0275,20,37,99,Medium,Ordered,2026-08-31
REO002914,O0246,I0084,15,34,103,High,Ordered,2026-08-31
REO002915,O0017,I0006,4,25,47,High,Pending,2026-08-31
REO002916,O0495,I0139,4,19,104,High,Approved,2026-08-31
REO002917,O0006,I0162,3,22,40,High,Pending,2026-08-31
REO002918,O0132,I0054,10,33,97,High,Approved,2026-08-31
REO002919,O0352,I0121,26,27,42,Medium,Ordered,2026-08-31
REO002920,O0014,I0160,23,31,45,Medium,Approved,2026-08-31
REO002921,O0055,I0019,17,25,45,Medium,Received,2026-08-31
REO002922,O0031,I0160,4,13,42,High,Pending,2026-08-31
REO002923,O0314,I0107,13,21,65,Medium,Approved,2026-08-31
REO002924,O0072,I0011,30,31,37,Medium,Approved,2026-08-31
REO002925,O0314,I0108,23,27,92,Medium,Approved,2026-08-31
REO002926,O0040,I0002,4,37,74,High,Approved,2026-08-31
REO002927,O0107,I0040,0,19,90,Critical,Pending,2026-08-31
REO002928,O0169,I0065,15,18,42,Medium,Approved,2026-08-31
REO002929,O0081,I0033,26,28,61,Medium,Ordered,2026-08-31
REO002930,O0372,I0126,6,23,45,High,Received,2026-08-31
REO002931,O0485,I0018,20,25,27,Medium,Ordered,2026-08-31
REO002932,O0173,I0064,0,10,57,Critical,Received,2026-08-31
REO002933,O0235,I0078,34,35,43,Medium,Received,2026-08-31
REO002934,O0174,I0062,25,36,68,Medium,Ordered,2026-08-31
REO002935,O0173,I0064,0,10,57,Critical,Approved,2026-08-31
REO002936,O0095,I0022,22,26,52,Medium,Approved,2026-08-31
REO002937,O0132,I0054,10,33,97,High,Pending,2026-08-31
REO002938,O0291,I0097,15,21,60,Medium,Approved,2026-08-31
REO002939,O0162,I0061,4,31,107,High,Ordered,2026-08-31
REO002940,O0449,I0076,3,18,56,High,Received,2026-08-31
REO002941,O0005,I0188,24,24,54,Medium,Approved,2026-08-31
REO002942,O0260,I0089,29,30,76,Medium,Approved,2026-08-31
REO002943,O0400,I0136,28,32,37,Medium,Pending,2026-08-31
REO002944,O0185,I0275,16,19,51,Medium,Ordered,2026-08-31
REO002945,O0427,I0034,18,21,43,Medium,Received,2026-08-31
REO002946,O0393,I0134,15,17,79,Medium,Approved,2026-08-31
REO002947,O0197,I0263,11,31,114,High,Ordered,2026-08-31
REO002948,O0302,I0095,10,39,104,High,Approved,2026-08-31
REO002949,O0087,I0037,10,17,76,Medium,Approved,2026-08-31
REO002950,O0481,I0020,23,33,76,Medium,Approved,2026-08-31
REO002951,O0431,I0053,6,32,115,High,Received,2026-08-31
REO002952,O0111,I0046,17,23,85,Medium,Ordered,2026-08-31
REO002953,O0179,I0060,5,16,83,High,Ordered,2026-08-31
REO002954,O0039,I0191,10,37,46,High,Ordered,2026-08-31
REO002955,O0408,I0141,22,22,29,Medium,Ordered,2026-08-31
REO002956,O0290,I0097,29,29,22,Medium,Ordered,2026-08-31
REO002957,O0119,I0044,12,20,41,Medium,Received,2026-08-31
REO002958,O0467,I0021,24,36,73,Medium,Pending,2026-08-31
REO002959,O0363,I0123,11,25,104,High,Received,2026-08-31
REO002960,O0155,I0061,18,27,37,Medium,Received,2026-08-31
REO002961,O0161,I0060,26,35,33,Medium,Pending,2026-08-31
REO002962,O0364,I0122,16,29,64,Medium,Approved,2026-08-31
REO002963,O0340,I0112,18,34,33,Medium,Approved,2026-08-31
REO002964,O0302,I0099,15,24,32,Medium,Approved,2026-08-31
REO002965,O0271,I0086,1,27,66,High,Received,2026-08-31
REO002966,O0327,I0110,3,26,78,High,Approved,2026-08-31
REO002967,O0047,I0022,13,37,94,High,Ordered,2026-08-31
REO002968,O0465,I0020,9,28,41,High,Approved,2026-08-31
REO002969,O0279,I0091,13,25,91,Medium,Approved,2026-08-31
REO002970,O0206,I0074,17,19,47,Medium,Received,2026-08-31
REO002971,O0495,I0139,4,19,104,High,Approved,2026-08-31
REO002972,O0390,I0131,13,30,94,High,Received,2026-08-31
REO002973,O0110,I0040,9,25,57,High,Approved,2026-08-31
REO002974,O0031,I0006,6,25,105,High,Received,2026-08-31
REO002975,O0385,I0132,16,28,50,Medium,Pending,2026-08-31
REO002976,O0044,I0019,6,29,52,High,Approved,2026-08-31
REO002977,O0158,I0064,19,24,39,Medium,Pending,2026-08-31
REO002978,O0422,I0034,15,20,33,Medium,Ordered,2026-08-31
REO002979,O0477,I0101,18,31,75,Medium,Approved,2026-08-31
REO002980,O0040,I0172,33,33,51,Medium,Ordered,2026-08-31
REO002981,O0154,I0060,27,38,44,Medium,Pending,2026-08-31
REO002982,O0044,I0019,6,29,52,High,Approved,2026-08-31
REO002983,O0219,I0074,10,23,83,High,Pending,2026-08-31
REO002984,O0164,I0061,13,14,38,Medium,Approved,2026-08-31
REO002985,O0186,I0071,15,23,54,Medium,Ordered,2026-08-31
REO002986,O0002,I0165,7,13,102,Medium,Pending,2026-08-31
REO002987,O0157,I0060,21,29,38,Medium,Approved,2026-08-31
REO002988,O0003,I0165,16,31,47,Medium,Ordered,2026-08-31
REO002989,O0171,I0058,9,25,80,High,Received,2026-08-31
REO002990,O0244,I0082,2,36,82,High,Pending,2026-08-31
REO002991,O0352,I0121,26,27,42,Medium,Ordered,2026-08-31
REO002992,O0018,I0197,8,23,37,High,Approved,2026-08-31
REO002993,O0313,I0105,13,17,33,Medium,Received,2026-08-31
REO002994,O0340,I0112,18,34,33,Medium,Received,2026-08-31
REO002995,O0252,I0086,22,23,37,Medium,Approved,2026-08-31
REO002996,O0114,I0046,30,30,75,Medium,Pending,2026-08-31
REO002997,O0155,I0058,13,25,92,Medium,Pending,2026-08-31
REO002998,O0187,I0277,20,24,31,Medium,Ordered,2026-08-31
REO002999,O0438,I0056,1,28,82,High,Received,2026-08-31
REO003000,O0012,I0007,6,34,107,High,Approved,2026-08-31
REO003001,O0474,I0103,0,30,110,Critical,Approved,2026-08-31
REO003002,O0291,I0093,9,15,62,Medium,Pending,2026-08-31
REO003003,O0469,I0018,16,29,70,Medium,Approved,2026-08-31
REO003004,O0084,I0032,3,28,90,High,Received,2026-08-31
REO003005,O0494,I0140,3,38,97,High,Approved,2026-08-31
REO003006,O0253,I0086,0,25,117,Critical,Approved,2026-08-31
REO003007,O0175,I0060,6,12,92,Medium,Pending,2026-08-31
REO003008,O0373,I0128,4,13,42,High,Ordered,2026-08-31
REO003009,O0072,I0011,30,31,37,Medium,Received,2026-08-31
REO003010,O0016,I0161,11,16,31,Medium,Approved,2026-08-31
REO003011,O0192,I0275,1,28,92,High,Ordered,2026-08-31
REO003012,O0033,I0007,19,32,63,Medium,Ordered,2026-08-31
REO003013,O0114,I0048,9,27,83,High,Ordered,2026-08-31
REO003014,O0186,I0267,34,37,55,Medium,Ordered,2026-08-31
REO003015,O0011,I0198,18,36,40,Medium,Received,2026-08-31
REO003016,O0236,I0081,0,27,111,Critical,Ordered,2026-08-31
REO003017,O0244,I0082,2,36,82,High,Pending,2026-08-31
REO003018,O0005,I0160,7,14,92,Medium,Pending,2026-08-31
REO003019,O0006,I0168,14,24,40,Medium,Ordered,2026-08-31
REO003020,O0397,I0134,11,38,113,High,Approved,2026-08-31
REO003021,O0379,I0128,8,34,57,High,Ordered,2026-08-31
REO003022,O0006,I0009,12,28,45,High,Received,2026-08-31
REO003023,O0412,I0025,18,22,42,Medium,Ordered,2026-08-31
REO003024,O0442,I0074,34,34,22,Medium,Approved,2026-08-31
REO003025,O0118,I0047,12,16,38,Medium,Ordered,2026-08-31
REO003026,O0292,I0098,9,31,60,High,Approved,2026-08-31
REO003027,O0453,I0050,32,33,22,Medium,Ordered,2026-08-31
REO003028,O0192,I0266,1,22,41,High,Pending,2026-08-31
REO003029,O0038,I0161,3,30,89,High,Received,2026-08-31
REO003030,O0490,I0021,16,31,75,Medium,Pending,2026-08-31
REO003031,O0184,I0070,2,27,96,High,Approved,2026-08-31
REO003032,O0164,I0061,13,14,38,Medium,Approved,2026-08-31
REO003033,O0040,I0158,19,29,59,Medium,Ordered,2026-08-31
REO003034,O0331,I0109,2,13,73,High,Approved,2026-08-31
REO003035,O0039,I0191,10,37,46,High,Received,2026-08-31
REO003036,O0257,I0092,10,32,48,High,Ordered,2026-08-31
REO003037,O0008,I0168,17,17,58,Medium,Ordered,2026-08-31
REO003038,O0223,I0078,4,34,104,High,Ordered,2026-08-31
REO003039,O0210,I0072,0,29,60,Critical,Approved,2026-08-31
REO003040,O0379,I0128,8,34,57,High,Pending,2026-08-31
REO003041,O0497,I0139,20,25,69,Medium,Approved,2026-08-31
REO003042,O0232,I0078,31,31,87,Medium,Pending,2026-08-31
REO003043,O0024,I0013,9,14,39,Medium,Ordered,2026-08-31
REO003044,O0197,I0066,10,26,80,High,Pending,2026-08-31
REO003045,O0054,I0022,5,27,46,High,Pending,2026-08-31
REO003046,O0074,I0017,9,29,67,High,Pending,2026-08-31
REO003047,O0169,I0061,22,27,92,Medium,Approved,2026-08-31
REO003048,O0200,I0268,16,25,34,Medium,Approved,2026-08-31
REO003049,O0045,I0019,14,29,64,High,Pending,2026-08-31
REO003050,O0168,I0058,14,21,90,Medium,Ordered,2026-08-31
REO003051,O0114,I0048,9,27,83,High,Pending,2026-08-31
REO003052,O0491,I0138,2,37,54,High,Ordered,2026-08-31
REO003053,O0282,I0094,6,15,80,High,Received,2026-08-31
REO003054,O0226,I0081,16,27,30,Medium,Ordered,2026-08-31
REO003055,O0186,I0263,14,31,63,High,Ordered,2026-08-31
REO003056,O0165,I0065,13,16,27,Medium,Received,2026-08-31
REO003057,O0048,I0018,24,24,91,Medium,Pending,2026-08-31
REO003058,O0425,I0035,11,21,97,Medium,Ordered,2026-08-31
REO003059,O0045,I0023,0,29,89,Critical,Received,2026-08-31
REO003060,O0374,I0126,8,26,63,High,Pending,2026-08-31
REO003061,O0247,I0085,1,26,114,High,Ordered,2026-08-31
REO003062,O0061,I0027,8,22,52,High,Approved,2026-08-31
REO003063,O0376,I0129,3,22,67,High,Pending,2026-08-31
REO003064,O0404,I0139,20,28,59,Medium,Approved,2026-08-31
REO003065,O0187,I0267,18,18,50,Medium,Approved,2026-08-31
REO003066,O0322,I0113,7,32,109,High,Ordered,2026-08-31
REO003067,O0106,I0039,9,11,86,Medium,Approved,2026-08-31
REO003068,O0002,I0200,13,25,31,Medium,Received,2026-08-31
REO003069,O0033,I0193,10,18,77,Medium,Received,2026-08-31
REO003070,O0452,I0049,6,26,68,High,Pending,2026-08-31
REO003071,O0091,I0018,14,28,65,Medium,Approved,2026-08-31
REO003072,O0247,I0085,1,26,114,High,Ordered,2026-08-31
REO003073,O0296,I0095,13,22,47,Medium,Ordered,2026-08-31
REO003074,O0376,I0126,3,10,89,High,Ordered,2026-08-31
REO003075,O0463,I0024,7,31,77,High,Ordered,2026-08-31
REO003076,O0465,I0018,9,22,72,High,Received,2026-08-31
REO003077,O0363,I0123,11,25,104,High,Received,2026-08-31
REO003078,O0132,I0054,10,33,97,High,Pending,2026-08-31
REO003079,O0197,I0270,14,16,31,Medium,Received,2026-08-31
REO003080,O0492,I0138,12,19,49,Medium,Approved,2026-08-31
REO003081,O0204,I0075,2,26,95,High,Pending,2026-08-31
REO003082,O0273,I0087,18,36,34,Medium,Ordered,2026-08-31
REO003083,O0418,I0022,35,36,86,Medium,Ordered,2026-08-31
REO003084,O0018,I0197,8,23,37,High,Ordered,2026-08-31
REO003085,O0486,I0025,27,36,62,Medium,Received,2026-08-31
REO003086,O0484,I0024,8,32,108,High,Approved,2026-08-31
REO003087,O0304,I0095,23,31,35,Medium,Approved,2026-08-31
REO003088,O0247,I0085,1,26,114,High,Approved,2026-08-31
REO003089,O0224,I0081,10,11,33,Medium,Approved,2026-08-31
REO003090,O0472,I0103,0,35,102,Critical,Ordered,2026-08-31
REO003091,O0483,I0021,5,35,115,High,Received,2026-08-31
REO003092,O0059,I0022,23,28,92,Medium,Pending,2026-08-31
REO003093,O0365,I0122,18,25,57,Medium,Ordered,2026-08-31
REO003094,O0054,I0021,31,31,62,Medium,Pending,2026-08-31
REO003095,O0481,I0018,12,27,49,High,Ordered,2026-08-31
REO003096,O0303,I0096,11,33,112,High,Pending,2026-08-31
REO003097,O0302,I0099,15,24,32,Medium,Approved,2026-08-31
REO003098,O0109,I0042,5,15,99,High,Pending,2026-08-31
REO003099,O0229,I0079,2,29,62,High,Approved,2026-08-31
REO003100,O0187,I0069,20,23,75,Medium,Ordered,2026-08-31
REO003101,O0157,I0065,1,15,91,High,Ordered,2026-08-31
REO003102,O0047,I0022,13,37,94,High,Ordered,2026-08-31
REO003103,O0050,I0025,30,30,36,Medium,Ordered,2026-08-31
REO003104,O0265,I0091,7,27,92,High,Ordered,2026-08-31
REO003105,O0442,I0072,17,32,90,Medium,Ordered,2026-08-31
REO003106,O0354,I0118,24,26,43,Medium,Pending,2026-08-31
REO003107,O0409,I0138,17,27,99,Medium,Received,2026-08-31
REO003108,O0004,I0172,6,28,61,High,Approved,2026-08-31
REO003109,O0346,I0114,16,26,42,Medium,Pending,2026-08-31
REO003110,O0230,I0078,18,29,65,Medium,Approved,2026-08-31
REO003111,O0416,I0018,6,23,68,High,Pending,2026-08-31
REO003112,O0031,I0160,4,13,42,High,Ordered,2026-08-31
REO003113,O0205,I0073,26,27,29,Medium,Approved,2026-08-31
REO003114,O0187,I0267,18,18,50,Medium,Approved,2026-08-31
REO003115,O0257,I0089,18,35,76,Medium,Pending,2026-08-31
REO003116,O0216,I0073,11,18,86,Medium,Pending,2026-08-31
REO003117,O0299,I0093,4,16,89,High,Approved,2026-08-31
REO003118,O0177,I0062,14,30,66,High,Approved,2026-08-31
REO003119,O0376,I0128,10,17,89,Medium,Received,2026-08-31
REO003120,O0253,I0088,11,31,100,High,Ordered,2026-08-31
REO003121,O0008,I0168,17,17,58,Medium,Pending,2026-08-31
REO003122,O0104,I0041,6,22,73,High,Received,2026-08-31
REO003123,O0155,I0061,18,27,37,Medium,Ordered,2026-08-31
REO003124,O0044,I0019,6,29,52,High,Approved,2026-08-31
REO003125,O0169,I0061,22,27,92,Medium,Ordered,2026-08-31
REO003126,O0062,I0030,5,17,75,High,Ordered,2026-08-31
REO003127,O0078,I0016,29,33,69,Medium,Approved,2026-08-31
REO003128,O0054,I0018,26,33,37,Medium,Received,2026-08-31
REO003129,O0452,I0049,6,26,68,High,Pending,2026-08-31
REO003130,O0157,I0065,1,15,91,High,Approved,2026-08-31
REO003131,O0145,I0058,28,31,73,Medium,Received,2026-08-31
REO003132,O0054,I0022,5,27,46,High,Ordered,2026-08-31
REO003133,O0044,I0025,4,30,116,High,Ordered,2026-08-31
REO003134,O0483,I0021,5,35,115,High,Pending,2026-08-31
REO003135,O0387,I0131,8,33,119,High,Ordered,2026-08-31
REO003136,O0044,I0021,25,28,61,Medium,Approved,2026-08-31
REO003137,O0219,I0074,10,23,83,High,Approved,2026-08-31
REO003138,O0274,I0086,6,32,122,High,Pending,2026-08-31
REO003139,O0454,I0050,16,37,84,High,Approved,2026-08-31
REO003140,O0002,I0165,7,13,102,Medium,Ordered,2026-08-31
REO003141,O0376,I0127,20,24,48,Medium,Ordered,2026-08-31
REO003142,O0054,I0021,31,31,62,Medium,Ordered,2026-08-31
REO003143,O0433,I0055,21,24,66,Medium,Pending,2026-08-31
REO003144,O0470,I0023,14,20,29,Medium,Pending,2026-08-31
REO003145,O0107,I0040,0,19,90,Critical,Approved,2026-08-31
REO003146,O0120,I0045,7,19,95,High,Approved,2026-08-31
REO003147,O0013,I0167,13,31,80,High,Ordered,2026-08-31
REO003148,O0014,I0160,23,31,45,Medium,Approved,2026-08-31
REO003149,O0367,I0122,6,34,91,High,Pending,2026-08-31
REO003150,O0189,I0271,16,18,36,Medium,Ordered,2026-08-31
REO003151,O0236,I0079,5,20,82,High,Ordered,2026-08-31
REO003152,O0014,I0160,23,31,45,Medium,Pending,2026-08-31
REO003153,O0439,I0053,21,35,71,Medium,Ordered,2026-08-31
REO003154,O0184,I0067,17,17,62,Medium,Received,2026-08-31
REO003155,O0192,I0069,1,33,70,High,Approved,2026-08-31
REO003156,O0277,I0089,9,33,101,High,Ordered,2026-08-31
REO003157,O0180,I0058,17,29,82,Medium,Received,2026-08-31
REO003158,O0165,I0061,13,27,50,High,Ordered,2026-08-31
REO003159,O0199,I0068,17,26,87,Medium,Approved,2026-08-31
REO003160,O0314,I0106,18,23,89,Medium,Ordered,2026-08-31
REO003161,O0462,I0024,13,24,37,Medium,Received,2026-08-31
REO003162,O0436,I0053,0,14,92,Critical,Pending,2026-08-31
REO003163,O0190,I0264,0,30,108,Critical,Ordered,2026-08-31
REO003164,O0165,I0064,36,37,61,Medium,Ordered,2026-08-31
REO003165,O0075,I0013,2,23,49,High,Received,2026-08-31
REO003166,O0452,I0052,27,31,101,Medium,Pending,2026-08-31
REO003167,O0456,I0049,1,17,49,High,Received,2026-08-31
REO003168,O0302,I0099,15,24,32,Medium,Received,2026-08-31
REO003169,O0162,I0059,15,30,85,Medium,Approved,2026-08-31
REO003170,O0166,I0060,13,24,62,Medium,Approved,2026-08-31
REO003171,O0189,I0270,17,24,49,Medium,Ordered,2026-08-31
REO003172,O0477,I0101,18,31,75,Medium,Ordered,2026-08-31
REO003173,O0055,I0025,24,25,99,Medium,Approved,2026-08-31
REO003174,O0309,I0096,6,28,65,High,Received,2026-08-31
REO003175,O0291,I0093,9,15,62,Medium,Ordered,2026-08-31
REO003176,O0244,I0084,14,16,59,Medium,Approved,2026-08-31
REO003177,O0053,I0024,3,31,120,High,Approved,2026-08-31
REO003178,O0440,I0054,4,20,90,High,Approved,2026-08-31
REO003179,O0066,I0027,13,22,59,Medium,Ordered,2026-08-31
REO003180,O0122,I0049,25,28,24,Medium,Received,2026-08-31
REO003181,O0034,I0003,12,15,70,Medium,Received,2026-08-31
REO003182,O0037,I0169,29,32,44,Medium,Ordered,2026-08-31
REO003183,O0127,I0050,20,39,48,Medium,Ordered,2026-08-31
REO003184,O0364,I0122,16,29,64,Medium,Ordered,2026-08-31
REO003185,O0324,I0110,5,23,49,High,Pending,2026-08-31
REO003186,O0171,I0062,5,11,75,High,Approved,2026-08-31
REO003187,O0095,I0022,22,26,52,Medium,Pending,2026-08-31
REO003188,O0277,I0089,9,33,101,High,Ordered,2026-08-31
REO003189,O0498,I0138,5,22,109,High,Approved,2026-08-31
REO003190,O0095,I0018,3,31,98,High,Ordered,2026-08-31
REO003191,O0459,I0049,23,24,72,Medium,Pending,2026-08-31
REO003192,O0002,I0165,7,13,102,Medium,Approved,2026-08-31
REO003193,O0402,I0142,3,18,74,High,Ordered,2026-08-31
REO003194,O0035,I0006,21,21,41,Medium,Ordered,2026-08-31
REO003195,O0416,I0020,8,23,110,High,Ordered,2026-08-31
REO003196,O0134,I0057,13,34,109,High,Ordered,2026-08-31
REO003197,O0401,I0142,15,17,38,Medium,Received,2026-08-31
REO003198,O0003,I0193,4,16,71,High,Pending,2026-08-31
REO003199,O0386,I0131,12,26,66,High,Ordered,2026-08-31
REO003200,O0169,I0060,10,14,55,Medium,Pending,2026-08-31
REO003201,O0044,I0019,6,29,52,High,Received,2026-08-31
REO003202,O0500,I0140,6,12,66,Medium,Ordered,2026-08-31
REO003203,O0416,I0020,8,23,110,High,Ordered,2026-08-31
REO003204,O0001,I0190,18,24,59,Medium,Pending,2026-08-31
REO003205,O0143,I0059,4,21,43,High,Ordered,2026-08-31
REO003206,O0183,I0267,13,22,91,Medium,Received,2026-08-31
REO003207,O0284,I0095,9,15,55,Medium,Ordered,2026-08-31
REO003208,O0033,I0164,10,26,66,High,Approved,2026-08-31
REO003209,O0447,I0076,8,26,87,High,Pending,2026-08-31
REO003210,O0210,I0076,10,16,50,Medium,Pending,2026-08-31
REO003211,O0405,I0142,5,32,75,High,Received,2026-08-31
REO003212,O0325,I0109,0,21,92,Critical,Received,2026-08-31
REO003213,O0404,I0138,1,20,54,High,Pending,2026-08-31
REO003214,O0329,I0112,30,32,36,Medium,Received,2026-08-31
REO003215,O0279,I0086,19,19,70,Medium,Received,2026-08-31
REO003216,O0263,I0087,7,35,87,High,Received,2026-08-31
REO003217,O0041,I0024,16,31,77,Medium,Ordered,2026-08-31
REO003218,O0483,I0021,5,35,115,High,Ordered,2026-08-31
REO003219,O0046,I0022,7,24,58,High,Ordered,2026-08-31
REO003220,O0050,I0018,8,10,48,Medium,Pending,2026-08-31
REO003221,O0278,I0088,16,23,46,Medium,Ordered,2026-08-31
REO003222,O0431,I0057,18,31,73,Medium,Received,2026-08-31
REO003223,O0144,I0060,10,21,42,High,Ordered,2026-08-31
REO003224,O0422,I0037,1,24,107,High,Approved,2026-08-31
REO003225,O0390,I0130,34,34,36,Medium,Pending,2026-08-31
REO003226,O0248,I0082,3,16,70,High,Received,2026-08-31
REO003227,O0373,I0129,13,23,92,Medium,Approved,2026-08-31
REO003228,O0114,I0048,9,27,83,High,Ordered,2026-08-31
REO003229,O0315,I0108,3,14,50,High,Received,2026-08-31
REO003230,O0416,I0020,8,23,110,High,Received,2026-08-31
REO003231,O0187,I0275,4,20,88,High,Ordered,2026-08-31
REO003232,O0380,I0128,1,13,61,High,Approved,2026-08-31
REO003233,O0060,I0023,6,14,89,High,Approved,2026-08-31
REO003234,O0052,I0024,15,30,59,Medium,Ordered,2026-08-31
REO003235,O0414,I0025,13,34,85,High,Ordered,2026-08-31
REO003236,O0234,I0081,7,23,82,High,Approved,2026-08-31
REO003237,O0054,I0022,5,27,46,High,Received,2026-08-31
REO003238,O0367,I0122,6,34,91,High,Approved,2026-08-31
REO003239,O0092,I0020,11,16,86,Medium,Pending,2026-08-31
REO003240,O0244,I0084,14,16,59,Medium,Approved,2026-08-31
REO003241,O0170,I0064,10,36,118,High,Received,2026-08-31
REO003242,O0226,I0081,16,27,30,Medium,Pending,2026-08-31
REO003243,O0185,I0268,7,33,53,High,Pending,2026-08-31
REO003244,O0188,I0068,10,22,44,High,Ordered,2026-08-31
REO003245,O0128,I0049,4,15,103,High,Approved,2026-08-31
REO003246,O0304,I0097,9,12,79,Medium,Ordered,2026-08-31
REO003247,O0218,I0075,19,22,69,Medium,Ordered,2026-08-31
REO003248,O0440,I0057,0,15,98,Critical,Received,2026-08-31
REO003249,O0006,I0160,0,25,82,Critical,Ordered,2026-08-31
REO003250,O0196,I0070,8,14,96,Medium,Pending,2026-08-31
REO003251,O0089,I0033,9,23,51,High,Ordered,2026-08-31
REO003252,O0188,I0071,21,25,58,Medium,Approved,2026-08-31
REO003253,O0431,I0057,18,31,73,Medium,Approved,2026-08-31
REO003254,O0017,I0197,24,28,75,Medium,Received,2026-08-31
REO003255,O0031,I0006,6,25,105,High,Pending,2026-08-31
REO003256,O0232,I0078,31,31,87,Medium,Ordered,2026-08-31
REO003257,O0087,I0037,10,17,76,Medium,Approved,2026-08-31
REO003258,O0404,I0138,1,20,54,High,Pending,2026-08-31
REO003259,O0054,I0022,5,27,46,High,Ordered,2026-08-31
REO003260,O0315,I0108,3,14,50,High,Approved,2026-08-31
REO003261,O0376,I0127,20,24,48,Medium,Pending,2026-08-31
REO003262,O0040,I0002,4,37,74,High,Approved,2026-08-31
REO003263,O0021,I0014,9,20,91,High,Pending,2026-08-31
REO003264,O0450,I0075,15,39,40,High,Pending,2026-08-31
REO003265,O0304,I0099,17,19,48,Medium,Ordered,2026-08-31
REO003266,O0035,I0193,27,34,98,Medium,Ordered,2026-08-31
REO003267,O0410,I0138,10,21,80,High,Ordered,2026-08-31
REO003268,O0084,I0033,22,33,92,Medium,Received,2026-08-31
REO003269,O0099,I0023,17,27,37,Medium,Received,2026-08-31
REO003270,O0319,I0107,11,30,114,High,Ordered,2026-08-31
REO003271,O0087,I0037,10,17,76,Medium,Approved,2026-08-31
REO003272,O0007,I0170,5,16,50,High,Pending,2026-08-31
REO003273,O0038,I0161,3,30,89,High,Ordered,2026-08-31
REO003274,O0369,I0124,26,30,96,Medium,Ordered,2026-08-31
REO003275,O0378,I0126,27,32,37,Medium,Ordered,2026-08-31
REO003276,O0278,I0090,16,26,80,Medium,Approved,2026-08-31
REO003277,O0278,I0088,16,23,46,Medium,Approved,2026-08-31
REO003278,O0461,I0020,12,27,67,High,Received,2026-08-31
REO003279,O0309,I0097,13,32,62,High,Ordered,2026-08-31
REO003280,O0283,I0097,11,21,98,Medium,Approved,2026-08-31
REO003281,O0018,I0188,13,24,43,Medium,Approved,2026-08-31
REO003282,O0104,I0041,6,22,73,High,Ordered,2026-08-31
REO003283,O0192,I0275,1,28,92,High,Approved,2026-08-31
REO003284,O0451,I0049,4,21,64,High,Ordered,2026-08-31
REO003285,O0059,I0023,20,35,78,Medium,Ordered,2026-08-31
REO003286,O0020,I0008,3,18,94,High,Received,2026-08-31
REO003287,O0038,I0171,22,25,42,Medium,Ordered,2026-08-31
REO003288,O0192,I0275,1,28,92,High,Approved,2026-08-31
REO003289,O0014,I0160,23,31,45,Medium,Approved,2026-08-31
REO003290,O0239,I0079,26,26,83,Medium,Pending,2026-08-31
REO003291,O0058,I0019,17,25,97,Medium,Ordered,2026-08-31
REO003292,O0052,I0024,15,30,59,Medium,Pending,2026-08-31
REO003293,O0044,I0018,4,28,48,High,Ordered,2026-08-31
REO003294,O0038,I0193,2,32,90,High,Pending,2026-08-31
REO003295,O0162,I0061,4,31,107,High,Approved,2026-08-31
REO003296,O0412,I0025,18,22,42,Medium,Approved,2026-08-31
REO003297,O0221,I0081,7,13,75,Medium,Pending,2026-08-31
REO003298,O0438,I0056,1,28,82,High,Approved,2026-08-31
REO003299,O0481,I0020,23,33,76,Medium,Approved,2026-08-31
REO003300,O0059,I0023,20,35,78,Medium,Pending,2026-08-31
REO003301,O0050,I0018,8,10,48,Medium,Ordered,2026-08-31
REO003302,O0304,I0099,17,19,48,Medium,Ordered,2026-08-31
REO003303,O0200,I0071,0,20,117,Critical,Ordered,2026-08-31
REO003304,O0483,I0022,32,32,28,Medium,Received,2026-08-31
REO003305,O0313,I0105,13,17,33,Medium,Received,2026-08-31
REO003306,O0180,I0058,17,29,82,Medium,Approved,2026-08-31
REO003307,O0416,I0018,6,23,68,High,Ordered,2026-08-31
REO003308,O0364,I0122,16,29,64,Medium,Ordered,2026-08-31
REO003309,O0322,I0113,7,32,109,High,Ordered,2026-08-31
REO003310,O0196,I0273,12,31,105,High,Ordered,2026-08-31
REO003311,O0299,I0093,4,16,89,High,Received,2026-08-31
REO003312,O0291,I0097,15,21,60,Medium,Ordered,2026-08-31
REO003313,O0186,I0068,9,17,63,Medium,Pending,2026-08-31
REO003314,O0412,I0025,18,22,42,Medium,Approved,2026-08-31
REO003315,O0410,I0142,14,14,53,Medium,Ordered,2026-08-31
REO003316,O0003,I0193,4,16,71,High,Ordered,2026-08-31
REO003317,O0264,I0087,14,28,76,Medium,Received,2026-08-31
REO003318,O0258,I0089,3,37,74,High,Ordered,2026-08-31
REO003319,O0198,I0274,10,31,61,High,Approved,2026-08-31
REO003320,O0037,I0159,1,20,44,High,Ordered,2026-08-31
REO003321,O0039,I0004,7,27,39,High,Approved,2026-08-31
REO003322,O0236,I0081,0,27,111,Critical,Ordered,2026-08-31
REO003323,O0300,I0099,18,24,44,Medium,Ordered,2026-08-31
REO003324,O0059,I0023,20,35,78,Medium,Pending,2026-08-31
REO003325,O0413,I0023,3,22,102,High,Received,2026-08-31
REO003326,O0335,I0112,17,33,81,Medium,Approved,2026-08-31
REO003327,O0194,I0277,23,28,52,Medium,Approved,2026-08-31
REO003328,O0155,I0065,0,19,84,Critical,Approved,2026-08-31
REO003329,O0021,I0014,9,20,91,High,Pending,2026-08-31
REO003330,O0089,I0036,3,17,37,High,Ordered,2026-08-31
REO003331,O0022,I0014,10,28,50,High,Ordered,2026-08-31
REO003332,O0399,I0136,22,26,56,Medium,Approved,2026-08-31
REO003333,O0048,I0025,6,28,76,High,Approved,2026-08-31
REO003334,O0467,I0023,3,18,92,High,Approved,2026-08-31
REO003335,O0097,I0020,8,19,39,High,Pending,2026-08-31
REO003336,O0006,I0001,8,35,62,High,Ordered,2026-08-31
REO003337,O0263,I0087,7,35,87,High,Ordered,2026-08-31
REO003338,O0404,I0139,20,28,59,Medium,Approved,2026-08-31
REO003339,O0173,I0064,0,10,57,Critical,Approved,2026-08-31
REO003340,O0016,I0161,11,16,31,Medium,Received,2026-08-31
REO003341,O0044,I0022,12,21,42,Medium,Ordered,2026-08-31
REO003342,O0001,I0172,23,28,37,Medium,Ordered,2026-08-31
REO003343,O0018,I0194,13,35,65,High,Approved,2026-08-31
REO003344,O0416,I0018,6,23,68,High,Received,2026-08-31
REO003345,O0037,I0198,1,17,77,High,Approved,2026-08-31
REO003346,O0425,I0037,16,33,104,High,Ordered,2026-08-31
REO003347,O0002,I0171,18,29,29,Medium,Pending,2026-08-31
REO003348,O0085,I0034,15,29,38,Medium,Approved,2026-08-31
REO003349,O0096,I0024,5,31,66,High,Ordered,2026-08-31
REO003350,O0049,I0020,2,32,92,High,Approved,2026-08-31
REO003351,O0314,I0107,13,21,65,Medium,Ordered,2026-08-31
REO003352,O0172,I0063,0,32,116,Critical,Received,2026-08-31
REO003353,O0500,I0140,6,12,66,Medium,Ordered,2026-08-31
REO003354,O0438,I0056,1,28,82,High,Approved,2026-08-31
REO003355,O0431,I0057,18,31,73,Medium,Pending,2026-08-31
REO003356,O0417,I0018,8,15,58,Medium,Ordered,2026-08-31
REO003357,O0278,I0088,16,23,46,Medium,Pending,2026-08-31
REO003358,O0177,I0059,7,28,80,High,Ordered,2026-08-31
REO003359,O0002,I0171,18,29,29,Medium,Pending,2026-08-31
REO003360,O0037,I0169,29,32,44,Medium,Ordered,2026-08-31
REO003361,O0190,I0269,1,28,100,High,Received,2026-08-31
REO003362,O0184,I0067,17,17,62,Medium,Ordered,2026-08-31
REO003363,O0029,I0014,25,28,37,Medium,Ordered,2026-08-31
REO003364,O0022,I0014,10,28,50,High,Pending,2026-08-31
REO003365,O0062,I0030,5,17,75,High,Ordered,2026-08-31
REO003366,O0001,I0193,1,9,100,High,Approved,2026-08-31
REO003367,O0185,I0068,10,32,55,High,Ordered,2026-08-31
REO003368,O0153,I0065,6,25,85,High,Pending,2026-08-31
REO003369,O0477,I0101,18,31,75,Medium,Pending,2026-08-31
REO003370,O0062,I0029,7,29,93,High,Received,2026-08-31
REO003371,O0385,I0132,16,28,50,Medium,Received,2026-08-31
REO003372,O0017,I0164,8,22,43,High,Received,2026-08-31
REO003373,O0039,I0164,1,31,70,High,Pending,2026-08-31
REO003374,O0091,I0018,14,28,65,Medium,Pending,2026-08-31
REO003375,O0296,I0098,12,24,59,Medium,Ordered,2026-08-31
REO003376,O0244,I0083,0,20,61,Critical,Ordered,2026-08-31
REO003377,O0384,I0131,1,19,52,High,Approved,2026-08-31
REO003378,O0440,I0057,0,15,98,Critical,Ordered,2026-08-31
REO003379,O0044,I0025,4,30,116,High,Pending,2026-08-31
REO003380,O0054,I0018,26,33,37,Medium,Ordered,2026-08-31
REO003381,O0431,I0056,26,29,41,Medium,Pending,2026-08-31
REO003382,O0463,I0022,9,18,45,Medium,Ordered,2026-08-31
REO003383,O0199,I0277,17,21,30,Medium,Pending,2026-08-31
REO003384,O0492,I0138,12,19,49,Medium,Approved,2026-08-31
REO003385,O0200,I0071,0,20,117,Critical,Ordered,2026-08-31
REO003386,O0002,I0002,18,18,41,Medium,Pending,2026-08-31
REO003387,O0492,I0138,12,19,49,Medium,Ordered,2026-08-31
REO003388,O0039,I0164,1,31,70,High,Ordered,2026-08-31
REO003389,O0061,I0026,11,25,70,High,Pending,2026-08-31
REO003390,O0221,I0081,7,13,75,Medium,Ordered,2026-08-31
REO003391,O0186,I0068,9,17,63,Medium,Approved,2026-08-31
REO003392,O0120,I0047,17,29,42,Medium,Pending,2026-08-31
REO003393,O0189,I0270,17,24,49,Medium,Ordered,2026-08-31
REO003394,O0410,I0142,14,14,53,Medium,Pending,2026-08-31
REO003395,O0146,I0063,14,19,34,Medium,Ordered,2026-08-31
REO003396,O0096,I0024,5,31,66,High,Ordered,2026-08-31
REO003397,O0083,I0032,7,15,56,High,Pending,2026-08-31
REO003398,O0271,I0086,1,27,66,High,Ordered,2026-08-31
REO003399,O0309,I0096,6,28,65,High,Pending,2026-08-31
REO003400,O0322,I0113,7,32,109,High,Pending,2026-08-31
REO003401,O0077,I0010,21,28,59,Medium,Approved,2026-08-31
REO003402,O0035,I0006,21,21,41,Medium,Ordered,2026-08-31
REO003403,O0085,I0034,15,29,38,Medium,Received,2026-08-31
REO003404,O0091,I0021,13,19,51,Medium,Pending,2026-08-31
REO003405,O0171,I0062,5,11,75,High,Pending,2026-08-31
REO003406,O0309,I0095,14,30,107,High,Approved,2026-08-31
REO003407,O0157,I0060,21,29,38,Medium,Ordered,2026-08-31
REO003408,O0436,I0053,0,14,92,Critical,Approved,2026-08-31
REO003409,O0008,I0001,15,22,56,Medium,Ordered,2026-08-31
REO003410,O0077,I0010,21,28,59,Medium,Approved,2026-08-31
REO003411,O0447,I0072,8,21,55,High,Approved,2026-08-31
REO003412,O0353,I0120,11,21,92,Medium,Ordered,2026-08-31
REO003413,O0192,I0266,1,22,41,High,Received,2026-08-31
REO003414,O0012,I0007,6,34,107,High,Ordered,2026-08-31
REO003415,O0333,I0110,9,25,94,High,Ordered,2026-08-31
REO003416,O0256,I0088,19,26,103,Medium,Approved,2026-08-31
REO003417,O0019,I0167,13,31,74,High,Received,2026-08-31
REO003418,O0185,I0268,7,33,53,High,Approved,2026-08-31
REO003419,O0472,I0103,0,35,102,Critical,Ordered,2026-08-31
REO003420,O0161,I0058,18,23,62,Medium,Ordered,2026-08-31
REO003421,O0008,I0001,15,22,56,Medium,Pending,2026-08-31
REO003422,O0227,I0080,24,28,33,Medium,Approved,2026-08-31
REO003423,O0186,I0263,14,31,63,High,Ordered,2026-08-31
REO003424,O0304,I0099,17,19,48,Medium,Received,2026-08-31
REO003425,O0159,I0064,2,25,81,High,Ordered,2026-08-31
REO003426,O0124,I0051,28,29,64,Medium,Approved,2026-08-31
REO003427,O0031,I0166,28,28,47,Medium,Received,2026-08-31
REO003428,O0444,I0074,15,32,58,High,Approved,2026-08-31
REO003429,O0340,I0111,3,35,93,High,Pending,2026-08-31
REO003430,O0431,I0053,6,32,115,High,Received,2026-08-31
REO003431,O0185,I0068,10,32,55,High,Ordered,2026-08-31
REO003432,O0044,I0018,4,28,48,High,Approved,2026-08-31
REO003433,O0314,I0107,13,21,65,Medium,Ordered,2026-08-31
REO003434,O0031,I0200,12,16,80,Medium,Pending,2026-08-31
REO003435,O0500,I0138,17,30,38,Medium,Approved,2026-08-31
REO003436,O0049,I0020,2,32,92,High,Ordered,2026-08-31
REO003437,O0442,I0074,34,34,22,Medium,Ordered,2026-08-31
REO003438,O0179,I0060,5,16,83,High,Ordered,2026-08-31
REO003439,O0085,I0034,15,29,38,Medium,Pending,2026-08-31
REO003440,O0055,I0019,17,25,45,Medium,Approved,2026-08-31
REO003441,O0197,I0067,22,28,89,Medium,Approved,2026-08-31
REO003442,O0494,I0140,3,38,97,High,Pending,2026-08-31
REO003443,O0291,I0093,9,15,62,Medium,Approved,2026-08-31
REO003444,O0193,I0265,15,19,73,Medium,Pending,2026-08-31
REO003445,O0256,I0092,33,37,70,Medium,Ordered,2026-08-31
REO003446,O0453,I0050,32,33,22,Medium,Received,2026-08-31
REO003447,O0442,I0072,17,32,90,Medium,Approved,2026-08-31
REO003448,O0227,I0080,24,28,33,Medium,Received,2026-08-31
REO003449,O0303,I0096,11,33,112,High,Received,2026-08-31
REO003450,O0058,I0025,0,10,90,Critical,Approved,2026-08-31
REO003451,O0303,I0096,11,33,112,High,Received,2026-08-31
REO003452,O0195,I0066,20,30,64,Medium,Approved,2026-08-31
REO003453,O0311,I0105,24,28,98,Medium,Approved,2026-08-31
REO003454,O0109,I0042,5,15,99,High,Received,2026-08-31
REO003455,O0191,I0071,10,23,64,High,Received,2026-08-31
REO003456,O0150,I0062,24,30,85,Medium,Pending,2026-08-31
REO003457,O0499,I0139,6,18,78,High,Ordered,2026-08-31
REO003458,O0094,I0023,4,32,94,High,Pending,2026-08-31
REO003459,O0150,I0062,24,30,85,Medium,Ordered,2026-08-31
REO003460,O0049,I0025,11,21,42,Medium,Ordered,2026-08-31
REO003461,O0192,I0273,3,28,85,High,Pending,2026-08-31
REO003462,O0399,I0136,22,26,56,Medium,Pending,2026-08-31
REO003463,O0040,I0198,20,21,28,Medium,Pending,2026-08-31
REO003464,O0016,I0161,11,16,31,Medium,Ordered,2026-08-31
REO003465,O0195,I0066,20,30,64,Medium,Pending,2026-08-31
REO003466,O0291,I0094,1,14,99,High,Approved,2026-08-31
REO003467,O0023,I0013,18,26,72,Medium,Ordered,2026-08-31
REO003468,O0162,I0059,15,30,85,Medium,Ordered,2026-08-31
REO003469,O0499,I0138,0,23,44,Critical,Ordered,2026-08-31
REO003470,O0494,I0140,3,38,97,High,Pending,2026-08-31
REO003471,O0115,I0044,23,36,36,Medium,Pending,2026-08-31
REO003472,O0456,I0052,11,21,87,Medium,Approved,2026-08-31
REO003473,O0016,I0172,4,20,78,High,Pending,2026-08-31
REO003474,O0144,I0060,10,21,42,High,Approved,2026-08-31
REO003475,O0325,I0109,0,21,92,Critical,Approved,2026-08-31
REO003476,O0490,I0025,25,29,65,Medium,Ordered,2026-08-31
REO003477,O0425,I0037,16,33,104,High,Ordered,2026-08-31
REO003478,O0386,I0131,12,26,66,High,Ordered,2026-08-31
REO003479,O0109,I0041,9,23,72,High,Ordered,2026-08-31
REO003480,O0256,I0092,33,37,70,Medium,Pending,2026-08-31
REO003481,O0232,I0078,31,31,87,Medium,Pending,2026-08-31
REO003482,O0472,I0102,26,27,51,Medium,Ordered,2026-08-31
REO003483,O0134,I0057,13,34,109,High,Ordered,2026-08-31
REO003484,O0185,I0068,10,32,55,High,Received,2026-08-31
REO003485,O0040,I0172,33,33,51,Medium,Ordered,2026-08-31
REO003486,O0279,I0086,19,19,70,Medium,Pending,2026-08-31
REO003487,O0256,I0086,1,18,111,High,Pending,2026-08-31
REO003488,O0061,I0027,8,22,52,High,Ordered,2026-08-31
REO003489,O0186,I0267,34,37,55,Medium,Received,2026-08-31
REO003490,O0192,I0271,19,35,79,Medium,Approved,2026-08-31
REO003491,O0424,I0035,22,30,81,Medium,Ordered,2026-08-31
REO003492,O0399,I0136,22,26,56,Medium,Approved,2026-08-31
REO003493,O0354,I0118,24,26,43,Medium,Ordered,2026-08-31
REO003494,O0308,I0095,24,37,75,Medium,Approved,2026-08-31
REO003495,O0039,I0004,7,27,39,High,Approved,2026-08-31
REO003496,O0142,I0063,4,37,66,High,Pending,2026-08-31
REO003497,O0284,I0099,23,32,96,Medium,Pending,2026-08-31
REO003498,O0291,I0097,15,21,60,Medium,Ordered,2026-08-31
REO003499,O0238,I0080,21,22,38,Medium,Pending,2026-08-31
REO003500,O0163,I0063,2,23,99,High,Pending,2026-08-31
REO003501,O0163,I0063,2,23,99,High,Received,2026-08-31
REO003502,O0429,I0033,7,29,44,High,Ordered,2026-08-31
REO003503,O0162,I0059,15,30,85,Medium,Pending,2026-08-31
REO003504,O0307,I0095,2,13,78,High,Pending,2026-08-31
REO003505,O0044,I0025,4,30,116,High,Ordered,2026-08-31
REO003506,O0199,I0263,2,26,68,High,Approved,2026-08-31
REO003507,O0111,I0046,17,23,85,Medium,Ordered,2026-08-31
REO003508,O0491,I0138,2,37,54,High,Received,2026-08-31
REO003509,O0198,I0274,10,31,61,High,Received,2026-08-31
REO003510,O0054,I0022,5,27,46,High,Approved,2026-08-31
REO003511,O0414,I0018,17,29,39,Medium,Pending,2026-08-31
REO003512,O0297,I0097,5,23,76,High,Approved,2026-08-31
REO003513,O0216,I0075,13,13,35,Medium,Approved,2026-08-31
REO003514,O0029,I0010,15,21,72,Medium,Approved,2026-08-31
REO003515,O0408,I0141,22,22,29,Medium,Pending,2026-08-31
REO003516,O0449,I0076,3,18,56,High,Ordered,2026-08-31
REO003517,O0304,I0095,23,31,35,Medium,Ordered,2026-08-31
REO003518,O0479,I0100,10,34,106,High,Pending,2026-08-31
REO003519,O0312,I0108,36,37,35,Medium,Ordered,2026-08-31
REO003520,O0265,I0087,2,31,50,High,Ordered,2026-08-31
REO003521,O0044,I0018,4,28,48,High,Approved,2026-08-31
REO003522,O0031,I0200,12,16,80,Medium,Approved,2026-08-31
REO003523,O0003,I0003,3,29,52,High,Received,2026-08-31
REO003524,O0103,I0041,0,37,65,Critical,Received,2026-08-31
REO003525,O0193,I0275,12,18,101,Medium,Approved,2026-08-31
REO003526,O0192,I0269,29,35,89,Medium,Received,2026-08-31
REO003527,O0019,I0166,18,29,67,Medium,Ordered,2026-08-31
REO003528,O0492,I0142,3,10,91,High,Ordered,2026-08-31
REO003529,O0074,I0011,10,32,59,High,Approved,2026-08-31
REO003530,O0449,I0076,3,18,56,High,Approved,2026-08-31
REO003531,O0029,I0010,15,21,72,Medium,Received,2026-08-31
REO003532,O0020,I0170,13,27,35,High,Ordered,2026-08-31
REO003533,O0134,I0055,22,34,85,Medium,Pending,2026-08-31
REO003534,O0265,I0087,2,31,50,High,Approved,2026-08-31
REO003535,O0295,I0095,30,33,52,Medium,Ordered,2026-08-31
REO003536,O0180,I0058,17,29,82,Medium,Pending,2026-08-31
REO003537,O0197,I0273,22,29,38,Medium,Received,2026-08-31
REO003538,O0481,I0018,12,27,49,High,Pending,2026-08-31
REO003539,O0227,I0080,24,28,33,Medium,Pending,2026-08-31
REO003540,O0375,I0126,2,16,39,High,Pending,2026-08-31
REO003541,O0408,I0141,22,22,29,Medium,Ordered,2026-08-31
REO003542,O0304,I0095,23,31,35,Medium,Ordered,2026-08-31
REO003543,O0500,I0140,6,12,66,Medium,Received,2026-08-31
REO003544,O0481,I0018,12,27,49,High,Ordered,2026-08-31
REO003545,O0238,I0080,21,22,38,Medium,Ordered,2026-08-31
REO003546,O0120,I0045,7,19,95,High,Pending,2026-08-31
REO003547,O0467,I0025,24,27,42,Medium,Received,2026-08-31
REO003548,O0355,I0121,39,39,56,Medium,Pending,2026-08-31
REO003549,O0416,I0020,8,23,110,High,Received,2026-08-31
REO003550,O0173,I0064,0,10,57,Critical,Pending,2026-08-31
REO003551,O0347,I0115,16,22,57,Medium,Ordered,2026-08-31
REO003552,O0279,I0091,13,25,91,Medium,Approved,2026-08-31
REO003553,O0120,I0047,17,29,42,Medium,Pending,2026-08-31
REO003554,O0038,I0171,22,25,42,Medium,Pending,2026-08-31
REO003555,O0142,I0063,4,37,66,High,Ordered,2026-08-31
REO003556,O0165,I0065,13,16,27,Medium,Pending,2026-08-31
REO003557,O0324,I0110,5,23,49,High,Pending,2026-08-31
REO003558,O0453,I0051,12,33,85,High,Ordered,2026-08-31
REO003559,O0468,I0020,8,27,66,High,Ordered,2026-08-31
REO003560,O0060,I0023,6,14,89,High,Approved,2026-08-31
REO003561,O0219,I0074,10,23,83,High,Approved,2026-08-31
REO003562,O0483,I0021,5,35,115,High,Pending,2026-08-31
REO003563,O0030,I0013,7,12,40,Medium,Received,2026-08-31
REO003564,O0418,I0020,13,28,72,High,Ordered,2026-08-31
REO003565,O0422,I0034,15,20,33,Medium,Received,2026-08-31
REO003566,O0200,I0275,11,30,63,High,Ordered,2026-08-31
REO003567,O0186,I0263,14,31,63,High,Approved,2026-08-31
REO003568,O0053,I0024,3,31,120,High,Ordered,2026-08-31
REO003569,O0006,I0160,0,25,82,Critical,Received,2026-08-31
REO003570,O0189,I0271,16,18,36,Medium,Received,2026-08-31
REO003571,O0283,I0097,11,21,98,Medium,Approved,2026-08-31
REO003572,O0058,I0018,23,26,46,Medium,Pending,2026-08-31
REO003573,O0432,I0054,11,26,55,High,Received,2026-08-31
REO003574,O0364,I0123,0,25,97,Critical,Pending,2026-08-31
REO003575,O0044,I0022,12,21,42,Medium,Pending,2026-08-31
REO003576,O0308,I0098,6,12,55,Medium,Received,2026-08-31
REO003577,O0390,I0131,13,30,94,High,Approved,2026-08-31
REO003578,O0044,I0022,12,21,42,Medium,Received,2026-08-31
REO003579,O0040,I0002,4,37,74,High,Pending,2026-08-31
REO003580,O0057,I0024,10,20,56,Medium,Received,2026-08-31
REO003581,O0165,I0064,36,37,61,Medium,Pending,2026-08-31
REO003582,O0005,I0194,16,21,51,Medium,Approved,2026-08-31
REO003583,O0072,I0013,15,26,72,Medium,Pending,2026-08-31
REO003584,O0303,I0096,11,33,112,High,Received,2026-08-31
REO003585,O0480,I0100,12,32,79,High,Pending,2026-08-31
REO003586,O0161,I0062,8,33,60,High,Pending,2026-08-31
REO003587,O0189,I0271,16,18,36,Medium,Ordered,2026-08-31
REO003588,O0439,I0053,21,35,71,Medium,Pending,2026-08-31
REO003589,O0302,I0095,10,39,104,High,Approved,2026-08-31
REO003590,O0040,I0190,8,22,41,High,Ordered,2026-08-31
REO003591,O0404,I0139,20,28,59,Medium,Received,2026-08-31
REO003592,O0257,I0089,18,35,76,Medium,Pending,2026-08-31
REO003593,O0340,I0112,18,34,33,Medium,Ordered,2026-08-31
REO003594,O0440,I0057,0,15,98,Critical,Ordered,2026-08-31
REO003595,O0043,I0024,23,30,98,Medium,Approved,2026-08-31
REO003596,O0153,I0061,8,15,46,Medium,Received,2026-08-31
REO003597,O0289,I0098,12,34,105,High,Approved,2026-08-31
REO003598,O0072,I0011,30,31,37,Medium,Approved,2026-08-31
REO003599,O0463,I0023,9,22,91,High,Pending,2026-08-31
REO003600,O0263,I0090,10,35,93,High,Pending,2026-08-31
REO003601,O0031,I0162,23,25,90,Medium,Pending,2026-08-31
REO003602,O0430,I0032,18,19,35,Medium,Ordered,2026-08-31
REO003603,O0082,I0035,14,22,70,Medium,Ordered,2026-08-31
REO003604,O0065,I0029,28,30,45,Medium,Received,2026-08-31
REO003605,O0326,I0110,9,20,60,High,Pending,2026-08-31
REO003606,O0228,I0081,0,31,124,Critical,Approved,2026-08-31
REO003607,O0194,I0068,4,20,104,High,Ordered,2026-08-31
REO003608,O0282,I0094,6,15,80,High,Approved,2026-08-31
REO003609,O0134,I0055,22,34,85,Medium,Pending,2026-08-31
REO003610,O0486,I0025,27,36,62,Medium,Pending,2026-08-31
REO003611,O0206,I0074,17,19,47,Medium,Pending,2026-08-31
REO003612,O0472,I0103,0,35,102,Critical,Pending,2026-08-31
REO003613,O0153,I0061,8,15,46,Medium,Ordered,2026-08-31
REO003614,O0029,I0014,25,28,37,Medium,Ordered,2026-08-31
REO003615,O0159,I0064,2,25,81,High,Ordered,2026-08-31
REO003616,O0455,I0052,18,21,81,Medium,Ordered,2026-08-31
REO003617,O0074,I0011,10,32,59,High,Ordered,2026-08-31
REO003618,O0104,I0041,6,22,73,High,Pending,2026-08-31
REO003619,O0177,I0064,14,32,101,High,Approved,2026-08-31
REO003620,O0011,I0189,9,20,99,High,Pending,2026-08-31
REO003621,O0185,I0268,7,33,53,High,Pending,2026-08-31
REO003622,O0025,I0016,2,24,77,High,Ordered,2026-08-31
REO003623,O0271,I0087,2,27,75,High,Ordered,2026-08-31
REO003624,O0291,I0097,15,21,60,Medium,Approved,2026-08-31
REO003625,O0340,I0111,3,35,93,High,Pending,2026-08-31
REO003626,O0196,I0070,8,14,96,Medium,Pending,2026-08-31
REO003627,O0299,I0093,4,16,89,High,Received,2026-08-31
REO003628,O0095,I0018,3,31,98,High,Ordered,2026-08-31
REO003629,O0192,I0271,19,35,79,Medium,Received,2026-08-31
REO003630,O0134,I0055,22,34,85,Medium,Ordered,2026-08-31
REO003631,O0158,I0064,19,24,39,Medium,Ordered,2026-08-31
REO003632,O0376,I0129,3,22,67,High,Pending,2026-08-31
REO003633,O0087,I0037,10,17,76,Medium,Ordered,2026-08-31
REO003634,O0044,I0020,26,34,46,Medium,Approved,2026-08-31
REO003635,O0199,I0277,17,21,30,Medium,Pending,2026-08-31
REO003636,O0376,I0127,20,24,48,Medium,Ordered,2026-08-31
REO003637,O0204,I0076,14,30,56,High,Pending,2026-08-31
REO003638,O0372,I0126,6,23,45,High,Approved,2026-08-31
REO003639,O0283,I0097,11,21,98,Medium,Approved,2026-08-31
REO003640,O0072,I0013,15,26,72,Medium,Ordered,2026-08-31
REO003641,O0097,I0018,11,13,56,Medium,Pending,2026-08-31
REO003642,O0004,I0167,6,22,55,High,Pending,2026-08-31
REO003643,O0304,I0095,23,31,35,Medium,Approved,2026-08-31
REO003644,O0165,I0060,9,25,50,High,Ordered,2026-08-31
REO003645,O0169,I0061,22,27,92,Medium,Ordered,2026-08-31
REO003646,O0113,I0045,32,36,75,Medium,Received,2026-08-31
REO003647,O0196,I0263,18,26,69,Medium,Approved,2026-08-31
REO003648,O0409,I0138,17,27,99,Medium,Ordered,2026-08-31
REO003649,O0131,I0053,8,17,66,High,Pending,2026-08-31
REO003650,O0005,I0194,16,21,51,Medium,Ordered,2026-08-31
REO003651,O0003,I0009,1,32,57,High,Approved,2026-08-31
REO003652,O0103,I0041,0,37,65,Critical,Received,2026-08-31
REO003653,O0097,I0020,8,19,39,High,Ordered,2026-08-31
REO003654,O0038,I0161,3,30,89,High,Approved,2026-08-31
REO003655,O0198,I0274,10,31,61,High,Pending,2026-08-31
REO003656,O0073,I0010,11,24,34,High,Ordered,2026-08-31
REO003657,O0192,I0273,3,28,85,High,Approved,2026-08-31
REO003658,O0304,I0099,17,19,48,Medium,Pending,2026-08-31
REO003659,O0035,I0006,21,21,41,Medium,Pending,2026-08-31
REO003660,O0031,I0160,4,13,42,High,Ordered,2026-08-31
REO003661,O0346,I0114,16,26,42,Medium,Ordered,2026-08-31
REO003662,O0220,I0073,7,15,43,High,Ordered,2026-08-31
REO003663,O0143,I0059,4,21,43,High,Ordered,2026-08-31
REO003664,O0017,I0006,4,25,47,High,Ordered,2026-08-31
REO003665,O0404,I0138,1,20,54,High,Received,2026-08-31
REO003666,O0486,I0025,27,36,62,Medium,Ordered,2026-08-31
REO003667,O0439,I0053,21,35,71,Medium,Pending,2026-08-31
REO003668,O0153,I0065,6,25,85,High,Received,2026-08-31
REO003669,O0018,I0197,8,23,37,High,Ordered,2026-08-31
REO003670,O0058,I0019,17,25,97,Medium,Received,2026-08-31
REO003671,O0040,I0002,4,37,74,High,Approved,2026-08-31
REO003672,O0200,I0071,0,20,117,Critical,Received,2026-08-31
REO003673,O0249,I0083,12,16,85,Medium,Approved,2026-08-31
REO003674,O0092,I0024,4,15,99,High,Received,2026-08-31
REO003675,O0146,I0063,14,19,34,Medium,Ordered,2026-08-31
REO003676,O0374,I0126,8,26,63,High,Pending,2026-08-31
REO003677,O0065,I0028,6,29,77,High,Received,2026-08-31
REO003678,O0121,I0050,21,25,90,Medium,Pending,2026-08-31
REO003679,O0040,I0190,8,22,41,High,Pending,2026-08-31
REO003680,O0257,I0092,10,32,48,High,Ordered,2026-08-31
REO003681,O0021,I0014,9,20,91,High,Ordered,2026-08-31
REO003682,O0078,I0016,29,33,69,Medium,Ordered,2026-08-31
REO003683,O0071,I0017,9,34,84,High,Received,2026-08-31
REO003684,O0065,I0030,6,16,41,High,Ordered,2026-08-31
REO003685,O0227,I0080,24,28,33,Medium,Approved,2026-08-31
REO003686,O0197,I0263,11,31,114,High,Pending,2026-08-31
REO003687,O0177,I0062,14,30,66,High,Ordered,2026-08-31
REO003688,O0166,I0058,13,35,84,High,Pending,2026-08-31
REO003689,O0130,I0049,20,33,30,Medium,Received,2026-08-31
REO003690,O0083,I0032,7,15,56,High,Ordered,2026-08-31
REO003691,O0254,I0092,4,20,103,High,Ordered,2026-08-31
REO003692,O0009,I0167,8,16,45,Medium,Ordered,2026-08-31
REO003693,O0199,I0269,13,28,81,High,Received,2026-08-31
REO003694,O0022,I0011,3,16,77,High,Ordered,2026-08-31
REO003695,O0154,I0060,27,38,44,Medium,Approved,2026-08-31
REO003696,O0309,I0096,6,28,65,High,Pending,2026-08-31
REO003697,O0374,I0126,8,26,63,High,Received,2026-08-31
REO003698,O0379,I0128,8,34,57,High,Pending,2026-08-31
REO003699,O0486,I0021,3,29,76,High,Ordered,2026-08-31
REO003700,O0236,I0081,0,27,111,Critical,Ordered,2026-08-31
REO003701,O0168,I0059,8,27,60,High,Received,2026-08-31
REO003702,O0003,I0193,4,16,71,High,Pending,2026-08-31
REO003703,O0490,I0025,25,29,65,Medium,Approved,2026-08-31
REO003704,O0208,I0073,8,22,63,High,Received,2026-08-31
REO003705,O0194,I0066,13,33,76,High,Pending,2026-08-31
REO003706,O0093,I0025,0,26,98,Critical,Pending,2026-08-31
REO003707,O0429,I0033,7,29,44,High,Ordered,2026-08-31
REO003708,O0440,I0054,4,20,90,High,Ordered,2026-08-31
REO003709,O0407,I0142,3,31,73,High,Ordered,2026-08-31
REO003710,O0078,I0017,8,19,43,High,Pending,2026-08-31
REO003711,O0478,I0103,17,20,82,Medium,Received,2026-08-31
REO003712,O0435,I0053,11,27,80,High,Ordered,2026-08-31
REO003713,O0006,I0001,8,35,62,High,Pending,2026-08-31
REO003714,O0314,I0107,13,21,65,Medium,Ordered,2026-08-31
REO003715,O0302,I0099,15,24,32,Medium,Received,2026-08-31
REO003716,O0048,I0024,2,29,107,High,Pending,2026-08-31
REO003717,O0410,I0142,14,14,53,Medium,Ordered,2026-08-31
REO003718,O0195,I0265,4,31,50,High,Ordered,2026-08-31
REO003719,O0224,I0081,10,11,33,Medium,Approved,2026-08-31
REO003720,O0429,I0036,12,29,61,High,Ordered,2026-08-31
REO003721,O0008,I0168,17,17,58,Medium,Ordered,2026-08-31
REO003722,O0065,I0030,6,16,41,High,Approved,2026-08-31
REO003723,O0411,I0021,0,22,69,Critical,Ordered,2026-08-31
REO003724,O0088,I0035,20,23,88,Medium,Pending,2026-08-31
REO003725,O0252,I0086,22,23,37,Medium,Pending,2026-08-31
REO003726,O0263,I0090,10,35,93,High,Ordered,2026-08-31
REO003727,O0142,I0058,2,16,49,High,Pending,2026-08-31
REO003728,O0304,I0099,17,19,48,Medium,Pending,2026-08-31
REO003729,O0001,I0172,23,28,37,Medium,Received,2026-08-31
REO003730,O0049,I0023,14,19,34,Medium,Approved,2026-08-31
REO003731,O0186,I0263,14,31,63,High,Approved,2026-08-31
REO003732,O0084,I0032,3,28,90,High,Ordered,2026-08-31
REO003733,O0477,I0101,18,31,75,Medium,Pending,2026-08-31
REO003734,O0009,I0201,9,25,99,High,Pending,2026-08-31
REO003735,O0061,I0029,32,38,31,Medium,Received,2026-08-31
REO003736,O0417,I0019,19,19,28,Medium,Ordered,2026-08-31
REO003737,O0073,I0010,11,24,34,High,Approved,2026-08-31
REO003738,O0143,I0059,4,21,43,High,Pending,2026-08-31
REO003739,O0500,I0138,17,30,38,Medium,Ordered,2026-08-31
REO003740,O0105,I0038,20,30,45,Medium,Received,2026-08-31
REO003741,O0200,I0268,16,25,34,Medium,Pending,2026-08-31
REO003742,O0136,I0055,12,31,56,High,Ordered,2026-08-31
REO003743,O0236,I0079,5,20,82,High,Ordered,2026-08-31
REO003744,O0223,I0078,4,34,104,High,Ordered,2026-08-31
REO003745,O0044,I0021,25,28,61,Medium,Approved,2026-08-31
REO003746,O0161,I0060,26,35,33,Medium,Ordered,2026-08-31
REO003747,O0058,I0025,0,10,90,Critical,Approved,2026-08-31
REO003748,O0053,I0025,25,29,32,Medium,Approved,2026-08-31
REO003749,O0009,I0167,8,16,45,Medium,Received,2026-08-31
REO003750,O0296,I0099,7,29,60,High,Received,2026-08-31
REO003751,O0404,I0141,18,23,61,Medium,Received,2026-08-31
REO003752,O0121,I0050,21,25,90,Medium,Pending,2026-08-31
REO003753,O0055,I0019,17,25,45,Medium,Approved,2026-08-31
REO003754,O0146,I0063,14,19,34,Medium,Received,2026-08-31
REO003755,O0177,I0058,2,26,63,High,Approved,2026-08-31
REO003756,O0066,I0027,13,22,59,Medium,Pending,2026-08-31
REO003757,O0270,I0091,14,34,86,High,Pending,2026-08-31
REO003758,O0165,I0065,13,16,27,Medium,Received,2026-08-31
REO003759,O0184,I0263,10,17,86,Medium,Pending,2026-08-31
REO003760,O0342,I0117,19,28,60,Medium,Approved,2026-08-31
REO003761,O0044,I0019,6,29,52,High,Pending,2026-08-31
REO003762,O0124,I0051,28,29,64,Medium,Ordered,2026-08-31
REO003763,O0092,I0020,11,16,86,Medium,Pending,2026-08-31
REO003764,O0004,I0001,19,38,95,Medium,Pending,2026-08-31
REO003765,O0016,I0161,11,16,31,Medium,Ordered,2026-08-31
REO003766,O0414,I0024,1,13,83,High,Received,2026-08-31
REO003767,O0427,I0034,18,21,43,Medium,Pending,2026-08-31
REO003768,O0169,I0060,10,14,55,Medium,Received,2026-08-31
REO003769,O0050,I0025,30,30,36,Medium,Received,2026-08-31
REO003770,O0162,I0064,13,15,64,Medium,Pending,2026-08-31
REO003771,O0022,I0014,10,28,50,High,Pending,2026-08-31
REO003772,O0485,I0018,20,25,27,Medium,Ordered,2026-08-31
REO003773,O0099,I0023,17,27,37,Medium,Ordered,2026-08-31
REO003774,O0271,I0086,1,27,66,High,Ordered,2026-08-31
REO003775,O0200,I0070,0,22,46,Critical,Ordered,2026-08-31
REO003776,O0414,I0024,1,13,83,High,Approved,2026-08-31
REO003777,O0053,I0020,13,28,46,High,Pending,2026-08-31
REO003778,O0132,I0053,9,23,66,High,Approved,2026-08-31
REO003779,O0095,I0021,19,22,84,Medium,Approved,2026-08-31
REO003780,O0095,I0020,20,24,28,Medium,Ordered,2026-08-31
REO003781,O0196,I0273,12,31,105,High,Pending,2026-08-31
REO003782,O0150,I0062,24,30,85,Medium,Approved,2026-08-31
REO003783,O0074,I0011,10,32,59,High,Pending,2026-08-31
REO003784,O0270,I0087,24,26,95,Medium,Approved,2026-08-31
REO003785,O0419,I0024,10,27,46,High,Approved,2026-08-31
REO003786,O0158,I0064,19,24,39,Medium,Pending,2026-08-31
REO003787,O0487,I0018,20,34,48,Medium,Received,2026-08-31
REO003788,O0191,I0268,26,31,99,Medium,Received,2026-08-31
REO003789,O0186,I0267,34,37,55,Medium,Ordered,2026-08-31
REO003790,O0390,I0130,34,34,36,Medium,Pending,2026-08-31
REO003791,O0358,I0121,7,20,43,High,Ordered,2026-08-31
REO003792,O0347,I0115,16,22,57,Medium,Ordered,2026-08-31
REO003793,O0206,I0074,17,19,47,Medium,Approved,2026-08-31
REO003794,O0200,I0268,16,25,34,Medium,Ordered,2026-08-31
REO003795,O0089,I0033,9,23,51,High,Pending,2026-08-31
REO003796,O0096,I0024,5,31,66,High,Ordered,2026-08-31
REO003797,O0040,I0190,8,22,41,High,Approved,2026-08-31
REO003798,O0039,I0164,1,31,70,High,Pending,2026-08-31
REO003799,O0470,I0023,14,20,29,Medium,Approved,2026-08-31
REO003800,O0184,I0067,17,17,62,Medium,Pending,2026-08-31
REO003801,O0039,I0164,1,31,70,High,Ordered,2026-08-31
REO003802,O0150,I0062,24,30,85,Medium,Ordered,2026-08-31
REO003803,O0003,I0007,4,16,36,High,Received,2026-08-31
REO003804,O0330,I0111,12,29,100,High,Pending,2026-08-31
REO003805,O0091,I0018,14,28,65,Medium,Pending,2026-08-31
REO003806,O0021,I0014,9,20,91,High,Received,2026-08-31
REO003807,O0111,I0046,17,23,85,Medium,Pending,2026-08-31
REO003808,O0342,I0117,19,28,60,Medium,Approved,2026-08-31
REO003809,O0390,I0131,13,30,94,High,Received,2026-08-31
REO003810,O0200,I0275,11,30,63,High,Ordered,2026-08-31
REO003811,O0453,I0051,12,33,85,High,Received,2026-08-31
REO003812,O0109,I0041,9,23,72,High,Approved,2026-08-31
REO003813,O0009,I0002,13,14,28,Medium,Approved,2026-08-31
REO003814,O0166,I0061,8,26,101,High,Pending,2026-08-31
REO003815,O0251,I0091,2,23,100,High,Pending,2026-08-31
REO003816,O0185,I0068,10,32,55,High,Pending,2026-08-31
REO003817,O0043,I0024,23,30,98,Medium,Ordered,2026-08-31
REO003818,O0298,I0094,21,21,67,Medium,Approved,2026-08-31
REO003819,O0165,I0060,9,25,50,High,Pending,2026-08-31
REO003820,O0270,I0087,24,26,95,Medium,Received,2026-08-31
REO003821,O0357,I0118,14,23,58,Medium,Ordered,2026-08-31
REO003822,O0175,I0060,6,12,92,Medium,Pending,2026-08-31
REO003823,O0220,I0074,20,35,49,Medium,Ordered,2026-08-31
REO003824,O0218,I0075,19,22,69,Medium,Ordered,2026-08-31
REO003825,O0002,I0002,18,18,41,Medium,Ordered,2026-08-31
REO003826,O0367,I0122,6,34,91,High,Ordered,2026-08-31
REO003827,O0450,I0075,15,39,40,High,Received,2026-08-31
REO003828,O0024,I0013,9,14,39,Medium,Ordered,2026-08-31
REO003829,O0309,I0095,14,30,107,High,Pending,2026-08-31
REO003830,O0197,I0273,22,29,38,Medium,Pending,2026-08-31
REO003831,O0180,I0065,11,36,68,High,Received,2026-08-31
REO003832,O0301,I0096,5,19,48,High,Approved,2026-08-31
REO003833,O0089,I0033,9,23,51,High,Approved,2026-08-31
REO003834,O0257,I0092,10,32,48,High,Pending,2026-08-31
REO003835,O0456,I0049,1,17,49,High,Pending,2026-08-31
REO003836,O0408,I0141,22,22,29,Medium,Pending,2026-08-31
REO003837,O0192,I0266,1,22,41,High,Ordered,2026-08-31
REO003838,O0277,I0089,9,33,101,High,Pending,2026-08-31
REO003839,O0355,I0121,39,39,56,Medium,Ordered,2026-08-31
REO003840,O0159,I0064,2,25,81,High,Pending,2026-08-31
REO003841,O0004,I0167,6,22,55,High,Pending,2026-08-31
REO003842,O0093,I0025,0,26,98,Critical,Ordered,2026-08-31
REO003843,O0384,I0131,1,19,52,High,Ordered,2026-08-31
REO003844,O0358,I0121,7,20,43,High,Pending,2026-08-31
REO003845,O0461,I0019,13,30,94,High,Pending,2026-08-31
REO003846,O0277,I0089,9,33,101,High,Approved,2026-08-31
REO003847,O0244,I0084,14,16,59,Medium,Received,2026-08-31
REO003848,O0038,I0161,3,30,89,High,Approved,2026-08-31
REO003849,O0031,I0160,4,13,42,High,Pending,2026-08-31
REO003850,O0220,I0073,7,15,43,High,Received,2026-08-31
REO003851,O0059,I0022,23,28,92,Medium,Received,2026-08-31
REO003852,O0189,I0067,0,30,110,Critical,Approved,2026-08-31
REO003853,O0045,I0019,14,29,64,High,Ordered,2026-08-31
REO003854,O0074,I0017,9,29,67,High,Approved,2026-08-31
REO003855,O0327,I0109,23,30,54,Medium,Ordered,2026-08-31
REO003856,O0416,I0020,8,23,110,High,Pending,2026-08-31
REO003857,O0265,I0087,2,31,50,High,Received,2026-08-31
REO003858,O0183,I0267,13,22,91,Medium,Pending,2026-08-31
REO003859,O0271,I0086,1,27,66,High,Received,2026-08-31
REO003860,O0184,I0067,17,17,62,Medium,Received,2026-08-31
REO003861,O0179,I0060,5,16,83,High,Ordered,2026-08-31
REO003862,O0187,I0272,22,33,58,Medium,Pending,2026-08-31
REO003863,O0001,I0193,1,9,100,High,Ordered,2026-08-31
REO003864,O0193,I0268,21,22,41,Medium,Ordered,2026-08-31
REO003865,O0367,I0122,6,34,91,High,Approved,2026-08-31
REO003866,O0004,I0172,6,28,61,High,Ordered,2026-08-31
REO003867,O0153,I0065,6,25,85,High,Ordered,2026-08-31
REO003868,O0384,I0131,1,19,52,High,Ordered,2026-08-31
REO003869,O0355,I0121,39,39,56,Medium,Pending,2026-08-31
REO003870,O0149,I0062,9,31,87,High,Ordered,2026-08-31
REO003871,O0314,I0106,18,23,89,Medium,Pending,2026-08-31
REO003872,O0044,I0022,12,21,42,Medium,Pending,2026-08-31
REO003873,O0074,I0011,10,32,59,High,Ordered,2026-08-31
REO003874,O0279,I0086,19,19,70,Medium,Ordered,2026-08-31
REO003875,O0034,I0006,19,26,74,Medium,Ordered,2026-08-31
REO003876,O0161,I0062,8,33,60,High,Ordered,2026-08-31
REO003877,O0390,I0130,34,34,36,Medium,Received,2026-08-31
REO003878,O0111,I0046,17,23,85,Medium,Approved,2026-08-31
REO003879,O0007,I0004,20,36,39,Medium,Received,2026-08-31
REO003880,O0236,I0079,5,20,82,High,Approved,2026-08-31
REO003881,O0005,I0160,7,14,92,Medium,Ordered,2026-08-31
REO003882,O0279,I0086,19,19,70,Medium,Pending,2026-08-31
REO003883,O0197,I0066,10,26,80,High,Approved,2026-08-31
REO003884,O0136,I0055,12,31,56,High,Ordered,2026-08-31
REO003885,O0478,I0101,6,28,82,High,Pending,2026-08-31
REO003886,O0172,I0063,0,32,116,Critical,Ordered,2026-08-31
REO003887,O0419,I0023,13,31,113,High,Approved,2026-08-31
REO003888,O0045,I0019,14,29,64,High,Received,2026-08-31
REO003889,O0086,I0034,12,31,68,High,Pending,2026-08-31
REO003890,O0271,I0086,1,27,66,High,Pending,2026-08-31
REO003891,O0040,I0172,33,33,51,Medium,Ordered,2026-08-31
REO003892,O0014,I0160,23,31,45,Medium,Ordered,2026-08-31
REO003893,O0002,I0168,32,35,76,Medium,Ordered,2026-08-31
REO003894,O0307,I0095,2,13,78,High,Ordered,2026-08-31
REO003895,O0234,I0081,7,23,82,High,Approved,2026-08-31
REO003896,O0474,I0103,0,30,110,Critical,Ordered,2026-08-31
REO003897,O0444,I0075,24,25,36,Medium,Pending,2026-08-31
REO003898,O0299,I0093,4,16,89,High,Received,2026-08-31
REO003899,O0452,I0049,6,26,68,High,Pending,2026-08-31
REO003900,O0249,I0083,12,16,85,Medium,Ordered,2026-08-31
REO003901,O0296,I0095,13,22,47,Medium,Received,2026-08-31
REO003902,O0037,I0198,1,17,77,High,Received,2026-08-31
REO003903,O0022,I0014,10,28,50,High,Ordered,2026-08-31
REO003904,O0159,I0064,2,25,81,High,Pending,2026-08-31
REO003905,O0132,I0054,10,33,97,High,Approved,2026-08-31
REO003906,O0376,I0128,10,17,89,Medium,Approved,2026-08-31
REO003907,O0425,I0035,11,21,97,Medium,Ordered,2026-08-31
REO003908,O0143,I0063,18,18,88,Medium,Received,2026-08-31
REO003909,O0031,I0158,24,25,32,Medium,Approved,2026-08-31
REO003910,O0231,I0080,1,26,48,High,Ordered,2026-08-31
REO003911,O0262,I0086,18,33,96,Medium,Approved,2026-08-31
REO003912,O0048,I0018,24,24,91,Medium,Approved,2026-08-31
REO003913,O0002,I0168,32,35,76,Medium,Ordered,2026-08-31
REO003914,O0264,I0087,14,28,76,Medium,Pending,2026-08-31
REO003915,O0166,I0060,13,24,62,Medium,Approved,2026-08-31
REO003916,O0284,I0099,23,32,96,Medium,Received,2026-08-31
REO003917,O0062,I0029,7,29,93,High,Ordered,2026-08-31
REO003918,O0228,I0081,0,31,124,Critical,Approved,2026-08-31
REO003919,O0415,I0024,20,21,56,Medium,Pending,2026-08-31
REO003920,O0059,I0023,20,35,78,Medium,Ordered,2026-08-31
REO003921,O0193,I0275,12,18,101,Medium,Pending,2026-08-31
REO003922,O0484,I0024,8,32,108,High,Received,2026-08-31
REO003923,O0426,I0033,20,30,34,Medium,Approved,2026-08-31
REO003924,O0492,I0140,18,33,46,Medium,Received,2026-08-31
REO003925,O0039,I0164,1,31,70,High,Pending,2026-08-31
REO003926,O0468,I0020,8,27,66,High,Approved,2026-08-31
REO003927,O0009,I0161,16,30,47,Medium,Approved,2026-08-31
REO003928,O0003,I0165,16,31,47,Medium,Ordered,2026-08-31
REO003929,O0189,I0067,0,30,110,Critical,Pending,2026-08-31
REO003930,O0199,I0263,2,26,68,High,Pending,2026-08-31
REO003931,O0200,I0275,11,30,63,High,Approved,2026-08-31
REO003932,O0357,I0118,14,23,58,Medium,Approved,2026-08-31
REO003933,O0353,I0120,11,21,92,Medium,Pending,2026-08-31
REO003934,O0162,I0061,4,31,107,High,Ordered,2026-08-31
REO003935,O0425,I0037,16,33,104,High,Ordered,2026-08-31
REO003936,O0122,I0052,14,23,106,Medium,Pending,2026-08-31
REO003937,O0182,I0266,27,36,71,Medium,Ordered,2026-08-31
REO003938,O0435,I0053,11,27,80,High,Ordered,2026-08-31
REO003939,O0188,I0071,21,25,58,Medium,Ordered,2026-08-31
REO003940,O0302,I0096,17,19,70,Medium,Pending,2026-08-31
REO003941,O0057,I0024,10,20,56,Medium,Pending,2026-08-31
REO003942,O0008,I0006,20,21,58,Medium,Approved,2026-08-31
REO003943,O0138,I0057,12,28,41,High,Pending,2026-08-31
REO003944,O0470,I0023,14,20,29,Medium,Received,2026-08-31
REO003945,O0472,I0103,0,35,102,Critical,Approved,2026-08-31
REO003946,O0174,I0062,25,36,68,Medium,Ordered,2026-08-31
REO003947,O0315,I0108,3,14,50,High,Ordered,2026-08-31
REO003948,O0493,I0139,1,24,102,High,Pending,2026-08-31
REO003949,O0184,I0263,10,17,86,Medium,Ordered,2026-08-31
REO003950,O0184,I0070,2,27,96,High,Received,2026-08-31
REO003951,O0008,I0001,15,22,56,Medium,Pending,2026-08-31
REO003952,O0053,I0020,13,28,46,High,Received,2026-08-31
REO003953,O0060,I0023,6,14,89,High,Ordered,2026-08-31
REO003954,O0429,I0033,7,29,44,High,Approved,2026-08-31
REO003955,O0352,I0121,26,27,42,Medium,Received,2026-08-31
REO003956,O0005,I0002,10,21,36,High,Approved,2026-08-31
REO003957,O0185,I0268,7,33,53,High,Ordered,2026-08-31
REO003958,O0426,I0033,20,30,34,Medium,Approved,2026-08-31
REO003959,O0095,I0022,22,26,52,Medium,Ordered,2026-08-31
REO003960,O0384,I0131,1,19,52,High,Ordered,2026-08-31
REO003961,O0031,I0166,28,28,47,Medium,Approved,2026-08-31
REO003962,O0253,I0088,11,31,100,High,Received,2026-08-31
REO003963,O0379,I0128,8,34,57,High,Pending,2026-08-31
REO003964,O0171,I0058,9,25,80,High,Received,2026-08-31
REO003965,O0089,I0036,3,17,37,High,Received,2026-08-31
REO003966,O0402,I0142,3,18,74,High,Approved,2026-08-31
REO003967,O0387,I0130,17,17,94,Medium,Pending,2026-08-31
REO003968,O0313,I0105,13,17,33,Medium,Ordered,2026-08-31
REO003969,O0166,I0060,13,24,62,Medium,Pending,2026-08-31
REO003970,O0200,I0071,0,20,117,Critical,Received,2026-08-31
REO003971,O0031,I0160,4,13,42,High,Ordered,2026-08-31
REO003972,O0431,I0056,26,29,41,Medium,Ordered,2026-08-31
REO003973,O0197,I0067,22,28,89,Medium,Ordered,2026-08-31
REO003974,O0255,I0089,3,13,68,High,Ordered,2026-08-31
REO003975,O0192,I0266,1,22,41,High,Received,2026-08-31
REO003976,O0211,I0073,24,33,57,Medium,Ordered,2026-08-31
REO003977,O0440,I0054,4,20,90,High,Ordered,2026-08-31
REO003978,O0199,I0274,16,30,59,Medium,Ordered,2026-08-31
REO003979,O0043,I0024,23,30,98,Medium,Approved,2026-08-31
REO003980,O0210,I0072,0,29,60,Critical,Approved,2026-08-31
REO003981,O0235,I0078,34,35,43,Medium,Received,2026-08-31
REO003982,O0006,I0009,12,28,45,High,Ordered,2026-08-31
REO003983,O0136,I0055,12,31,56,High,Pending,2026-08-31
REO003984,O0045,I0019,14,29,64,High,Approved,2026-08-31
REO003985,O0185,I0275,16,19,51,Medium,Received,2026-08-31
REO003986,O0184,I0263,10,17,86,Medium,Approved,2026-08-31
REO003987,O0179,I0060,5,16,83,High,Received,2026-08-31
REO003988,O0188,I0067,10,32,116,High,Approved,2026-08-31
REO003989,O0115,I0044,23,36,36,Medium,Pending,2026-08-31
REO003990,O0018,I0197,8,23,37,High,Received,2026-08-31
REO003991,O0118,I0047,12,16,38,Medium,Ordered,2026-08-31
REO003992,O0303,I0096,11,33,112,High,Pending,2026-08-31
REO003993,O0138,I0057,12,28,41,High,Received,2026-08-31
REO003994,O0179,I0063,19,34,102,Medium,Received,2026-08-31
REO003995,O0017,I0006,4,25,47,High,Pending,2026-08-31
REO003996,O0003,I0008,8,24,82,High,Pending,2026-08-31
REO003997,O0044,I0021,25,28,61,Medium,Ordered,2026-08-31
REO003998,O0162,I0061,4,31,107,High,Ordered,2026-08-31
REO003999,O0278,I0088,16,23,46,Medium,Approved,2026-08-31
REO004000,O0338,I0109,5,21,87,High,Ordered,2026-08-31
REO004001,O0077,I0010,21,28,59,Medium,Ordered,2026-08-31
REO004002,O0055,I0025,24,25,99,Medium,Pending,2026-08-31
REO004003,O0470,I0019,15,32,92,High,Approved,2026-08-31
REO004004,O0380,I0129,13,21,101,Medium,Received,2026-08-31
REO004005,O0011,I0198,18,36,40,Medium,Ordered,2026-08-31
REO004006,O0430,I0032,18,19,35,Medium,Pending,2026-08-31
REO004007,O0408,I0141,22,22,29,Medium,Approved,2026-08-31
REO004008,O0055,I0024,29,30,59,Medium,Approved,2026-08-31
REO004009,O0174,I0058,0,27,50,Critical,Ordered,2026-08-31
REO004010,O0433,I0055,21,24,66,Medium,Received,2026-08-31
REO004011,O0186,I0267,34,37,55,Medium,Ordered,2026-08-31
REO004012,O0134,I0055,22,34,85,Medium,Pending,2026-08-31
REO004013,O0220,I0073,7,15,43,High,Ordered,2026-08-31
REO004014,O0049,I0020,2,32,92,High,Pending,2026-08-31
REO004015,O0380,I0129,13,21,101,Medium,Ordered,2026-08-31
REO004016,O0499,I0139,6,18,78,High,Pending,2026-08-31
REO004017,O0349,I0116,17,30,56,Medium,Received,2026-08-31
REO004018,O0113,I0045,32,36,75,Medium,Ordered,2026-08-31
REO004019,O0185,I0068,10,32,55,High,Ordered,2026-08-31
REO004020,O0390,I0133,7,29,87,High,Pending,2026-08-31
REO004021,O0033,I0164,10,26,66,High,Ordered,2026-08-31
REO004022,O0440,I0057,0,15,98,Critical,Ordered,2026-08-31
REO004023,O0200,I0070,0,22,46,Critical,Approved,2026-08-31
REO004024,O0492,I0138,12,19,49,Medium,Approved,2026-08-31
REO004025,O0228,I0081,0,31,124,Critical,Approved,2026-08-31
REO004026,O0191,I0263,7,33,63,High,Approved,2026-08-31
REO004027,O0358,I0121,7,20,43,High,Pending,2026-08-31
REO004028,O0065,I0029,28,30,45,Medium,Ordered,2026-08-31
REO004029,O0009,I0167,8,16,45,Medium,Approved,2026-08-31
REO004030,O0251,I0091,2,23,100,High,Ordered,2026-08-31
REO004031,O0218,I0074,14,31,110,High,Approved,2026-08-31
REO004032,O0367,I0122,6,34,91,High,Pending,2026-08-31
REO004033,O0048,I0024,2,29,107,High,Approved,2026-08-31
REO004034,O0052,I0024,15,30,59,Medium,Received,2026-08-31
REO004035,O0442,I0074,34,34,22,Medium,Pending,2026-08-31
REO004036,O0193,I0268,21,22,41,Medium,Approved,2026-08-31
REO004037,O0019,I0167,13,31,74,High,Approved,2026-08-31
REO004038,O0163,I0064,19,24,67,Medium,Approved,2026-08-31
REO004039,O0132,I0053,9,23,66,High,Ordered,2026-08-31
REO004040,O0194,I0277,23,28,52,Medium,Approved,2026-08-31
REO004041,O0278,I0090,16,26,80,Medium,Approved,2026-08-31
REO004042,O0093,I0025,0,26,98,Critical,Approved,2026-08-31
REO004043,O0181,I0275,6,24,94,High,Approved,2026-08-31
REO004044,O0187,I0277,20,24,31,Medium,Ordered,2026-08-31
REO004045,O0234,I0081,7,23,82,High,Ordered,2026-08-31
REO004046,O0234,I0081,7,23,82,High,Approved,2026-08-31
REO004047,O0054,I0022,5,27,46,High,Approved,2026-08-31
REO004048,O0390,I0133,7,29,87,High,Pending,2026-08-31
REO004049,O0467,I0023,3,18,92,High,Pending,2026-08-31
REO004050,O0491,I0138,2,37,54,High,Ordered,2026-08-31
REO004051,O0095,I0020,20,24,28,Medium,Pending,2026-08-31
REO004052,O0418,I0022,35,36,86,Medium,Pending,2026-08-31
REO004053,O0003,I0009,1,32,57,High,Ordered,2026-08-31
REO004054,O0181,I0275,6,24,94,High,Approved,2026-08-31
REO004055,O0065,I0028,6,29,77,High,Pending,2026-08-31
REO004056,O0427,I0034,18,21,43,Medium,Received,2026-08-31
REO004057,O0320,I0106,16,23,27,Medium,Approved,2026-08-31
REO004058,O0017,I0164,8,22,43,High,Pending,2026-08-31
REO004059,O0053,I0025,25,29,32,Medium,Ordered,2026-08-31
REO004060,O0410,I0138,10,21,80,High,Ordered,2026-08-31
REO004061,O0191,I0263,7,33,63,High,Ordered,2026-08-31
REO004062,O0415,I0024,20,21,56,Medium,Approved,2026-08-31
REO004063,O0058,I0019,17,25,97,Medium,Pending,2026-08-31
REO004064,O0134,I0057,13,34,109,High,Received,2026-08-31
REO004065,O0143,I0059,4,21,43,High,Approved,2026-08-31
REO004066,O0309,I0095,14,30,107,High,Approved,2026-08-31
REO004067,O0011,I0192,3,15,71,High,Approved,2026-08-31
REO004068,O0472,I0103,0,35,102,Critical,Approved,2026-08-31
REO004069,O0300,I0099,18,24,44,Medium,Pending,2026-08-31
REO004070,O0491,I0138,2,37,54,High,Ordered,2026-08-31
REO004071,O0119,I0044,12,20,41,Medium,Ordered,2026-08-31
REO004072,O0104,I0042,2,27,62,High,Received,2026-08-31
REO004073,O0315,I0108,3,14,50,High,Pending,2026-08-31
REO004074,O0227,I0080,24,28,33,Medium,Approved,2026-08-31
REO004075,O0161,I0058,18,23,62,Medium,Approved,2026-08-31
REO004076,O0017,I0009,5,28,42,High,Pending,2026-08-31
REO004077,O0002,I0165,7,13,102,Medium,Ordered,2026-08-31
REO004078,O0190,I0269,1,28,100,High,Approved,2026-08-31
REO004079,O0497,I0139,20,25,69,Medium,Pending,2026-08-31
REO004080,O0416,I0019,8,32,79,High,Approved,2026-08-31
REO004081,O0291,I0097,15,21,60,Medium,Ordered,2026-08-31
REO004082,O0256,I0088,19,26,103,Medium,Ordered,2026-08-31
REO004083,O0401,I0142,15,17,38,Medium,Pending,2026-08-31
REO004084,O0299,I0093,4,16,89,High,Ordered,2026-08-31
REO004085,O0188,I0068,10,22,44,High,Pending,2026-08-31
REO004086,O0026,I0016,2,23,91,High,Received,2026-08-31
REO004087,O0478,I0101,6,28,82,High,Ordered,2026-08-31
REO004088,O0134,I0055,22,34,85,Medium,Received,2026-08-31
REO004089,O0417,I0018,8,15,58,Medium,Ordered,2026-08-31
REO004090,O0153,I0060,16,25,59,Medium,Received,2026-08-31
REO004091,O0271,I0087,2,27,75,High,Ordered,2026-08-31
REO004092,O0256,I0088,19,26,103,Medium,Ordered,2026-08-31
REO004093,O0189,I0271,16,18,36,Medium,Received,2026-08-31
REO004094,O0453,I0051,12,33,85,High,Received,2026-08-31
REO004095,O0294,I0095,28,30,84,Medium,Ordered,2026-08-31
REO004096,O0492,I0142,3,10,91,High,Pending,2026-08-31
REO004097,O0007,I0004,20,36,39,Medium,Ordered,2026-08-31
REO004098,O0417,I0025,4,28,49,High,Ordered,2026-08-31
REO004099,O0289,I0098,12,34,105,High,Pending,2026-08-31
REO004100,O0018,I0194,13,35,65,High,Ordered,2026-08-31
REO004101,O0189,I0067,0,30,110,Critical,Received,2026-08-31
REO004102,O0010,I0158,1,26,96,High,Ordered,2026-08-31
REO004103,O0085,I0034,15,29,38,Medium,Approved,2026-08-31
REO004104,O0166,I0058,13,35,84,High,Ordered,2026-08-31
REO004105,O0197,I0270,14,16,31,Medium,Received,2026-08-31
REO004106,O0150,I0062,24,30,85,Medium,Approved,2026-08-31
REO004107,O0483,I0021,5,35,115,High,Received,2026-08-31
REO004108,O0002,I0165,7,13,102,Medium,Received,2026-08-31
REO004109,O0386,I0131,12,26,66,High,Received,2026-08-31
REO004110,O0499,I0139,6,18,78,High,Ordered,2026-08-31
REO004111,O0036,I0170,15,21,75,Medium,Ordered,2026-08-31
REO004112,O0092,I0020,11,16,86,Medium,Pending,2026-08-31
REO004113,O0415,I0023,23,26,20,Medium,Ordered,2026-08-31
REO004114,O0459,I0049,23,24,72,Medium,Received,2026-08-31
REO004115,O0384,I0132,3,19,75,High,Ordered,2026-08-31
REO004116,O0410,I0142,14,14,53,Medium,Approved,2026-08-31
REO004117,O0500,I0138,17,30,38,Medium,Approved,2026-08-31
REO004118,O0181,I0274,2,19,66,High,Ordered,2026-08-31
REO004119,O0232,I0079,4,8,103,Medium,Received,2026-08-31
REO004120,O0291,I0094,1,14,99,High,Ordered,2026-08-31
REO004121,O0061,I0026,11,25,70,High,Pending,2026-08-31
REO004122,O0218,I0075,19,22,69,Medium,Approved,2026-08-31
REO004123,O0316,I0107,16,26,85,Medium,Pending,2026-08-31
REO004124,O0095,I0018,3,31,98,High,Ordered,2026-08-31
REO004125,O0284,I0095,9,15,55,Medium,Ordered,2026-08-31
REO004126,O0419,I0024,10,27,46,High,Ordered,2026-08-31
REO004127,O0492,I0142,3,10,91,High,Ordered,2026-08-31
REO004128,O0130,I0049,20,33,30,Medium,Ordered,2026-08-31
REO004129,O0299,I0094,14,17,32,Medium,Ordered,2026-08-31
REO004130,O0409,I0139,32,32,55,Medium,Pending,2026-08-31
REO004131,O0044,I0019,6,29,52,High,Received,2026-08-31
REO004132,O0431,I0056,26,29,41,Medium,Ordered,2026-08-31
REO004133,O0077,I0010,21,28,59,Medium,Ordered,2026-08-31
REO004134,O0200,I0071,0,20,117,Critical,Received,2026-08-31
REO004135,O0199,I0066,17,28,41,Medium,Received,2026-08-31
REO004136,O0005,I0160,7,14,92,Medium,Received,2026-08-31
REO004137,O0449,I0076,3,18,56,High,Ordered,2026-08-31
REO004138,O0049,I0020,2,32,92,High,Ordered,2026-08-31
REO004139,O0495,I0139,4,19,104,High,Ordered,2026-08-31
REO004140,O0415,I0023,23,26,20,Medium,Received,2026-08-31
REO004141,O0039,I0163,0,16,111,Critical,Ordered,2026-08-31
REO004142,O0200,I0275,11,30,63,High,Ordered,2026-08-31
REO004143,O0163,I0063,2,23,99,High,Ordered,2026-08-31
REO004144,O0498,I0142,18,21,80,Medium,Pending,2026-08-31
REO004145,O0172,I0063,0,32,116,Critical,Ordered,2026-08-31
REO004146,O0132,I0054,10,33,97,High,Pending,2026-08-31
REO004147,O0073,I0010,11,24,34,High,Approved,2026-08-31
REO004148,O0028,I0015,2,27,50,High,Ordered,2026-08-31
REO004149,O0036,I0194,30,34,28,Medium,Ordered,2026-08-31
REO004150,O0196,I0263,18,26,69,Medium,Received,2026-08-31
REO004151,O0056,I0021,31,35,31,Medium,Approved,2026-08-31
REO004152,O0216,I0073,11,18,86,Medium,Ordered,2026-08-31
REO004153,O0425,I0035,11,21,97,Medium,Ordered,2026-08-31
REO004154,O0128,I0049,4,15,103,High,Ordered,2026-08-31
REO004155,O0500,I0140,6,12,66,Medium,Ordered,2026-08-31
REO004156,O0327,I0110,3,26,78,High,Received,2026-08-31
REO004157,O0486,I0021,3,29,76,High,Received,2026-08-31
REO004158,O0364,I0123,0,25,97,Critical,Pending,2026-08-31
REO004159,O0158,I0058,2,26,91,High,Ordered,2026-08-31
REO004160,O0146,I0060,15,20,79,Medium,Pending,2026-08-31
REO004161,O0380,I0128,1,13,61,High,Ordered,2026-08-31
REO004162,O0256,I0092,33,37,70,Medium,Ordered,2026-08-31
REO004163,O0433,I0055,21,24,66,Medium,Pending,2026-08-31
REO004164,O0012,I0161,10,31,66,High,Ordered,2026-08-31
REO004165,O0095,I0020,20,24,28,Medium,Approved,2026-08-31
REO004166,O0416,I0019,8,32,79,High,Ordered,2026-08-31
REO004167,O0053,I0025,25,29,32,Medium,Pending,2026-08-31
REO004168,O0180,I0058,17,29,82,Medium,Pending,2026-08-31
REO004169,O0024,I0013,9,14,39,Medium,Received,2026-08-31
REO004170,O0107,I0040,0,19,90,Critical,Pending,2026-08-31
REO004171,O0481,I0018,12,27,49,High,Approved,2026-08-31
REO004172,O0197,I0066,10,26,80,High,Ordered,2026-08-31
REO004173,O0165,I0064,36,37,61,Medium,Pending,2026-08-31
REO004174,O0174,I0058,0,27,50,Critical,Ordered,2026-08-31
REO004175,O0492,I0138,12,19,49,Medium,Pending,2026-08-31
REO004176,O0188,I0067,10,32,116,High,Pending,2026-08-31
REO004177,O0494,I0140,3,38,97,High,Approved,2026-08-31
REO004178,O0426,I0033,20,30,34,Medium,Approved,2026-08-31
REO004179,O0158,I0058,2,26,91,High,Ordered,2026-08-31
REO004180,O0384,I0131,1,19,52,High,Pending,2026-08-31
REO004181,O0045,I0023,0,29,89,Critical,Approved,2026-08-31
REO004182,O0095,I0022,22,26,52,Medium,Pending,2026-08-31
REO004183,O0186,I0071,15,23,54,Medium,Pending,2026-08-31
REO004184,O0419,I0024,10,27,46,High,Received,2026-08-31
REO004185,O0009,I0002,13,14,28,Medium,Approved,2026-08-31
REO004186,O0244,I0082,2,36,82,High,Ordered,2026-08-31
REO004187,O0413,I0023,3,22,102,High,Approved,2026-08-31
REO004188,O0309,I0097,13,32,62,High,Approved,2026-08-31
REO004189,O0187,I0275,4,20,88,High,Pending,2026-08-31
REO004190,O0192,I0275,1,28,92,High,Ordered,2026-08-31
REO004191,O0121,I0050,21,25,90,Medium,Pending,2026-08-31
REO004192,O0036,I0170,15,21,75,Medium,Received,2026-08-31
REO004193,O0244,I0083,0,20,61,Critical,Received,2026-08-31
REO004194,O0329,I0112,30,32,36,Medium,Approved,2026-08-31
REO004195,O0372,I0126,6,23,45,High,Ordered,2026-08-31
REO004196,O0325,I0109,0,21,92,Critical,Pending,2026-08-31
REO004197,O0193,I0275,12,18,101,Medium,Ordered,2026-08-31
REO004198,O0263,I0087,7,35,87,High,Approved,2026-08-31
REO004199,O0498,I0138,5,22,109,High,Approved,2026-08-31
REO004200,O0005,I0002,10,21,36,High,Pending,2026-08-31
REO004201,O0413,I0023,3,22,102,High,Ordered,2026-08-31
REO004202,O0092,I0020,11,16,86,Medium,Ordered,2026-08-31
REO004203,O0304,I0097,9,12,79,Medium,Ordered,2026-08-31
REO004204,O0039,I0163,0,16,111,Critical,Received,2026-08-31
REO004205,O0254,I0092,4,20,103,High,Approved,2026-08-31
REO004206,O0218,I0075,19,22,69,Medium,Pending,2026-08-31
REO004207,O0020,I0195,13,14,33,Medium,Approved,2026-08-31
REO004208,O0246,I0084,15,34,103,High,Ordered,2026-08-31
REO004209,O0188,I0277,25,34,56,Medium,Ordered,2026-08-31
REO004210,O0177,I0062,14,30,66,High,Pending,2026-08-31
REO004211,O0146,I0063,14,19,34,Medium,Ordered,2026-08-31
REO004212,O0245,I0083,5,23,97,High,Pending,2026-08-31
REO004213,O0157,I0060,21,29,38,Medium,Pending,2026-08-31
REO004214,O0031,I0162,23,25,90,Medium,Ordered,2026-08-31
REO004215,O0016,I0165,23,32,79,Medium,Ordered,2026-08-31
REO004216,O0474,I0103,0,30,110,Critical,Received,2026-08-31
REO004217,O0187,I0275,4,20,88,High,Received,2026-08-31
REO004218,O0161,I0059,1,24,80,High,Approved,2026-08-31
REO004219,O0062,I0029,7,29,93,High,Ordered,2026-08-31
REO004220,O0170,I0064,10,36,118,High,Ordered,2026-08-31
REO004221,O0017,I0164,8,22,43,High,Ordered,2026-08-31
REO004222,O0073,I0010,11,24,34,High,Received,2026-08-31
REO004223,O0373,I0128,4,13,42,High,Received,2026-08-31
REO004224,O0405,I0142,5,32,75,High,Approved,2026-08-31
REO004225,O0008,I0168,17,17,58,Medium,Ordered,2026-08-31
REO004226,O0279,I0086,19,19,70,Medium,Ordered,2026-08-31
REO004227,O0035,I0197,10,35,84,High,Ordered,2026-08-31
REO004228,O0199,I0066,17,28,41,Medium,Approved,2026-08-31
REO004229,O0316,I0107,16,26,85,Medium,Approved,2026-08-31
REO004230,O0199,I0277,17,21,30,Medium,Ordered,2026-08-31
REO004231,O0185,I0068,10,32,55,High,Received,2026-08-31
REO004232,O0188,I0068,10,22,44,High,Ordered,2026-08-31
REO004233,O0039,I0163,0,16,111,Critical,Pending,2026-08-31
REO004234,O0024,I0010,12,22,62,Medium,Approved,2026-08-31
REO004235,O0301,I0098,9,16,54,Medium,Approved,2026-08-31
REO004236,O0191,I0268,26,31,99,Medium,Ordered,2026-08-31
REO004237,O0031,I0166,28,28,47,Medium,Ordered,2026-08-31
REO004238,O0452,I0049,6,26,68,High,Ordered,2026-08-31
REO004239,O0078,I0016,29,33,69,Medium,Approved,2026-08-31
REO004240,O0417,I0018,8,15,58,Medium,Ordered,2026-08-31
REO004241,O0364,I0122,16,29,64,Medium,Approved,2026-08-31
REO004242,O0011,I0198,18,36,40,Medium,Pending,2026-08-31
REO004243,O0092,I0020,11,16,86,Medium,Ordered,2026-08-31
REO004244,O0150,I0061,21,30,93,Medium,Approved,2026-08-31
REO004245,O0346,I0114,16,26,42,Medium,Approved,2026-08-31
REO004246,O0034,I0003,12,15,70,Medium,Approved,2026-08-31
REO004247,O0044,I0020,26,34,46,Medium,Pending,2026-08-31
REO004248,O0253,I0086,0,25,117,Critical,Ordered,2026-08-31
REO004249,O0006,I0162,3,22,40,High,Approved,2026-08-31
REO004250,O0301,I0096,5,19,48,High,Ordered,2026-08-31
REO004251,O0256,I0091,23,28,39,Medium,Approved,2026-08-31
REO004252,O0283,I0094,1,34,119,High,Received,2026-08-31
REO004253,O0235,I0078,34,35,43,Medium,Received,2026-08-31
REO004254,O0470,I0023,14,20,29,Medium,Ordered,2026-08-31
REO004255,O0326,I0110,9,20,60,High,Approved,2026-08-31
REO004256,O0185,I0275,16,19,51,Medium,Approved,2026-08-31
REO004257,O0166,I0060,13,24,62,Medium,Received,2026-08-31
REO004258,O0001,I0190,18,24,59,Medium,Received,2026-08-31
REO004259,O0263,I0087,7,35,87,High,Ordered,2026-08-31
REO004260,O0174,I0058,0,27,50,Critical,Pending,2026-08-31
REO004261,O0168,I0058,14,21,90,Medium,Approved,2026-08-31
REO004262,O0263,I0090,10,35,93,High,Received,2026-08-31
REO004263,O0108,I0039,9,12,99,Medium,Pending,2026-08-31
REO004264,O0478,I0101,6,28,82,High,Ordered,2026-08-31
REO004265,O0283,I0097,11,21,98,Medium,Ordered,2026-08-31
REO004266,O0297,I0097,5,23,76,High,Received,2026-08-31
REO004267,O0054,I0018,26,33,37,Medium,Approved,2026-08-31
REO004268,O0277,I0089,9,33,101,High,Approved,2026-08-31
REO004269,O0005,I0160,7,14,92,Medium,Pending,2026-08-31
REO004270,O0479,I0100,10,34,106,High,Approved,2026-08-31
REO004271,O0194,I0277,23,28,52,Medium,Ordered,2026-08-31
REO004272,O0188,I0272,23,24,90,Medium,Approved,2026-08-31
REO004273,O0335,I0112,17,33,81,Medium,Ordered,2026-08-31
REO004274,O0172,I0063,0,32,116,Critical,Ordered,2026-08-31
REO004275,O0178,I0064,0,18,93,Critical,Received,2026-08-31
REO004276,O0340,I0111,3,35,93,High,Ordered,2026-08-31
REO004277,O0276,I0087,10,13,59,Medium,Ordered,2026-08-31
REO004278,O0260,I0089,29,30,76,Medium,Ordered,2026-08-31
REO004279,O0320,I0106,16,23,27,Medium,Ordered,2026-08-31
REO004280,O0472,I0103,0,35,102,Critical,Received,2026-08-31
REO004281,O0190,I0264,0,30,108,Critical,Received,2026-08-31
REO004282,O0023,I0013,18,26,72,Medium,Approved,2026-08-31
REO004283,O0040,I0190,8,22,41,High,Pending,2026-08-31
REO004284,O0454,I0050,16,37,84,High,Ordered,2026-08-31
REO004285,O0004,I0164,13,30,76,High,Ordered,2026-08-31
REO004286,O0365,I0122,18,25,57,Medium,Pending,2026-08-31
REO004287,O0008,I0193,21,21,43,Medium,Ordered,2026-08-31
REO004288,O0433,I0055,21,24,66,Medium,Pending,2026-08-31
REO004289,O0442,I0072,17,32,90,Medium,Approved,2026-08-31
REO004290,O0498,I0142,18,21,80,Medium,Approved,2026-08-31
REO004291,O0380,I0129,13,21,101,Medium,Approved,2026-08-31
REO004292,O0384,I0130,21,31,51,Medium,Approved,2026-08-31
REO004293,O0083,I0037,0,16,87,Critical,Ordered,2026-08-31
REO004294,O0061,I0026,11,25,70,High,Ordered,2026-08-31
REO004295,O0364,I0123,0,25,97,Critical,Received,2026-08-31
REO004296,O0065,I0030,6,16,41,High,Received,2026-08-31
REO004297,O0459,I0049,23,24,72,Medium,Approved,2026-08-31
REO004298,O0006,I0009,12,28,45,High,Approved,2026-08-31
REO004299,O0146,I0060,15,20,79,Medium,Received,2026-08-31
REO004300,O0165,I0064,36,37,61,Medium,Ordered,2026-08-31
REO004301,O0387,I0131,8,33,119,High,Approved,2026-08-31
REO004302,O0072,I0013,15,26,72,Medium,Approved,2026-08-31
REO004303,O0003,I0009,1,32,57,High,Ordered,2026-08-31
REO004304,O0017,I0164,8,22,43,High,Pending,2026-08-31
REO004305,O0058,I0019,17,25,97,Medium,Approved,2026-08-31
REO004306,O0016,I0165,23,32,79,Medium,Ordered,2026-08-31
REO004307,O0012,I0161,10,31,66,High,Pending,2026-08-31
REO004308,O0349,I0116,17,30,56,Medium,Ordered,2026-08-31
REO004309,O0319,I0107,11,30,114,High,Pending,2026-08-31
REO004310,O0149,I0062,9,31,87,High,Ordered,2026-08-31
REO004311,O0268,I0090,2,17,72,High,Received,2026-08-31
REO004312,O0125,I0050,3,29,57,High,Received,2026-08-31
REO004313,O0008,I0001,15,22,56,Medium,Pending,2026-08-31
REO004314,O0488,I0024,13,35,55,High,Ordered,2026-08-31
REO004315,O0184,I0067,17,17,62,Medium,Pending,2026-08-31
REO004316,O0291,I0094,1,14,99,High,Approved,2026-08-31
REO004317,O0022,I0014,10,28,50,High,Ordered,2026-08-31
REO004318,O0290,I0099,14,18,38,Medium,Received,2026-08-31
REO004319,O0402,I0142,3,18,74,High,Ordered,2026-08-31
REO004320,O0307,I0095,2,13,78,High,Ordered,2026-08-31
REO004321,O0001,I0172,23,28,37,Medium,Ordered,2026-08-31
REO004322,O0179,I0060,5,16,83,High,Approved,2026-08-31
REO004323,O0161,I0059,1,24,80,High,Pending,2026-08-31
REO004324,O0031,I0006,6,25,105,High,Received,2026-08-31
REO004325,O0252,I0086,22,23,37,Medium,Received,2026-08-31
REO004326,O0165,I0062,5,19,79,High,Pending,2026-08-31
REO004327,O0187,I0272,22,33,58,Medium,Ordered,2026-08-31
REO004328,O0049,I0023,14,19,34,Medium,Ordered,2026-08-31
REO004329,O0463,I0024,7,31,77,High,Ordered,2026-08-31
REO004330,O0049,I0025,11,21,42,Medium,Pending,2026-08-31
REO004331,O0016,I0172,4,20,78,High,Pending,2026-08-31
REO004332,O0386,I0131,12,26,66,High,Received,2026-08-31
REO004333,O0040,I0190,8,22,41,High,Ordered,2026-08-31
REO004334,O0481,I0020,23,33,76,Medium,Received,2026-08-31
REO004335,O0091,I0021,13,19,51,Medium,Received,2026-08-31
REO004336,O0417,I0019,19,19,28,Medium,Ordered,2026-08-31
REO004337,O0114,I0048,9,27,83,High,Pending,2026-08-31
REO004338,O0498,I0142,18,21,80,Medium,Pending,2026-08-31
REO004339,O0474,I0103,0,30,110,Critical,Ordered,2026-08-31
REO004340,O0184,I0070,2,27,96,High,Ordered,2026-08-31
REO004341,O0188,I0272,23,24,90,Medium,Ordered,2026-08-31
REO004342,O0279,I0086,19,19,70,Medium,Pending,2026-08-31
REO004343,O0472,I0101,15,21,63,Medium,Ordered,2026-08-31
REO004344,O0304,I0095,23,31,35,Medium,Ordered,2026-08-31
REO004345,O0029,I0010,15,21,72,Medium,Pending,2026-08-31
REO004346,O0270,I0088,11,22,35,Medium,Received,2026-08-31
REO004347,O0324,I0110,5,23,49,High,Pending,2026-08-31
REO004348,O0384,I0131,1,19,52,High,Ordered,2026-08-31
REO004349,O0062,I0030,5,17,75,High,Pending,2026-08-31
REO004350,O0291,I0097,15,21,60,Medium,Pending,2026-08-31
REO004351,O0181,I0274,2,19,66,High,Approved,2026-08-31
REO004352,O0186,I0071,15,23,54,Medium,Ordered,2026-08-31
REO004353,O0007,I0004,20,36,39,Medium,Pending,2026-08-31
REO004354,O0011,I0198,18,36,40,Medium,Pending,2026-08-31
REO004355,O0431,I0056,26,29,41,Medium,Pending,2026-08-31
REO004356,O0422,I0034,15,20,33,Medium,Ordered,2026-08-31
REO004357,O0427,I0034,18,21,43,Medium,Approved,2026-08-31
REO004358,O0166,I0058,13,35,84,High,Ordered,2026-08-31
REO004359,O0003,I0165,16,31,47,Medium,Approved,2026-08-31
REO004360,O0393,I0134,15,17,79,Medium,Pending,2026-08-31
REO004361,O0432,I0054,11,26,55,High,Pending,2026-08-31
REO004362,O0276,I0087,10,13,59,Medium,Approved,2026-08-31
REO004363,O0031,I0160,4,13,42,High,Ordered,2026-08-31
REO004364,O0409,I0139,32,32,55,Medium,Pending,2026-08-31
REO004365,O0197,I0066,10,26,80,High,Ordered,2026-08-31
REO004366,O0122,I0052,14,23,106,Medium,Received,2026-08-31
REO004367,O0436,I0053,0,14,92,Critical,Ordered,2026-08-31
REO004368,O0484,I0024,8,32,108,High,Pending,2026-08-31
REO004369,O0023,I0013,18,26,72,Medium,Pending,2026-08-31
REO004370,O0031,I0160,4,13,42,High,Ordered,2026-08-31
REO004371,O0347,I0115,16,22,57,Medium,Approved,2026-08-31
REO004372,O0005,I0002,10,21,36,High,Approved,2026-08-31
REO004373,O0054,I0018,26,33,37,Medium,Approved,2026-08-31
REO004374,O0192,I0275,1,28,92,High,Approved,2026-08-31
REO004375,O0065,I0030,6,16,41,High,Received,2026-08-31
REO004376,O0124,I0050,14,25,71,Medium,Pending,2026-08-31
REO004377,O0040,I0002,4,37,74,High,Approved,2026-08-31
REO004378,O0424,I0035,22,30,81,Medium,Received,2026-08-31
REO004379,O0049,I0019,18,21,33,Medium,Ordered,2026-08-31
REO004380,O0279,I0086,19,19,70,Medium,Received,2026-08-31
REO004381,O0058,I0025,0,10,90,Critical,Ordered,2026-08-31
REO004382,O0132,I0053,9,23,66,High,Pending,2026-08-31
REO004383,O0200,I0071,0,20,117,Critical,Approved,2026-08-31
REO004384,O0171,I0064,6,29,105,High,Ordered,2026-08-31
REO004385,O0020,I0168,8,27,79,High,Ordered,2026-08-31
REO004386,O0093,I0025,0,26,98,Critical,Approved,2026-08-31
REO004387,O0058,I0019,17,25,97,Medium,Received,2026-08-31
REO004388,O0232,I0079,4,8,103,Medium,Pending,2026-08-31
REO004389,O0046,I0022,7,24,58,High,Approved,2026-08-31
REO004390,O0055,I0025,24,25,99,Medium,Pending,2026-08-31
REO004391,O0180,I0058,17,29,82,Medium,Ordered,2026-08-31
REO004392,O0200,I0275,11,30,63,High,Ordered,2026-08-31
REO004393,O0412,I0023,6,14,37,High,Ordered,2026-08-31
REO004394,O0199,I0263,2,26,68,High,Ordered,2026-08-31
REO004395,O0002,I0171,18,29,29,Medium,Pending,2026-08-31
REO004396,O0174,I0058,0,27,50,Critical,Received,2026-08-31
REO004397,O0387,I0131,8,33,119,High,Pending,2026-08-31
REO004398,O0301,I0094,20,20,53,Medium,Pending,2026-08-31
REO004399,O0263,I0090,10,35,93,High,Ordered,2026-08-31
REO004400,O0006,I0009,12,28,45,High,Received,2026-08-31
REO004401,O0278,I0087,20,36,77,Medium,Pending,2026-08-31
REO004402,O0164,I0062,19,27,60,Medium,Received,2026-08-31
REO004403,O0149,I0062,9,31,87,High,Ordered,2026-08-31
REO004404,O0017,I0197,24,28,75,Medium,Pending,2026-08-31
REO004405,O0178,I0064,0,18,93,Critical,Pending,2026-08-31
REO004406,O0093,I0025,0,26,98,Critical,Pending,2026-08-31
REO004407,O0170,I0064,10,36,118,High,Received,2026-08-31
REO004408,O0500,I0138,17,30,38,Medium,Ordered,2026-08-31
REO004409,O0221,I0081,7,13,75,Medium,Pending,2026-08-31
REO004410,O0095,I0024,31,34,58,Medium,Pending,2026-08-31
REO004411,O0425,I0037,16,33,104,High,Ordered,2026-08-31
REO004412,O0058,I0024,1,20,51,High,Ordered,2026-08-31
REO004413,O0483,I0022,32,32,28,Medium,Pending,2026-08-31
REO004414,O0273,I0087,18,36,34,Medium,Pending,2026-08-31
REO004415,O0424,I0035,22,30,81,Medium,Approved,2026-08-31
REO004416,O0002,I0200,13,25,31,Medium,Approved,2026-08-31
REO004417,O0329,I0112,30,32,36,Medium,Approved,2026-08-31
REO004418,O0258,I0089,3,37,74,High,Ordered,2026-08-31
REO004419,O0284,I0099,23,32,96,Medium,Ordered,2026-08-31
REO004420,O0013,I0167,13,31,80,High,Pending,2026-08-31
REO004421,O0300,I0099,18,24,44,Medium,Ordered,2026-08-31
REO004422,O0144,I0060,10,21,42,High,Approved,2026-08-31
REO004423,O0274,I0086,6,32,122,High,Pending,2026-08-31
REO004424,O0393,I0134,15,17,79,Medium,Pending,2026-08-31
REO004425,O0104,I0041,6,22,73,High,Pending,2026-08-31
REO004426,O0190,I0274,18,21,68,Medium,Approved,2026-08-31
REO004427,O0200,I0068,15,30,67,Medium,Pending,2026-08-31
REO004428,O0144,I0060,10,21,42,High,Pending,2026-08-31
REO004429,O0053,I0024,3,31,120,High,Ordered,2026-08-31
REO004430,O0038,I0161,3,30,89,High,Pending,2026-08-31
REO004431,O0062,I0030,5,17,75,High,Pending,2026-08-31
REO004432,O0177,I0058,2,26,63,High,Ordered,2026-08-31
REO004433,O0200,I0268,16,25,34,Medium,Ordered,2026-08-31
REO004434,O0265,I0087,2,31,50,High,Ordered,2026-08-31
REO004435,O0442,I0072,17,32,90,Medium,Received,2026-08-31
REO004436,O0174,I0063,7,31,66,High,Approved,2026-08-31
REO004437,O0192,I0273,3,28,85,High,Pending,2026-08-31
REO004438,O0187,I0276,9,35,70,High,Received,2026-08-31
REO004439,O0155,I0058,13,25,92,Medium,Received,2026-08-31
REO004440,O0003,I0003,3,29,52,High,Ordered,2026-08-31
REO004441,O0050,I0018,8,10,48,Medium,Approved,2026-08-31
REO004442,O0278,I0088,16,23,46,Medium,Ordered,2026-08-31
REO004443,O0058,I0025,0,10,90,Critical,Ordered,2026-08-31
REO004444,O0114,I0046,30,30,75,Medium,Ordered,2026-08-31
REO004445,O0395,I0137,24,32,68,Medium,Ordered,2026-08-31
REO004446,O0499,I0139,6,18,78,High,Pending,2026-08-31
REO004447,O0254,I0092,4,20,103,High,Ordered,2026-08-31
REO004448,O0442,I0074,34,34,22,Medium,Ordered,2026-08-31
REO004449,O0120,I0047,17,29,42,Medium,Approved,2026-08-31
REO004450,O0049,I0020,2,32,92,High,Ordered,2026-08-31
REO004451,O0414,I0018,17,29,39,Medium,Approved,2026-08-31
REO004452,O0219,I0074,10,23,83,High,Ordered,2026-08-31
REO004453,O0095,I0018,3,31,98,High,Pending,2026-08-31
REO004454,O0186,I0071,15,23,54,Medium,Approved,2026-08-31
REO004455,O0013,I0167,13,31,80,High,Ordered,2026-08-31
REO004456,O0192,I0271,19,35,79,Medium,Ordered,2026-08-31
REO004457,O0161,I0059,1,24,80,High,Ordered,2026-08-31
REO004458,O0115,I0044,23,36,36,Medium,Approved,2026-08-31
REO004459,O0048,I0025,6,28,76,High,Received,2026-08-31
REO004460,O0440,I0057,0,15,98,Critical,Approved,2026-08-31
REO004461,O0278,I0087,20,36,77,Medium,Ordered,2026-08-31
REO004462,O0279,I0086,19,19,70,Medium,Ordered,2026-08-31
REO004463,O0431,I0053,6,32,115,High,Approved,2026-08-31
REO004464,O0321,I0111,5,18,102,High,Received,2026-08-31
REO004465,O0200,I0068,15,30,67,Medium,Ordered,2026-08-31
REO004466,O0018,I0188,13,24,43,Medium,Approved,2026-08-31
REO004467,O0046,I0022,7,24,58,High,Ordered,2026-08-31
REO004468,O0313,I0105,13,17,33,Medium,Ordered,2026-08-31
REO004469,O0049,I0020,2,32,92,High,Approved,2026-08-31
REO004470,O0074,I0017,9,29,67,High,Ordered,2026-08-31
REO004471,O0120,I0045,7,19,95,High,Pending,2026-08-31
REO004472,O0313,I0105,13,17,33,Medium,Pending,2026-08-31
REO004473,O0376,I0129,3,22,67,High,Ordered,2026-08-31
REO004474,O0128,I0050,12,17,91,Medium,Received,2026-08-31
REO004475,O0165,I0060,9,25,50,High,Pending,2026-08-31
REO004476,O0095,I0024,31,34,58,Medium,Pending,2026-08-31
REO004477,O0355,I0120,18,33,70,Medium,Received,2026-08-31
REO004478,O0472,I0103,0,35,102,Critical,Ordered,2026-08-31
REO004479,O0490,I0025,25,29,65,Medium,Ordered,2026-08-31
REO004480,O0120,I0045,7,19,95,High,Ordered,2026-08-31
REO004481,O0309,I0096,6,28,65,High,Ordered,2026-08-31
REO004482,O0486,I0021,3,29,76,High,Ordered,2026-08-31
REO004483,O0301,I0098,9,16,54,Medium,Ordered,2026-08-31
REO004484,O0078,I0016,29,33,69,Medium,Ordered,2026-08-31
REO004485,O0187,I0277,20,24,31,Medium,Received,2026-08-31
REO004486,O0380,I0128,1,13,61,High,Approved,2026-08-31
REO004487,O0397,I0134,11,38,113,High,Ordered,2026-08-31
REO004488,O0278,I0090,16,26,80,Medium,Pending,2026-08-31
REO004489,O0173,I0064,0,10,57,Critical,Approved,2026-08-31
REO004490,O0429,I0033,7,29,44,High,Ordered,2026-08-31
REO004491,O0333,I0109,11,23,94,High,Approved,2026-08-31
REO004492,O0065,I0028,6,29,77,High,Approved,2026-08-31
REO004493,O0296,I0099,7,29,60,High,Approved,2026-08-31
REO004494,O0387,I0130,17,17,94,Medium,Pending,2026-08-31
REO004495,O0193,I0275,12,18,101,Medium,Ordered,2026-08-31
REO004496,O0103,I0040,6,28,91,High,Ordered,2026-08-31
REO004497,O0003,I0007,4,16,36,High,Pending,2026-08-31
REO004498,O0146,I0063,14,19,34,Medium,Ordered,2026-08-31
REO004499,O0053,I0024,3,31,120,High,Ordered,2026-08-31
REO004500,O0309,I0096,6,28,65,High,Pending,2026-08-31
REO004501,O0320,I0106,16,23,27,Medium,Pending,2026-08-31
REO004502,O0005,I0188,24,24,54,Medium,Received,2026-08-31
REO004503,O0030,I0013,7,12,40,Medium,Pending,2026-08-31
REO004504,O0192,I0269,29,35,89,Medium,Pending,2026-08-31
REO004505,O0365,I0122,18,25,57,Medium,Ordered,2026-08-31
REO004506,O0491,I0138,2,37,54,High,Approved,2026-08-31
REO004507,O0031,I0166,28,28,47,Medium,Ordered,2026-08-31
REO004508,O0002,I0165,7,13,102,Medium,Ordered,2026-08-31
REO004509,O0472,I0102,26,27,51,Medium,Ordered,2026-08-31
REO004510,O0472,I0103,0,35,102,Critical,Approved,2026-08-31
REO004511,O0154,I0060,27,38,44,Medium,Ordered,2026-08-31
REO004512,O0183,I0267,13,22,91,Medium,Received,2026-08-31
REO004513,O0279,I0086,19,19,70,Medium,Received,2026-08-31
REO004514,O0270,I0092,22,30,54,Medium,Ordered,2026-08-31
REO004515,O0384,I0131,1,19,52,High,Pending,2026-08-31
REO004516,O0092,I0020,11,16,86,Medium,Approved,2026-08-31
REO004517,O0373,I0129,13,23,92,Medium,Approved,2026-08-31
REO004518,O0173,I0064,0,10,57,Critical,Approved,2026-08-31
REO004519,O0492,I0140,18,33,46,Medium,Ordered,2026-08-31
REO004520,O0177,I0058,2,26,63,High,Ordered,2026-08-31
REO004521,O0187,I0276,9,35,70,High,Ordered,2026-08-31
REO004522,O0440,I0057,0,15,98,Critical,Approved,2026-08-31
REO004523,O0384,I0132,3,19,75,High,Ordered,2026-08-31
REO004524,O0059,I0022,23,28,92,Medium,Ordered,2026-08-31
REO004525,O0196,I0070,8,14,96,Medium,Ordered,2026-08-31
REO004526,O0191,I0268,26,31,99,Medium,Received,2026-08-31
REO004527,O0198,I0275,20,37,99,Medium,Ordered,2026-08-31
REO004528,O0478,I0101,6,28,82,High,Approved,2026-08-31
REO004529,O0291,I0093,9,15,62,Medium,Received,2026-08-31
REO004530,O0314,I0107,13,21,65,Medium,Ordered,2026-08-31
REO004531,O0006,I0169,3,29,89,High,Received,2026-08-31
REO004532,O0286,I0094,23,24,51,Medium,Approved,2026-08-31
REO004533,O0019,I0167,13,31,74,High,Ordered,2026-08-31
REO004534,O0055,I0025,24,25,99,Medium,Approved,2026-08-31
REO004535,O0333,I0110,9,25,94,High,Ordered,2026-08-31
REO004536,O0225,I0077,1,11,96,High,Pending,2026-08-31
REO004537,O0024,I0013,9,14,39,Medium,Received,2026-08-31
REO004538,O0040,I0002,4,37,74,High,Approved,2026-08-31
REO004539,O0031,I0200,12,16,80,Medium,Approved,2026-08-31
REO004540,O0388,I0130,27,29,59,Medium,Ordered,2026-08-31
REO004541,O0290,I0097,29,29,22,Medium,Approved,2026-08-31
REO004542,O0146,I0060,15,20,79,Medium,Ordered,2026-08-31
REO004543,O0498,I0138,5,22,109,High,Received,2026-08-31
REO004544,O0052,I0018,11,30,61,High,Received,2026-08-31
REO004545,O0402,I0142,3,18,74,High,Ordered,2026-08-31
REO004546,O0401,I0142,15,17,38,Medium,Ordered,2026-08-31
REO004547,O0451,I0049,4,21,64,High,Approved,2026-08-31
REO004548,O0283,I0097,11,21,98,Medium,Approved,2026-08-31
REO004549,O0442,I0074,34,34,22,Medium,Received,2026-08-31
REO004550,O0061,I0027,8,22,52,High,Ordered,2026-08-31
REO004551,O0419,I0024,10,27,46,High,Ordered,2026-08-31
REO004552,O0443,I0072,1,19,88,High,Pending,2026-08-31
REO004553,O0159,I0063,5,17,48,High,Ordered,2026-08-31
REO004554,O0299,I0093,4,16,89,High,Ordered,2026-08-31
REO004555,O0040,I0190,8,22,41,High,Received,2026-08-31
REO004556,O0255,I0089,3,13,68,High,Pending,2026-08-31
REO004557,O0159,I0064,2,25,81,High,Received,2026-08-31
REO004558,O0014,I0160,23,31,45,Medium,Ordered,2026-08-31
REO004559,O0401,I0142,15,17,38,Medium,Pending,2026-08-31
REO004560,O0082,I0035,14,22,70,Medium,Pending,2026-08-31
REO004561,O0283,I0097,11,21,98,Medium,Pending,2026-08-31
REO004562,O0187,I0277,20,24,31,Medium,Pending,2026-08-31
REO004563,O0477,I0101,18,31,75,Medium,Ordered,2026-08-31
REO004564,O0005,I0006,3,23,110,High,Approved,2026-08-31
REO004565,O0431,I0056,26,29,41,Medium,Pending,2026-08-31
REO004566,O0194,I0066,13,33,76,High,Approved,2026-08-31
REO004567,O0416,I0019,8,32,79,High,Pending,2026-08-31
REO004568,O0326,I0112,29,33,23,Medium,Approved,2026-08-31
REO004569,O0054,I0021,31,31,62,Medium,Approved,2026-08-31
REO004570,O0031,I0200,12,16,80,Medium,Pending,2026-08-31
REO004571,O0048,I0018,24,24,91,Medium,Received,2026-08-31
REO004572,O0378,I0126,27,32,37,Medium,Pending,2026-08-31
REO004573,O0204,I0075,2,26,95,High,Received,2026-08-31
REO004574,O0500,I0138,17,30,38,Medium,Ordered,2026-08-31
REO004575,O0244,I0084,14,16,59,Medium,Approved,2026-08-31
REO004576,O0276,I0092,30,34,75,Medium,Ordered,2026-08-31
REO004577,O0270,I0091,14,34,86,High,Approved,2026-08-31
REO004578,O0187,I0275,4,20,88,High,Approved,2026-08-31
REO004579,O0197,I0273,22,29,38,Medium,Approved,2026-08-31
REO004580,O0162,I0064,13,15,64,Medium,Received,2026-08-31
REO004581,O0327,I0110,3,26,78,High,Pending,2026-08-31
REO004582,O0454,I0050,16,37,84,High,Ordered,2026-08-31
REO004583,O0049,I0020,2,32,92,High,Ordered,2026-08-31
REO004584,O0022,I0011,3,16,77,High,Pending,2026-08-31
REO004585,O0223,I0078,4,34,104,High,Pending,2026-08-31
REO004586,O0092,I0020,11,16,86,Medium,Received,2026-08-31
REO004587,O0252,I0086,22,23,37,Medium,Pending,2026-08-31
REO004588,O0130,I0049,20,33,30,Medium,Approved,2026-08-31
REO004589,O0200,I0068,15,30,67,Medium,Approved,2026-08-31
REO004590,O0165,I0065,13,16,27,Medium,Ordered,2026-08-31
REO004591,O0271,I0086,1,27,66,High,Received,2026-08-31
REO004592,O0017,I0005,13,26,75,Medium,Ordered,2026-08-31
REO004593,O0013,I0167,13,31,80,High,Ordered,2026-08-31
REO004594,O0272,I0092,9,12,75,Medium,Ordered,2026-08-31
REO004595,O0028,I0015,2,27,50,High,Pending,2026-08-31
REO004596,O0352,I0121,26,27,42,Medium,Approved,2026-08-31
REO004597,O0335,I0112,17,33,81,Medium,Approved,2026-08-31
REO004598,O0198,I0275,20,37,99,Medium,Pending,2026-08-31
REO004599,O0184,I0070,2,27,96,High,Approved,2026-08-31
REO004600,O0072,I0013,15,26,72,Medium,Approved,2026-08-31
REO004601,O0150,I0062,24,30,85,Medium,Ordered,2026-08-31
REO004602,O0163,I0064,19,24,67,Medium,Approved,2026-08-31
REO004603,O0163,I0064,19,24,67,Medium,Ordered,2026-08-31
REO004604,O0363,I0123,11,25,104,High,Pending,2026-08-31
REO004605,O0044,I0020,26,34,46,Medium,Ordered,2026-08-31
REO004606,O0186,I0068,9,17,63,Medium,Approved,2026-08-31
REO004607,O0372,I0126,6,23,45,High,Pending,2026-08-31
REO004608,O0008,I0006,20,21,58,Medium,Ordered,2026-08-31
REO004609,O0364,I0123,0,25,97,Critical,Approved,2026-08-31
REO004610,O0284,I0099,23,32,96,Medium,Pending,2026-08-31
REO004611,O0091,I0018,14,28,65,Medium,Ordered,2026-08-31
REO004612,O0025,I0016,2,24,77,High,Approved,2026-08-31
REO004613,O0173,I0064,0,10,57,Critical,Received,2026-08-31
REO004614,O0467,I0023,3,18,92,High,Approved,2026-08-31
REO004615,O0301,I0098,9,16,54,Medium,Ordered,2026-08-31
REO004616,O0312,I0108,36,37,35,Medium,Pending,2026-08-31
REO004617,O0326,I0112,29,33,23,Medium,Approved,2026-08-31
REO004618,O0191,I0071,10,23,64,High,Approved,2026-08-31
REO004619,O0307,I0095,2,13,78,High,Pending,2026-08-31
REO004620,O0003,I0193,4,16,71,High,Pending,2026-08-31
REO004621,O0007,I0170,5,16,50,High,Approved,2026-08-31
REO004622,O0440,I0054,4,20,90,High,Ordered,2026-08-31
REO004623,O0174,I0058,0,27,50,Critical,Received,2026-08-31
REO004624,O0472,I0101,15,21,63,Medium,Pending,2026-08-31
REO004625,O0006,I0009,12,28,45,High,Received,2026-08-31
REO004626,O0052,I0018,11,30,61,High,Approved,2026-08-31
REO004627,O0044,I0018,4,28,48,High,Pending,2026-08-31
REO004628,O0163,I0064,19,24,67,Medium,Approved,2026-08-31
REO004629,O0200,I0070,0,22,46,Critical,Ordered,2026-08-31
REO004630,O0199,I0277,17,21,30,Medium,Pending,2026-08-31
REO004631,O0029,I0014,25,28,37,Medium,Pending,2026-08-31
REO004632,O0014,I0172,15,32,51,High,Pending,2026-08-31
REO004633,O0199,I0263,2,26,68,High,Pending,2026-08-31
REO004634,O0089,I0033,9,23,51,High,Approved,2026-08-31
REO004635,O0074,I0011,10,32,59,High,Ordered,2026-08-31
REO004636,O0019,I0167,13,31,74,High,Approved,2026-08-31
REO004637,O0450,I0075,15,39,40,High,Ordered,2026-08-31
REO004638,O0174,I0058,0,27,50,Critical,Received,2026-08-31
REO004639,O0011,I0198,18,36,40,Medium,Approved,2026-08-31
REO004640,O0048,I0018,24,24,91,Medium,Pending,2026-08-31
REO004641,O0224,I0081,10,11,33,Medium,Approved,2026-08-31
REO004642,O0072,I0011,30,31,37,Medium,Ordered,2026-08-31
REO004643,O0144,I0060,10,21,42,High,Received,2026-08-31
REO004644,O0128,I0049,4,15,103,High,Approved,2026-08-31
REO004645,O0314,I0106,18,23,89,Medium,Approved,2026-08-31
REO004646,O0291,I0097,15,21,60,Medium,Approved,2026-08-31
REO004647,O0058,I0025,0,10,90,Critical,Ordered,2026-08-31
REO004648,O0003,I0009,1,32,57,High,Ordered,2026-08-31
REO004649,O0008,I0006,20,21,58,Medium,Received,2026-08-31
REO004650,O0197,I0270,14,16,31,Medium,Pending,2026-08-31
REO004651,O0103,I0041,0,37,65,Critical,Approved,2026-08-31
REO004652,O0346,I0114,16,26,42,Medium,Ordered,2026-08-31
REO004653,O0021,I0017,27,36,46,Medium,Approved,2026-08-31
REO004654,O0018,I0197,8,23,37,High,Pending,2026-08-31
REO004655,O0193,I0265,15,19,73,Medium,Ordered,2026-08-31
REO004656,O0097,I0020,8,19,39,High,Approved,2026-08-31
REO004657,O0200,I0275,11,30,63,High,Ordered,2026-08-31
REO004658,O0200,I0071,0,20,117,Critical,Pending,2026-08-31
REO004659,O0292,I0098,9,31,60,High,Pending,2026-08-31
REO004660,O0166,I0060,13,24,62,Medium,Pending,2026-08-31
REO004661,O0146,I0063,14,19,34,Medium,Approved,2026-08-31
REO004662,O0357,I0118,14,23,58,Medium,Approved,2026-08-31
REO004663,O0494,I0142,10,21,96,High,Ordered,2026-08-31
REO004664,O0199,I0263,2,26,68,High,Received,2026-08-31
REO004665,O0155,I0058,13,25,92,Medium,Received,2026-08-31
REO004666,O0354,I0118,24,26,43,Medium,Ordered,2026-08-31
REO004667,O0408,I0141,22,22,29,Medium,Ordered,2026-08-31
REO004668,O0407,I0142,3,31,73,High,Approved,2026-08-31
REO004669,O0193,I0265,15,19,73,Medium,Received,2026-08-31
REO004670,O0486,I0021,3,29,76,High,Pending,2026-08-31
REO004671,O0362,I0125,5,34,94,High,Ordered,2026-08-31
REO004672,O0485,I0018,20,25,27,Medium,Ordered,2026-08-31
REO004673,O0191,I0071,10,23,64,High,Approved,2026-08-31
REO004674,O0433,I0055,21,24,66,Medium,Approved,2026-08-31
REO004675,O0425,I0035,11,21,97,Medium,Ordered,2026-08-31
REO004676,O0491,I0138,2,37,54,High,Approved,2026-08-31
REO004677,O0216,I0073,11,18,86,Medium,Pending,2026-08-31
REO004678,O0498,I0142,18,21,80,Medium,Approved,2026-08-31
REO004679,O0165,I0065,13,16,27,Medium,Approved,2026-08-31
REO004680,O0005,I0006,3,23,110,High,Pending,2026-08-31
REO004681,O0333,I0109,11,23,94,High,Ordered,2026-08-31
REO004682,O0036,I0194,30,34,28,Medium,Received,2026-08-31
REO004683,O0066,I0028,17,28,56,Medium,Approved,2026-08-31
REO004684,O0038,I0193,2,32,90,High,Ordered,2026-08-31
REO004685,O0229,I0079,2,29,62,High,Approved,2026-08-31
REO004686,O0189,I0271,16,18,36,Medium,Ordered,2026-08-31
REO004687,O0168,I0059,8,27,60,High,Ordered,2026-08-31
REO004688,O0048,I0018,24,24,91,Medium,Ordered,2026-08-31
REO004689,O0001,I0190,18,24,59,Medium,Ordered,2026-08-31
REO004690,O0093,I0025,0,26,98,Critical,Ordered,2026-08-31
REO004691,O0397,I0134,11,38,113,High,Received,2026-08-31
REO004692,O0380,I0128,1,13,61,High,Approved,2026-08-31
REO004693,O0301,I0096,5,19,48,High,Ordered,2026-08-31
REO004694,O0197,I0067,22,28,89,Medium,Received,2026-08-31
REO004695,O0170,I0064,10,36,118,High,Approved,2026-08-31
REO004696,O0065,I0029,28,30,45,Medium,Approved,2026-08-31
REO004697,O0161,I0058,18,23,62,Medium,Received,2026-08-31
REO004698,O0031,I0166,28,28,47,Medium,Ordered,2026-08-31
REO004699,O0425,I0037,16,33,104,High,Pending,2026-08-31
REO004700,O0219,I0074,10,23,83,High,Ordered,2026-08-31
REO004701,O0142,I0058,2,16,49,High,Approved,2026-08-31
REO004702,O0127,I0050,20,39,48,Medium,Pending,2026-08-31
REO004703,O0059,I0022,23,28,92,Medium,Approved,2026-08-31
REO004704,O0196,I0263,18,26,69,Medium,Approved,2026-08-31
REO004705,O0296,I0099,7,29,60,High,Approved,2026-08-31
REO004706,O0249,I0083,12,16,85,Medium,Ordered,2026-08-31
REO004707,O0044,I0018,4,28,48,High,Approved,2026-08-31
REO004708,O0003,I0193,4,16,71,High,Approved,2026-08-31
REO004709,O0095,I0020,20,24,28,Medium,Approved,2026-08-31
REO004710,O0142,I0058,2,16,49,High,Ordered,2026-08-31
REO004711,O0174,I0062,25,36,68,Medium,Pending,2026-08-31
REO004712,O0279,I0091,13,25,91,Medium,Ordered,2026-08-31
REO004713,O0003,I0009,1,32,57,High,Pending,2026-08-31
REO004714,O0016,I0172,4,20,78,High,Pending,2026-08-31
REO004715,O0095,I0018,3,31,98,High,Ordered,2026-08-31
REO004716,O0364,I0123,0,25,97,Critical,Pending,2026-08-31
REO004717,O0459,I0049,23,24,72,Medium,Approved,2026-08-31
REO004718,O0411,I0021,0,22,69,Critical,Approved,2026-08-31
REO004719,O0313,I0105,13,17,33,Medium,Approved,2026-08-31
REO004720,O0187,I0275,4,20,88,High,Ordered,2026-08-31
REO004721,O0309,I0095,14,30,107,High,Approved,2026-08-31
REO004722,O0244,I0082,2,36,82,High,Received,2026-08-31
REO004723,O0033,I0007,19,32,63,Medium,Received,2026-08-31
REO004724,O0490,I0025,25,29,65,Medium,Ordered,2026-08-31
REO004725,O0431,I0056,26,29,41,Medium,Received,2026-08-31
REO004726,O0055,I0025,24,25,99,Medium,Approved,2026-08-31
REO004727,O0031,I0166,28,28,47,Medium,Pending,2026-08-31
REO004728,O0492,I0142,3,10,91,High,Pending,2026-08-31
REO004729,O0077,I0010,21,28,59,Medium,Approved,2026-08-31
REO004730,O0058,I0018,23,26,46,Medium,Approved,2026-08-31
REO004731,O0035,I0193,27,34,98,Medium,Ordered,2026-08-31
REO004732,O0375,I0126,2,16,39,High,Pending,2026-08-31
REO004733,O0400,I0136,28,32,37,Medium,Ordered,2026-08-31
REO004734,O0085,I0034,15,29,38,Medium,Ordered,2026-08-31
REO004735,O0373,I0128,4,13,42,High,Approved,2026-08-31
REO004736,O0043,I0024,23,30,98,Medium,Ordered,2026-08-31
REO004737,O0385,I0132,16,28,50,Medium,Received,2026-08-31
REO004738,O0477,I0101,18,31,75,Medium,Received,2026-08-31
REO004739,O0195,I0273,31,36,49,Medium,Ordered,2026-08-31
REO004740,O0364,I0122,16,29,64,Medium,Ordered,2026-08-31
REO004741,O0324,I0110,5,23,49,High,Pending,2026-08-31
REO004742,O0274,I0086,6,32,122,High,Approved,2026-08-31
REO004743,O0314,I0106,18,23,89,Medium,Ordered,2026-08-31
REO004744,O0424,I0035,22,30,81,Medium,Pending,2026-08-31
REO004745,O0333,I0109,11,23,94,High,Ordered,2026-08-31
REO004746,O0055,I0024,29,30,59,Medium,Received,2026-08-31
REO004747,O0284,I0093,3,19,59,High,Pending,2026-08-31
REO004748,O0234,I0081,7,23,82,High,Approved,2026-08-31
REO004749,O0419,I0023,13,31,113,High,Ordered,2026-08-31
REO004750,O0465,I0020,9,28,41,High,Received,2026-08-31
REO004751,O0384,I0132,3,19,75,High,Approved,2026-08-31
REO004752,O0472,I0101,15,21,63,Medium,Pending,2026-08-31
REO004753,O0459,I0049,23,24,72,Medium,Ordered,2026-08-31
REO004754,O0003,I0193,4,16,71,High,Approved,2026-08-31
REO004755,O0004,I0164,13,30,76,High,Approved,2026-08-31
REO004756,O0058,I0019,17,25,97,Medium,Ordered,2026-08-31
REO004757,O0404,I0139,20,28,59,Medium,Ordered,2026-08-31
REO004758,O0468,I0020,8,27,66,High,Received,2026-08-31
REO004759,O0002,I0002,18,18,41,Medium,Pending,2026-08-31
REO004760,O0340,I0111,3,35,93,High,Pending,2026-08-31
REO004761,O0304,I0097,9,12,79,Medium,Received,2026-08-31
REO004762,O0329,I0112,30,32,36,Medium,Approved,2026-08-31
REO004763,O0312,I0108,36,37,35,Medium,Ordered,2026-08-31
REO004764,O0379,I0128,8,34,57,High,Ordered,2026-08-31
REO004765,O0196,I0263,18,26,69,Medium,Ordered,2026-08-31
REO004766,O0093,I0025,0,26,98,Critical,Approved,2026-08-31
REO004767,O0005,I0002,10,21,36,High,Pending,2026-08-31
REO004768,O0256,I0088,19,26,103,Medium,Approved,2026-08-31
REO004769,O0273,I0087,18,36,34,Medium,Received,2026-08-31
REO004770,O0286,I0094,23,24,51,Medium,Ordered,2026-08-31
REO004771,O0292,I0098,9,31,60,High,Ordered,2026-08-31
REO004772,O0157,I0065,1,15,91,High,Received,2026-08-31
REO004773,O0311,I0105,24,28,98,Medium,Received,2026-08-31
REO004774,O0007,I0170,5,16,50,High,Pending,2026-08-31
REO004775,O0159,I0064,2,25,81,High,Ordered,2026-08-31
REO004776,O0018,I0194,13,35,65,High,Ordered,2026-08-31
REO004777,O0066,I0030,14,15,81,Medium,Approved,2026-08-31
REO004778,O0180,I0058,17,29,82,Medium,Approved,2026-08-31
REO004779,O0474,I0103,0,30,110,Critical,Ordered,2026-08-31
REO004780,O0487,I0018,20,34,48,Medium,Pending,2026-08-31
REO004781,O0019,I0167,13,31,74,High,Pending,2026-08-31
REO004782,O0043,I0024,23,30,98,Medium,Ordered,2026-08-31
REO004783,O0378,I0126,27,32,37,Medium,Ordered,2026-08-31
REO004784,O0495,I0139,4,19,104,High,Received,2026-08-31
REO004785,O0494,I0142,10,21,96,High,Ordered,2026-08-31
REO004786,O0404,I0139,20,28,59,Medium,Ordered,2026-08-31
REO004787,O0011,I0189,9,20,99,High,Ordered,2026-08-31
REO004788,O0192,I0269,29,35,89,Medium,Ordered,2026-08-31
REO004789,O0268,I0090,2,17,72,High,Approved,2026-08-31
REO004790,O0253,I0086,0,25,117,Critical,Ordered,2026-08-31
REO004791,O0199,I0066,17,28,41,Medium,Ordered,2026-08-31
REO004792,O0181,I0275,6,24,94,High,Received,2026-08-31
REO004793,O0270,I0092,22,30,54,Medium,Received,2026-08-31
REO004794,O0342,I0117,19,28,60,Medium,Ordered,2026-08-31
REO004795,O0054,I0022,5,27,46,High,Received,2026-08-31
REO004796,O0195,I0066,20,30,64,Medium,Received,2026-08-31
REO004797,O0050,I0018,8,10,48,Medium,Ordered,2026-08-31
REO004798,O0092,I0020,11,16,86,Medium,Received,2026-08-31
REO004799,O0259,I0090,8,33,73,High,Received,2026-08-31
REO004800,O0168,I0058,14,21,90,Medium,Approved,2026-08-31
REO004801,O0189,I0271,16,18,36,Medium,Ordered,2026-08-31
REO004802,O0220,I0074,20,35,49,Medium,Ordered,2026-08-31
REO004803,O0074,I0017,9,29,67,High,Approved,2026-08-31
REO004804,O0469,I0020,5,17,42,High,Pending,2026-08-31
REO004805,O0228,I0080,16,28,90,Medium,Received,2026-08-31
REO004806,O0472,I0103,0,35,102,Critical,Ordered,2026-08-31
REO004807,O0327,I0110,3,26,78,High,Approved,2026-08-31
REO004808,O0009,I0167,8,16,45,Medium,Approved,2026-08-31
REO004809,O0004,I0164,13,30,76,High,Ordered,2026-08-31
REO004810,O0411,I0021,0,22,69,Critical,Pending,2026-08-31
REO004811,O0286,I0094,23,24,51,Medium,Received,2026-08-31
REO004812,O0444,I0075,24,25,36,Medium,Pending,2026-08-31
REO004813,O0184,I0070,2,27,96,High,Ordered,2026-08-31
REO004814,O0146,I0063,14,19,34,Medium,Approved,2026-08-31
REO004815,O0442,I0074,34,34,22,Medium,Received,2026-08-31
REO004816,O0431,I0056,26,29,41,Medium,Pending,2026-08-31
REO004817,O0049,I0019,18,21,33,Medium,Received,2026-08-31
REO004818,O0065,I0028,6,29,77,High,Received,2026-08-31
REO004819,O0006,I0168,14,24,40,Medium,Ordered,2026-08-31
REO004820,O0208,I0072,20,28,53,Medium,Pending,2026-08-31
REO004821,O0277,I0089,9,33,101,High,Pending,2026-08-31
REO004822,O0038,I0193,2,32,90,High,Ordered,2026-08-31
REO004823,O0199,I0274,16,30,59,Medium,Pending,2026-08-31
REO004824,O0454,I0050,16,37,84,High,Approved,2026-08-31
REO004825,O0109,I0042,5,15,99,High,Ordered,2026-08-31
REO004826,O0256,I0091,23,28,39,Medium,Ordered,2026-08-31
REO004827,O0416,I0018,6,23,68,High,Approved,2026-08-31
REO004828,O0107,I0040,0,19,90,Critical,Pending,2026-08-31
REO004829,O0088,I0035,20,23,88,Medium,Received,2026-08-31
REO004830,O0193,I0276,19,37,53,Medium,Pending,2026-08-31
REO004831,O0444,I0075,24,25,36,Medium,Pending,2026-08-31
REO004832,O0284,I0095,9,15,55,Medium,Received,2026-08-31
REO004833,O0025,I0016,2,24,77,High,Pending,2026-08-31
REO004834,O0017,I0164,8,22,43,High,Approved,2026-08-31
REO004835,O0107,I0040,0,19,90,Critical,Received,2026-08-31
REO004836,O0388,I0130,27,29,59,Medium,Ordered,2026-08-31
REO004837,O0005,I0188,24,24,54,Medium,Ordered,2026-08-31
REO004838,O0038,I0171,22,25,42,Medium,Ordered,2026-08-31
REO004839,O0018,I0194,13,35,65,High,Received,2026-08-31
REO004840,O0239,I0079,26,26,83,Medium,Pending,2026-08-31
REO004841,O0146,I0063,14,19,34,Medium,Pending,2026-08-31
REO004842,O0012,I0161,10,31,66,High,Pending,2026-08-31
REO004843,O0033,I0007,19,32,63,Medium,Approved,2026-08-31
REO004844,O0055,I0019,17,25,45,Medium,Received,2026-08-31
REO004845,O0155,I0064,8,34,118,High,Approved,2026-08-31
REO004846,O0454,I0050,16,37,84,High,Approved,2026-08-31
REO004847,O0018,I0194,13,35,65,High,Approved,2026-08-31
REO004848,O0031,I0158,24,25,32,Medium,Approved,2026-08-31
REO004849,O0279,I0086,19,19,70,Medium,Pending,2026-08-31
REO004850,O0219,I0074,10,23,83,High,Approved,2026-08-31
REO004851,O0331,I0109,2,13,73,High,Pending,2026-08-31
REO004852,O0414,I0024,1,13,83,High,Pending,2026-08-31
REO004853,O0270,I0091,14,34,86,High,Approved,2026-08-31
REO004854,O0020,I0195,13,14,33,Medium,Received,2026-08-31
REO004855,O0048,I0018,24,24,91,Medium,Pending,2026-08-31
REO004856,O0192,I0266,1,22,41,High,Ordered,2026-08-31
REO004857,O0047,I0022,13,37,94,High,Approved,2026-08-31
REO004858,O0270,I0088,11,22,35,Medium,Received,2026-08-31
REO004859,O0486,I0021,3,29,76,High,Pending,2026-08-31
REO004860,O0414,I0025,13,34,85,High,Ordered,2026-08-31
REO004861,O0171,I0064,6,29,105,High,Received,2026-08-31
REO004862,O0469,I0018,16,29,70,Medium,Ordered,2026-08-31
REO004863,O0145,I0058,28,31,73,Medium,Pending,2026-08-31
REO004864,O0174,I0063,7,31,66,High,Received,2026-08-31
REO004865,O0054,I0022,5,27,46,High,Approved,2026-08-31
REO004866,O0184,I0067,17,17,62,Medium,Pending,2026-08-31
REO004867,O0143,I0059,4,21,43,High,Received,2026-08-31
REO004868,O0257,I0092,10,32,48,High,Approved,2026-08-31
REO004869,O0379,I0128,8,34,57,High,Received,2026-08-31
REO004870,O0155,I0065,0,19,84,Critical,Ordered,2026-08-31
REO004871,O0355,I0120,18,33,70,Medium,Ordered,2026-08-31
REO004872,O0468,I0020,8,27,66,High,Approved,2026-08-31
REO004873,O0434,I0057,13,16,44,Medium,Ordered,2026-08-31
REO004874,O0033,I0193,10,18,77,Medium,Ordered,2026-08-31
REO004875,O0490,I0021,16,31,75,Medium,Ordered,2026-08-31
REO004876,O0136,I0055,12,31,56,High,Pending,2026-08-31
REO004877,O0017,I0197,24,28,75,Medium,Received,2026-08-31
REO004878,O0044,I0025,4,30,116,High,Received,2026-08-31
REO004879,O0192,I0275,1,28,92,High,Ordered,2026-08-31
REO004880,O0364,I0123,0,25,97,Critical,Approved,2026-08-31
REO004881,O0375,I0126,2,16,39,High,Ordered,2026-08-31
REO004882,O0278,I0090,16,26,80,Medium,Ordered,2026-08-31
REO004883,O0199,I0068,17,26,87,Medium,Pending,2026-08-31
REO004884,O0171,I0062,5,11,75,High,Ordered,2026-08-31
REO004885,O0397,I0134,11,38,113,High,Received,2026-08-31
REO004886,O0364,I0123,0,25,97,Critical,Approved,2026-08-31
REO004887,O0431,I0056,26,29,41,Medium,Approved,2026-08-31
REO004888,O0059,I0023,20,35,78,Medium,Ordered,2026-08-31
REO004889,O0084,I0032,3,28,90,High,Ordered,2026-08-31
REO004890,O0089,I0033,9,23,51,High,Ordered,2026-08-31
REO004891,O0165,I0061,13,27,50,High,Ordered,2026-08-31
REO004892,O0018,I0194,13,35,65,High,Ordered,2026-08-31
REO004893,O0234,I0081,7,23,82,High,Received,2026-08-31
REO004894,O0248,I0082,3,16,70,High,Approved,2026-08-31
REO004895,O0031,I0006,6,25,105,High,Ordered,2026-08-31
REO004896,O0221,I0081,7,13,75,Medium,Ordered,2026-08-31
REO004897,O0431,I0053,6,32,115,High,Pending,2026-08-31
REO004898,O0223,I0078,4,34,104,High,Received,2026-08-31
REO004899,O0409,I0139,32,32,55,Medium,Received,2026-08-31
REO004900,O0093,I0025,0,26,98,Critical,Received,2026-08-31
REO004901,O0256,I0091,23,28,39,Medium,Approved,2026-08-31
REO004902,O0490,I0025,25,29,65,Medium,Received,2026-08-31
REO004903,O0037,I0159,1,20,44,High,Received,2026-08-31
REO004904,O0119,I0044,12,20,41,Medium,Pending,2026-08-31
REO004905,O0497,I0139,20,25,69,Medium,Pending,2026-08-31
REO004906,O0162,I0061,4,31,107,High,Ordered,2026-08-31
REO004907,O0271,I0087,2,27,75,High,Pending,2026-08-31
REO004908,O0043,I0024,23,30,98,Medium,Ordered,2026-08-31
REO004909,O0136,I0055,12,31,56,High,Ordered,2026-08-31
REO004910,O0119,I0044,12,20,41,Medium,Ordered,2026-08-31
REO004911,O0432,I0054,11,26,55,High,Ordered,2026-08-31
REO004912,O0003,I0003,3,29,52,High,Received,2026-08-31
REO004913,O0301,I0096,5,19,48,High,Ordered,2026-08-31
REO004914,O0041,I0024,16,31,77,Medium,Approved,2026-08-31
REO004915,O0034,I0006,19,26,74,Medium,Pending,2026-08-31
REO004916,O0008,I0193,21,21,43,Medium,Received,2026-08-31
REO004917,O0150,I0064,7,25,106,High,Approved,2026-08-31
REO004918,O0258,I0087,7,17,57,High,Ordered,2026-08-31
REO004919,O0115,I0044,23,36,36,Medium,Approved,2026-08-31
REO004920,O0223,I0078,4,34,104,High,Ordered,2026-08-31
REO004921,O0379,I0128,8,34,57,High,Pending,2026-08-31
REO004922,O0048,I0025,6,28,76,High,Received,2026-08-31
REO004923,O0465,I0020,9,28,41,High,Received,2026-08-31
REO004924,O0143,I0061,12,16,31,Medium,Ordered,2026-08-31
REO004925,O0470,I0023,14,20,29,Medium,Ordered,2026-08-31
REO004926,O0232,I0079,4,8,103,Medium,Approved,2026-08-31
REO004927,O0054,I0021,31,31,62,Medium,Pending,2026-08-31
REO004928,O0270,I0088,11,22,35,Medium,Approved,2026-08-31
REO004929,O0048,I0024,2,29,107,High,Received,2026-08-31
REO004930,O0074,I0015,1,31,81,High,Approved,2026-08-31
REO004931,O0299,I0093,4,16,89,High,Ordered,2026-08-31
REO004932,O0165,I0062,5,19,79,High,Ordered,2026-08-31
REO004933,O0286,I0094,23,24,51,Medium,Approved,2026-08-31
REO004934,O0479,I0100,10,34,106,High,Approved,2026-08-31
REO004935,O0499,I0138,0,23,44,Critical,Ordered,2026-08-31
REO004936,O0304,I0097,9,12,79,Medium,Approved,2026-08-31
REO004937,O0033,I0164,10,26,66,High,Approved,2026-08-31
REO004938,O0279,I0091,13,25,91,Medium,Ordered,2026-08-31
REO004939,O0349,I0116,17,30,56,Medium,Approved,2026-08-31
REO004940,O0461,I0019,13,30,94,High,Ordered,2026-08-31
REO004941,O0271,I0087,2,27,75,High,Pending,2026-08-31
REO004942,O0034,I0003,12,15,70,Medium,Approved,2026-08-31
REO004943,O0086,I0034,12,31,68,High,Pending,2026-08-31
REO004944,O0197,I0273,22,29,38,Medium,Ordered,2026-08-31
REO004945,O0451,I0050,10,15,40,Medium,Pending,2026-08-31
REO004946,O0346,I0115,15,17,33,Medium,Ordered,2026-08-31
REO004947,O0422,I0037,1,24,107,High,Ordered,2026-08-31
REO004948,O0058,I0019,17,25,97,Medium,Ordered,2026-08-31
REO004949,O0256,I0092,33,37,70,Medium,Pending,2026-08-31
REO004950,O0372,I0126,6,23,45,High,Ordered,2026-08-31
REO004951,O0284,I0095,9,15,55,Medium,Received,2026-08-31
REO004952,O0041,I0024,16,31,77,Medium,Received,2026-08-31
REO004953,O0497,I0139,20,25,69,Medium,Received,2026-08-31
REO004954,O0188,I0068,10,22,44,High,Approved,2026-08-31
REO004955,O0447,I0072,8,21,55,High,Pending,2026-08-31
REO004956,O0008,I0159,23,35,100,Medium,Ordered,2026-08-31
REO004957,O0165,I0065,13,16,27,Medium,Pending,2026-08-31
REO004958,O0483,I0022,32,32,28,Medium,Ordered,2026-08-31
REO004959,O0221,I0081,7,13,75,Medium,Approved,2026-08-31
REO004960,O0384,I0131,1,19,52,High,Approved,2026-08-31
REO004961,O0433,I0055,21,24,66,Medium,Approved,2026-08-31
REO004962,O0330,I0111,12,29,100,High,Pending,2026-08-31
REO004963,O0039,I0164,1,31,70,High,Ordered,2026-08-31
REO004964,O0016,I0191,1,25,51,High,Pending,2026-08-31
REO004965,O0003,I0003,3,29,52,High,Ordered,2026-08-31
REO004966,O0227,I0080,24,28,33,Medium,Ordered,2026-08-31
REO004967,O0185,I0068,10,32,55,High,Ordered,2026-08-31
REO004968,O0002,I0165,7,13,102,Medium,Ordered,2026-08-31
REO004969,O0016,I0165,23,32,79,Medium,Pending,2026-08-31
REO004970,O0169,I0061,22,27,92,Medium,Pending,2026-08-31
REO004971,O0431,I0056,26,29,41,Medium,Ordered,2026-08-31
REO004972,O0017,I0197,24,28,75,Medium,Pending,2026-08-31
REO004973,O0076,I0010,15,16,92,Medium,Ordered,2026-08-31
REO004974,O0308,I0095,24,37,75,Medium,Ordered,2026-08-31
REO004975,O0104,I0042,2,27,62,High,Approved,2026-08-31
REO004976,O0413,I0023,3,22,102,High,Pending,2026-08-31
REO004977,O0390,I0131,13,30,94,High,Approved,2026-08-31
REO004978,O0166,I0060,13,24,62,Medium,Ordered,2026-08-31
REO004979,O0159,I0064,2,25,81,High,Ordered,2026-08-31
REO004980,O0298,I0094,21,21,67,Medium,Received,2026-08-31
REO004981,O0435,I0053,11,27,80,High,Approved,2026-08-31
REO004982,O0486,I0025,27,36,62,Medium,Approved,2026-08-31
REO004983,O0188,I0067,10,32,116,High,Ordered,2026-08-31
REO004984,O0312,I0108,36,37,35,Medium,Pending,2026-08-31
REO004985,O0095,I0018,3,31,98,High,Approved,2026-08-31
REO004986,O0166,I0058,13,35,84,High,Ordered,2026-08-31
REO004987,O0187,I0069,20,23,75,Medium,Received,2026-08-31
REO004988,O0065,I0028,6,29,77,High,Pending,2026-08-31
REO004989,O0128,I0049,4,15,103,High,Approved,2026-08-31
REO004990,O0061,I0026,11,25,70,High,Ordered,2026-08-31
REO004991,O0292,I0098,9,31,60,High,Ordered,2026-08-31
REO004992,O0399,I0135,21,31,70,Medium,Pending,2026-08-31
REO004993,O0304,I0099,17,19,48,Medium,Pending,2026-08-31
REO004994,O0412,I0023,6,14,37,High,Pending,2026-08-31
REO004995,O0346,I0114,16,26,42,Medium,Ordered,2026-08-31
REO004996,O0107,I0040,0,19,90,Critical,Ordered,2026-08-31
REO004997,O0376,I0127,20,24,48,Medium,Ordered,2026-08-31
REO004998,O0211,I0073,24,33,57,Medium,Received,2026-08-31
REO004999,O0033,I0007,19,32,63,Medium,Ordered,2026-08-31
REO005000,O0146,I0063,14,19,34,Medium,Ordered,2026-08-31
REO005001,O0177,I0059,7,28,80,High,Received,2026-08-31
REO005002,O0470,I0023,14,20,29,Medium,Received,2026-08-31
REO005003,O0433,I0055,21,24,66,Medium,Approved,2026-08-31
REO005004,O0470,I0019,15,32,92,High,Pending,2026-08-31
REO005005,O0479,I0100,10,34,106,High,Ordered,2026-08-31
REO005006,O0453,I0050,32,33,22,Medium,Ordered,2026-08-31
REO005007,O0125,I0050,3,29,57,High,Pending,2026-08-31
REO005008,O0309,I0097,13,32,62,High,Ordered,2026-08-31
REO005009,O0205,I0073,26,27,29,Medium,Approved,2026-08-31
REO005010,O0450,I0075,15,39,40,High,Ordered,2026-08-31
REO005011,O0376,I0126,3,10,89,High,Ordered,2026-08-31
REO005012,O0239,I0079,26,26,83,Medium,Approved,2026-08-31
REO005013,O0327,I0109,23,30,54,Medium,Received,2026-08-31
REO005014,O0302,I0099,15,24,32,Medium,Ordered,2026-08-31
REO005015,O0365,I0122,18,25,57,Medium,Ordered,2026-08-31
REO005016,O0018,I0194,13,35,65,High,Approved,2026-08-31
REO005017,O0049,I0020,2,32,92,High,Ordered,2026-08-31
REO005018,O0138,I0057,12,28,41,High,Pending,2026-08-31
REO005019,O0197,I0270,14,16,31,Medium,Received,2026-08-31
REO005020,O0021,I0014,9,20,91,High,Approved,2026-08-31
REO005021,O0191,I0071,10,23,64,High,Pending,2026-08-31
REO005022,O0023,I0013,18,26,72,Medium,Pending,2026-08-31
REO005023,O0252,I0086,22,23,37,Medium,Approved,2026-08-31
REO005024,O0006,I0162,3,22,40,High,Pending,2026-08-31
REO005025,O0193,I0276,19,37,53,Medium,Ordered,2026-08-31
REO005026,O0424,I0035,22,30,81,Medium,Pending,2026-08-31
REO005027,O0491,I0138,2,37,54,High,Ordered,2026-08-31
REO005028,O0001,I0172,23,28,37,Medium,Pending,2026-08-31
REO005029,O0003,I0003,3,29,52,High,Approved,2026-08-31
REO005030,O0109,I0042,5,15,99,High,Ordered,2026-08-31
REO005031,O0065,I0030,6,16,41,High,Ordered,2026-08-31
REO005032,O0422,I0037,1,24,107,High,Pending,2026-08-31
REO005033,O0003,I0003,3,29,52,High,Ordered,2026-08-31
REO005034,O0194,I0068,4,20,104,High,Pending,2026-08-31
REO005035,O0097,I0020,8,19,39,High,Received,2026-08-31
REO005036,O0096,I0024,5,31,66,High,Received,2026-08-31
REO005037,O0023,I0013,18,26,72,Medium,Ordered,2026-08-31
REO005038,O0463,I0023,9,22,91,High,Pending,2026-08-31
REO005039,O0002,I0171,18,29,29,Medium,Ordered,2026-08-31
REO005040,O0451,I0050,10,15,40,Medium,Approved,2026-08-31
REO005041,O0253,I0086,0,25,117,Critical,Ordered,2026-08-31
REO005042,O0092,I0020,11,16,86,Medium,Ordered,2026-08-31
REO005043,O0003,I0003,3,29,52,High,Pending,2026-08-31
REO005044,O0059,I0022,23,28,92,Medium,Received,2026-08-31
REO005045,O0194,I0066,13,33,76,High,Ordered,2026-08-31
REO005046,O0058,I0018,23,26,46,Medium,Pending,2026-08-31
REO005047,O0223,I0078,4,34,104,High,Ordered,2026-08-31
REO005048,O0193,I0265,15,19,73,Medium,Pending,2026-08-31
REO005049,O0005,I0002,10,21,36,High,Approved,2026-08-31
REO005050,O0165,I0059,12,20,85,Medium,Pending,2026-08-31
REO005051,O0003,I0007,4,16,36,High,Pending,2026-08-31
REO005052,O0138,I0057,12,28,41,High,Approved,2026-08-31
REO005053,O0412,I0023,6,14,37,High,Approved,2026-08-31
REO005054,O0453,I0050,32,33,22,Medium,Approved,2026-08-31
REO005055,O0246,I0084,15,34,103,High,Approved,2026-08-31
REO005056,O0276,I0092,30,34,75,Medium,Approved,2026-08-31
REO005057,O0326,I0110,9,20,60,High,Pending,2026-08-31
REO005058,O0478,I0101,6,28,82,High,Approved,2026-08-31
REO005059,O0277,I0089,9,33,101,High,Ordered,2026-08-31
REO005060,O0225,I0077,1,11,96,High,Ordered,2026-08-31
REO005061,O0309,I0097,13,32,62,High,Received,2026-08-31
REO005062,O0020,I0170,13,27,35,High,Received,2026-08-31
REO005063,O0313,I0105,13,17,33,Medium,Pending,2026-08-31
REO005064,O0049,I0019,18,21,33,Medium,Ordered,2026-08-31
REO005065,O0161,I0058,18,23,62,Medium,Ordered,2026-08-31
REO005066,O0349,I0116,17,30,56,Medium,Ordered,2026-08-31
REO005067,O0040,I0190,8,22,41,High,Ordered,2026-08-31
REO005068,O0016,I0172,4,20,78,High,Ordered,2026-08-31
REO005069,O0037,I0169,29,32,44,Medium,Ordered,2026-08-31
REO005070,O0417,I0019,19,19,28,Medium,Approved,2026-08-31
REO005071,O0192,I0269,29,35,89,Medium,Ordered,2026-08-31
REO005072,O0132,I0053,9,23,66,High,Pending,2026-08-31
REO005073,O0358,I0121,7,20,43,High,Approved,2026-08-31
REO005074,O0016,I0161,11,16,31,Medium,Ordered,2026-08-31
REO005075,O0418,I0024,19,28,75,Medium,Pending,2026-08-31
REO005076,O0486,I0021,3,29,76,High,Approved,2026-08-31
REO005077,O0205,I0073,26,27,29,Medium,Pending,2026-08-31
REO005078,O0111,I0046,17,23,85,Medium,Approved,2026-08-31
REO005079,O0462,I0024,13,24,37,Medium,Ordered,2026-08-31
REO005080,O0006,I0162,3,22,40,High,Received,2026-08-31
REO005081,O0039,I0191,10,37,46,High,Approved,2026-08-31
REO005082,O0036,I0170,15,21,75,Medium,Received,2026-08-31
REO005083,O0254,I0092,4,20,103,High,Approved,2026-08-31
REO005084,O0216,I0075,13,13,35,Medium,Approved,2026-08-31
REO005085,O0463,I0023,9,22,91,High,Ordered,2026-08-31
REO005086,O0342,I0117,19,28,60,Medium,Received,2026-08-31
REO005087,O0091,I0021,13,19,51,Medium,Pending,2026-08-31
REO005088,O0491,I0138,2,37,54,High,Approved,2026-08-31
REO005089,O0168,I0059,8,27,60,High,Pending,2026-08-31
REO005090,O0018,I0188,13,24,43,Medium,Pending,2026-08-31
REO005091,O0138,I0057,12,28,41,High,Ordered,2026-08-31
REO005092,O0419,I0023,13,31,113,High,Approved,2026-08-31
REO005093,O0229,I0079,2,29,62,High,Ordered,2026-08-31
REO005094,O0387,I0131,8,33,119,High,Pending,2026-08-31
REO005095,O0416,I0019,8,32,79,High,Pending,2026-08-31
REO005096,O0480,I0100,12,32,79,High,Received,2026-08-31
REO005097,O0402,I0142,3,18,74,High,Approved,2026-08-31
REO005098,O0153,I0061,8,15,46,Medium,Approved,2026-08-31
REO005099,O0200,I0268,16,25,34,Medium,Ordered,2026-08-31
REO005100,O0291,I0094,1,14,99,High,Pending,2026-08-31
REO005101,O0291,I0093,9,15,62,Medium,Approved,2026-08-31
REO005102,O0467,I0025,24,27,42,Medium,Pending,2026-08-31
REO005103,O0271,I0086,1,27,66,High,Received,2026-08-31
REO005104,O0258,I0089,3,37,74,High,Received,2026-08-31
REO005105,O0478,I0103,17,20,82,Medium,Ordered,2026-08-31
REO005106,O0040,I0190,8,22,41,High,Ordered,2026-08-31
REO005107,O0103,I0041,0,37,65,Critical,Pending,2026-08-31
REO005108,O0045,I0019,14,29,64,High,Approved,2026-08-31
REO005109,O0259,I0090,8,33,73,High,Received,2026-08-31
REO005110,O0430,I0032,18,19,35,Medium,Ordered,2026-08-31
REO005111,O0077,I0010,21,28,59,Medium,Approved,2026-08-31
REO005112,O0058,I0024,1,20,51,High,Ordered,2026-08-31
REO005113,O0020,I0195,13,14,33,Medium,Pending,2026-08-31
REO005114,O0040,I0158,19,29,59,Medium,Approved,2026-08-31
REO005115,O0384,I0132,3,19,75,High,Approved,2026-08-31
REO005116,O0199,I0066,17,28,41,Medium,Ordered,2026-08-31
REO005117,O0380,I0129,13,21,101,Medium,Pending,2026-08-31
REO005118,O0220,I0074,20,35,49,Medium,Ordered,2026-08-31
REO005119,O0034,I0006,19,26,74,Medium,Ordered,2026-08-31
REO005120,O0258,I0089,3,37,74,High,Approved,2026-08-31
REO005121,O0062,I0030,5,17,75,High,Approved,2026-08-31
REO005122,O0413,I0023,3,22,102,High,Ordered,2026-08-31
REO005123,O0008,I0006,20,21,58,Medium,Ordered,2026-08-31
REO005124,O0198,I0275,20,37,99,Medium,Pending,2026-08-31
REO005125,O0038,I0161,3,30,89,High,Pending,2026-08-31
REO005126,O0474,I0103,0,30,110,Critical,Pending,2026-08-31
REO005127,O0282,I0094,6,15,80,High,Ordered,2026-08-31
REO005128,O0258,I0087,7,17,57,High,Received,2026-08-31
REO005129,O0122,I0049,25,28,24,Medium,Ordered,2026-08-31
REO005130,O0407,I0140,3,34,124,High,Ordered,2026-08-31
REO005131,O0165,I0064,36,37,61,Medium,Ordered,2026-08-31
REO005132,O0083,I0032,7,15,56,High,Received,2026-08-31
REO005133,O0181,I0069,14,24,46,Medium,Ordered,2026-08-31
REO005134,O0284,I0093,3,19,59,High,Approved,2026-08-31
REO005135,O0029,I0010,15,21,72,Medium,Ordered,2026-08-31
REO005136,O0050,I0022,5,33,83,High,Pending,2026-08-31
REO005137,O0158,I0058,2,26,91,High,Approved,2026-08-31
REO005138,O0499,I0138,0,23,44,Critical,Ordered,2026-08-31
REO005139,O0170,I0064,10,36,118,High,Pending,2026-08-31
REO005140,O0279,I0086,19,19,70,Medium,Received,2026-08-31
REO005141,O0493,I0139,1,24,102,High,Ordered,2026-08-31
REO005142,O0194,I0066,13,33,76,High,Pending,2026-08-31
REO005143,O0002,I0171,18,29,29,Medium,Approved,2026-08-31
REO005144,O0384,I0131,1,19,52,High,Ordered,2026-08-31
REO005145,O0320,I0106,16,23,27,Medium,Received,2026-08-31
REO005146,O0296,I0099,7,29,60,High,Pending,2026-08-31
REO005147,O0174,I0063,7,31,66,High,Pending,2026-08-31
REO005148,O0175,I0065,10,16,30,Medium,Pending,2026-08-31
REO005149,O0088,I0035,20,23,88,Medium,Pending,2026-08-31
REO005150,O0478,I0101,6,28,82,High,Received,2026-08-31
REO005151,O0105,I0038,20,30,45,Medium,Approved,2026-08-31
REO005152,O0294,I0095,28,30,84,Medium,Pending,2026-08-31
REO005153,O0325,I0109,0,21,92,Critical,Approved,2026-08-31
REO005154,O0024,I0010,12,22,62,Medium,Pending,2026-08-31
REO005155,O0134,I0057,13,34,109,High,Pending,2026-08-31
REO005156,O0196,I0070,8,14,96,Medium,Pending,2026-08-31
REO005157,O0196,I0070,8,14,96,Medium,Approved,2026-08-31
REO005158,O0216,I0075,13,13,35,Medium,Pending,2026-08-31
REO005159,O0494,I0140,3,38,97,High,Ordered,2026-08-31
REO005160,O0450,I0075,15,39,40,High,Pending,2026-08-31
REO005161,O0104,I0041,6,22,73,High,Received,2026-08-31
REO005162,O0200,I0070,0,22,46,Critical,Approved,2026-08-31
REO005163,O0078,I0017,8,19,43,High,Pending,2026-08-31
REO005164,O0193,I0276,19,37,53,Medium,Received,2026-08-31
REO005165,O0251,I0091,2,23,100,High,Approved,2026-08-31
REO005166,O0122,I0052,14,23,106,Medium,Ordered,2026-08-31
REO005167,O0297,I0097,5,23,76,High,Approved,2026-08-31
REO005168,O0447,I0072,8,21,55,High,Pending,2026-08-31
REO005169,O0022,I0011,3,16,77,High,Ordered,2026-08-31
REO005170,O0074,I0017,9,29,67,High,Pending,2026-08-31
REO005171,O0497,I0139,20,25,69,Medium,Ordered,2026-08-31
REO005172,O0196,I0273,12,31,105,High,Ordered,2026-08-31
REO005173,O0004,I0164,13,30,76,High,Received,2026-08-31
REO005174,O0037,I0198,1,17,77,High,Approved,2026-08-31
REO005175,O0161,I0058,18,23,62,Medium,Pending,2026-08-31
REO005176,O0327,I0109,23,30,54,Medium,Pending,2026-08-31
REO005177,O0274,I0086,6,32,122,High,Approved,2026-08-31
REO005178,O0165,I0061,13,27,50,High,Approved,2026-08-31
REO005179,O0071,I0017,9,34,84,High,Approved,2026-08-31
REO005180,O0433,I0055,21,24,66,Medium,Approved,2026-08-31
REO005181,O0053,I0020,13,28,46,High,Pending,2026-08-31
REO005182,O0184,I0263,10,17,86,Medium,Pending,2026-08-31
REO005183,O0065,I0028,6,29,77,High,Ordered,2026-08-31
REO005184,O0208,I0073,8,22,63,High,Ordered,2026-08-31
REO005185,O0162,I0061,4,31,107,High,Pending,2026-08-31
REO005186,O0326,I0112,29,33,23,Medium,Pending,2026-08-31
REO005187,O0020,I0195,13,14,33,Medium,Pending,2026-08-31
REO005188,O0430,I0032,18,19,35,Medium,Approved,2026-08-31
REO005189,O0223,I0078,4,34,104,High,Approved,2026-08-31
REO005190,O0469,I0018,16,29,70,Medium,Received,2026-08-31
REO005191,O0347,I0115,16,22,57,Medium,Ordered,2026-08-31
REO005192,O0291,I0093,9,15,62,Medium,Received,2026-08-31
REO005193,O0142,I0064,5,18,95,High,Approved,2026-08-31
REO005194,O0003,I0008,8,24,82,High,Pending,2026-08-31
REO005195,O0422,I0037,1,24,107,High,Pending,2026-08-31
REO005196,O0128,I0050,12,17,91,Medium,Approved,2026-08-31
REO005197,O0062,I0030,5,17,75,High,Ordered,2026-08-31
REO005198,O0015,I0196,6,15,66,High,Approved,2026-08-31
REO005199,O0001,I0190,18,24,59,Medium,Pending,2026-08-31
REO005200,O0314,I0108,23,27,92,Medium,Approved,2026-08-31
REO005201,O0199,I0269,13,28,81,High,Received,2026-08-31
REO005202,O0132,I0054,10,33,97,High,Ordered,2026-08-31
REO005203,O0044,I0025,4,30,116,High,Pending,2026-08-31
REO005204,O0404,I0141,18,23,61,Medium,Ordered,2026-08-31
REO005205,O0087,I0037,10,17,76,Medium,Ordered,2026-08-31
REO005206,O0340,I0111,3,35,93,High,Ordered,2026-08-31
REO005207,O0380,I0129,13,21,101,Medium,Approved,2026-08-31
REO005208,O0146,I0063,14,19,34,Medium,Ordered,2026-08-31
REO005209,O0411,I0021,0,22,69,Critical,Received,2026-08-31
REO005210,O0077,I0010,21,28,59,Medium,Pending,2026-08-31
REO005211,O0452,I0052,27,31,101,Medium,Ordered,2026-08-31
REO005212,O0279,I0086,19,19,70,Medium,Ordered,2026-08-31
REO005213,O0397,I0134,11,38,113,High,Approved,2026-08-31
REO005214,O0115,I0044,23,36,36,Medium,Ordered,2026-08-31
REO005215,O0206,I0074,17,19,47,Medium,Approved,2026-08-31
REO005216,O0036,I0194,30,34,28,Medium,Pending,2026-08-31
REO005217,O0274,I0086,6,32,122,High,Ordered,2026-08-31
REO005218,O0367,I0122,6,34,91,High,Pending,2026-08-31
REO005219,O0132,I0053,9,23,66,High,Approved,2026-08-31
REO005220,O0020,I0008,3,18,94,High,Approved,2026-08-31
REO005221,O0442,I0074,34,34,22,Medium,Pending,2026-08-31
REO005222,O0459,I0049,23,24,72,Medium,Approved,2026-08-31
REO005223,O0352,I0121,26,27,42,Medium,Received,2026-08-31
REO005224,O0390,I0131,13,30,94,High,Ordered,2026-08-31
REO005225,O0095,I0024,31,34,58,Medium,Pending,2026-08-31
REO005226,O0050,I0025,30,30,36,Medium,Pending,2026-08-31
REO005227,O0095,I0024,31,34,58,Medium,Ordered,2026-08-31
REO005228,O0194,I0269,0,21,106,Critical,Pending,2026-08-31
REO005229,O0254,I0092,4,20,103,High,Ordered,2026-08-31
REO005230,O0169,I0061,22,27,92,Medium,Pending,2026-08-31
REO005231,O0260,I0089,29,30,76,Medium,Ordered,2026-08-31
REO005232,O0385,I0132,16,28,50,Medium,Approved,2026-08-31
REO005233,O0074,I0015,1,31,81,High,Pending,2026-08-31
REO005234,O0325,I0109,0,21,92,Critical,Received,2026-08-31
REO005235,O0020,I0195,13,14,33,Medium,Ordered,2026-08-31
REO005236,O0296,I0098,12,24,59,Medium,Approved,2026-08-31
REO005237,O0174,I0062,25,36,68,Medium,Pending,2026-08-31
REO005238,O0483,I0021,5,35,115,High,Approved,2026-08-31
REO005239,O0363,I0123,11,25,104,High,Ordered,2026-08-31
REO005240,O0224,I0081,10,11,33,Medium,Received,2026-08-31
REO005241,O0013,I0167,13,31,80,High,Received,2026-08-31
REO005242,O0196,I0070,8,14,96,Medium,Received,2026-08-31
REO005243,O0200,I0268,16,25,34,Medium,Approved,2026-08-31
REO005244,O0190,I0264,0,30,108,Critical,Received,2026-08-31
REO005245,O0031,I0200,12,16,80,Medium,Ordered,2026-08-31
REO005246,O0031,I0162,23,25,90,Medium,Pending,2026-08-31
REO005247,O0333,I0110,9,25,94,High,Ordered,2026-08-31
REO005248,O0224,I0081,10,11,33,Medium,Ordered,2026-08-31
REO005249,O0002,I0192,26,32,103,Medium,Ordered,2026-08-31
REO005250,O0313,I0105,13,17,33,Medium,Received,2026-08-31
REO005251,O0188,I0068,10,22,44,High,Ordered,2026-08-31
REO005252,O0017,I0006,4,25,47,High,Ordered,2026-08-31
REO005253,O0376,I0126,3,10,89,High,Received,2026-08-31
REO005254,O0008,I0001,15,22,56,Medium,Approved,2026-08-31
REO005255,O0095,I0022,22,26,52,Medium,Ordered,2026-08-31
REO005256,O0282,I0094,6,15,80,High,Ordered,2026-08-31
REO005257,O0006,I0169,3,29,89,High,Approved,2026-08-31
REO005258,O0013,I0167,13,31,80,High,Received,2026-08-31
REO005259,O0053,I0024,3,31,120,High,Approved,2026-08-31
REO005260,O0193,I0275,12,18,101,Medium,Approved,2026-08-31
REO005261,O0487,I0018,20,34,48,Medium,Received,2026-08-31
REO005262,O0190,I0269,1,28,100,High,Approved,2026-08-31
REO005263,O0314,I0107,13,21,65,Medium,Approved,2026-08-31
REO005264,O0270,I0091,14,34,86,High,Received,2026-08-31
REO005265,O0435,I0053,11,27,80,High,Approved,2026-08-31
REO005266,O0006,I0009,12,28,45,High,Approved,2026-08-31
REO005267,O0113,I0045,32,36,75,Medium,Pending,2026-08-31
REO005268,O0163,I0063,2,23,99,High,Approved,2026-08-31
REO005269,O0200,I0070,0,22,46,Critical,Approved,2026-08-31
REO005270,O0229,I0079,2,29,62,High,Approved,2026-08-31
REO005271,O0301,I0098,9,16,54,Medium,Pending,2026-08-31
REO005272,O0197,I0273,22,29,38,Medium,Approved,2026-08-31
REO005273,O0380,I0128,1,13,61,High,Ordered,2026-08-31
REO005274,O0119,I0044,12,20,41,Medium,Pending,2026-08-31
REO005275,O0297,I0097,5,23,76,High,Pending,2026-08-31
REO005276,O0002,I0168,32,35,76,Medium,Approved,2026-08-31
REO005277,O0072,I0011,30,31,37,Medium,Ordered,2026-08-31
REO005278,O0415,I0023,23,26,20,Medium,Approved,2026-08-31
REO005279,O0404,I0138,1,20,54,High,Approved,2026-08-31
REO005280,O0258,I0089,3,37,74,High,Pending,2026-08-31
REO005281,O0400,I0136,28,32,37,Medium,Ordered,2026-08-31
REO005282,O0083,I0032,7,15,56,High,Pending,2026-08-31
REO005283,O0187,I0277,20,24,31,Medium,Approved,2026-08-31
REO005284,O0171,I0064,6,29,105,High,Ordered,2026-08-31
REO005285,O0168,I0059,8,27,60,High,Approved,2026-08-31
REO005286,O0190,I0274,18,21,68,Medium,Approved,2026-08-31
REO005287,O0407,I0140,3,34,124,High,Ordered,2026-08-31
REO005288,O0197,I0067,22,28,89,Medium,Ordered,2026-08-31
REO005289,O0175,I0060,6,12,92,Medium,Ordered,2026-08-31
REO005290,O0205,I0073,26,27,29,Medium,Received,2026-08-31
REO005291,O0142,I0058,2,16,49,High,Approved,2026-08-31
REO005292,O0296,I0098,12,24,59,Medium,Pending,2026-08-31
REO005293,O0091,I0018,14,28,65,Medium,Approved,2026-08-31
REO005294,O0346,I0114,16,26,42,Medium,Pending,2026-08-31
REO005295,O0270,I0091,14,34,86,High,Ordered,2026-08-31
REO005296,O0033,I0193,10,18,77,Medium,Ordered,2026-08-31
REO005297,O0405,I0142,5,32,75,High,Received,2026-08-31
REO005298,O0006,I0160,0,25,82,Critical,Approved,2026-08-31
REO005299,O0038,I0171,22,25,42,Medium,Ordered,2026-08-31
REO005300,O0062,I0030,5,17,75,High,Received,2026-08-31
REO005301,O0015,I0167,10,17,32,Medium,Received,2026-08-31
REO005302,O0340,I0111,3,35,93,High,Ordered,2026-08-31
REO005303,O0372,I0126,6,23,45,High,Approved,2026-08-31
REO005304,O0050,I0022,5,33,83,High,Ordered,2026-08-31
REO005305,O0442,I0072,17,32,90,Medium,Ordered,2026-08-31
REO005306,O0003,I0007,4,16,36,High,Ordered,2026-08-31
REO005307,O0173,I0064,0,10,57,Critical,Ordered,2026-08-31
REO005308,O0183,I0069,36,37,73,Medium,Ordered,2026-08-31
REO005309,O0262,I0086,18,33,96,Medium,Ordered,2026-08-31
REO005310,O0172,I0063,0,32,116,Critical,Ordered,2026-08-31
REO005311,O0017,I0003,23,27,28,Medium,Approved,2026-08-31
REO005312,O0478,I0101,6,28,82,High,Approved,2026-08-31
REO005313,O0284,I0099,23,32,96,Medium,Received,2026-08-31
REO005314,O0349,I0116,17,30,56,Medium,Pending,2026-08-31
REO005315,O0127,I0050,20,39,48,Medium,Approved,2026-08-31
REO005316,O0431,I0053,6,32,115,High,Ordered,2026-08-31
REO005317,O0188,I0071,21,25,58,Medium,Approved,2026-08-31
REO005318,O0175,I0065,10,16,30,Medium,Ordered,2026-08-31
REO005319,O0192,I0266,1,22,41,High,Approved,2026-08-31
REO005320,O0017,I0003,23,27,28,Medium,Ordered,2026-08-31
REO005321,O0397,I0134,11,38,113,High,Approved,2026-08-31
REO005322,O0197,I0066,10,26,80,High,Received,2026-08-31
REO005323,O0085,I0034,15,29,38,Medium,Pending,2026-08-31
REO005324,O0187,I0276,9,35,70,High,Approved,2026-08-31
REO005325,O0223,I0078,4,34,104,High,Received,2026-08-31
REO005326,O0174,I0063,7,31,66,High,Pending,2026-08-31
REO005327,O0452,I0049,6,26,68,High,Pending,2026-08-31
REO005328,O0493,I0139,1,24,102,High,Ordered,2026-08-31
REO005329,O0486,I0021,3,29,76,High,Ordered,2026-08-31
REO005330,O0159,I0063,5,17,48,High,Ordered,2026-08-31
REO005331,O0416,I0019,8,32,79,High,Approved,2026-08-31
REO005332,O0384,I0130,21,31,51,Medium,Received,2026-08-31
REO005333,O0490,I0021,16,31,75,Medium,Ordered,2026-08-31
REO005334,O0093,I0025,0,26,98,Critical,Ordered,2026-08-31
REO005335,O0084,I0032,3,28,90,High,Pending,2026-08-31
REO005336,O0291,I0094,1,14,99,High,Received,2026-08-31
REO005337,O0193,I0265,15,19,73,Medium,Ordered,2026-08-31
REO005338,O0278,I0090,16,26,80,Medium,Approved,2026-08-31
REO005339,O0188,I0067,10,32,116,High,Approved,2026-08-31
REO005340,O0333,I0109,11,23,94,High,Received,2026-08-31
REO005341,O0006,I0009,12,28,45,High,Ordered,2026-08-31
REO005342,O0097,I0020,8,19,39,High,Ordered,2026-08-31
REO005343,O0291,I0093,9,15,62,Medium,Pending,2026-08-31
REO005344,O0073,I0010,11,24,34,High,Ordered,2026-08-31
REO005345,O0348,I0116,10,24,104,High,Approved,2026-08-31
REO005346,O0199,I0269,13,28,81,High,Ordered,2026-08-31
REO005347,O0346,I0115,15,17,33,Medium,Approved,2026-08-31
REO005348,O0353,I0120,11,21,92,Medium,Ordered,2026-08-31
REO005349,O0031,I0006,6,25,105,High,Ordered,2026-08-31
REO005350,O0440,I0054,4,20,90,High,Ordered,2026-08-31
REO005351,O0052,I0024,15,30,59,Medium,Pending,2026-08-31
REO005352,O0025,I0016,2,24,77,High,Received,2026-08-31
REO005353,O0308,I0098,6,12,55,Medium,Ordered,2026-08-31
REO005354,O0196,I0263,18,26,69,Medium,Approved,2026-08-31
REO005355,O0150,I0062,24,30,85,Medium,Received,2026-08-31
REO005356,O0450,I0075,15,39,40,High,Received,2026-08-31
REO005357,O0401,I0142,15,17,38,Medium,Ordered,2026-08-31
REO005358,O0157,I0065,1,15,91,High,Approved,2026-08-31
REO005359,O0158,I0064,19,24,39,Medium,Ordered,2026-08-31
REO005360,O0061,I0027,8,22,52,High,Ordered,2026-08-31
REO005361,O0040,I0190,8,22,41,High,Received,2026-08-31
REO005362,O0407,I0140,3,34,124,High,Approved,2026-08-31
REO005363,O0168,I0058,14,21,90,Medium,Received,2026-08-31
REO005364,O0136,I0055,12,31,56,High,Pending,2026-08-31
REO005365,O0024,I0010,12,22,62,Medium,Approved,2026-08-31
REO005366,O0292,I0098,9,31,60,High,Pending,2026-08-31
REO005367,O0296,I0095,13,22,47,Medium,Pending,2026-08-31
REO005368,O0037,I0006,16,22,54,Medium,Approved,2026-08-31
REO005369,O0017,I0005,13,26,75,Medium,Approved,2026-08-31
REO005370,O0002,I0168,32,35,76,Medium,Received,2026-08-31
REO005371,O0362,I0125,5,34,94,High,Pending,2026-08-31
REO005372,O0093,I0025,0,26,98,Critical,Received,2026-08-31
REO005373,O0440,I0057,0,15,98,Critical,Approved,2026-08-31
REO005374,O0177,I0064,14,32,101,High,Pending,2026-08-31
REO005375,O0150,I0064,7,25,106,High,Approved,2026-08-31
REO005376,O0265,I0087,2,31,50,High,Approved,2026-08-31
REO005377,O0443,I0072,1,19,88,High,Ordered,2026-08-31
REO005378,O0005,I0002,10,21,36,High,Ordered,2026-08-31
REO005379,O0257,I0089,18,35,76,Medium,Ordered,2026-08-31
REO005380,O0166,I0058,13,35,84,High,Pending,2026-08-31
REO005381,O0461,I0019,13,30,94,High,Ordered,2026-08-31
REO005382,O0006,I0160,0,25,82,Critical,Approved,2026-08-31
REO005383,O0419,I0024,10,27,46,High,Ordered,2026-08-31
REO005384,O0187,I0277,20,24,31,Medium,Approved,2026-08-31
REO005385,O0096,I0024,5,31,66,High,Ordered,2026-08-31
REO005386,O0046,I0022,7,24,58,High,Pending,2026-08-31
REO005387,O0114,I0046,30,30,75,Medium,Ordered,2026-08-31
REO005388,O0194,I0068,4,20,104,High,Approved,2026-08-31
REO005389,O0002,I0171,18,29,29,Medium,Pending,2026-08-31
REO005390,O0113,I0045,32,36,75,Medium,Approved,2026-08-31
REO005391,O0273,I0087,18,36,34,Medium,Received,2026-08-31
REO005392,O0052,I0024,15,30,59,Medium,Received,2026-08-31
REO005393,O0326,I0110,9,20,60,High,Ordered,2026-08-31
REO005394,O0058,I0019,17,25,97,Medium,Approved,2026-08-31
REO005395,O0221,I0081,7,13,75,Medium,Approved,2026-08-31
REO005396,O0008,I0006,20,21,58,Medium,Received,2026-08-31
REO005397,O0430,I0032,18,19,35,Medium,Received,2026-08-31
REO005398,O0080,I0012,4,31,101,High,Pending,2026-08-31
REO005399,O0154,I0060,27,38,44,Medium,Ordered,2026-08-31
REO005400,O0279,I0091,13,25,91,Medium,Ordered,2026-08-31
REO005401,O0044,I0022,12,21,42,Medium,Pending,2026-08-31
REO005402,O0372,I0126,6,23,45,High,Pending,2026-08-31
REO005403,O0008,I0006,20,21,58,Medium,Approved,2026-08-31
REO005404,O0174,I0062,25,36,68,Medium,Pending,2026-08-31
REO005405,O0011,I0192,3,15,71,High,Received,2026-08-31
REO005406,O0061,I0029,32,38,31,Medium,Ordered,2026-08-31
REO005407,O0059,I0023,20,35,78,Medium,Ordered,2026-08-31
REO005408,O0044,I0018,4,28,48,High,Received,2026-08-31
REO005409,O0022,I0011,3,16,77,High,Ordered,2026-08-31
REO005410,O0175,I0065,10,16,30,Medium,Approved,2026-08-31
REO005411,O0177,I0058,2,26,63,High,Received,2026-08-31
REO005412,O0346,I0114,16,26,42,Medium,Ordered,2026-08-31
REO005413,O0159,I0063,5,17,48,High,Ordered,2026-08-31
REO005414,O0150,I0064,7,25,106,High,Received,2026-08-31
REO005415,O0075,I0013,2,23,49,High,Approved,2026-08-31
REO005416,O0022,I0014,10,28,50,High,Approved,2026-08-31
REO005417,O0183,I0267,13,22,91,Medium,Pending,2026-08-31
REO005418,O0049,I0020,2,32,92,High,Approved,2026-08-31
REO005419,O0484,I0024,8,32,108,High,Ordered,2026-08-31
REO005420,O0109,I0042,5,15,99,High,Pending,2026-08-31
REO005421,O0177,I0058,2,26,63,High,Approved,2026-08-31
REO005422,O0022,I0011,3,16,77,High,Approved,2026-08-31
REO005423,O0044,I0022,12,21,42,Medium,Pending,2026-08-31
REO005424,O0499,I0138,0,23,44,Critical,Ordered,2026-08-31
REO005425,O0279,I0086,19,19,70,Medium,Ordered,2026-08-31
REO005426,O0447,I0076,8,26,87,High,Approved,2026-08-31
REO005427,O0079,I0013,14,15,47,Medium,Pending,2026-08-31
REO005428,O0320,I0106,16,23,27,Medium,Pending,2026-08-31
REO005429,O0130,I0049,20,33,30,Medium,Ordered,2026-08-31
REO005430,O0008,I0001,15,22,56,Medium,Received,2026-08-31
REO005431,O0039,I0163,0,16,111,Critical,Pending,2026-08-31
REO005432,O0278,I0087,20,36,77,Medium,Ordered,2026-08-31
REO005433,O0031,I0162,23,25,90,Medium,Received,2026-08-31
REO005434,O0329,I0112,30,32,36,Medium,Ordered,2026-08-31
REO005435,O0308,I0095,24,37,75,Medium,Ordered,2026-08-31
REO005436,O0107,I0040,0,19,90,Critical,Pending,2026-08-31
REO005437,O0463,I0024,7,31,77,High,Pending,2026-08-31
REO005438,O0194,I0068,4,20,104,High,Approved,2026-08-31
REO005439,O0376,I0128,10,17,89,Medium,Pending,2026-08-31
REO005440,O0364,I0122,16,29,64,Medium,Ordered,2026-08-31
REO005441,O0109,I0041,9,23,72,High,Approved,2026-08-31
REO005442,O0453,I0050,32,33,22,Medium,Ordered,2026-08-31
REO005443,O0065,I0030,6,16,41,High,Ordered,2026-08-31
REO005444,O0296,I0098,12,24,59,Medium,Received,2026-08-31
REO005445,O0314,I0106,18,23,89,Medium,Ordered,2026-08-31
REO005446,O0271,I0086,1,27,66,High,Pending,2026-08-31
REO005447,O0187,I0276,9,35,70,High,Ordered,2026-08-31
REO005448,O0187,I0277,20,24,31,Medium,Pending,2026-08-31
REO005449,O0478,I0101,6,28,82,High,Ordered,2026-08-31
REO005450,O0440,I0057,0,15,98,Critical,Ordered,2026-08-31
REO005451,O0414,I0018,17,29,39,Medium,Received,2026-08-31
REO005452,O0017,I0009,5,28,42,High,Ordered,2026-08-31
REO005453,O0121,I0050,21,25,90,Medium,Pending,2026-08-31
REO005454,O0036,I0194,30,34,28,Medium,Received,2026-08-31
REO005455,O0418,I0020,13,28,72,High,Ordered,2026-08-31
REO005456,O0478,I0101,6,28,82,High,Ordered,2026-08-31
REO005457,O0299,I0094,14,17,32,Medium,Approved,2026-08-31
REO005458,O0189,I0270,17,24,49,Medium,Approved,2026-08-31
REO005459,O0163,I0064,19,24,67,Medium,Pending,2026-08-31
REO005460,O0008,I0168,17,17,58,Medium,Ordered,2026-08-31
REO005461,O0115,I0044,23,36,36,Medium,Received,2026-08-31
REO005462,O0265,I0087,2,31,50,High,Approved,2026-08-31
REO005463,O0193,I0276,19,37,53,Medium,Approved,2026-08-31
REO005464,O0061,I0026,11,25,70,High,Approved,2026-08-31
REO005465,O0191,I0263,7,33,63,High,Received,2026-08-31
REO005466,O0180,I0058,17,29,82,Medium,Approved,2026-08-31
REO005467,O0185,I0275,16,19,51,Medium,Pending,2026-08-31
REO005468,O0044,I0018,4,28,48,High,Received,2026-08-31
REO005469,O0262,I0086,18,33,96,Medium,Received,2026-08-31
REO005470,O0462,I0024,13,24,37,Medium,Pending,2026-08-31
REO005471,O0491,I0138,2,37,54,High,Approved,2026-08-31
REO005472,O0387,I0130,17,17,94,Medium,Received,2026-08-31
REO005473,O0225,I0077,1,11,96,High,Approved,2026-08-31
REO005474,O0037,I0169,29,32,44,Medium,Pending,2026-08-31
REO005475,O0004,I0167,6,22,55,High,Pending,2026-08-31
REO005476,O0063,I0027,5,20,95,High,Approved,2026-08-31
REO005477,O0096,I0025,23,28,83,Medium,Received,2026-08-31
REO005478,O0198,I0275,20,37,99,Medium,Pending,2026-08-31
REO005479,O0204,I0075,2,26,95,High,Ordered,2026-08-31
REO005480,O0416,I0020,8,23,110,High,Pending,2026-08-31
REO005481,O0246,I0084,15,34,103,High,Ordered,2026-08-31
REO005482,O0415,I0024,20,21,56,Medium,Pending,2026-08-31
REO005483,O0047,I0022,13,37,94,High,Pending,2026-08-31
REO005484,O0166,I0058,13,35,84,High,Pending,2026-08-31
REO005485,O0055,I0024,29,30,59,Medium,Received,2026-08-31
REO005486,O0132,I0054,10,33,97,High,Approved,2026-08-31
REO005487,O0187,I0275,4,20,88,High,Ordered,2026-08-31
REO005488,O0257,I0089,18,35,76,Medium,Pending,2026-08-31
REO005489,O0199,I0263,2,26,68,High,Received,2026-08-31
REO005490,O0002,I0168,32,35,76,Medium,Ordered,2026-08-31
REO005491,O0274,I0086,6,32,122,High,Received,2026-08-31
REO005492,O0189,I0067,0,30,110,Critical,Received,2026-08-31
REO005493,O0282,I0094,6,15,80,High,Ordered,2026-08-31
REO005494,O0197,I0273,22,29,38,Medium,Ordered,2026-08-31
REO005495,O0327,I0110,3,26,78,High,Received,2026-08-31
REO005496,O0181,I0069,14,24,46,Medium,Ordered,2026-08-31
REO005497,O0414,I0018,17,29,39,Medium,Ordered,2026-08-31
REO005498,O0194,I0066,13,33,76,High,Pending,2026-08-31
REO005499,O0074,I0011,10,32,59,High,Ordered,2026-08-31
REO005500,O0017,I0006,4,25,47,High,Ordered,2026-08-31
REO005501,O0035,I0193,27,34,98,Medium,Ordered,2026-08-31
REO005502,O0169,I0061,22,27,92,Medium,Ordered,2026-08-31
REO005503,O0492,I0142,3,10,91,High,Approved,2026-08-31
REO005504,O0128,I0050,12,17,91,Medium,Pending,2026-08-31
REO005505,O0483,I0022,32,32,28,Medium,Pending,2026-08-31
REO005506,O0232,I0079,4,8,103,Medium,Ordered,2026-08-31
REO005507,O0321,I0112,25,29,35,Medium,Pending,2026-08-31
REO005508,O0227,I0080,24,28,33,Medium,Ordered,2026-08-31
REO005509,O0498,I0142,18,21,80,Medium,Approved,2026-08-31
REO005510,O0092,I0020,11,16,86,Medium,Approved,2026-08-31
REO005511,O0192,I0069,1,33,70,High,Approved,2026-08-31
REO005512,O0322,I0113,7,32,109,High,Approved,2026-08-31
REO005513,O0181,I0275,6,24,94,High,Pending,2026-08-31
REO005514,O0080,I0012,4,31,101,High,Received,2026-08-31
REO005515,O0321,I0111,5,18,102,High,Ordered,2026-08-31
REO005516,O0444,I0075,24,25,36,Medium,Ordered,2026-08-31
REO005517,O0012,I0161,10,31,66,High,Ordered,2026-08-31
REO005518,O0467,I0023,3,18,92,High,Pending,2026-08-31
REO005519,O0049,I0023,14,19,34,Medium,Approved,2026-08-31
REO005520,O0174,I0058,0,27,50,Critical,Approved,2026-08-31
REO005521,O0018,I0197,8,23,37,High,Approved,2026-08-31
REO005522,O0121,I0050,21,25,90,Medium,Ordered,2026-08-31
REO005523,O0188,I0272,23,24,90,Medium,Pending,2026-08-31
REO005524,O0495,I0139,4,19,104,High,Pending,2026-08-31
REO005525,O0019,I0166,18,29,67,Medium,Ordered,2026-08-31
REO005526,O0012,I0007,6,34,107,High,Approved,2026-08-31
REO005527,O0001,I0193,1,9,100,High,Approved,2026-08-31
REO005528,O0192,I0266,1,22,41,High,Ordered,2026-08-31
REO005529,O0142,I0063,4,37,66,High,Approved,2026-08-31
REO005530,O0190,I0264,0,30,108,Critical,Received,2026-08-31
REO005531,O0485,I0018,20,25,27,Medium,Approved,2026-08-31
REO005532,O0190,I0263,23,24,62,Medium,Ordered,2026-08-31
REO005533,O0052,I0018,11,30,61,High,Ordered,2026-08-31
REO005534,O0417,I0019,19,19,28,Medium,Approved,2026-08-31
REO005535,O0477,I0101,18,31,75,Medium,Pending,2026-08-31
REO005536,O0095,I0021,19,22,84,Medium,Approved,2026-08-31
REO005537,O0071,I0017,9,34,84,High,Received,2026-08-31
REO005538,O0444,I0075,24,25,36,Medium,Pending,2026-08-31
REO005539,O0315,I0108,3,14,50,High,Approved,2026-08-31
REO005540,O0461,I0020,12,27,67,High,Approved,2026-08-31
REO005541,O0302,I0096,17,19,70,Medium,Pending,2026-08-31
REO005542,O0136,I0055,12,31,56,High,Ordered,2026-08-31
REO005543,O0033,I0007,19,32,63,Medium,Received,2026-08-31
REO005544,O0115,I0044,23,36,36,Medium,Ordered,2026-08-31
REO005545,O0092,I0020,11,16,86,Medium,Pending,2026-08-31
REO005546,O0373,I0129,13,23,92,Medium,Pending,2026-08-31
REO005547,O0181,I0069,14,24,46,Medium,Pending,2026-08-31
REO005548,O0056,I0021,31,35,31,Medium,Ordered,2026-08-31
REO005549,O0080,I0012,4,31,101,High,Pending,2026-08-31
REO005550,O0364,I0123,0,25,97,Critical,Pending,2026-08-31
REO005551,O0284,I0093,3,19,59,High,Approved,2026-08-31
REO005552,O0138,I0057,12,28,41,High,Pending,2026-08-31
REO005553,O0003,I0009,1,32,57,High,Ordered,2026-08-31
REO005554,O0109,I0042,5,15,99,High,Ordered,2026-08-31
REO005555,O0220,I0074,20,35,49,Medium,Pending,2026-08-31
REO005556,O0200,I0071,0,20,117,Critical,Approved,2026-08-31
REO005557,O0342,I0117,19,28,60,Medium,Approved,2026-08-31
REO005558,O0103,I0041,0,37,65,Critical,Pending,2026-08-31
REO005559,O0095,I0021,19,22,84,Medium,Pending,2026-08-31
REO005560,O0186,I0068,9,17,63,Medium,Ordered,2026-08-31
REO005561,O0168,I0059,8,27,60,High,Approved,2026-08-31
REO005562,O0440,I0057,0,15,98,Critical,Received,2026-08-31
REO005563,O0037,I0006,16,22,54,Medium,Pending,2026-08-31
REO005564,O0165,I0059,12,20,85,Medium,Pending,2026-08-31
REO005565,O0124,I0051,28,29,64,Medium,Ordered,2026-08-31
REO005566,O0407,I0140,3,34,124,High,Pending,2026-08-31
REO005567,O0315,I0108,3,14,50,High,Approved,2026-08-31
REO005568,O0193,I0265,15,19,73,Medium,Approved,2026-08-31
REO005569,O0082,I0035,14,22,70,Medium,Approved,2026-08-31
REO005570,O0187,I0069,20,23,75,Medium,Ordered,2026-08-31
REO005571,O0066,I0030,14,15,81,Medium,Approved,2026-08-31
REO005572,O0270,I0087,24,26,95,Medium,Pending,2026-08-31
REO005573,O0284,I0099,23,32,96,Medium,Ordered,2026-08-31
REO005574,O0122,I0049,25,28,24,Medium,Approved,2026-08-31
REO005575,O0074,I0011,10,32,59,High,Approved,2026-08-31
REO005576,O0006,I0162,3,22,40,High,Ordered,2026-08-31
REO005577,O0094,I0019,26,26,39,Medium,Approved,2026-08-31
REO005578,O0193,I0276,19,37,53,Medium,Pending,2026-08-31
REO005579,O0132,I0053,9,23,66,High,Ordered,2026-08-31
REO005580,O0040,I0172,33,33,51,Medium,Pending,2026-08-31
REO005581,O0313,I0105,13,17,33,Medium,Pending,2026-08-31
REO005582,O0193,I0265,15,19,73,Medium,Approved,2026-08-31
REO005583,O0162,I0064,13,15,64,Medium,Received,2026-08-31
REO005584,O0013,I0167,13,31,80,High,Pending,2026-08-31
REO005585,O0012,I0161,10,31,66,High,Ordered,2026-08-31
REO005586,O0175,I0065,10,16,30,Medium,Ordered,2026-08-31
REO005587,O0491,I0138,2,37,54,High,Ordered,2026-08-31
REO005588,O0278,I0087,20,36,77,Medium,Approved,2026-08-31
REO005589,O0055,I0025,24,25,99,Medium,Ordered,2026-08-31
REO005590,O0301,I0098,9,16,54,Medium,Pending,2026-08-31
REO005591,O0158,I0058,2,26,91,High,Approved,2026-08-31
REO005592,O0165,I0062,5,19,79,High,Pending,2026-08-31
REO005593,O0072,I0013,15,26,72,Medium,Received,2026-08-31
REO005594,O0037,I0169,29,32,44,Medium,Ordered,2026-08-31
REO005595,O0006,I0001,8,35,62,High,Ordered,2026-08-31
REO005596,O0053,I0025,25,29,32,Medium,Approved,2026-08-31
REO005597,O0246,I0083,5,12,90,High,Ordered,2026-08-31
REO005598,O0122,I0052,14,23,106,Medium,Ordered,2026-08-31
REO005599,O0122,I0049,25,28,24,Medium,Ordered,2026-08-31
REO005600,O0190,I0274,18,21,68,Medium,Pending,2026-08-31
REO005601,O0346,I0115,15,17,33,Medium,Received,2026-08-31
REO005602,O0165,I0059,12,20,85,Medium,Approved,2026-08-31
REO005603,O0373,I0128,4,13,42,High,Pending,2026-08-31
REO005604,O0468,I0020,8,27,66,High,Received,2026-08-31
REO005605,O0037,I0159,1,20,44,High,Pending,2026-08-31
REO005606,O0499,I0139,6,18,78,High,Approved,2026-08-31
REO005607,O0296,I0095,13,22,47,Medium,Received,2026-08-31
REO005608,O0142,I0064,5,18,95,High,Ordered,2026-08-31
REO005609,O0031,I0006,6,25,105,High,Pending,2026-08-31
REO005610,O0251,I0091,2,23,100,High,Pending,2026-08-31
REO005611,O0017,I0005,13,26,75,Medium,Ordered,2026-08-31
REO005612,O0304,I0097,9,12,79,Medium,Ordered,2026-08-31
REO005613,O0181,I0069,14,24,46,Medium,Ordered,2026-08-31
REO005614,O0302,I0095,10,39,104,High,Pending,2026-08-31
REO005615,O0301,I0096,5,19,48,High,Received,2026-08-31
REO005616,O0158,I0058,2,26,91,High,Ordered,2026-08-31
REO005617,O0170,I0064,10,36,118,High,Approved,2026-08-31
REO005618,O0193,I0265,15,19,73,Medium,Ordered,2026-08-31
REO005619,O0291,I0097,15,21,60,Medium,Received,2026-08-31
REO005620,O0387,I0130,17,17,94,Medium,Pending,2026-08-31
REO005621,O0474,I0103,0,30,110,Critical,Approved,2026-08-31
REO005622,O0298,I0094,21,21,67,Medium,Pending,2026-08-31
REO005623,O0302,I0095,10,39,104,High,Ordered,2026-08-31
REO005624,O0065,I0030,6,16,41,High,Approved,2026-08-31
REO005625,O0162,I0064,13,15,64,Medium,Ordered,2026-08-31
REO005626,O0397,I0134,11,38,113,High,Approved,2026-08-31
REO005627,O0009,I0161,16,30,47,Medium,Pending,2026-08-31
REO005628,O0277,I0089,9,33,101,High,Approved,2026-08-31
REO005629,O0304,I0095,23,31,35,Medium,Ordered,2026-08-31
REO005630,O0289,I0098,12,34,105,High,Received,2026-08-31
REO005631,O0264,I0087,14,28,76,Medium,Pending,2026-08-31
REO005632,O0232,I0079,4,8,103,Medium,Ordered,2026-08-31
REO005633,O0158,I0058,2,26,91,High,Approved,2026-08-31
REO005634,O0330,I0111,12,29,100,High,Pending,2026-08-31
REO005635,O0346,I0114,16,26,42,Medium,Received,2026-08-31
REO005636,O0324,I0110,5,23,49,High,Received,2026-08-31
REO005637,O0500,I0140,6,12,66,Medium,Ordered,2026-08-31
REO005638,O0194,I0066,13,33,76,High,Ordered,2026-08-31
REO005639,O0259,I0090,8,33,73,High,Ordered,2026-08-31
REO005640,O0197,I0263,11,31,114,High,Received,2026-08-31
REO005641,O0447,I0076,8,26,87,High,Pending,2026-08-31
REO005642,O0159,I0063,5,17,48,High,Approved,2026-08-31
REO005643,O0074,I0015,1,31,81,High,Ordered,2026-08-31
REO005644,O0308,I0098,6,12,55,Medium,Pending,2026-08-31
REO005645,O0044,I0022,12,21,42,Medium,Ordered,2026-08-31
REO005646,O0316,I0107,16,26,85,Medium,Pending,2026-08-31
REO005647,O0412,I0023,6,14,37,High,Approved,2026-08-31
REO005648,O0253,I0086,0,25,117,Critical,Approved,2026-08-31
REO005649,O0252,I0086,22,23,37,Medium,Approved,2026-08-31
REO005650,O0478,I0101,6,28,82,High,Approved,2026-08-31
REO005651,O0188,I0067,10,32,116,High,Received,2026-08-31
REO005652,O0190,I0274,18,21,68,Medium,Ordered,2026-08-31
REO005653,O0227,I0080,24,28,33,Medium,Approved,2026-08-31
REO005654,O0358,I0121,7,20,43,High,Received,2026-08-31
REO005655,O0103,I0040,6,28,91,High,Received,2026-08-31
REO005656,O0173,I0064,0,10,57,Critical,Ordered,2026-08-31
REO005657,O0329,I0112,30,32,36,Medium,Ordered,2026-08-31
REO005658,O0037,I0006,16,22,54,Medium,Ordered,2026-08-31
REO005659,O0348,I0116,10,24,104,High,Received,2026-08-31
REO005660,O0270,I0087,24,26,95,Medium,Pending,2026-08-31
REO005661,O0272,I0092,9,12,75,Medium,Pending,2026-08-31
REO005662,O0009,I0167,8,16,45,Medium,Pending,2026-08-31
REO005663,O0196,I0070,8,14,96,Medium,Ordered,2026-08-31
REO005664,O0230,I0078,18,29,65,Medium,Approved,2026-08-31
REO005665,O0124,I0050,14,25,71,Medium,Pending,2026-08-31
REO005666,O0143,I0059,4,21,43,High,Approved,2026-08-31
REO005667,O0206,I0074,17,19,47,Medium,Approved,2026-08-31
REO005668,O0096,I0024,5,31,66,High,Ordered,2026-08-31
REO005669,O0150,I0064,7,25,106,High,Ordered,2026-08-31
REO005670,O0393,I0134,15,17,79,Medium,Approved,2026-08-31
REO005671,O0291,I0097,15,21,60,Medium,Pending,2026-08-31
REO005672,O0169,I0060,10,14,55,Medium,Pending,2026-08-31
REO005673,O0481,I0020,23,33,76,Medium,Approved,2026-08-31
REO005674,O0414,I0024,1,13,83,High,Received,2026-08-31
REO005675,O0097,I0018,11,13,56,Medium,Received,2026-08-31
REO005676,O0493,I0139,1,24,102,High,Received,2026-08-31
REO005677,O0187,I0069,20,23,75,Medium,Ordered,2026-08-31
REO005678,O0416,I0020,8,23,110,High,Approved,2026-08-31
REO005679,O0444,I0074,15,32,58,High,Pending,2026-08-31
REO005680,O0299,I0093,4,16,89,High,Received,2026-08-31
REO005681,O0194,I0269,0,21,106,Critical,Ordered,2026-08-31
REO005682,O0174,I0062,25,36,68,Medium,Ordered,2026-08-31
REO005683,O0197,I0272,7,34,91,High,Approved,2026-08-31
REO005684,O0031,I0166,28,28,47,Medium,Approved,2026-08-31
REO005685,O0039,I0163,0,16,111,Critical,Pending,2026-08-31
REO005686,O0020,I0168,8,27,79,High,Pending,2026-08-31
REO005687,O0486,I0025,27,36,62,Medium,Ordered,2026-08-31
REO005688,O0200,I0268,16,25,34,Medium,Ordered,2026-08-31
REO005689,O0355,I0120,18,33,70,Medium,Approved,2026-08-31
REO005690,O0184,I0070,2,27,96,High,Ordered,2026-08-31
REO005691,O0164,I0062,19,27,60,Medium,Approved,2026-08-31
REO005692,O0376,I0127,20,24,48,Medium,Approved,2026-08-31
REO005693,O0411,I0021,0,22,69,Critical,Pending,2026-08-31
REO005694,O0197,I0067,22,28,89,Medium,Ordered,2026-08-31
REO005695,O0003,I0007,4,16,36,High,Received,2026-08-31
REO005696,O0453,I0050,32,33,22,Medium,Pending,2026-08-31
REO005697,O0353,I0120,11,21,92,Medium,Received,2026-08-31
REO005698,O0331,I0109,2,13,73,High,Approved,2026-08-31
REO005699,O0186,I0267,34,37,55,Medium,Received,2026-08-31
REO005700,O0050,I0018,8,10,48,Medium,Pending,2026-08-31
REO005701,O0050,I0025,30,30,36,Medium,Pending,2026-08-31
REO005702,O0480,I0100,12,32,79,High,Approved,2026-08-31
REO005703,O0061,I0029,32,38,31,Medium,Approved,2026-08-31
REO005704,O0024,I0010,12,22,62,Medium,Ordered,2026-08-31
REO005705,O0346,I0115,15,17,33,Medium,Received,2026-08-31
REO005706,O0009,I0002,13,14,28,Medium,Received,2026-08-31
REO005707,O0044,I0020,26,34,46,Medium,Pending,2026-08-31
REO005708,O0429,I0033,7,29,44,High,Ordered,2026-08-31
REO005709,O0418,I0022,35,36,86,Medium,Ordered,2026-08-31
REO005710,O0050,I0022,5,33,83,High,Ordered,2026-08-31
REO005711,O0002,I0167,5,26,84,High,Pending,2026-08-31
REO005712,O0272,I0092,9,12,75,Medium,Ordered,2026-08-31
REO005713,O0248,I0082,3,16,70,High,Ordered,2026-08-31
REO005714,O0493,I0139,1,24,102,High,Approved,2026-08-31
REO005715,O0017,I0003,23,27,28,Medium,Ordered,2026-08-31
REO005716,O0060,I0023,6,14,89,High,Ordered,2026-08-31
REO005717,O0271,I0087,2,27,75,High,Ordered,2026-08-31
REO005718,O0083,I0037,0,16,87,Critical,Ordered,2026-08-31
REO005719,O0002,I0200,13,25,31,Medium,Ordered,2026-08-31
REO005720,O0426,I0034,26,37,81,Medium,Pending,2026-08-31
REO005721,O0012,I0007,6,34,107,High,Pending,2026-08-31
REO005722,O0054,I0018,26,33,37,Medium,Pending,2026-08-31
REO005723,O0005,I0188,24,24,54,Medium,Received,2026-08-31
REO005724,O0493,I0139,1,24,102,High,Ordered,2026-08-31
REO005725,O0128,I0049,4,15,103,High,Approved,2026-08-31
REO005726,O0014,I0172,15,32,51,High,Ordered,2026-08-31
REO005727,O0080,I0012,4,31,101,High,Ordered,2026-08-31
REO005728,O0095,I0020,20,24,28,Medium,Received,2026-08-31
REO005729,O0451,I0050,10,15,40,Medium,Ordered,2026-08-31
REO005730,O0043,I0024,23,30,98,Medium,Ordered,2026-08-31
REO005731,O0347,I0115,16,22,57,Medium,Ordered,2026-08-31
REO005732,O0235,I0078,34,35,43,Medium,Approved,2026-08-31
REO005733,O0364,I0122,16,29,64,Medium,Ordered,2026-08-31
REO005734,O0003,I0165,16,31,47,Medium,Approved,2026-08-31
REO005735,O0291,I0094,1,14,99,High,Ordered,2026-08-31
REO005736,O0313,I0105,13,17,33,Medium,Approved,2026-08-31
REO005737,O0002,I0200,13,25,31,Medium,Approved,2026-08-31
REO005738,O0395,I0137,24,32,68,Medium,Received,2026-08-31
REO005739,O0342,I0117,19,28,60,Medium,Pending,2026-08-31
REO005740,O0114,I0048,9,27,83,High,Ordered,2026-08-31
REO005741,O0416,I0019,8,32,79,High,Pending,2026-08-31
REO005742,O0174,I0062,25,36,68,Medium,Approved,2026-08-31
REO005743,O0066,I0028,17,28,56,Medium,Approved,2026-08-31
REO005744,O0015,I0167,10,17,32,Medium,Ordered,2026-08-31
REO005745,O0033,I0164,10,26,66,High,Ordered,2026-08-31
REO005746,O0141,I0058,10,28,114,High,Received,2026-08-31
REO005747,O0412,I0023,6,14,37,High,Approved,2026-08-31
REO005748,O0263,I0090,10,35,93,High,Approved,2026-08-31
REO005749,O0062,I0029,7,29,93,High,Ordered,2026-08-31
REO005750,O0246,I0083,5,12,90,High,Pending,2026-08-31
REO005751,O0467,I0023,3,18,92,High,Pending,2026-08-31
REO005752,O0244,I0083,0,20,61,Critical,Ordered,2026-08-31
REO005753,O0165,I0062,5,19,79,High,Approved,2026-08-31
REO005754,O0074,I0011,10,32,59,High,Approved,2026-08-31
REO005755,O0017,I0009,5,28,42,High,Pending,2026-08-31
REO005756,O0469,I0018,16,29,70,Medium,Pending,2026-08-31
REO005757,O0304,I0099,17,19,48,Medium,Received,2026-08-31
REO005758,O0058,I0019,17,25,97,Medium,Ordered,2026-08-31
REO005759,O0260,I0089,29,30,76,Medium,Received,2026-08-31
REO005760,O0039,I0164,1,31,70,High,Approved,2026-08-31
REO005761,O0463,I0024,7,31,77,High,Ordered,2026-08-31
REO005762,O0387,I0130,17,17,94,Medium,Pending,2026-08-31
REO005763,O0052,I0018,11,30,61,High,Received,2026-08-31
REO005764,O0083,I0032,7,15,56,High,Pending,2026-08-31
REO005765,O0078,I0017,8,19,43,High,Ordered,2026-08-31
REO005766,O0259,I0090,8,33,73,High,Received,2026-08-31
REO005767,O0276,I0092,30,34,75,Medium,Ordered,2026-08-31
REO005768,O0044,I0025,4,30,116,High,Ordered,2026-08-31
REO005769,O0415,I0020,29,36,33,Medium,Approved,2026-08-31
REO005770,O0299,I0093,4,16,89,High,Received,2026-08-31
REO005771,O0265,I0091,7,27,92,High,Pending,2026-08-31
REO005772,O0291,I0093,9,15,62,Medium,Pending,2026-08-31
REO005773,O0270,I0088,11,22,35,Medium,Pending,2026-08-31
REO005774,O0192,I0271,19,35,79,Medium,Ordered,2026-08-31
REO005775,O0335,I0112,17,33,81,Medium,Approved,2026-08-31
REO005776,O0335,I0112,17,33,81,Medium,Approved,2026-08-31
REO005777,O0198,I0275,20,37,99,Medium,Approved,2026-08-31
REO005778,O0061,I0026,11,25,70,High,Received,2026-08-31
REO005779,O0121,I0050,21,25,90,Medium,Received,2026-08-31
REO005780,O0226,I0081,16,27,30,Medium,Ordered,2026-08-31
REO005781,O0104,I0042,2,27,62,High,Pending,2026-08-31
REO005782,O0308,I0095,24,37,75,Medium,Ordered,2026-08-31
REO005783,O0197,I0272,7,34,91,High,Approved,2026-08-31
REO005784,O0128,I0049,4,15,103,High,Received,2026-08-31
REO005785,O0308,I0098,6,12,55,Medium,Approved,2026-08-31
REO005786,O0089,I0036,3,17,37,High,Pending,2026-08-31
REO005787,O0415,I0024,20,21,56,Medium,Pending,2026-08-31
REO005788,O0076,I0010,15,16,92,Medium,Ordered,2026-08-31
REO005789,O0424,I0035,22,30,81,Medium,Approved,2026-08-31
REO005790,O0271,I0087,2,27,75,High,Ordered,2026-08-31
REO005791,O0331,I0109,2,13,73,High,Ordered,2026-08-31
REO005792,O0463,I0024,7,31,77,High,Approved,2026-08-31
REO005793,O0036,I0170,15,21,75,Medium,Pending,2026-08-31
REO005794,O0487,I0018,20,34,48,Medium,Ordered,2026-08-31
REO005795,O0247,I0085,1,26,114,High,Ordered,2026-08-31
REO005796,O0174,I0063,7,31,66,High,Pending,2026-08-31
REO005797,O0008,I0006,20,21,58,Medium,Ordered,2026-08-31
REO005798,O0327,I0110,3,26,78,High,Received,2026-08-31
REO005799,O0487,I0018,20,34,48,Medium,Ordered,2026-08-31
REO005800,O0260,I0089,29,30,76,Medium,Ordered,2026-08-31
REO005801,O0131,I0053,8,17,66,High,Ordered,2026-08-31
REO005802,O0431,I0053,6,32,115,High,Received,2026-08-31
REO005803,O0196,I0273,12,31,105,High,Pending,2026-08-31
REO005804,O0190,I0274,18,21,68,Medium,Pending,2026-08-31
REO005805,O0143,I0061,12,16,31,Medium,Received,2026-08-31
REO005806,O0006,I0160,0,25,82,Critical,Pending,2026-08-31
REO005807,O0220,I0073,7,15,43,High,Approved,2026-08-31
REO005808,O0346,I0114,16,26,42,Medium,Pending,2026-08-31
REO005809,O0494,I0140,3,38,97,High,Approved,2026-08-31
REO005810,O0393,I0134,15,17,79,Medium,Approved,2026-08-31
REO005811,O0220,I0074,20,35,49,Medium,Ordered,2026-08-31
REO005812,O0326,I0112,29,33,23,Medium,Approved,2026-08-31
REO005813,O0278,I0088,16,23,46,Medium,Approved,2026-08-31
REO005814,O0244,I0084,14,16,59,Medium,Ordered,2026-08-31
REO005815,O0040,I0158,19,29,59,Medium,Ordered,2026-08-31
REO005816,O0415,I0020,29,36,33,Medium,Ordered,2026-08-31
REO005817,O0063,I0027,5,20,95,High,Pending,2026-08-31
REO005818,O0138,I0057,12,28,41,High,Pending,2026-08-31
REO005819,O0405,I0142,5,32,75,High,Approved,2026-08-31
REO005820,O0144,I0060,10,21,42,High,Approved,2026-08-31
REO005821,O0433,I0055,21,24,66,Medium,Received,2026-08-31
REO005822,O0363,I0123,11,25,104,High,Pending,2026-08-31
REO005823,O0447,I0072,8,21,55,High,Ordered,2026-08-31
REO005824,O0015,I0196,6,15,66,High,Approved,2026-08-31
REO005825,O0500,I0138,17,30,38,Medium,Approved,2026-08-31
REO005826,O0451,I0050,10,15,40,Medium,Pending,2026-08-31
REO005827,O0083,I0032,7,15,56,High,Ordered,2026-08-31
REO005828,O0303,I0096,11,33,112,High,Ordered,2026-08-31
REO005829,O0469,I0020,5,17,42,High,Ordered,2026-08-31
REO005830,O0192,I0271,19,35,79,Medium,Approved,2026-08-31
REO005831,O0165,I0062,5,19,79,High,Approved,2026-08-31
REO005832,O0006,I0168,14,24,40,Medium,Ordered,2026-08-31
REO005833,O0024,I0010,12,22,62,Medium,Ordered,2026-08-31
REO005834,O0017,I0164,8,22,43,High,Ordered,2026-08-31
REO005835,O0224,I0081,10,11,33,Medium,Ordered,2026-08-31
REO005836,O0186,I0267,34,37,55,Medium,Ordered,2026-08-31
REO005837,O0020,I0168,8,27,79,High,Approved,2026-08-31
REO005838,O0480,I0100,12,32,79,High,Ordered,2026-08-31
REO005839,O0005,I0002,10,21,36,High,Approved,2026-08-31
REO005840,O0014,I0160,23,31,45,Medium,Pending,2026-08-31
REO005841,O0271,I0086,1,27,66,High,Pending,2026-08-31
REO005842,O0488,I0024,13,35,55,High,Ordered,2026-08-31
REO005843,O0407,I0142,3,31,73,High,Ordered,2026-08-31
REO005844,O0444,I0074,15,32,58,High,Ordered,2026-08-31
REO005845,O0141,I0058,10,28,114,High,Approved,2026-08-31
REO005846,O0309,I0096,6,28,65,High,Approved,2026-08-31
REO005847,O0074,I0011,10,32,59,High,Ordered,2026-08-31
REO005848,O0052,I0018,11,30,61,High,Ordered,2026-08-31
REO005849,O0020,I0170,13,27,35,High,Approved,2026-08-31
REO005850,O0174,I0063,7,31,66,High,Ordered,2026-08-31
REO005851,O0024,I0010,12,22,62,Medium,Pending,2026-08-31
REO005852,O0020,I0170,13,27,35,High,Pending,2026-08-31
REO005853,O0404,I0139,20,28,59,Medium,Received,2026-08-31
REO005854,O0418,I0022,35,36,86,Medium,Approved,2026-08-31
REO005855,O0199,I0263,2,26,68,High,Received,2026-08-31
REO005856,O0236,I0081,0,27,111,Critical,Pending,2026-08-31
REO005857,O0040,I0198,20,21,28,Medium,Ordered,2026-08-31
REO005858,O0001,I0193,1,9,100,High,Ordered,2026-08-31
REO005859,O0470,I0023,14,20,29,Medium,Pending,2026-08-31
REO005860,O0273,I0087,18,36,34,Medium,Pending,2026-08-31
REO005861,O0023,I0013,18,26,72,Medium,Pending,2026-08-31
REO005862,O0150,I0064,7,25,106,High,Ordered,2026-08-31
REO005863,O0187,I0272,22,33,58,Medium,Pending,2026-08-31
REO005864,O0301,I0094,20,20,53,Medium,Pending,2026-08-31
REO005865,O0033,I0007,19,32,63,Medium,Ordered,2026-08-31
REO005866,O0224,I0081,10,11,33,Medium,Pending,2026-08-31
REO005867,O0442,I0074,34,34,22,Medium,Approved,2026-08-31
REO005868,O0181,I0275,6,24,94,High,Pending,2026-08-31
REO005869,O0161,I0060,26,35,33,Medium,Pending,2026-08-31
REO005870,O0289,I0098,12,34,105,High,Approved,2026-08-31
REO005871,O0009,I0006,19,27,90,Medium,Ordered,2026-08-31
REO005872,O0260,I0089,29,30,76,Medium,Ordered,2026-08-31
REO005873,O0142,I0064,5,18,95,High,Approved,2026-08-31
REO005874,O0058,I0018,23,26,46,Medium,Pending,2026-08-31
REO005875,O0162,I0059,15,30,85,Medium,Approved,2026-08-31
REO005876,O0155,I0061,18,27,37,Medium,Received,2026-08-31
REO005877,O0165,I0060,9,25,50,High,Approved,2026-08-31
REO005878,O0018,I0197,8,23,37,High,Pending,2026-08-31
REO005879,O0020,I0168,8,27,79,High,Pending,2026-08-31
REO005880,O0011,I0192,3,15,71,High,Ordered,2026-08-31
REO005881,O0320,I0106,16,23,27,Medium,Ordered,2026-08-31
REO005882,O0380,I0129,13,21,101,Medium,Ordered,2026-08-31
REO005883,O0486,I0025,27,36,62,Medium,Ordered,2026-08-31
REO005884,O0197,I0273,22,29,38,Medium,Ordered,2026-08-31
REO005885,O0483,I0022,32,32,28,Medium,Ordered,2026-08-31
REO005886,O0255,I0089,3,13,68,High,Pending,2026-08-31
REO005887,O0418,I0024,19,28,75,Medium,Ordered,2026-08-31
REO005888,O0444,I0074,15,32,58,High,Approved,2026-08-31
REO005889,O0002,I0171,18,29,29,Medium,Approved,2026-08-31
REO005890,O0171,I0058,9,25,80,High,Ordered,2026-08-31
REO005891,O0199,I0269,13,28,81,High,Approved,2026-08-31
REO005892,O0006,I0168,14,24,40,Medium,Approved,2026-08-31
REO005893,O0003,I0009,1,32,57,High,Ordered,2026-08-31
REO005894,O0165,I0064,36,37,61,Medium,Ordered,2026-08-31
REO005895,O0193,I0265,15,19,73,Medium,Ordered,2026-08-31
REO005896,O0168,I0059,8,27,60,High,Received,2026-08-31
REO005897,O0044,I0025,4,30,116,High,Pending,2026-08-31
REO005898,O0313,I0105,13,17,33,Medium,Received,2026-08-31
REO005899,O0257,I0092,10,32,48,High,Ordered,2026-08-31
REO005900,O0005,I0006,3,23,110,High,Ordered,2026-08-31
REO005901,O0190,I0274,18,21,68,Medium,Received,2026-08-31
REO005902,O0197,I0066,10,26,80,High,Approved,2026-08-31
REO005903,O0002,I0192,26,32,103,Medium,Ordered,2026-08-31
REO005904,O0174,I0062,25,36,68,Medium,Approved,2026-08-31
REO005905,O0163,I0064,19,24,67,Medium,Pending,2026-08-31
REO005906,O0183,I0267,13,22,91,Medium,Received,2026-08-31
REO005907,O0486,I0025,27,36,62,Medium,Received,2026-08-31
REO005908,O0442,I0074,34,34,22,Medium,Received,2026-08-31
REO005909,O0254,I0092,4,20,103,High,Ordered,2026-08-31
REO005910,O0467,I0021,24,36,73,Medium,Received,2026-08-31
REO005911,O0014,I0172,15,32,51,High,Ordered,2026-08-31
REO005912,O0340,I0112,18,34,33,Medium,Received,2026-08-31
REO005913,O0479,I0100,10,34,106,High,Pending,2026-08-31
REO005914,O0132,I0054,10,33,97,High,Pending,2026-08-31
REO005915,O0014,I0172,15,32,51,High,Ordered,2026-08-31
REO005916,O0004,I0001,19,38,95,Medium,Approved,2026-08-31
REO005917,O0211,I0073,24,33,57,Medium,Approved,2026-08-31
REO005918,O0399,I0135,21,31,70,Medium,Approved,2026-08-31
REO005919,O0244,I0084,14,16,59,Medium,Pending,2026-08-31
REO005920,O0153,I0061,8,15,46,Medium,Ordered,2026-08-31
REO005921,O0177,I0059,7,28,80,High,Pending,2026-08-31
REO005922,O0208,I0072,20,28,53,Medium,Pending,2026-08-31
REO005923,O0172,I0063,0,32,116,Critical,Ordered,2026-08-31
REO005924,O0399,I0136,22,26,56,Medium,Pending,2026-08-31
REO005925,O0334,I0113,1,24,60,High,Pending,2026-08-31
REO005926,O0415,I0024,20,21,56,Medium,Pending,2026-08-31
REO005927,O0179,I0060,5,16,83,High,Approved,2026-08-31
REO005928,O0283,I0097,11,21,98,Medium,Approved,2026-08-31
REO005929,O0404,I0138,1,20,54,High,Received,2026-08-31
REO005930,O0106,I0039,9,11,86,Medium,Ordered,2026-08-31
REO005931,O0074,I0017,9,29,67,High,Ordered,2026-08-31
REO005932,O0495,I0139,4,19,104,High,Approved,2026-08-31
REO005933,O0143,I0063,18,18,88,Medium,Ordered,2026-08-31
REO005934,O0095,I0018,3,31,98,High,Ordered,2026-08-31
REO005935,O0132,I0053,9,23,66,High,Ordered,2026-08-31
REO005936,O0187,I0275,4,20,88,High,Ordered,2026-08-31
REO005937,O0155,I0065,0,19,84,Critical,Approved,2026-08-31
REO005938,O0038,I0193,2,32,90,High,Ordered,2026-08-31
REO005939,O0294,I0095,28,30,84,Medium,Ordered,2026-08-31
REO005940,O0169,I0061,22,27,92,Medium,Approved,2026-08-31
REO005941,O0181,I0275,6,24,94,High,Received,2026-08-31
REO005942,O0188,I0067,10,32,116,High,Ordered,2026-08-31
REO005943,O0312,I0108,36,37,35,Medium,Ordered,2026-08-31
REO005944,O0019,I0167,13,31,74,High,Ordered,2026-08-31
REO005945,O0301,I0098,9,16,54,Medium,Ordered,2026-08-31
REO005946,O0105,I0038,20,30,45,Medium,Pending,2026-08-31
REO005947,O0165,I0065,13,16,27,Medium,Ordered,2026-08-31
REO005948,O0020,I0008,3,18,94,High,Ordered,2026-08-31
REO005949,O0018,I0197,8,23,37,High,Ordered,2026-08-31
REO005950,O0010,I0158,1,26,96,High,Pending,2026-08-31
REO005951,O0390,I0131,13,30,94,High,Pending,2026-08-31
REO005952,O0153,I0065,6,25,85,High,Approved,2026-08-31
REO005953,O0461,I0019,13,30,94,High,Pending,2026-08-31
REO005954,O0404,I0138,1,20,54,High,Approved,2026-08-31
REO005955,O0418,I0020,13,28,72,High,Ordered,2026-08-31
REO005956,O0174,I0058,0,27,50,Critical,Received,2026-08-31
REO005957,O0186,I0068,9,17,63,Medium,Received,2026-08-31
REO005958,O0270,I0091,14,34,86,High,Approved,2026-08-31
REO005959,O0404,I0139,20,28,59,Medium,Received,2026-08-31
REO005960,O0326,I0110,9,20,60,High,Approved,2026-08-31
REO005961,O0142,I0064,5,18,95,High,Pending,2026-08-31
REO005962,O0401,I0142,15,17,38,Medium,Approved,2026-08-31
REO005963,O0412,I0025,18,22,42,Medium,Pending,2026-08-31
REO005964,O0055,I0019,17,25,45,Medium,Ordered,2026-08-31
REO005965,O0037,I0006,16,22,54,Medium,Approved,2026-08-31
REO005966,O0039,I0164,1,31,70,High,Pending,2026-08-31
REO005967,O0239,I0079,26,26,83,Medium,Approved,2026-08-31
REO005968,O0119,I0044,12,20,41,Medium,Received,2026-08-31
REO005969,O0191,I0268,26,31,99,Medium,Approved,2026-08-31
REO005970,O0104,I0042,2,27,62,High,Ordered,2026-08-31
REO005971,O0008,I0001,15,22,56,Medium,Ordered,2026-08-31
REO005972,O0004,I0167,6,22,55,High,Pending,2026-08-31
REO005973,O0021,I0017,27,36,46,Medium,Pending,2026-08-31
REO005974,O0006,I0160,0,25,82,Critical,Ordered,2026-08-31
REO005975,O0308,I0098,6,12,55,Medium,Pending,2026-08-31
REO005976,O0244,I0082,2,36,82,High,Approved,2026-08-31
REO005977,O0108,I0039,9,12,99,Medium,Pending,2026-08-31
REO005978,O0472,I0101,15,21,63,Medium,Pending,2026-08-31
REO005979,O0486,I0025,27,36,62,Medium,Received,2026-08-31
REO005980,O0309,I0096,6,28,65,High,Ordered,2026-08-31
REO005981,O0095,I0022,22,26,52,Medium,Pending,2026-08-31
REO005982,O0380,I0128,1,13,61,High,Pending,2026-08-31
REO005983,O0022,I0011,3,16,77,High,Ordered,2026-08-31
REO005984,O0199,I0277,17,21,30,Medium,Approved,2026-08-31
REO005985,O0165,I0062,5,19,79,High,Approved,2026-08-31
REO005986,O0411,I0021,0,22,69,Critical,Ordered,2026-08-31
REO005987,O0282,I0094,6,15,80,High,Received,2026-08-31
REO005988,O0444,I0075,24,25,36,Medium,Ordered,2026-08-31
REO005989,O0108,I0039,9,12,99,Medium,Ordered,2026-08-31
REO005990,O0265,I0091,7,27,92,High,Received,2026-08-31
REO005991,O0424,I0035,22,30,81,Medium,Ordered,2026-08-31
REO005992,O0095,I0024,31,34,58,Medium,Received,2026-08-31
REO005993,O0494,I0140,3,38,97,High,Approved,2026-08-31
REO005994,O0290,I0097,29,29,22,Medium,Ordered,2026-08-31
REO005995,O0031,I0162,23,25,90,Medium,Pending,2026-08-31
REO005996,O0165,I0060,9,25,50,High,Pending,2026-08-31
REO005997,O0004,I0001,19,38,95,Medium,Pending,2026-08-31
REO005998,O0003,I0003,3,29,52,High,Approved,2026-08-31
REO005999,O0038,I0161,3,30,89,High,Received,2026-08-31
REO006000,O0407,I0142,3,31,73,High,Pending,2026-08-31
REO006001,O0477,I0101,18,31,75,Medium,Approved,2026-08-31
REO006002,O0319,I0107,11,30,114,High,Ordered,2026-08-31
REO006003,O0006,I0001,8,35,62,High,Ordered,2026-08-31
REO006004,O0320,I0106,16,23,27,Medium,Ordered,2026-08-31
REO006005,O0248,I0082,3,16,70,High,Ordered,2026-08-31
REO006006,O0283,I0097,11,21,98,Medium,Pending,2026-08-31
REO006007,O0185,I0268,7,33,53,High,Ordered,2026-08-31
REO006008,O0422,I0037,1,24,107,High,Received,2026-08-31
REO006009,O0348,I0116,10,24,104,High,Approved,2026-08-31
REO006010,O0411,I0021,0,22,69,Critical,Ordered,2026-08-31
REO006011,O0009,I0161,16,30,47,Medium,Ordered,2026-08-31
REO006012,O0230,I0078,18,29,65,Medium,Approved,2026-08-31
REO006013,O0340,I0112,18,34,33,Medium,Approved,2026-08-31
REO006014,O0053,I0020,13,28,46,High,Pending,2026-08-31
REO006015,O0120,I0047,17,29,42,Medium,Approved,2026-08-31
REO006016,O0044,I0018,4,28,48,High,Approved,2026-08-31
REO006017,O0199,I0269,13,28,81,High,Received,2026-08-31
REO006018,O0244,I0084,14,16,59,Medium,Ordered,2026-08-31
REO006019,O0256,I0092,33,37,70,Medium,Received,2026-08-31
REO006020,O0455,I0052,18,21,81,Medium,Received,2026-08-31
REO006021,O0277,I0089,9,33,101,High,Pending,2026-08-31
REO006022,O0014,I0172,15,32,51,High,Approved,2026-08-31
REO006023,O0012,I0161,10,31,66,High,Ordered,2026-08-31
REO006024,O0197,I0272,7,34,91,High,Pending,2026-08-31
REO006025,O0380,I0129,13,21,101,Medium,Pending,2026-08-31
REO006026,O0172,I0058,11,30,110,High,Received,2026-08-31
REO006027,O0312,I0108,36,37,35,Medium,Pending,2026-08-31
REO006028,O0376,I0127,20,24,48,Medium,Received,2026-08-31
REO006029,O0333,I0109,11,23,94,High,Received,2026-08-31
REO006030,O0347,I0115,16,22,57,Medium,Ordered,2026-08-31
REO006031,O0440,I0054,4,20,90,High,Pending,2026-08-31
REO006032,O0044,I0018,4,28,48,High,Pending,2026-08-31
REO006033,O0257,I0092,10,32,48,High,Pending,2026-08-31
REO006034,O0121,I0050,21,25,90,Medium,Pending,2026-08-31
REO006035,O0225,I0077,1,11,96,High,Ordered,2026-08-31
REO006036,O0375,I0126,2,16,39,High,Received,2026-08-31
REO006037,O0008,I0006,20,21,58,Medium,Received,2026-08-31
REO006038,O0364,I0123,0,25,97,Critical,Approved,2026-08-31
REO006039,O0284,I0093,3,19,59,High,Ordered,2026-08-31
REO006040,O0155,I0058,13,25,92,Medium,Pending,2026-08-31
REO006041,O0283,I0094,1,34,119,High,Ordered,2026-08-31
REO006042,O0071,I0017,9,34,84,High,Ordered,2026-08-31
REO006043,O0071,I0017,9,34,84,High,Approved,2026-08-31
REO006044,O0325,I0109,0,21,92,Critical,Pending,2026-08-31
REO006045,O0161,I0058,18,23,62,Medium,Ordered,2026-08-31
REO006046,O0021,I0017,27,36,46,Medium,Pending,2026-08-31
REO006047,O0033,I0164,10,26,66,High,Pending,2026-08-31
REO006048,O0097,I0020,8,19,39,High,Pending,2026-08-31
REO006049,O0045,I0019,14,29,64,High,Ordered,2026-08-31
REO006050,O0417,I0018,8,15,58,Medium,Ordered,2026-08-31
REO006051,O0197,I0066,10,26,80,High,Pending,2026-08-31
REO006052,O0020,I0170,13,27,35,High,Pending,2026-08-31
REO006053,O0034,I0006,19,26,74,Medium,Received,2026-08-31
REO006054,O0065,I0028,6,29,77,High,Approved,2026-08-31
REO006055,O0138,I0057,12,28,41,High,Pending,2026-08-31
REO006056,O0066,I0030,14,15,81,Medium,Received,2026-08-31
REO006057,O0210,I0072,0,29,60,Critical,Pending,2026-08-31
REO006058,O0258,I0089,3,37,74,High,Approved,2026-08-31
REO006059,O0121,I0050,21,25,90,Medium,Pending,2026-08-31
REO006060,O0299,I0093,4,16,89,High,Ordered,2026-08-31
REO006061,O0008,I0193,21,21,43,Medium,Pending,2026-08-31
REO006062,O0164,I0061,13,14,38,Medium,Received,2026-08-31
REO006063,O0166,I0058,13,35,84,High,Received,2026-08-31
REO006064,O0002,I0171,18,29,29,Medium,Pending,2026-08-31
REO006065,O0157,I0060,21,29,38,Medium,Approved,2026-08-31
REO006066,O0041,I0024,16,31,77,Medium,Approved,2026-08-31
REO006067,O0031,I0160,4,13,42,High,Approved,2026-08-31
REO006068,O0436,I0053,0,14,92,Critical,Ordered,2026-08-31
REO006069,O0196,I0273,12,31,105,High,Approved,2026-08-31
REO006070,O0449,I0076,3,18,56,High,Received,2026-08-31
REO006071,O0479,I0100,10,34,106,High,Received,2026-08-31
REO006072,O0195,I0265,4,31,50,High,Approved,2026-08-31
REO006073,O0114,I0048,9,27,83,High,Received,2026-08-31
REO006074,O0022,I0011,3,16,77,High,Pending,2026-08-31
REO006075,O0256,I0088,19,26,103,Medium,Pending,2026-08-31
REO006076,O0024,I0010,12,22,62,Medium,Ordered,2026-08-31
REO006077,O0399,I0136,22,26,56,Medium,Pending,2026-08-31
REO006078,O0022,I0011,3,16,77,High,Approved,2026-08-31
REO006079,O0367,I0122,6,34,91,High,Approved,2026-08-31
REO006080,O0270,I0092,22,30,54,Medium,Pending,2026-08-31
REO006081,O0252,I0086,22,23,37,Medium,Ordered,2026-08-31
REO006082,O0234,I0081,7,23,82,High,Pending,2026-08-31
REO006083,O0016,I0165,23,32,79,Medium,Pending,2026-08-31
REO006084,O0066,I0027,13,22,59,Medium,Approved,2026-08-31
REO006085,O0087,I0037,10,17,76,Medium,Received,2026-08-31
REO006086,O0188,I0071,21,25,58,Medium,Pending,2026-08-31
REO006087,O0092,I0020,11,16,86,Medium,Ordered,2026-08-31
REO006088,O0374,I0126,8,26,63,High,Pending,2026-08-31
REO006089,O0404,I0139,20,28,59,Medium,Approved,2026-08-31
REO006090,O0395,I0137,24,32,68,Medium,Ordered,2026-08-31
REO006091,O0003,I0003,3,29,52,High,Ordered,2026-08-31
REO006092,O0120,I0047,17,29,42,Medium,Ordered,2026-08-31
REO006093,O0467,I0025,24,27,42,Medium,Pending,2026-08-31
REO006094,O0192,I0273,3,28,85,High,Ordered,2026-08-31
REO006095,O0316,I0107,16,26,85,Medium,Received,2026-08-31
REO006096,O0095,I0020,20,24,28,Medium,Pending,2026-08-31
REO006097,O0494,I0140,3,38,97,High,Approved,2026-08-31
REO006098,O0096,I0025,23,28,83,Medium,Received,2026-08-31
REO006099,O0442,I0074,34,34,22,Medium,Received,2026-08-31
REO006100,O0006,I0169,3,29,89,High,Ordered,2026-08-31
REO006101,O0033,I0007,19,32,63,Medium,Ordered,2026-08-31
REO006102,O0431,I0053,6,32,115,High,Pending,2026-08-31
REO006103,O0086,I0034,12,31,68,High,Approved,2026-08-31
REO006104,O0388,I0130,27,29,59,Medium,Approved,2026-08-31
REO006105,O0313,I0105,13,17,33,Medium,Approved,2026-08-31
REO006106,O0353,I0120,11,21,92,Medium,Ordered,2026-08-31
REO006107,O0017,I0003,23,27,28,Medium,Approved,2026-08-31
REO006108,O0444,I0074,15,32,58,High,Received,2026-08-31
REO006109,O0107,I0040,0,19,90,Critical,Pending,2026-08-31
REO006110,O0174,I0063,7,31,66,High,Approved,2026-08-31
REO006111,O0079,I0013,14,15,47,Medium,Approved,2026-08-31
REO006112,O0079,I0013,14,15,47,Medium,Received,2026-08-31
REO006113,O0346,I0114,16,26,42,Medium,Ordered,2026-08-31
REO006114,O0309,I0095,14,30,107,High,Ordered,2026-08-31
REO006115,O0273,I0087,18,36,34,Medium,Pending,2026-08-31
REO006116,O0290,I0097,29,29,22,Medium,Pending,2026-08-31
REO006117,O0153,I0065,6,25,85,High,Ordered,2026-08-31
REO006118,O0376,I0128,10,17,89,Medium,Pending,2026-08-31
REO006119,O0049,I0023,14,19,34,Medium,Ordered,2026-08-31
REO006120,O0019,I0166,18,29,67,Medium,Pending,2026-08-31
REO006121,O0493,I0139,1,24,102,High,Pending,2026-08-31
REO006122,O0127,I0050,20,39,48,Medium,Ordered,2026-08-31
REO006123,O0365,I0122,18,25,57,Medium,Approved,2026-08-31
REO006124,O0258,I0089,3,37,74,High,Ordered,2026-08-31
REO006125,O0270,I0091,14,34,86,High,Pending,2026-08-31
REO006126,O0278,I0087,20,36,77,Medium,Pending,2026-08-31
REO006127,O0038,I0193,2,32,90,High,Ordered,2026-08-31
REO006128,O0416,I0019,8,32,79,High,Pending,2026-08-31
REO006129,O0353,I0119,28,36,98,Medium,Ordered,2026-08-31
REO006130,O0307,I0094,13,20,81,Medium,Approved,2026-08-31
REO006131,O0002,I0167,5,26,84,High,Approved,2026-08-31
REO006132,O0380,I0129,13,21,101,Medium,Approved,2026-08-31
REO006133,O0232,I0079,4,8,103,Medium,Approved,2026-08-31
REO006134,O0037,I0198,1,17,77,High,Ordered,2026-08-31
REO006135,O0142,I0064,5,18,95,High,Ordered,2026-08-31
REO006136,O0031,I0162,23,25,90,Medium,Pending,2026-08-31
REO006137,O0265,I0087,2,31,50,High,Pending,2026-08-31
REO006138,O0273,I0087,18,36,34,Medium,Ordered,2026-08-31
REO006139,O0451,I0050,10,15,40,Medium,Ordered,2026-08-31
REO006140,O0467,I0021,24,36,73,Medium,Ordered,2026-08-31
REO006141,O0295,I0095,30,33,52,Medium,Approved,2026-08-31
REO006142,O0007,I0170,5,16,50,High,Ordered,2026-08-31
REO006143,O0384,I0132,3,19,75,High,Approved,2026-08-31
REO006144,O0149,I0062,9,31,87,High,Ordered,2026-08-31
REO006145,O0163,I0063,2,23,99,High,Pending,2026-08-31
REO006146,O0039,I0164,1,31,70,High,Received,2026-08-31
REO006147,O0157,I0065,1,15,91,High,Ordered,2026-08-31
REO006148,O0031,I0162,23,25,90,Medium,Approved,2026-08-31
REO006149,O0409,I0139,32,32,55,Medium,Approved,2026-08-31
REO006150,O0050,I0022,5,33,83,High,Received,2026-08-31
REO006151,O0331,I0109,2,13,73,High,Ordered,2026-08-31
REO006152,O0017,I0003,23,27,28,Medium,Approved,2026-08-31
REO006153,O0194,I0066,13,33,76,High,Pending,2026-08-31
REO006154,O0220,I0073,7,15,43,High,Approved,2026-08-31
REO006155,O0273,I0087,18,36,34,Medium,Approved,2026-08-31
REO006156,O0150,I0064,7,25,106,High,Pending,2026-08-31
REO006157,O0035,I0197,10,35,84,High,Pending,2026-08-31
REO006158,O0373,I0128,4,13,42,High,Ordered,2026-08-31
REO006159,O0195,I0265,4,31,50,High,Ordered,2026-08-31
REO006160,O0220,I0073,7,15,43,High,Ordered,2026-08-31
REO006161,O0122,I0049,25,28,24,Medium,Received,2026-08-31
REO006162,O0017,I0164,8,22,43,High,Approved,2026-08-31
REO006163,O0105,I0038,20,30,45,Medium,Approved,2026-08-31
REO006164,O0487,I0018,20,34,48,Medium,Ordered,2026-08-31
REO006165,O0153,I0060,16,25,59,Medium,Pending,2026-08-31
REO006166,O0470,I0019,15,32,92,High,Pending,2026-08-31
REO006167,O0008,I0006,20,21,58,Medium,Approved,2026-08-31
REO006168,O0205,I0073,26,27,29,Medium,Approved,2026-08-31
REO006169,O0440,I0054,4,20,90,High,Pending,2026-08-31
REO006170,O0197,I0067,22,28,89,Medium,Ordered,2026-08-31
REO006171,O0413,I0018,22,32,37,Medium,Approved,2026-08-31
REO006172,O0390,I0131,13,30,94,High,Received,2026-08-31
REO006173,O0165,I0060,9,25,50,High,Pending,2026-08-31
REO006174,O0061,I0026,11,25,70,High,Approved,2026-08-31
REO006175,O0440,I0054,4,20,90,High,Approved,2026-08-31
REO006176,O0417,I0025,4,28,49,High,Approved,2026-08-31
REO006177,O0263,I0091,4,12,99,High,Pending,2026-08-31
REO006178,O0362,I0125,5,34,94,High,Pending,2026-08-31
REO006179,O0415,I0022,23,29,52,Medium,Ordered,2026-08-31
REO006180,O0008,I0001,15,22,56,Medium,Approved,2026-08-31
REO006181,O0184,I0263,10,17,86,Medium,Ordered,2026-08-31
REO006182,O0477,I0101,18,31,75,Medium,Ordered,2026-08-31
REO006183,O0301,I0094,20,20,53,Medium,Pending,2026-08-31
REO006184,O0422,I0037,1,24,107,High,Pending,2026-08-31
REO006185,O0417,I0019,19,19,28,Medium,Received,2026-08-31
REO006186,O0155,I0058,13,25,92,Medium,Pending,2026-08-31
REO006187,O0020,I0168,8,27,79,High,Received,2026-08-31
REO006188,O0044,I0020,26,34,46,Medium,Pending,2026-08-31
REO006189,O0063,I0027,5,20,95,High,Approved,2026-08-31
REO006190,O0304,I0099,17,19,48,Medium,Ordered,2026-08-31
REO006191,O0380,I0129,13,21,101,Medium,Approved,2026-08-31
REO006192,O0114,I0048,9,27,83,High,Pending,2026-08-31
REO006193,O0494,I0140,3,38,97,High,Approved,2026-08-31
REO006194,O0197,I0066,10,26,80,High,Pending,2026-08-31
REO006195,O0304,I0095,23,31,35,Medium,Pending,2026-08-31
REO006196,O0422,I0034,15,20,33,Medium,Pending,2026-08-31
REO006197,O0218,I0074,14,31,110,High,Approved,2026-08-31
REO006198,O0192,I0266,1,22,41,High,Ordered,2026-08-31
REO006199,O0097,I0020,8,19,39,High,Approved,2026-08-31
REO006200,O0453,I0050,32,33,22,Medium,Received,2026-08-31
REO006201,O0362,I0125,5,34,94,High,Pending,2026-08-31
REO006202,O0128,I0049,4,15,103,High,Pending,2026-08-31
REO006203,O0182,I0266,27,36,71,Medium,Ordered,2026-08-31
REO006204,O0299,I0093,4,16,89,High,Pending,2026-08-31
REO006205,O0307,I0094,13,20,81,Medium,Ordered,2026-08-31
REO006206,O0210,I0072,0,29,60,Critical,Ordered,2026-08-31
REO006207,O0401,I0142,15,17,38,Medium,Ordered,2026-08-31
REO006208,O0153,I0065,6,25,85,High,Received,2026-08-31
REO006209,O0118,I0047,12,16,38,Medium,Pending,2026-08-31
REO006210,O0095,I0018,3,31,98,High,Approved,2026-08-31
REO006211,O0169,I0060,10,14,55,Medium,Approved,2026-08-31
REO006212,O0091,I0021,13,19,51,Medium,Received,2026-08-31
REO006213,O0120,I0047,17,29,42,Medium,Received,2026-08-31
REO006214,O0071,I0017,9,34,84,High,Ordered,2026-08-31
REO006215,O0452,I0052,27,31,101,Medium,Approved,2026-08-31
REO006216,O0053,I0020,13,28,46,High,Approved,2026-08-31
REO006217,O0425,I0035,11,21,97,Medium,Pending,2026-08-31
REO006218,O0155,I0061,18,27,37,Medium,Approved,2026-08-31
REO006219,O0326,I0110,9,20,60,High,Pending,2026-08-31
REO006220,O0194,I0277,23,28,52,Medium,Received,2026-08-31
REO006221,O0165,I0062,5,19,79,High,Ordered,2026-08-31
REO006222,O0177,I0058,2,26,63,High,Ordered,2026-08-31
REO006223,O0414,I0018,17,29,39,Medium,Approved,2026-08-31
REO006224,O0161,I0062,8,33,60,High,Pending,2026-08-31
REO006225,O0005,I0160,7,14,92,Medium,Ordered,2026-08-31
REO006226,O0184,I0263,10,17,86,Medium,Ordered,2026-08-31
REO006227,O0044,I0019,6,29,52,High,Ordered,2026-08-31
REO006228,O0191,I0071,10,23,64,High,Ordered,2026-08-31
REO006229,O0493,I0139,1,24,102,High,Received,2026-08-31
REO006230,O0248,I0082,3,16,70,High,Ordered,2026-08-31
REO006231,O0220,I0074,20,35,49,Medium,Pending,2026-08-31
REO006232,O0061,I0029,32,38,31,Medium,Approved,2026-08-31
REO006233,O0138,I0057,12,28,41,High,Ordered,2026-08-31
REO006234,O0302,I0095,10,39,104,High,Ordered,2026-08-31
REO006235,O0003,I0009,1,32,57,High,Received,2026-08-31
REO006236,O0307,I0094,13,20,81,Medium,Approved,2026-08-31
REO006237,O0142,I0063,4,37,66,High,Ordered,2026-08-31
REO006238,O0138,I0057,12,28,41,High,Ordered,2026-08-31
REO006239,O0432,I0054,11,26,55,High,Approved,2026-08-31
REO006240,O0162,I0059,15,30,85,Medium,Pending,2026-08-31
REO006241,O0163,I0063,2,23,99,High,Pending,2026-08-31
REO006242,O0190,I0264,0,30,108,Critical,Ordered,2026-08-31
REO006243,O0463,I0024,7,31,77,High,Pending,2026-08-31
REO006244,O0058,I0024,1,20,51,High,Ordered,2026-08-31
REO006245,O0024,I0010,12,22,62,Medium,Received,2026-08-31
REO006246,O0375,I0126,2,16,39,High,Received,2026-08-31
REO006247,O0181,I0275,6,24,94,High,Approved,2026-08-31
REO006248,O0108,I0039,9,12,99,Medium,Ordered,2026-08-31
REO006249,O0055,I0024,29,30,59,Medium,Pending,2026-08-31
REO006250,O0333,I0110,9,25,94,High,Ordered,2026-08-31
REO006251,O0073,I0010,11,24,34,High,Ordered,2026-08-31
REO006252,O0409,I0138,17,27,99,Medium,Pending,2026-08-31
REO006253,O0490,I0021,16,31,75,Medium,Approved,2026-08-31
REO006254,O0367,I0122,6,34,91,High,Approved,2026-08-31
REO006255,O0232,I0079,4,8,103,Medium,Received,2026-08-31
REO006256,O0192,I0275,1,28,92,High,Ordered,2026-08-31
REO006257,O0492,I0142,3,10,91,High,Ordered,2026-08-31
REO006258,O0073,I0010,11,24,34,High,Ordered,2026-08-31
REO006259,O0268,I0090,2,17,72,High,Pending,2026-08-31
REO006260,O0416,I0018,6,23,68,High,Ordered,2026-08-31
REO006261,O0020,I0008,3,18,94,High,Approved,2026-08-31
REO006262,O0334,I0113,1,24,60,High,Ordered,2026-08-31
REO006263,O0329,I0112,30,32,36,Medium,Pending,2026-08-31
REO006264,O0208,I0072,20,28,53,Medium,Received,2026-08-31
REO006265,O0187,I0276,9,35,70,High,Received,2026-08-31
REO006266,O0355,I0121,39,39,56,Medium,Approved,2026-08-31
REO006267,O0059,I0022,23,28,92,Medium,Ordered,2026-08-31
REO006268,O0335,I0112,17,33,81,Medium,Received,2026-08-31
REO006269,O0210,I0076,10,16,50,Medium,Received,2026-08-31
REO006270,O0153,I0065,6,25,85,High,Pending,2026-08-31
REO006271,O0444,I0075,24,25,36,Medium,Pending,2026-08-31
REO006272,O0017,I0005,13,26,75,Medium,Ordered,2026-08-31
REO006273,O0163,I0063,2,23,99,High,Ordered,2026-08-31
REO006274,O0001,I0193,1,9,100,High,Received,2026-08-31
REO006275,O0199,I0271,15,18,56,Medium,Received,2026-08-31
REO006276,O0194,I0269,0,21,106,Critical,Pending,2026-08-31
REO006277,O0168,I0059,8,27,60,High,Approved,2026-08-31
REO006278,O0031,I0158,24,25,32,Medium,Ordered,2026-08-31
REO006279,O0218,I0075,19,22,69,Medium,Ordered,2026-08-31
REO006280,O0244,I0082,2,36,82,High,Ordered,2026-08-31
REO006281,O0183,I0069,36,37,73,Medium,Pending,2026-08-31
REO006282,O0008,I0159,23,35,100,Medium,Approved,2026-08-31
REO006283,O0279,I0091,13,25,91,Medium,Approved,2026-08-31
REO006284,O0405,I0142,5,32,75,High,Pending,2026-08-31
REO006285,O0017,I0003,23,27,28,Medium,Approved,2026-08-31
REO006286,O0005,I0188,24,24,54,Medium,Received,2026-08-31
REO006287,O0483,I0022,32,32,28,Medium,Ordered,2026-08-31
REO006288,O0049,I0025,11,21,42,Medium,Received,2026-08-31
REO006289,O0131,I0053,8,17,66,High,Ordered,2026-08-31
REO006290,O0484,I0024,8,32,108,High,Pending,2026-08-31
REO006291,O0029,I0014,25,28,37,Medium,Ordered,2026-08-31
REO006292,O0246,I0083,5,12,90,High,Received,2026-08-31
REO006293,O0016,I0191,1,25,51,High,Ordered,2026-08-31
REO006294,O0187,I0267,18,18,50,Medium,Ordered,2026-08-31
REO006295,O0114,I0046,30,30,75,Medium,Approved,2026-08-31
REO006296,O0309,I0097,13,32,62,High,Pending,2026-08-31
REO006297,O0044,I0019,6,29,52,High,Pending,2026-08-31
REO006298,O0190,I0263,23,24,62,Medium,Ordered,2026-08-31
REO006299,O0333,I0109,11,23,94,High,Pending,2026-08-31
REO006300,O0002,I0165,7,13,102,Medium,Approved,2026-08-31
REO006301,O0294,I0095,28,30,84,Medium,Pending,2026-08-31
REO006302,O0415,I0022,23,29,52,Medium,Approved,2026-08-31
REO006303,O0194,I0068,4,20,104,High,Approved,2026-08-31
REO006304,O0033,I0007,19,32,63,Medium,Received,2026-08-31
REO006305,O0451,I0049,4,21,64,High,Received,2026-08-31
REO006306,O0296,I0095,13,22,47,Medium,Approved,2026-08-31
REO006307,O0016,I0172,4,20,78,High,Pending,2026-08-31
REO006308,O0204,I0075,2,26,95,High,Pending,2026-08-31
REO006309,O0171,I0064,6,29,105,High,Pending,2026-08-31
REO006310,O0244,I0084,14,16,59,Medium,Received,2026-08-31
REO006311,O0022,I0014,10,28,50,High,Ordered,2026-08-31
REO006312,O0093,I0025,0,26,98,Critical,Pending,2026-08-31
REO006313,O0236,I0081,0,27,111,Critical,Ordered,2026-08-31
REO006314,O0208,I0072,20,28,53,Medium,Pending,2026-08-31
REO006315,O0470,I0019,15,32,92,High,Received,2026-08-31
REO006316,O0114,I0046,30,30,75,Medium,Pending,2026-08-31
REO006317,O0204,I0075,2,26,95,High,Approved,2026-08-31
REO006318,O0177,I0062,14,30,66,High,Pending,2026-08-31
REO006319,O0254,I0092,4,20,103,High,Pending,2026-08-31
REO006320,O0191,I0263,7,33,63,High,Approved,2026-08-31
REO006321,O0369,I0124,26,30,96,Medium,Approved,2026-08-31
REO006322,O0114,I0046,30,30,75,Medium,Ordered,2026-08-31
REO006323,O0060,I0023,6,14,89,High,Approved,2026-08-31
REO006324,O0200,I0268,16,25,34,Medium,Pending,2026-08-31
REO006325,O0184,I0263,10,17,86,Medium,Pending,2026-08-31
REO006326,O0232,I0079,4,8,103,Medium,Received,2026-08-31
REO006327,O0346,I0114,16,26,42,Medium,Ordered,2026-08-31
REO006328,O0465,I0018,9,22,72,High,Ordered,2026-08-31
REO006329,O0246,I0084,15,34,103,High,Received,2026-08-31
REO006330,O0486,I0025,27,36,62,Medium,Pending,2026-08-31
REO006331,O0002,I0171,18,29,29,Medium,Pending,2026-08-31
REO006332,O0375,I0126,2,16,39,High,Pending,2026-08-31
REO006333,O0194,I0066,13,33,76,High,Ordered,2026-08-31
REO006334,O0187,I0275,4,20,88,High,Approved,2026-08-31
REO006335,O0185,I0068,10,32,55,High,Ordered,2026-08-31
REO006336,O0177,I0062,14,30,66,High,Received,2026-08-31
REO006337,O0009,I0167,8,16,45,Medium,Received,2026-08-31
REO006338,O0155,I0061,18,27,37,Medium,Pending,2026-08-31
REO006339,O0089,I0033,9,23,51,High,Ordered,2026-08-31
REO006340,O0174,I0058,0,27,50,Critical,Ordered,2026-08-31
REO006341,O0007,I0004,20,36,39,Medium,Received,2026-08-31
REO006342,O0257,I0092,10,32,48,High,Pending,2026-08-31
REO006343,O0291,I0097,15,21,60,Medium,Received,2026-08-31
REO006344,O0472,I0101,15,21,63,Medium,Received,2026-08-31
REO006345,O0478,I0101,6,28,82,High,Pending,2026-08-31
REO006346,O0401,I0142,15,17,38,Medium,Approved,2026-08-31
REO006347,O0009,I0006,19,27,90,Medium,Received,2026-08-31
REO006348,O0335,I0112,17,33,81,Medium,Approved,2026-08-31
REO006349,O0016,I0165,23,32,79,Medium,Pending,2026-08-31
REO006350,O0049,I0023,14,19,34,Medium,Received,2026-08-31
REO006351,O0188,I0068,10,22,44,High,Ordered,2026-08-31
REO006352,O0313,I0105,13,17,33,Medium,Pending,2026-08-31
REO006353,O0096,I0025,23,28,83,Medium,Approved,2026-08-31
REO006354,O0467,I0021,24,36,73,Medium,Approved,2026-08-31
REO006355,O0253,I0088,11,31,100,High,Ordered,2026-08-31
REO006356,O0096,I0024,5,31,66,High,Ordered,2026-08-31
REO006357,O0308,I0098,6,12,55,Medium,Approved,2026-08-31
REO006358,O0483,I0022,32,32,28,Medium,Pending,2026-08-31
REO006359,O0432,I0054,11,26,55,High,Pending,2026-08-31
REO006360,O0190,I0264,0,30,108,Critical,Ordered,2026-08-31
REO006361,O0497,I0139,20,25,69,Medium,Approved,2026-08-31
REO006362,O0352,I0121,26,27,42,Medium,Pending,2026-08-31
REO006363,O0036,I0194,30,34,28,Medium,Pending,2026-08-31
REO006364,O0284,I0099,23,32,96,Medium,Ordered,2026-08-31
REO006365,O0096,I0025,23,28,83,Medium,Approved,2026-08-31
REO006366,O0236,I0081,0,27,111,Critical,Pending,2026-08-31
REO006367,O0037,I0169,29,32,44,Medium,Approved,2026-08-31
REO006368,O0395,I0137,24,32,68,Medium,Approved,2026-08-31
REO006369,O0414,I0024,1,13,83,High,Ordered,2026-08-31
REO006370,O0385,I0132,16,28,50,Medium,Pending,2026-08-31
REO006371,O0095,I0018,3,31,98,High,Pending,2026-08-31
REO006372,O0066,I0030,14,15,81,Medium,Pending,2026-08-31
REO006373,O0271,I0087,2,27,75,High,Pending,2026-08-31
REO006374,O0270,I0087,24,26,95,Medium,Ordered,2026-08-31
REO006375,O0193,I0265,15,19,73,Medium,Pending,2026-08-31
REO006376,O0180,I0065,11,36,68,High,Ordered,2026-08-31
REO006377,O0186,I0267,34,37,55,Medium,Pending,2026-08-31
REO006378,O0056,I0021,31,35,31,Medium,Pending,2026-08-31
REO006379,O0033,I0164,10,26,66,High,Ordered,2026-08-31
REO006380,O0362,I0125,5,34,94,High,Ordered,2026-08-31
REO006381,O0263,I0090,10,35,93,High,Pending,2026-08-31
REO006382,O0195,I0066,20,30,64,Medium,Ordered,2026-08-31
REO006383,O0172,I0063,0,32,116,Critical,Ordered,2026-08-31
REO006384,O0260,I0089,29,30,76,Medium,Approved,2026-08-31
REO006385,O0487,I0018,20,34,48,Medium,Approved,2026-08-31
REO006386,O0058,I0024,1,20,51,High,Approved,2026-08-31
REO006387,O0039,I0191,10,37,46,High,Pending,2026-08-31
REO006388,O0495,I0139,4,19,104,High,Ordered,2026-08-31
REO006389,O0011,I0189,9,20,99,High,Received,2026-08-31
REO006390,O0124,I0050,14,25,71,Medium,Ordered,2026-08-31
REO006391,O0165,I0061,13,27,50,High,Pending,2026-08-31
REO006392,O0033,I0193,10,18,77,Medium,Pending,2026-08-31
REO006393,O0173,I0064,0,10,57,Critical,Pending,2026-08-31
REO006394,O0017,I0164,8,22,43,High,Pending,2026-08-31
REO006395,O0415,I0024,20,21,56,Medium,Pending,2026-08-31
REO006396,O0091,I0018,14,28,65,Medium,Received,2026-08-31
REO006397,O0161,I0058,18,23,62,Medium,Ordered,2026-08-31
REO006398,O0390,I0130,34,34,36,Medium,Received,2026-08-31
REO006399,O0314,I0107,13,21,65,Medium,Pending,2026-08-31
REO006400,O0065,I0028,6,29,77,High,Approved,2026-08-31
REO006401,O0019,I0166,18,29,67,Medium,Pending,2026-08-31
REO006402,O0408,I0141,22,22,29,Medium,Approved,2026-08-31
REO006403,O0132,I0053,9,23,66,High,Approved,2026-08-31
REO006404,O0143,I0063,18,18,88,Medium,Ordered,2026-08-31
REO006405,O0443,I0072,1,19,88,High,Ordered,2026-08-31
REO006406,O0199,I0271,15,18,56,Medium,Ordered,2026-08-31
REO006407,O0412,I0025,18,22,42,Medium,Approved,2026-08-31
REO006408,O0307,I0094,13,20,81,Medium,Pending,2026-08-31
REO006409,O0224,I0079,13,31,106,High,Ordered,2026-08-31
REO006410,O0165,I0061,13,27,50,High,Pending,2026-08-31
REO006411,O0228,I0080,16,28,90,Medium,Received,2026-08-31
REO006412,O0039,I0191,10,37,46,High,Ordered,2026-08-31
REO006413,O0444,I0075,24,25,36,Medium,Approved,2026-08-31
REO006414,O0412,I0025,18,22,42,Medium,Approved,2026-08-31
REO006415,O0369,I0124,26,30,96,Medium,Ordered,2026-08-31
REO006416,O0193,I0268,21,22,41,Medium,Received,2026-08-31
REO006417,O0013,I0167,13,31,80,High,Approved,2026-08-31
REO006418,O0384,I0130,21,31,51,Medium,Ordered,2026-08-31
REO006419,O0154,I0060,27,38,44,Medium,Received,2026-08-31
REO006420,O0220,I0073,7,15,43,High,Pending,2026-08-31
REO006421,O0191,I0263,7,33,63,High,Ordered,2026-08-31
REO006422,O0262,I0086,18,33,96,Medium,Approved,2026-08-31
REO006423,O0257,I0092,10,32,48,High,Pending,2026-08-31
REO006424,O0161,I0060,26,35,33,Medium,Approved,2026-08-31
REO006425,O0195,I0265,4,31,50,High,Pending,2026-08-31
REO006426,O0220,I0074,20,35,49,Medium,Ordered,2026-08-31
REO006427,O0486,I0021,3,29,76,High,Approved,2026-08-31
REO006428,O0314,I0108,23,27,92,Medium,Ordered,2026-08-31
REO006429,O0184,I0070,2,27,96,High,Approved,2026-08-31
REO006430,O0105,I0038,20,30,45,Medium,Pending,2026-08-31
REO006431,O0197,I0263,11,31,114,High,Ordered,2026-08-31
REO006432,O0312,I0108,36,37,35,Medium,Approved,2026-08-31
REO006433,O0340,I0111,3,35,93,High,Pending,2026-08-31
REO006434,O0097,I0018,11,13,56,Medium,Pending,2026-08-31
REO006435,O0301,I0094,20,20,53,Medium,Ordered,2026-08-31
REO006436,O0401,I0142,15,17,38,Medium,Ordered,2026-08-31
REO006437,O0081,I0033,26,28,61,Medium,Ordered,2026-08-31
REO006438,O0008,I0193,21,21,43,Medium,Pending,2026-08-31
REO006439,O0075,I0013,2,23,49,High,Ordered,2026-08-31
REO006440,O0284,I0095,9,15,55,Medium,Approved,2026-08-31
REO006441,O0034,I0006,19,26,74,Medium,Ordered,2026-08-31
REO006442,O0456,I0052,11,21,87,Medium,Pending,2026-08-31
REO006443,O0265,I0087,2,31,50,High,Received,2026-08-31
REO006444,O0346,I0115,15,17,33,Medium,Approved,2026-08-31
REO006445,O0459,I0049,23,24,72,Medium,Received,2026-08-31
REO006446,O0427,I0034,18,21,43,Medium,Received,2026-08-31
REO006447,O0029,I0010,15,21,72,Medium,Pending,2026-08-31
REO006448,O0103,I0041,0,37,65,Critical,Received,2026-08-31
REO006449,O0169,I0061,22,27,92,Medium,Pending,2026-08-31
REO006450,O0412,I0025,18,22,42,Medium,Approved,2026-08-31
REO006451,O0228,I0080,16,28,90,Medium,Ordered,2026-08-31
REO006452,O0272,I0092,9,12,75,Medium,Ordered,2026-08-31
REO006453,O0244,I0083,0,20,61,Critical,Received,2026-08-31
REO006454,O0469,I0018,16,29,70,Medium,Pending,2026-08-31
REO006455,O0218,I0074,14,31,110,High,Ordered,2026-08-31
REO006456,O0037,I0198,1,17,77,High,Received,2026-08-31
REO006457,O0230,I0078,18,29,65,Medium,Ordered,2026-08-31
REO006458,O0044,I0021,25,28,61,Medium,Pending,2026-08-31
REO006459,O0028,I0015,2,27,50,High,Ordered,2026-08-31
REO006460,O0022,I0014,10,28,50,High,Approved,2026-08-31
REO006461,O0485,I0018,20,25,27,Medium,Pending,2026-08-31
REO006462,O0452,I0049,6,26,68,High,Ordered,2026-08-31
REO006463,O0256,I0092,33,37,70,Medium,Pending,2026-08-31
REO006464,O0452,I0052,27,31,101,Medium,Ordered,2026-08-31
REO006465,O0002,I0200,13,25,31,Medium,Pending,2026-08-31
REO006466,O0049,I0025,11,21,42,Medium,Received,2026-08-31
REO006467,O0081,I0033,26,28,61,Medium,Pending,2026-08-31
REO006468,O0023,I0013,18,26,72,Medium,Approved,2026-08-31
REO006469,O0390,I0131,13,30,94,High,Received,2026-08-31
REO006470,O0066,I0030,14,15,81,Medium,Pending,2026-08-31
REO006471,O0192,I0266,1,22,41,High,Ordered,2026-08-31
REO006472,O0044,I0019,6,29,52,High,Approved,2026-08-31
REO006473,O0238,I0080,21,22,38,Medium,Received,2026-08-31
REO006474,O0035,I0197,10,35,84,High,Approved,2026-08-31
REO006475,O0322,I0113,7,32,109,High,Ordered,2026-08-31
REO006476,O0033,I0193,10,18,77,Medium,Pending,2026-08-31
REO006477,O0467,I0025,24,27,42,Medium,Ordered,2026-08-31
REO006478,O0050,I0022,5,33,83,High,Pending,2026-08-31
REO006479,O0131,I0053,8,17,66,High,Approved,2026-08-31
REO006480,O0175,I0060,6,12,92,Medium,Pending,2026-08-31
REO006481,O0256,I0086,1,18,111,High,Ordered,2026-08-31
REO006482,O0302,I0096,17,19,70,Medium,Ordered,2026-08-31
REO006483,O0016,I0191,1,25,51,High,Approved,2026-08-31
REO006484,O0159,I0063,5,17,48,High,Pending,2026-08-31
REO006485,O0415,I0023,23,26,20,Medium,Received,2026-08-31
REO006486,O0414,I0025,13,34,85,High,Pending,2026-08-31
REO006487,O0199,I0066,17,28,41,Medium,Pending,2026-08-31
REO006488,O0044,I0018,4,28,48,High,Approved,2026-08-31
REO006489,O0192,I0266,1,22,41,High,Pending,2026-08-31
REO006490,O0125,I0050,3,29,57,High,Ordered,2026-08-31
REO006491,O0380,I0128,1,13,61,High,Ordered,2026-08-31
REO006492,O0291,I0093,9,15,62,Medium,Pending,2026-08-31
REO006493,O0362,I0125,5,34,94,High,Approved,2026-08-31
REO006494,O0184,I0070,2,27,96,High,Ordered,2026-08-31
REO006495,O0066,I0030,14,15,81,Medium,Approved,2026-08-31
REO006496,O0040,I0198,20,21,28,Medium,Ordered,2026-08-31
REO006497,O0193,I0276,19,37,53,Medium,Ordered,2026-08-31
REO006498,O0177,I0064,14,32,101,High,Received,2026-08-31
REO006499,O0142,I0064,5,18,95,High,Ordered,2026-08-31
REO006500,O0095,I0018,3,31,98,High,Approved,2026-08-31
REO006501,O0177,I0064,14,32,101,High,Pending,2026-08-31
REO006502,O0247,I0085,1,26,114,High,Pending,2026-08-31
REO006503,O0158,I0064,19,24,39,Medium,Pending,2026-08-31
REO006504,O0007,I0004,20,36,39,Medium,Approved,2026-08-31
REO006505,O0247,I0085,1,26,114,High,Approved,2026-08-31
REO006506,O0400,I0136,28,32,37,Medium,Received,2026-08-31
REO006507,O0150,I0061,21,30,93,Medium,Received,2026-08-31
REO006508,O0095,I0021,19,22,84,Medium,Ordered,2026-08-31
REO006509,O0263,I0091,4,12,99,High,Ordered,2026-08-31
REO006510,O0171,I0058,9,25,80,High,Approved,2026-08-31
REO006511,O0096,I0024,5,31,66,High,Ordered,2026-08-31
REO006512,O0424,I0035,22,30,81,Medium,Received,2026-08-31
REO006513,O0136,I0055,12,31,56,High,Received,2026-08-31
REO006514,O0289,I0098,12,34,105,High,Ordered,2026-08-31
REO006515,O0263,I0091,4,12,99,High,Received,2026-08-31
REO006516,O0058,I0024,1,20,51,High,Ordered,2026-08-31
REO006517,O0263,I0091,4,12,99,High,Approved,2026-08-31
REO006518,O0055,I0024,29,30,59,Medium,Pending,2026-08-31
REO006519,O0006,I0162,3,22,40,High,Pending,2026-08-31
REO006520,O0002,I0167,5,26,84,High,Ordered,2026-08-31
REO006521,O0050,I0025,30,30,36,Medium,Approved,2026-08-31
REO006522,O0114,I0046,30,30,75,Medium,Pending,2026-08-31
REO006523,O0199,I0066,17,28,41,Medium,Ordered,2026-08-31
REO006524,O0387,I0131,8,33,119,High,Approved,2026-08-31
REO006525,O0058,I0019,17,25,97,Medium,Approved,2026-08-31
REO006526,O0141,I0058,10,28,114,High,Pending,2026-08-31
REO006527,O0409,I0139,32,32,55,Medium,Pending,2026-08-31
REO006528,O0380,I0129,13,21,101,Medium,Approved,2026-08-31
REO006529,O0165,I0065,13,16,27,Medium,Pending,2026-08-31
REO006530,O0376,I0127,20,24,48,Medium,Ordered,2026-08-31
REO006531,O0307,I0094,13,20,81,Medium,Approved,2026-08-31
REO006532,O0128,I0050,12,17,91,Medium,Pending,2026-08-31
REO006533,O0052,I0018,11,30,61,High,Approved,2026-08-31
REO006534,O0387,I0130,17,17,94,Medium,Approved,2026-08-31
REO006535,O0264,I0087,14,28,76,Medium,Pending,2026-08-31
REO006536,O0185,I0275,16,19,51,Medium,Approved,2026-08-31
REO006537,O0472,I0101,15,21,63,Medium,Ordered,2026-08-31
REO006538,O0218,I0075,19,22,69,Medium,Received,2026-08-31
REO006539,O0187,I0069,20,23,75,Medium,Pending,2026-08-31
REO006540,O0159,I0064,2,25,81,High,Pending,2026-08-31
REO006541,O0058,I0018,23,26,46,Medium,Ordered,2026-08-31
REO006542,O0092,I0024,4,15,99,High,Ordered,2026-08-31
REO006543,O0405,I0142,5,32,75,High,Approved,2026-08-31
REO006544,O0040,I0190,8,22,41,High,Approved,2026-08-31
REO006545,O0172,I0063,0,32,116,Critical,Approved,2026-08-31
REO006546,O0020,I0195,13,14,33,Medium,Pending,2026-08-31
REO006547,O0324,I0110,5,23,49,High,Approved,2026-08-31
REO006548,O0436,I0053,0,14,92,Critical,Approved,2026-08-31
REO006549,O0417,I0019,19,19,28,Medium,Received,2026-08-31
REO006550,O0410,I0138,10,21,80,High,Pending,2026-08-31
REO006551,O0291,I0097,15,21,60,Medium,Ordered,2026-08-31
REO006552,O0402,I0142,3,18,74,High,Ordered,2026-08-31
REO006553,O0429,I0036,12,29,61,High,Ordered,2026-08-31
REO006554,O0307,I0095,2,13,78,High,Ordered,2026-08-31
REO006555,O0376,I0128,10,17,89,Medium,Received,2026-08-31
REO006556,O0227,I0080,24,28,33,Medium,Received,2026-08-31
REO006557,O0416,I0020,8,23,110,High,Received,2026-08-31
REO006558,O0005,I0188,24,24,54,Medium,Received,2026-08-31
REO006559,O0054,I0021,31,31,62,Medium,Pending,2026-08-31
REO006560,O0326,I0112,29,33,23,Medium,Pending,2026-08-31
REO006561,O0169,I0060,10,14,55,Medium,Ordered,2026-08-31
REO006562,O0084,I0032,3,28,90,High,Ordered,2026-08-31
REO006563,O0019,I0166,18,29,67,Medium,Approved,2026-08-31
REO006564,O0187,I0272,22,33,58,Medium,Ordered,2026-08-31
REO006565,O0045,I0019,14,29,64,High,Approved,2026-08-31
REO006566,O0416,I0019,8,32,79,High,Ordered,2026-08-31
REO006567,O0353,I0119,28,36,98,Medium,Ordered,2026-08-31
REO006568,O0273,I0087,18,36,34,Medium,Received,2026-08-31
REO006569,O0195,I0265,4,31,50,High,Pending,2026-08-31
REO006570,O0365,I0122,18,25,57,Medium,Ordered,2026-08-31
REO006571,O0165,I0064,36,37,61,Medium,Approved,2026-08-31
REO006572,O0190,I0264,0,30,108,Critical,Approved,2026-08-31
REO006573,O0486,I0021,3,29,76,High,Ordered,2026-08-31
REO006574,O0182,I0266,27,36,71,Medium,Pending,2026-08-31
REO006575,O0040,I0198,20,21,28,Medium,Pending,2026-08-31
REO006576,O0410,I0142,14,14,53,Medium,Received,2026-08-31
REO006577,O0415,I0020,29,36,33,Medium,Ordered,2026-08-31
REO006578,O0188,I0071,21,25,58,Medium,Received,2026-08-31
REO006579,O0183,I0069,36,37,73,Medium,Received,2026-08-31
REO006580,O0044,I0018,4,28,48,High,Ordered,2026-08-31
REO006581,O0224,I0079,13,31,106,High,Received,2026-08-31
REO006582,O0105,I0038,20,30,45,Medium,Ordered,2026-08-31
REO006583,O0066,I0027,13,22,59,Medium,Ordered,2026-08-31
REO006584,O0191,I0263,7,33,63,High,Ordered,2026-08-31
REO006585,O0096,I0025,23,28,83,Medium,Approved,2026-08-31
REO006586,O0031,I0200,12,16,80,Medium,Approved,2026-08-31
REO006587,O0411,I0021,0,22,69,Critical,Pending,2026-08-31
REO006588,O0128,I0049,4,15,103,High,Ordered,2026-08-31
REO006589,O0456,I0049,1,17,49,High,Pending,2026-08-31
REO006590,O0462,I0024,13,24,37,Medium,Ordered,2026-08-31
REO006591,O0192,I0271,19,35,79,Medium,Received,2026-08-31
REO006592,O0086,I0034,12,31,68,High,Approved,2026-08-31
REO006593,O0004,I0172,6,28,61,High,Pending,2026-08-31
REO006594,O0017,I0009,5,28,42,High,Ordered,2026-08-31
REO006595,O0178,I0064,0,18,93,Critical,Ordered,2026-08-31
REO006596,O0352,I0121,26,27,42,Medium,Approved,2026-08-31
REO006597,O0415,I0024,20,21,56,Medium,Pending,2026-08-31
REO006598,O0191,I0263,7,33,63,High,Ordered,2026-08-31
REO006599,O0447,I0072,8,21,55,High,Received,2026-08-31
REO006600,O0338,I0109,5,21,87,High,Approved,2026-08-31
REO006601,O0401,I0142,15,17,38,Medium,Received,2026-08-31
REO006602,O0004,I0164,13,30,76,High,Pending,2026-08-31
REO006603,O0182,I0266,27,36,71,Medium,Approved,2026-08-31
REO006604,O0040,I0002,4,37,74,High,Ordered,2026-08-31
REO006605,O0008,I0001,15,22,56,Medium,Approved,2026-08-31
REO006606,O0175,I0065,10,16,30,Medium,Approved,2026-08-31
REO006607,O0497,I0139,20,25,69,Medium,Received,2026-08-31
REO006608,O0282,I0094,6,15,80,High,Ordered,2026-08-31
REO006609,O0278,I0088,16,23,46,Medium,Ordered,2026-08-31
REO006610,O0001,I0190,18,24,59,Medium,Ordered,2026-08-31
REO006611,O0039,I0163,0,16,111,Critical,Ordered,2026-08-31
REO006612,O0052,I0018,11,30,61,High,Approved,2026-08-31
REO006613,O0050,I0018,8,10,48,Medium,Pending,2026-08-31
REO006614,O0465,I0018,9,22,72,High,Pending,2026-08-31
REO006615,O0234,I0081,7,23,82,High,Approved,2026-08-31
REO006616,O0125,I0050,3,29,57,High,Ordered,2026-08-31
REO006617,O0149,I0062,9,31,87,High,Pending,2026-08-31
REO006618,O0253,I0086,0,25,117,Critical,Ordered,2026-08-31
REO006619,O0418,I0020,13,28,72,High,Pending,2026-08-31
REO006620,O0302,I0096,17,19,70,Medium,Approved,2026-08-31
REO006621,O0486,I0021,3,29,76,High,Pending,2026-08-31
REO006622,O0009,I0201,9,25,99,High,Received,2026-08-31
REO006623,O0302,I0099,15,24,32,Medium,Received,2026-08-31
REO006624,O0487,I0018,20,34,48,Medium,Ordered,2026-08-31
REO006625,O0047,I0022,13,37,94,High,Ordered,2026-08-31
REO006626,O0283,I0094,1,34,119,High,Ordered,2026-08-31
REO006627,O0164,I0061,13,14,38,Medium,Pending,2026-08-31
REO006628,O0040,I0190,8,22,41,High,Approved,2026-08-31
REO006629,O0034,I0003,12,15,70,Medium,Ordered,2026-08-31
REO006630,O0378,I0126,27,32,37,Medium,Approved,2026-08-31
REO006631,O0224,I0081,10,11,33,Medium,Pending,2026-08-31
REO006632,O0009,I0201,9,25,99,High,Approved,2026-08-31
REO006633,O0035,I0006,21,21,41,Medium,Approved,2026-08-31
REO006634,O0497,I0139,20,25,69,Medium,Approved,2026-08-31
REO006635,O0033,I0007,19,32,63,Medium,Received,2026-08-31
REO006636,O0270,I0091,14,34,86,High,Received,2026-08-31
REO006637,O0157,I0065,1,15,91,High,Received,2026-08-31
REO006638,O0008,I0159,23,35,100,Medium,Ordered,2026-08-31
REO006639,O0146,I0060,15,20,79,Medium,Pending,2026-08-31
REO006640,O0074,I0017,9,29,67,High,Pending,2026-08-31
REO006641,O0497,I0139,20,25,69,Medium,Approved,2026-08-31
REO006642,O0146,I0060,15,20,79,Medium,Pending,2026-08-31
REO006643,O0057,I0024,10,20,56,Medium,Ordered,2026-08-31
REO006644,O0436,I0053,0,14,92,Critical,Pending,2026-08-31
REO006645,O0161,I0060,26,35,33,Medium,Ordered,2026-08-31
REO006646,O0276,I0087,10,13,59,Medium,Approved,2026-08-31
REO006647,O0447,I0072,8,21,55,High,Ordered,2026-08-31
REO006648,O0443,I0072,1,19,88,High,Approved,2026-08-31
REO006649,O0184,I0067,17,17,62,Medium,Pending,2026-08-31
REO006650,O0150,I0064,7,25,106,High,Ordered,2026-08-31
REO006651,O0451,I0049,4,21,64,High,Ordered,2026-08-31
REO006652,O0041,I0024,16,31,77,Medium,Ordered,2026-08-31
REO006653,O0040,I0158,19,29,59,Medium,Ordered,2026-08-31
REO006654,O0022,I0011,3,16,77,High,Received,2026-08-31
REO006655,O0134,I0057,13,34,109,High,Received,2026-08-31
REO006656,O0373,I0129,13,23,92,Medium,Pending,2026-08-31
REO006657,O0330,I0111,12,29,100,High,Pending,2026-08-31
REO006658,O0289,I0098,12,34,105,High,Approved,2026-08-31
REO006659,O0050,I0022,5,33,83,High,Ordered,2026-08-31
REO006660,O0031,I0162,23,25,90,Medium,Ordered,2026-08-31
REO006661,O0290,I0099,14,18,38,Medium,Ordered,2026-08-31
REO006662,O0286,I0094,23,24,51,Medium,Pending,2026-08-31
REO006663,O0040,I0002,4,37,74,High,Pending,2026-08-31
REO006664,O0218,I0074,14,31,110,High,Pending,2026-08-31
REO006665,O0490,I0025,25,29,65,Medium,Pending,2026-08-31
REO006666,O0307,I0094,13,20,81,Medium,Received,2026-08-31
REO006667,O0333,I0109,11,23,94,High,Received,2026-08-31
REO006668,O0130,I0049,20,33,30,Medium,Pending,2026-08-31
REO006669,O0450,I0075,15,39,40,High,Ordered,2026-08-31
REO006670,O0474,I0103,0,30,110,Critical,Ordered,2026-08-31
REO006671,O0427,I0034,18,21,43,Medium,Pending,2026-08-31
REO006672,O0192,I0273,3,28,85,High,Pending,2026-08-31
REO006673,O0326,I0112,29,33,23,Medium,Pending,2026-08-31
REO006674,O0142,I0064,5,18,95,High,Ordered,2026-08-31
REO006675,O0462,I0024,13,24,37,Medium,Pending,2026-08-31
REO006676,O0172,I0063,0,32,116,Critical,Received,2026-08-31
REO006677,O0429,I0036,12,29,61,High,Pending,2026-08-31
REO006678,O0078,I0017,8,19,43,High,Pending,2026-08-31
REO006679,O0200,I0071,0,20,117,Critical,Received,2026-08-31
REO006680,O0142,I0064,5,18,95,High,Ordered,2026-08-31
REO006681,O0427,I0034,18,21,43,Medium,Pending,2026-08-31
REO006682,O0186,I0271,17,18,75,Medium,Approved,2026-08-31
REO006683,O0066,I0028,17,28,56,Medium,Received,2026-08-31
REO006684,O0044,I0019,6,29,52,High,Received,2026-08-31
REO006685,O0218,I0075,19,22,69,Medium,Pending,2026-08-31
REO006686,O0220,I0073,7,15,43,High,Pending,2026-08-31
REO006687,O0020,I0008,3,18,94,High,Ordered,2026-08-31
REO006688,O0218,I0074,14,31,110,High,Approved,2026-08-31
REO006689,O0491,I0138,2,37,54,High,Pending,2026-08-31
REO006690,O0168,I0059,8,27,60,High,Ordered,2026-08-31
REO006691,O0248,I0082,3,16,70,High,Ordered,2026-08-31
REO006692,O0153,I0060,16,25,59,Medium,Pending,2026-08-31
REO006693,O0296,I0098,12,24,59,Medium,Ordered,2026-08-31
REO006694,O0186,I0267,34,37,55,Medium,Approved,2026-08-31
REO006695,O0065,I0028,6,29,77,High,Approved,2026-08-31
REO006696,O0290,I0097,29,29,22,Medium,Approved,2026-08-31
REO006697,O0410,I0142,14,14,53,Medium,Approved,2026-08-31
REO006698,O0412,I0025,18,22,42,Medium,Received,2026-08-31
REO006699,O0311,I0105,24,28,98,Medium,Approved,2026-08-31
REO006700,O0005,I0160,7,14,92,Medium,Received,2026-08-31
REO006701,O0226,I0081,16,27,30,Medium,Pending,2026-08-31
REO006702,O0010,I0158,1,26,96,High,Received,2026-08-31
REO006703,O0199,I0271,15,18,56,Medium,Ordered,2026-08-31
REO006704,O0044,I0021,25,28,61,Medium,Approved,2026-08-31
REO006705,O0444,I0075,24,25,36,Medium,Approved,2026-08-31
REO006706,O0189,I0271,16,18,36,Medium,Pending,2026-08-31
REO006707,O0054,I0021,31,31,62,Medium,Pending,2026-08-31
REO006708,O0312,I0108,36,37,35,Medium,Pending,2026-08-31
REO006709,O0422,I0034,15,20,33,Medium,Received,2026-08-31
REO006710,O0153,I0061,8,15,46,Medium,Ordered,2026-08-31
REO006711,O0319,I0107,11,30,114,High,Approved,2026-08-31
REO006712,O0259,I0090,8,33,73,High,Approved,2026-08-31
REO006713,O0221,I0081,7,13,75,Medium,Ordered,2026-08-31
REO006714,O0364,I0122,16,29,64,Medium,Approved,2026-08-31
REO006715,O0033,I0007,19,32,63,Medium,Approved,2026-08-31
REO006716,O0249,I0083,12,16,85,Medium,Received,2026-08-31
REO006717,O0193,I0276,19,37,53,Medium,Pending,2026-08-31
REO006718,O0257,I0089,18,35,76,Medium,Approved,2026-08-31
REO006719,O0040,I0190,8,22,41,High,Ordered,2026-08-31
REO006720,O0074,I0015,1,31,81,High,Ordered,2026-08-31
REO006721,O0315,I0108,3,14,50,High,Received,2026-08-31
REO006722,O0284,I0095,9,15,55,Medium,Received,2026-08-31
REO006723,O0426,I0034,26,37,81,Medium,Approved,2026-08-31
REO006724,O0500,I0138,17,30,38,Medium,Ordered,2026-08-31
REO006725,O0388,I0130,27,29,59,Medium,Received,2026-08-31
REO006726,O0274,I0086,6,32,122,High,Approved,2026-08-31
REO006727,O0153,I0061,8,15,46,Medium,Approved,2026-08-31
REO006728,O0039,I0004,7,27,39,High,Ordered,2026-08-31
REO006729,O0004,I0164,13,30,76,High,Approved,2026-08-31
REO006730,O0417,I0019,19,19,28,Medium,Received,2026-08-31
REO006731,O0299,I0093,4,16,89,High,Ordered,2026-08-31
REO006732,O0161,I0062,8,33,60,High,Approved,2026-08-31
REO006733,O0415,I0020,29,36,33,Medium,Ordered,2026-08-31
REO006734,O0103,I0041,0,37,65,Critical,Ordered,2026-08-31
REO006735,O0103,I0040,6,28,91,High,Ordered,2026-08-31
REO006736,O0200,I0068,15,30,67,Medium,Ordered,2026-08-31
REO006737,O0161,I0059,1,24,80,High,Ordered,2026-08-31
REO006738,O0186,I0071,15,23,54,Medium,Ordered,2026-08-31
REO006739,O0083,I0032,7,15,56,High,Approved,2026-08-31
REO006740,O0257,I0089,18,35,76,Medium,Received,2026-08-31
REO006741,O0049,I0025,11,21,42,Medium,Approved,2026-08-31
REO006742,O0055,I0024,29,30,59,Medium,Approved,2026-08-31
REO006743,O0355,I0120,18,33,70,Medium,Ordered,2026-08-31
REO006744,O0307,I0094,13,20,81,Medium,Pending,2026-08-31
REO006745,O0304,I0097,9,12,79,Medium,Pending,2026-08-31
REO006746,O0340,I0111,3,35,93,High,Pending,2026-08-31
REO006747,O0340,I0111,3,35,93,High,Ordered,2026-08-31
REO006748,O0304,I0095,23,31,35,Medium,Ordered,2026-08-31
REO006749,O0052,I0024,15,30,59,Medium,Ordered,2026-08-31
REO006750,O0033,I0007,19,32,63,Medium,Ordered,2026-08-31
REO006751,O0001,I0193,1,9,100,High,Approved,2026-08-31
REO006752,O0171,I0064,6,29,105,High,Pending,2026-08-31
REO006753,O0076,I0010,15,16,92,Medium,Approved,2026-08-31
REO006754,O0177,I0059,7,28,80,High,Ordered,2026-08-31
REO006755,O0053,I0025,25,29,32,Medium,Approved,2026-08-31
REO006756,O0074,I0011,10,32,59,High,Ordered,2026-08-31
REO006757,O0307,I0095,2,13,78,High,Approved,2026-08-31
REO006758,O0035,I0193,27,34,98,Medium,Pending,2026-08-31
REO006759,O0404,I0141,18,23,61,Medium,Pending,2026-08-31
REO006760,O0304,I0095,23,31,35,Medium,Ordered,2026-08-31
REO006761,O0017,I0009,5,28,42,High,Ordered,2026-08-31
REO006762,O0158,I0064,19,24,39,Medium,Ordered,2026-08-31
REO006763,O0165,I0060,9,25,50,High,Received,2026-08-31
REO006764,O0006,I0009,12,28,45,High,Approved,2026-08-31
REO006765,O0459,I0049,23,24,72,Medium,Received,2026-08-31
REO006766,O0150,I0061,21,30,93,Medium,Ordered,2026-08-31
REO006767,O0325,I0109,0,21,92,Critical,Pending,2026-08-31
REO006768,O0033,I0164,10,26,66,High,Ordered,2026-08-31
REO006769,O0467,I0025,24,27,42,Medium,Approved,2026-08-31
REO006770,O0047,I0022,13,37,94,High,Ordered,2026-08-31
REO006771,O0472,I0102,26,27,51,Medium,Ordered,2026-08-31
REO006772,O0018,I0188,13,24,43,Medium,Ordered,2026-08-31
REO006773,O0291,I0094,1,14,99,High,Pending,2026-08-31
REO006774,O0483,I0022,32,32,28,Medium,Approved,2026-08-31
REO006775,O0278,I0090,16,26,80,Medium,Received,2026-08-31
REO006776,O0174,I0058,0,27,50,Critical,Ordered,2026-08-31
REO006777,O0399,I0135,21,31,70,Medium,Received,2026-08-31
REO006778,O0082,I0035,14,22,70,Medium,Approved,2026-08-31
REO006779,O0095,I0022,22,26,52,Medium,Received,2026-08-31
REO006780,O0071,I0017,9,34,84,High,Ordered,2026-08-31
REO006781,O0031,I0200,12,16,80,Medium,Ordered,2026-08-31
REO006782,O0054,I0022,5,27,46,High,Approved,2026-08-31
REO006783,O0198,I0274,10,31,61,High,Approved,2026-08-31
REO006784,O0006,I0160,0,25,82,Critical,Approved,2026-08-31
REO006785,O0076,I0010,15,16,92,Medium,Ordered,2026-08-31
REO006786,O0497,I0139,20,25,69,Medium,Pending,2026-08-31
REO006787,O0008,I0159,23,35,100,Medium,Received,2026-08-31
REO006788,O0013,I0167,13,31,80,High,Pending,2026-08-31
REO006789,O0161,I0058,18,23,62,Medium,Ordered,2026-08-31
REO006790,O0486,I0021,3,29,76,High,Pending,2026-08-31
REO006791,O0415,I0020,29,36,33,Medium,Ordered,2026-08-31
REO006792,O0349,I0116,17,30,56,Medium,Received,2026-08-31
REO006793,O0251,I0091,2,23,100,High,Ordered,2026-08-31
REO006794,O0218,I0074,14,31,110,High,Approved,2026-08-31
REO006795,O0184,I0067,17,17,62,Medium,Approved,2026-08-31
REO006796,O0186,I0267,34,37,55,Medium,Received,2026-08-31
REO006797,O0304,I0099,17,19,48,Medium,Ordered,2026-08-31
REO006798,O0083,I0037,0,16,87,Critical,Pending,2026-08-31
REO006799,O0487,I0018,20,34,48,Medium,Ordered,2026-08-31
REO006800,O0320,I0106,16,23,27,Medium,Pending,2026-08-31
REO006801,O0416,I0018,6,23,68,High,Approved,2026-08-31
REO006802,O0197,I0066,10,26,80,High,Received,2026-08-31
REO006803,O0044,I0020,26,34,46,Medium,Received,2026-08-31
REO006804,O0268,I0090,2,17,72,High,Ordered,2026-08-31
REO006805,O0186,I0068,9,17,63,Medium,Received,2026-08-31
REO006806,O0087,I0037,10,17,76,Medium,Approved,2026-08-31
REO006807,O0188,I0068,10,22,44,High,Approved,2026-08-31
REO006808,O0186,I0071,15,23,54,Medium,Ordered,2026-08-31
REO006809,O0425,I0037,16,33,104,High,Ordered,2026-08-31
REO006810,O0263,I0091,4,12,99,High,Approved,2026-08-31
REO006811,O0417,I0019,19,19,28,Medium,Ordered,2026-08-31
REO006812,O0103,I0041,0,37,65,Critical,Approved,2026-08-31
REO006813,O0444,I0075,24,25,36,Medium,Pending,2026-08-31
REO006814,O0301,I0096,5,19,48,High,Ordered,2026-08-31
REO006815,O0302,I0095,10,39,104,High,Received,2026-08-31
REO006816,O0279,I0091,13,25,91,Medium,Received,2026-08-31
REO006817,O0005,I0194,16,21,51,Medium,Ordered,2026-08-31
REO006818,O0480,I0100,12,32,79,High,Ordered,2026-08-31
REO006819,O0319,I0107,11,30,114,High,Ordered,2026-08-31
REO006820,O0442,I0074,34,34,22,Medium,Pending,2026-08-31
REO006821,O0230,I0078,18,29,65,Medium,Pending,2026-08-31
REO006822,O0322,I0113,7,32,109,High,Approved,2026-08-31
REO006823,O0263,I0090,10,35,93,High,Pending,2026-08-31
REO006824,O0294,I0095,28,30,84,Medium,Ordered,2026-08-31
REO006825,O0470,I0023,14,20,29,Medium,Received,2026-08-31
REO006826,O0052,I0024,15,30,59,Medium,Pending,2026-08-31
REO006827,O0016,I0161,11,16,31,Medium,Received,2026-08-31
REO006828,O0384,I0132,3,19,75,High,Pending,2026-08-31
REO006829,O0058,I0024,1,20,51,High,Approved,2026-08-31
REO006830,O0128,I0049,4,15,103,High,Ordered,2026-08-31
REO006831,O0286,I0094,23,24,51,Medium,Received,2026-08-31
REO006832,O0186,I0263,14,31,63,High,Approved,2026-08-31
REO006833,O0145,I0058,28,31,73,Medium,Received,2026-08-31
REO006834,O0221,I0081,7,13,75,Medium,Received,2026-08-31
REO006835,O0089,I0033,9,23,51,High,Pending,2026-08-31
REO006836,O0173,I0064,0,10,57,Critical,Pending,2026-08-31
REO006837,O0419,I0024,10,27,46,High,Approved,2026-08-31
REO006838,O0025,I0016,2,24,77,High,Approved,2026-08-31
REO006839,O0040,I0158,19,29,59,Medium,Ordered,2026-08-31
REO006840,O0200,I0275,11,30,63,High,Received,2026-08-31
REO006841,O0416,I0020,8,23,110,High,Approved,2026-08-31
REO006842,O0235,I0078,34,35,43,Medium,Ordered,2026-08-31
REO006843,O0035,I0193,27,34,98,Medium,Approved,2026-08-31
REO006844,O0252,I0086,22,23,37,Medium,Ordered,2026-08-31
REO006845,O0172,I0058,11,30,110,High,Approved,2026-08-31
REO006846,O0435,I0053,11,27,80,High,Pending,2026-08-31
REO006847,O0192,I0069,1,33,70,High,Ordered,2026-08-31
REO006848,O0206,I0074,17,19,47,Medium,Approved,2026-08-31
REO006849,O0155,I0065,0,19,84,Critical,Pending,2026-08-31
REO006850,O0097,I0020,8,19,39,High,Ordered,2026-08-31
REO006851,O0224,I0079,13,31,106,High,Ordered,2026-08-31
REO006852,O0483,I0022,32,32,28,Medium,Ordered,2026-08-31
REO006853,O0416,I0018,6,23,68,High,Approved,2026-08-31
REO006854,O0038,I0171,22,25,42,Medium,Ordered,2026-08-31
REO006855,O0271,I0086,1,27,66,High,Ordered,2026-08-31
REO006856,O0029,I0014,25,28,37,Medium,Received,2026-08-31
REO006857,O0462,I0024,13,24,37,Medium,Pending,2026-08-31
REO006858,O0088,I0034,1,18,47,High,Ordered,2026-08-31
REO006859,O0491,I0138,2,37,54,High,Received,2026-08-31
REO006860,O0257,I0092,10,32,48,High,Ordered,2026-08-31
REO006861,O0188,I0067,10,32,116,High,Ordered,2026-08-31
REO006862,O0155,I0061,18,27,37,Medium,Approved,2026-08-31
REO006863,O0159,I0064,2,25,81,High,Received,2026-08-31
REO006864,O0011,I0198,18,36,40,Medium,Pending,2026-08-31
REO006865,O0143,I0061,12,16,31,Medium,Ordered,2026-08-31
REO006866,O0174,I0063,7,31,66,High,Approved,2026-08-31
REO006867,O0002,I0168,32,35,76,Medium,Ordered,2026-08-31
REO006868,O0456,I0049,1,17,49,High,Approved,2026-08-31
REO006869,O0035,I0193,27,34,98,Medium,Approved,2026-08-31
REO006870,O0200,I0275,11,30,63,High,Received,2026-08-31
REO006871,O0066,I0027,13,22,59,Medium,Received,2026-08-31
REO006872,O0034,I0003,12,15,70,Medium,Pending,2026-08-31
REO006873,O0028,I0015,2,27,50,High,Approved,2026-08-31
REO006874,O0081,I0033,26,28,61,Medium,Approved,2026-08-31
REO006875,O0205,I0073,26,27,29,Medium,Received,2026-08-31
REO006876,O0486,I0025,27,36,62,Medium,Approved,2026-08-31
REO006877,O0087,I0037,10,17,76,Medium,Ordered,2026-08-31
REO006878,O0429,I0033,7,29,44,High,Ordered,2026-08-31
REO006879,O0276,I0087,10,13,59,Medium,Ordered,2026-08-31
REO006880,O0193,I0268,21,22,41,Medium,Received,2026-08-31
REO006881,O0197,I0066,10,26,80,High,Received,2026-08-31
REO006882,O0481,I0018,12,27,49,High,Pending,2026-08-31
REO006883,O0404,I0141,18,23,61,Medium,Approved,2026-08-31
REO006884,O0031,I0006,6,25,105,High,Received,2026-08-31
REO006885,O0358,I0121,7,20,43,High,Approved,2026-08-31
REO006886,O0301,I0098,9,16,54,Medium,Pending,2026-08-31
REO006887,O0302,I0095,10,39,104,High,Received,2026-08-31
REO006888,O0439,I0053,21,35,71,Medium,Received,2026-08-31
REO006889,O0444,I0074,15,32,58,High,Ordered,2026-08-31
REO006890,O0427,I0034,18,21,43,Medium,Ordered,2026-08-31
REO006891,O0059,I0022,23,28,92,Medium,Pending,2026-08-31
REO006892,O0003,I0193,4,16,71,High,Received,2026-08-31
REO006893,O0008,I0168,17,17,58,Medium,Ordered,2026-08-31
REO006894,O0453,I0051,12,33,85,High,Received,2026-08-31
REO006895,O0205,I0073,26,27,29,Medium,Approved,2026-08-31
REO006896,O0072,I0011,30,31,37,Medium,Received,2026-08-31
REO006897,O0236,I0081,0,27,111,Critical,Approved,2026-08-31
REO006898,O0338,I0109,5,21,87,High,Ordered,2026-08-31
REO006899,O0190,I0264,0,30,108,Critical,Pending,2026-08-31
REO006900,O0470,I0023,14,20,29,Medium,Approved,2026-08-31
REO006901,O0003,I0193,4,16,71,High,Ordered,2026-08-31
REO006902,O0491,I0138,2,37,54,High,Pending,2026-08-31
REO006903,O0099,I0023,17,27,37,Medium,Received,2026-08-31
REO006904,O0393,I0134,15,17,79,Medium,Ordered,2026-08-31
REO006905,O0150,I0061,21,30,93,Medium,Pending,2026-08-31
REO006906,O0486,I0025,27,36,62,Medium,Pending,2026-08-31
REO006907,O0164,I0062,19,27,60,Medium,Ordered,2026-08-31
REO006908,O0249,I0083,12,16,85,Medium,Approved,2026-08-31
REO006909,O0163,I0063,2,23,99,High,Ordered,2026-08-31
REO006910,O0018,I0188,13,24,43,Medium,Pending,2026-08-31
REO006911,O0188,I0272,23,24,90,Medium,Ordered,2026-08-31
REO006912,O0442,I0072,17,32,90,Medium,Ordered,2026-08-31
REO006913,O0407,I0140,3,34,124,High,Pending,2026-08-31
REO006914,O0295,I0095,30,33,52,Medium,Approved,2026-08-31
REO006915,O0302,I0096,17,19,70,Medium,Approved,2026-08-31
REO006916,O0200,I0068,15,30,67,Medium,Pending,2026-08-31
REO006917,O0429,I0036,12,29,61,High,Received,2026-08-31
REO006918,O0302,I0099,15,24,32,Medium,Pending,2026-08-31
REO006919,O0438,I0056,1,28,82,High,Received,2026-08-31
REO006920,O0028,I0015,2,27,50,High,Received,2026-08-31
REO006921,O0185,I0275,16,19,51,Medium,Ordered,2026-08-31
REO006922,O0196,I0273,12,31,105,High,Ordered,2026-08-31
REO006923,O0417,I0018,8,15,58,Medium,Received,2026-08-31
REO006924,O0175,I0065,10,16,30,Medium,Pending,2026-08-31
REO006925,O0317,I0108,9,20,108,High,Ordered,2026-08-31
REO006926,O0018,I0194,13,35,65,High,Ordered,2026-08-31
REO006927,O0164,I0062,19,27,60,Medium,Pending,2026-08-31
REO006928,O0164,I0062,19,27,60,Medium,Approved,2026-08-31
REO006929,O0033,I0193,10,18,77,Medium,Pending,2026-08-31
REO006930,O0314,I0106,18,23,89,Medium,Approved,2026-08-31
REO006931,O0467,I0021,24,36,73,Medium,Received,2026-08-31
REO006932,O0197,I0272,7,34,91,High,Pending,2026-08-31
REO006933,O0276,I0087,10,13,59,Medium,Pending,2026-08-31
REO006934,O0085,I0034,15,29,38,Medium,Approved,2026-08-31
REO006935,O0155,I0061,18,27,37,Medium,Ordered,2026-08-31
REO006936,O0169,I0061,22,27,92,Medium,Received,2026-08-31
REO006937,O0180,I0065,11,36,68,High,Ordered,2026-08-31
REO006938,O0440,I0054,4,20,90,High,Approved,2026-08-31
REO006939,O0483,I0021,5,35,115,High,Ordered,2026-08-31
REO006940,O0016,I0172,4,20,78,High,Approved,2026-08-31
REO006941,O0165,I0065,13,16,27,Medium,Approved,2026-08-31
REO006942,O0367,I0122,6,34,91,High,Pending,2026-08-31
REO006943,O0308,I0095,24,37,75,Medium,Received,2026-08-31
REO006944,O0011,I0198,18,36,40,Medium,Approved,2026-08-31
REO006945,O0013,I0167,13,31,80,High,Pending,2026-08-31
REO006946,O0333,I0110,9,25,94,High,Pending,2026-08-31
REO006947,O0183,I0267,13,22,91,Medium,Ordered,2026-08-31
REO006948,O0194,I0068,4,20,104,High,Ordered,2026-08-31
REO006949,O0380,I0129,13,21,101,Medium,Ordered,2026-08-31
REO006950,O0194,I0068,4,20,104,High,Pending,2026-08-31
REO006951,O0016,I0197,1,32,90,High,Received,2026-08-31
REO006952,O0020,I0170,13,27,35,High,Ordered,2026-08-31
REO006953,O0036,I0194,30,34,28,Medium,Ordered,2026-08-31
REO006954,O0314,I0107,13,21,65,Medium,Approved,2026-08-31
REO006955,O0416,I0018,6,23,68,High,Pending,2026-08-31
REO006956,O0041,I0024,16,31,77,Medium,Received,2026-08-31
REO006957,O0074,I0011,10,32,59,High,Approved,2026-08-31
REO006958,O0452,I0049,6,26,68,High,Received,2026-08-31
REO006959,O0194,I0277,23,28,52,Medium,Ordered,2026-08-31
REO006960,O0125,I0050,3,29,57,High,Ordered,2026-08-31
REO006961,O0414,I0024,1,13,83,High,Ordered,2026-08-31
REO006962,O0007,I0004,20,36,39,Medium,Ordered,2026-08-31
REO006963,O0128,I0049,4,15,103,High,Ordered,2026-08-31
REO006964,O0309,I0097,13,32,62,High,Ordered,2026-08-31
REO006965,O0097,I0020,8,19,39,High,Approved,2026-08-31
REO006966,O0278,I0087,20,36,77,Medium,Received,2026-08-31
REO006967,O0190,I0264,0,30,108,Critical,Approved,2026-08-31
REO006968,O0065,I0030,6,16,41,High,Approved,2026-08-31
REO006969,O0376,I0127,20,24,48,Medium,Pending,2026-08-31
REO006970,O0200,I0070,0,22,46,Critical,Ordered,2026-08-31
REO006971,O0234,I0081,7,23,82,High,Approved,2026-08-31
REO006972,O0053,I0025,25,29,32,Medium,Pending,2026-08-31
REO006973,O0486,I0025,27,36,62,Medium,Pending,2026-08-31
REO006974,O0014,I0172,15,32,51,High,Approved,2026-08-31
REO006975,O0469,I0020,5,17,42,High,Received,2026-08-31
REO006976,O0484,I0024,8,32,108,High,Received,2026-08-31
REO006977,O0413,I0023,3,22,102,High,Ordered,2026-08-31
REO006978,O0035,I0197,10,35,84,High,Pending,2026-08-31
REO006979,O0303,I0096,11,33,112,High,Approved,2026-08-31
REO006980,O0103,I0041,0,37,65,Critical,Pending,2026-08-31
REO006981,O0418,I0022,35,36,86,Medium,Ordered,2026-08-31
REO006982,O0161,I0062,8,33,60,High,Received,2026-08-31
REO006983,O0033,I0007,19,32,63,Medium,Ordered,2026-08-31
REO006984,O0271,I0086,1,27,66,High,Ordered,2026-08-31
REO006985,O0456,I0049,1,17,49,High,Approved,2026-08-31
REO006986,O0231,I0080,1,26,48,High,Received,2026-08-31
REO006987,O0180,I0065,11,36,68,High,Approved,2026-08-31
REO006988,O0179,I0063,19,34,102,Medium,Received,2026-08-31
REO006989,O0253,I0088,11,31,100,High,Ordered,2026-08-31
REO006990,O0369,I0124,26,30,96,Medium,Ordered,2026-08-31
REO006991,O0128,I0049,4,15,103,High,Pending,2026-08-31
REO006992,O0254,I0092,4,20,103,High,Pending,2026-08-31
REO006993,O0186,I0068,9,17,63,Medium,Approved,2026-08-31
REO006994,O0007,I0004,20,36,39,Medium,Ordered,2026-08-31
REO006995,O0120,I0045,7,19,95,High,Received,2026-08-31
REO006996,O0142,I0064,5,18,95,High,Pending,2026-08-31
REO006997,O0451,I0050,10,15,40,Medium,Received,2026-08-31
REO006998,O0010,I0158,1,26,96,High,Ordered,2026-08-31
REO006999,O0244,I0082,2,36,82,High,Received,2026-08-31
REO007000,O0197,I0270,14,16,31,Medium,Approved,2026-08-31
REO007001,O0197,I0270,14,16,31,Medium,Ordered,2026-08-31
REO007002,O0019,I0166,18,29,67,Medium,Ordered,2026-08-31
REO007003,O0407,I0140,3,34,124,High,Ordered,2026-08-31
REO007004,O0413,I0023,3,22,102,High,Approved,2026-08-31
REO007005,O0221,I0081,7,13,75,Medium,Ordered,2026-08-31
REO007006,O0340,I0111,3,35,93,High,Ordered,2026-08-31
REO007007,O0463,I0022,9,18,45,Medium,Ordered,2026-08-31
REO007008,O0019,I0167,13,31,74,High,Ordered,2026-08-31
REO007009,O0192,I0266,1,22,41,High,Approved,2026-08-31
REO007010,O0393,I0134,15,17,79,Medium,Approved,2026-08-31
REO007011,O0015,I0167,10,17,32,Medium,Pending,2026-08-31
REO007012,O0187,I0277,20,24,31,Medium,Ordered,2026-08-31
REO007013,O0364,I0123,0,25,97,Critical,Ordered,2026-08-31
REO007014,O0312,I0108,36,37,35,Medium,Pending,2026-08-31
REO007015,O0153,I0061,8,15,46,Medium,Pending,2026-08-31
REO007016,O0487,I0018,20,34,48,Medium,Pending,2026-08-31
REO007017,O0001,I0172,23,28,37,Medium,Received,2026-08-31
REO007018,O0347,I0115,16,22,57,Medium,Ordered,2026-08-31
REO007019,O0150,I0064,7,25,106,High,Approved,2026-08-31
REO007020,O0038,I0193,2,32,90,High,Approved,2026-08-31
REO007021,O0046,I0022,7,24,58,High,Received,2026-08-31
REO007022,O0497,I0139,20,25,69,Medium,Ordered,2026-08-31
REO007023,O0256,I0091,23,28,39,Medium,Ordered,2026-08-31
REO007024,O0334,I0113,1,24,60,High,Pending,2026-08-31
REO007025,O0301,I0098,9,16,54,Medium,Pending,2026-08-31
REO007026,O0468,I0020,8,27,66,High,Pending,2026-08-31
REO007027,O0165,I0062,5,19,79,High,Pending,2026-08-31
REO007028,O0216,I0073,11,18,86,Medium,Ordered,2026-08-31
REO007029,O0017,I0006,4,25,47,High,Received,2026-08-31
REO007030,O0449,I0076,3,18,56,High,Approved,2026-08-31
REO007031,O0016,I0161,11,16,31,Medium,Ordered,2026-08-31
REO007032,O0208,I0072,20,28,53,Medium,Ordered,2026-08-31
REO007033,O0262,I0086,18,33,96,Medium,Approved,2026-08-31
REO007034,O0284,I0095,9,15,55,Medium,Received,2026-08-31
REO007035,O0416,I0020,8,23,110,High,Pending,2026-08-31
REO007036,O0199,I0274,16,30,59,Medium,Approved,2026-08-31
REO007037,O0228,I0080,16,28,90,Medium,Ordered,2026-08-31
REO007038,O0284,I0093,3,19,59,High,Ordered,2026-08-31
REO007039,O0419,I0024,10,27,46,High,Approved,2026-08-31
REO007040,O0333,I0110,9,25,94,High,Pending,2026-08-31
REO007041,O0059,I0022,23,28,92,Medium,Approved,2026-08-31
REO007042,O0012,I0007,6,34,107,High,Pending,2026-08-31
REO007043,O0312,I0108,36,37,35,Medium,Received,2026-08-31
REO007044,O0236,I0081,0,27,111,Critical,Ordered,2026-08-31
REO007045,O0035,I0193,27,34,98,Medium,Ordered,2026-08-31
REO007046,O0092,I0024,4,15,99,High,Ordered,2026-08-31
REO007047,O0291,I0094,1,14,99,High,Approved,2026-08-31
REO007048,O0017,I0005,13,26,75,Medium,Received,2026-08-31
REO007049,O0270,I0092,22,30,54,Medium,Ordered,2026-08-31
REO007050,O0065,I0030,6,16,41,High,Ordered,2026-08-31
REO007051,O0159,I0063,5,17,48,High,Pending,2026-08-31
REO007052,O0009,I0006,19,27,90,Medium,Received,2026-08-31
REO007053,O0074,I0017,9,29,67,High,Ordered,2026-08-31
REO007054,O0031,I0158,24,25,32,Medium,Ordered,2026-08-31
REO007055,O0184,I0070,2,27,96,High,Approved,2026-08-31
REO007056,O0016,I0191,1,25,51,High,Approved,2026-08-31
REO007057,O0329,I0112,30,32,36,Medium,Pending,2026-08-31
REO007058,O0259,I0090,8,33,73,High,Pending,2026-08-31
REO007059,O0055,I0025,24,25,99,Medium,Ordered,2026-08-31
REO007060,O0346,I0115,15,17,33,Medium,Pending,2026-08-31
REO007061,O0454,I0050,16,37,84,High,Pending,2026-08-31
REO007062,O0258,I0087,7,17,57,High,Pending,2026-08-31
REO007063,O0011,I0192,3,15,71,High,Approved,2026-08-31
REO007064,O0192,I0271,19,35,79,Medium,Ordered,2026-08-31
REO007065,O0121,I0050,21,25,90,Medium,Received,2026-08-31
REO007066,O0263,I0091,4,12,99,High,Pending,2026-08-31
REO007067,O0128,I0049,4,15,103,High,Received,2026-08-31
REO007068,O0078,I0017,8,19,43,High,Received,2026-08-31
REO007069,O0191,I0071,10,23,64,High,Pending,2026-08-31
REO007070,O0099,I0023,17,27,37,Medium,Pending,2026-08-31
REO007071,O0246,I0084,15,34,103,High,Ordered,2026-08-31
REO007072,O0411,I0021,0,22,69,Critical,Pending,2026-08-31
REO007073,O0372,I0126,6,23,45,High,Approved,2026-08-31
REO007074,O0157,I0060,21,29,38,Medium,Pending,2026-08-31
REO007075,O0355,I0120,18,33,70,Medium,Approved,2026-08-31
REO007076,O0404,I0138,1,20,54,High,Ordered,2026-08-31
REO007077,O0283,I0094,1,34,119,High,Ordered,2026-08-31
REO007078,O0186,I0071,15,23,54,Medium,Ordered,2026-08-31
REO007079,O0131,I0053,8,17,66,High,Received,2026-08-31
REO007080,O0062,I0030,5,17,75,High,Received,2026-08-31
REO007081,O0122,I0049,25,28,24,Medium,Approved,2026-08-31
REO007082,O0179,I0063,19,34,102,Medium,Approved,2026-08-31
REO007083,O0495,I0139,4,19,104,High,Ordered,2026-08-31
REO007084,O0495,I0139,4,19,104,High,Ordered,2026-08-31
REO007085,O0159,I0063,5,17,48,High,Approved,2026-08-31
REO007086,O0354,I0118,24,26,43,Medium,Ordered,2026-08-31
REO007087,O0138,I0057,12,28,41,High,Ordered,2026-08-31
REO007088,O0494,I0142,10,21,96,High,Received,2026-08-31
REO007089,O0171,I0058,9,25,80,High,Ordered,2026-08-31
REO007090,O0286,I0094,23,24,51,Medium,Pending,2026-08-31
REO007091,O0105,I0038,20,30,45,Medium,Approved,2026-08-31
REO007092,O0388,I0130,27,29,59,Medium,Ordered,2026-08-31
REO007093,O0291,I0097,15,21,60,Medium,Ordered,2026-08-31
REO007094,O0089,I0033,9,23,51,High,Approved,2026-08-31
REO007095,O0022,I0014,10,28,50,High,Approved,2026-08-31
REO007096,O0355,I0120,18,33,70,Medium,Ordered,2026-08-31
REO007097,O0320,I0106,16,23,27,Medium,Ordered,2026-08-31
REO007098,O0142,I0064,5,18,95,High,Ordered,2026-08-31
REO007099,O0047,I0022,13,37,94,High,Approved,2026-08-31
REO007100,O0301,I0096,5,19,48,High,Ordered,2026-08-31
REO007101,O0132,I0054,10,33,97,High,Ordered,2026-08-31
REO007102,O0193,I0268,21,22,41,Medium,Pending,2026-08-31
REO007103,O0181,I0274,2,19,66,High,Ordered,2026-08-31
REO007104,O0186,I0068,9,17,63,Medium,Ordered,2026-08-31
REO007105,O0084,I0033,22,33,92,Medium,Pending,2026-08-31
REO007106,O0193,I0276,19,37,53,Medium,Approved,2026-08-31
REO007107,O0442,I0072,17,32,90,Medium,Pending,2026-08-31
REO007108,O0174,I0062,25,36,68,Medium,Ordered,2026-08-31
REO007109,O0005,I0002,10,21,36,High,Ordered,2026-08-31
REO007110,O0463,I0023,9,22,91,High,Ordered,2026-08-31
REO007111,O0006,I0168,14,24,40,Medium,Approved,2026-08-31
REO007112,O0216,I0073,11,18,86,Medium,Ordered,2026-08-31
REO007113,O0258,I0087,7,17,57,High,Ordered,2026-08-31
REO007114,O0199,I0271,15,18,56,Medium,Pending,2026-08-31
REO007115,O0192,I0069,1,33,70,High,Received,2026-08-31
REO007116,O0413,I0023,3,22,102,High,Ordered,2026-08-31
REO007117,O0084,I0032,3,28,90,High,Ordered,2026-08-31
REO007118,O0249,I0083,12,16,85,Medium,Approved,2026-08-31
REO007119,O0325,I0109,0,21,92,Critical,Ordered,2026-08-31
REO007120,O0346,I0114,16,26,42,Medium,Approved,2026-08-31
REO007121,O0011,I0192,3,15,71,High,Approved,2026-08-31
REO007122,O0189,I0067,0,30,110,Critical,Pending,2026-08-31
REO007123,O0005,I0188,24,24,54,Medium,Received,2026-08-31
REO007124,O0294,I0095,28,30,84,Medium,Ordered,2026-08-31
REO007125,O0291,I0094,1,14,99,High,Pending,2026-08-31
REO007126,O0390,I0133,7,29,87,High,Ordered,2026-08-31
REO007127,O0326,I0110,9,20,60,High,Ordered,2026-08-31
REO007128,O0238,I0080,21,22,38,Medium,Ordered,2026-08-31
REO007129,O0062,I0030,5,17,75,High,Ordered,2026-08-31
REO007130,O0450,I0075,15,39,40,High,Approved,2026-08-31
REO007131,O0188,I0071,21,25,58,Medium,Approved,2026-08-31
REO007132,O0218,I0075,19,22,69,Medium,Ordered,2026-08-31
REO007133,O0074,I0011,10,32,59,High,Approved,2026-08-31
REO007134,O0485,I0018,20,25,27,Medium,Pending,2026-08-31
REO007135,O0322,I0113,7,32,109,High,Approved,2026-08-31
REO007136,O0111,I0046,17,23,85,Medium,Pending,2026-08-31
REO007137,O0019,I0167,13,31,74,High,Approved,2026-08-31
REO007138,O0025,I0016,2,24,77,High,Received,2026-08-31
REO007139,O0465,I0018,9,22,72,High,Ordered,2026-08-31
REO007140,O0169,I0060,10,14,55,Medium,Approved,2026-08-31
REO007141,O0444,I0075,24,25,36,Medium,Approved,2026-08-31
REO007142,O0431,I0056,26,29,41,Medium,Approved,2026-08-31
REO007143,O0015,I0196,6,15,66,High,Approved,2026-08-31
REO007144,O0249,I0083,12,16,85,Medium,Ordered,2026-08-31
REO007145,O0049,I0023,14,19,34,Medium,Ordered,2026-08-31
REO007146,O0162,I0059,15,30,85,Medium,Received,2026-08-31
REO007147,O0033,I0164,10,26,66,High,Received,2026-08-31
REO007148,O0180,I0065,11,36,68,High,Pending,2026-08-31
REO007149,O0255,I0089,3,13,68,High,Approved,2026-08-31
REO007150,O0002,I0167,5,26,84,High,Pending,2026-08-31
REO007151,O0223,I0078,4,34,104,High,Pending,2026-08-31
REO007152,O0016,I0165,23,32,79,Medium,Approved,2026-08-31
REO007153,O0312,I0108,36,37,35,Medium,Ordered,2026-08-31
REO007154,O0390,I0131,13,30,94,High,Ordered,2026-08-31
REO007155,O0490,I0021,16,31,75,Medium,Approved,2026-08-31
REO007156,O0096,I0024,5,31,66,High,Ordered,2026-08-31
REO007157,O0082,I0035,14,22,70,Medium,Received,2026-08-31
REO007158,O0197,I0263,11,31,114,High,Ordered,2026-08-31
REO007159,O0017,I0006,4,25,47,High,Received,2026-08-31
REO007160,O0346,I0115,15,17,33,Medium,Approved,2026-08-31
REO007161,O0022,I0014,10,28,50,High,Pending,2026-08-31
REO007162,O0465,I0018,9,22,72,High,Approved,2026-08-31
REO007163,O0485,I0018,20,25,27,Medium,Approved,2026-08-31
REO007164,O0263,I0087,7,35,87,High,Approved,2026-08-31
REO007165,O0418,I0020,13,28,72,High,Ordered,2026-08-31
REO007166,O0218,I0075,19,22,69,Medium,Approved,2026-08-31
REO007167,O0020,I0195,13,14,33,Medium,Approved,2026-08-31
REO007168,O0011,I0192,3,15,71,High,Pending,2026-08-31
REO007169,O0197,I0066,10,26,80,High,Ordered,2026-08-31
REO007170,O0165,I0064,36,37,61,Medium,Ordered,2026-08-31
REO007171,O0429,I0036,12,29,61,High,Approved,2026-08-31
REO007172,O0438,I0056,1,28,82,High,Ordered,2026-08-31
REO007173,O0038,I0193,2,32,90,High,Ordered,2026-08-31
REO007174,O0244,I0084,14,16,59,Medium,Ordered,2026-08-31
REO007175,O0128,I0050,12,17,91,Medium,Received,2026-08-31
REO007176,O0171,I0062,5,11,75,High,Approved,2026-08-31
REO007177,O0246,I0084,15,34,103,High,Approved,2026-08-31
REO007178,O0020,I0170,13,27,35,High,Ordered,2026-08-31
REO007179,O0039,I0164,1,31,70,High,Ordered,2026-08-31
REO007180,O0017,I0164,8,22,43,High,Received,2026-08-31
REO007181,O0363,I0123,11,25,104,High,Approved,2026-08-31
REO007182,O0485,I0018,20,25,27,Medium,Approved,2026-08-31
REO007183,O0340,I0112,18,34,33,Medium,Approved,2026-08-31
REO007184,O0197,I0273,22,29,38,Medium,Pending,2026-08-31
REO007185,O0053,I0024,3,31,120,High,Approved,2026-08-31
REO007186,O0188,I0068,10,22,44,High,Approved,2026-08-31
REO007187,O0066,I0030,14,15,81,Medium,Approved,2026-08-31
REO007188,O0470,I0023,14,20,29,Medium,Ordered,2026-08-31
REO007189,O0362,I0125,5,34,94,High,Pending,2026-08-31
REO007190,O0185,I0275,16,19,51,Medium,Ordered,2026-08-31
REO007191,O0095,I0022,22,26,52,Medium,Received,2026-08-31
REO007192,O0005,I0194,16,21,51,Medium,Approved,2026-08-31
REO007193,O0210,I0072,0,29,60,Critical,Ordered,2026-08-31
REO007194,O0301,I0098,9,16,54,Medium,Ordered,2026-08-31
REO007195,O0002,I0192,26,32,103,Medium,Approved,2026-08-31
REO007196,O0021,I0014,9,20,91,High,Approved,2026-08-31
REO007197,O0031,I0162,23,25,90,Medium,Approved,2026-08-31
REO007198,O0487,I0018,20,34,48,Medium,Received,2026-08-31
REO007199,O0472,I0101,15,21,63,Medium,Approved,2026-08-31
REO007200,O0014,I0160,23,31,45,Medium,Approved,2026-08-31
REO007201,O0077,I0010,21,28,59,Medium,Received,2026-08-31
REO007202,O0166,I0061,8,26,101,High,Approved,2026-08-31
REO007203,O0404,I0139,20,28,59,Medium,Ordered,2026-08-31
REO007204,O0076,I0010,15,16,92,Medium,Ordered,2026-08-31
REO007205,O0055,I0019,17,25,45,Medium,Ordered,2026-08-31
REO007206,O0044,I0019,6,29,52,High,Received,2026-08-31
REO007207,O0188,I0277,25,34,56,Medium,Ordered,2026-08-31
REO007208,O0270,I0091,14,34,86,High,Pending,2026-08-31
REO007209,O0163,I0064,19,24,67,Medium,Received,2026-08-31
REO007210,O0354,I0118,24,26,43,Medium,Received,2026-08-31
REO007211,O0491,I0138,2,37,54,High,Approved,2026-08-31
REO007212,O0040,I0190,8,22,41,High,Ordered,2026-08-31
REO007213,O0432,I0054,11,26,55,High,Pending,2026-08-31
REO007214,O0455,I0052,18,21,81,Medium,Received,2026-08-31
REO007215,O0249,I0083,12,16,85,Medium,Approved,2026-08-31
REO007216,O0008,I0193,21,21,43,Medium,Received,2026-08-31
REO007217,O0226,I0081,16,27,30,Medium,Approved,2026-08-31
REO007218,O0223,I0078,4,34,104,High,Ordered,2026-08-31
REO007219,O0114,I0046,30,30,75,Medium,Approved,2026-08-31
REO007220,O0206,I0074,17,19,47,Medium,Pending,2026-08-31
REO007221,O0186,I0267,34,37,55,Medium,Ordered,2026-08-31
REO007222,O0074,I0017,9,29,67,High,Ordered,2026-08-31
REO007223,O0468,I0020,8,27,66,High,Ordered,2026-08-31
REO007224,O0018,I0188,13,24,43,Medium,Ordered,2026-08-31
REO007225,O0300,I0099,18,24,44,Medium,Pending,2026-08-31
REO007226,O0125,I0050,3,29,57,High,Received,2026-08-31
REO007227,O0120,I0045,7,19,95,High,Ordered,2026-08-31
REO007228,O0249,I0083,12,16,85,Medium,Received,2026-08-31
REO007229,O0132,I0054,10,33,97,High,Pending,2026-08-31
REO007230,O0045,I0023,0,29,89,Critical,Ordered,2026-08-31
REO007231,O0019,I0167,13,31,74,High,Approved,2026-08-31
REO007232,O0018,I0194,13,35,65,High,Received,2026-08-31
REO007233,O0021,I0017,27,36,46,Medium,Pending,2026-08-31
REO007234,O0029,I0010,15,21,72,Medium,Ordered,2026-08-31
REO007235,O0191,I0268,26,31,99,Medium,Ordered,2026-08-31
REO007236,O0451,I0050,10,15,40,Medium,Approved,2026-08-31
REO007237,O0002,I0171,18,29,29,Medium,Ordered,2026-08-31
REO007238,O0245,I0083,5,23,97,High,Approved,2026-08-31
REO007239,O0244,I0082,2,36,82,High,Pending,2026-08-31
REO007240,O0493,I0139,1,24,102,High,Approved,2026-08-31
REO007241,O0197,I0272,7,34,91,High,Ordered,2026-08-31
REO007242,O0487,I0018,20,34,48,Medium,Pending,2026-08-31
REO007243,O0220,I0073,7,15,43,High,Approved,2026-08-31
REO007244,O0020,I0168,8,27,79,High,Received,2026-08-31
REO007245,O0327,I0110,3,26,78,High,Ordered,2026-08-31
REO007246,O0066,I0027,13,22,59,Medium,Ordered,2026-08-31
REO007247,O0009,I0201,9,25,99,High,Pending,2026-08-31
REO007248,O0465,I0018,9,22,72,High,Received,2026-08-31
REO007249,O0291,I0097,15,21,60,Medium,Pending,2026-08-31
REO007250,O0355,I0121,39,39,56,Medium,Pending,2026-08-31
REO007251,O0145,I0058,28,31,73,Medium,Ordered,2026-08-31
REO007252,O0043,I0024,23,30,98,Medium,Received,2026-08-31
REO007253,O0390,I0131,13,30,94,High,Ordered,2026-08-31
REO007254,O0367,I0122,6,34,91,High,Received,2026-08-31
REO007255,O0036,I0194,30,34,28,Medium,Approved,2026-08-31
REO007256,O0009,I0201,9,25,99,High,Ordered,2026-08-31
REO007257,O0050,I0022,5,33,83,High,Approved,2026-08-31
REO007258,O0199,I0269,13,28,81,High,Ordered,2026-08-31
REO007259,O0002,I0165,7,13,102,Medium,Approved,2026-08-31
REO007260,O0262,I0086,18,33,96,Medium,Approved,2026-08-31
REO007261,O0004,I0164,13,30,76,High,Pending,2026-08-31
REO007262,O0373,I0128,4,13,42,High,Ordered,2026-08-31
REO007263,O0186,I0263,14,31,63,High,Ordered,2026-08-31
REO007264,O0309,I0095,14,30,107,High,Approved,2026-08-31
REO007265,O0295,I0095,30,33,52,Medium,Approved,2026-08-31
REO007266,O0114,I0048,9,27,83,High,Pending,2026-08-31
REO007267,O0219,I0074,10,23,83,High,Approved,2026-08-31
REO007268,O0195,I0066,20,30,64,Medium,Approved,2026-08-31
REO007269,O0171,I0058,9,25,80,High,Received,2026-08-31
REO007270,O0017,I0005,13,26,75,Medium,Pending,2026-08-31
REO007271,O0244,I0084,14,16,59,Medium,Ordered,2026-08-31
REO007272,O0218,I0074,14,31,110,High,Ordered,2026-08-31
REO007273,O0424,I0035,22,30,81,Medium,Pending,2026-08-31
REO007274,O0174,I0058,0,27,50,Critical,Approved,2026-08-31
REO007275,O0043,I0024,23,30,98,Medium,Approved,2026-08-31
REO007276,O0019,I0167,13,31,74,High,Pending,2026-08-31
REO007277,O0308,I0098,6,12,55,Medium,Approved,2026-08-31
REO007278,O0045,I0023,0,29,89,Critical,Pending,2026-08-31
REO007279,O0029,I0010,15,21,72,Medium,Approved,2026-08-31
REO007280,O0007,I0004,20,36,39,Medium,Ordered,2026-08-31
REO007281,O0378,I0126,27,32,37,Medium,Ordered,2026-08-31
REO007282,O0440,I0057,0,15,98,Critical,Ordered,2026-08-31
REO007283,O0138,I0057,12,28,41,High,Approved,2026-08-31
REO007284,O0005,I0006,3,23,110,High,Pending,2026-08-31
REO007285,O0376,I0129,3,22,67,High,Ordered,2026-08-31
REO007286,O0236,I0081,0,27,111,Critical,Ordered,2026-08-31
REO007287,O0333,I0109,11,23,94,High,Approved,2026-08-31
REO007288,O0012,I0007,6,34,107,High,Received,2026-08-31
REO007289,O0188,I0272,23,24,90,Medium,Pending,2026-08-31
REO007290,O0321,I0111,5,18,102,High,Ordered,2026-08-31
REO007291,O0229,I0079,2,29,62,High,Received,2026-08-31
REO007292,O0442,I0072,17,32,90,Medium,Approved,2026-08-31
REO007293,O0194,I0068,4,20,104,High,Received,2026-08-31
REO007294,O0369,I0124,26,30,96,Medium,Ordered,2026-08-31
REO007295,O0236,I0079,5,20,82,High,Pending,2026-08-31
REO007296,O0132,I0054,10,33,97,High,Approved,2026-08-31
REO007297,O0056,I0021,31,35,31,Medium,Received,2026-08-31
REO007298,O0228,I0077,13,20,74,Medium,Ordered,2026-08-31
REO007299,O0325,I0109,0,21,92,Critical,Approved,2026-08-31
REO007300,O0108,I0039,9,12,99,Medium,Pending,2026-08-31
REO007301,O0003,I0003,3,29,52,High,Ordered,2026-08-31
REO007302,O0331,I0109,2,13,73,High,Approved,2026-08-31
REO007303,O0270,I0092,22,30,54,Medium,Pending,2026-08-31
REO007304,O0196,I0070,8,14,96,Medium,Received,2026-08-31
REO007305,O0006,I0162,3,22,40,High,Ordered,2026-08-31
REO007306,O0388,I0130,27,29,59,Medium,Approved,2026-08-31
REO007307,O0025,I0016,2,24,77,High,Approved,2026-08-31
REO007308,O0247,I0085,1,26,114,High,Ordered,2026-08-31
REO007309,O0092,I0020,11,16,86,Medium,Approved,2026-08-31
REO007310,O0283,I0094,1,34,119,High,Pending,2026-08-31
REO007311,O0008,I0001,15,22,56,Medium,Approved,2026-08-31
REO007312,O0373,I0128,4,13,42,High,Ordered,2026-08-31
REO007313,O0061,I0027,8,22,52,High,Pending,2026-08-31
REO007314,O0467,I0023,3,18,92,High,Received,2026-08-31
REO007315,O0417,I0018,8,15,58,Medium,Ordered,2026-08-31
REO007316,O0463,I0024,7,31,77,High,Ordered,2026-08-31
REO007317,O0009,I0167,8,16,45,Medium,Approved,2026-08-31
REO007318,O0006,I0168,14,24,40,Medium,Approved,2026-08-31
REO007319,O0444,I0074,15,32,58,High,Ordered,2026-08-31
REO007320,O0465,I0020,9,28,41,High,Ordered,2026-08-31
REO007321,O0177,I0059,7,28,80,High,Pending,2026-08-31
REO007322,O0185,I0068,10,32,55,High,Ordered,2026-08-31
REO007323,O0162,I0061,4,31,107,High,Ordered,2026-08-31
REO007324,O0414,I0025,13,34,85,High,Ordered,2026-08-31
REO007325,O0425,I0037,16,33,104,High,Received,2026-08-31
REO007326,O0023,I0013,18,26,72,Medium,Approved,2026-08-31
REO007327,O0447,I0076,8,26,87,High,Approved,2026-08-31
REO007328,O0244,I0082,2,36,82,High,Received,2026-08-31
REO007329,O0186,I0267,34,37,55,Medium,Ordered,2026-08-31
REO007330,O0062,I0030,5,17,75,High,Pending,2026-08-31
REO007331,O0044,I0018,4,28,48,High,Ordered,2026-08-31
REO007332,O0480,I0100,12,32,79,High,Approved,2026-08-31
REO007333,O0091,I0018,14,28,65,Medium,Pending,2026-08-31
REO007334,O0157,I0060,21,29,38,Medium,Ordered,2026-08-31
REO007335,O0171,I0062,5,11,75,High,Pending,2026-08-31
REO007336,O0165,I0065,13,16,27,Medium,Received,2026-08-31
REO007337,O0364,I0122,16,29,64,Medium,Ordered,2026-08-31
REO007338,O0260,I0089,29,30,76,Medium,Pending,2026-08-31
REO007339,O0005,I0006,3,23,110,High,Approved,2026-08-31
REO007340,O0216,I0075,13,13,35,Medium,Pending,2026-08-31
REO007341,O0364,I0123,0,25,97,Critical,Approved,2026-08-31
REO007342,O0208,I0073,8,22,63,High,Ordered,2026-08-31
REO007343,O0122,I0052,14,23,106,Medium,Received,2026-08-31
REO007344,O0257,I0092,10,32,48,High,Received,2026-08-31
REO007345,O0190,I0264,0,30,108,Critical,Received,2026-08-31
REO007346,O0340,I0111,3,35,93,High,Pending,2026-08-31
REO007347,O0058,I0024,1,20,51,High,Pending,2026-08-31
REO007348,O0373,I0128,4,13,42,High,Approved,2026-08-31
REO007349,O0003,I0003,3,29,52,High,Pending,2026-08-31
REO007350,O0065,I0030,6,16,41,High,Approved,2026-08-31
REO007351,O0076,I0010,15,16,92,Medium,Approved,2026-08-31
REO007352,O0291,I0094,1,14,99,High,Ordered,2026-08-31
REO007353,O0173,I0064,0,10,57,Critical,Pending,2026-08-31
REO007354,O0058,I0024,1,20,51,High,Approved,2026-08-31
REO007355,O0142,I0058,2,16,49,High,Ordered,2026-08-31
REO007356,O0052,I0024,15,30,59,Medium,Ordered,2026-08-31
REO007357,O0081,I0033,26,28,61,Medium,Received,2026-08-31
REO007358,O0404,I0138,1,20,54,High,Ordered,2026-08-31
REO007359,O0330,I0111,12,29,100,High,Pending,2026-08-31
REO007360,O0231,I0080,1,26,48,High,Pending,2026-08-31
REO007361,O0168,I0059,8,27,60,High,Ordered,2026-08-31
REO007362,O0165,I0060,9,25,50,High,Approved,2026-08-31
REO007363,O0335,I0112,17,33,81,Medium,Ordered,2026-08-31
REO007364,O0044,I0018,4,28,48,High,Pending,2026-08-31
REO007365,O0143,I0059,4,21,43,High,Approved,2026-08-31
REO007366,O0302,I0095,10,39,104,High,Approved,2026-08-31
REO007367,O0031,I0158,24,25,32,Medium,Approved,2026-08-31
REO007368,O0210,I0076,10,16,50,Medium,Ordered,2026-08-31
REO007369,O0166,I0061,8,26,101,High,Received,2026-08-31
REO007370,O0134,I0055,22,34,85,Medium,Approved,2026-08-31
REO007371,O0427,I0034,18,21,43,Medium,Ordered,2026-08-31
REO007372,O0058,I0024,1,20,51,High,Received,2026-08-31
REO007373,O0494,I0140,3,38,97,High,Pending,2026-08-31
REO007374,O0249,I0083,12,16,85,Medium,Received,2026-08-31
REO007375,O0409,I0139,32,32,55,Medium,Pending,2026-08-31
REO007376,O0327,I0109,23,30,54,Medium,Ordered,2026-08-31
REO007377,O0256,I0091,23,28,39,Medium,Ordered,2026-08-31
REO007378,O0252,I0086,22,23,37,Medium,Pending,2026-08-31
REO007379,O0216,I0073,11,18,86,Medium,Received,2026-08-31
REO007380,O0164,I0062,19,27,60,Medium,Ordered,2026-08-31
REO007381,O0467,I0025,24,27,42,Medium,Pending,2026-08-31
REO007382,O0375,I0126,2,16,39,High,Ordered,2026-08-31
REO007383,O0179,I0060,5,16,83,High,Pending,2026-08-31
REO007384,O0467,I0025,24,27,42,Medium,Approved,2026-08-31
REO007385,O0385,I0132,16,28,50,Medium,Ordered,2026-08-31
REO007386,O0157,I0060,21,29,38,Medium,Ordered,2026-08-31
REO007387,O0226,I0081,16,27,30,Medium,Approved,2026-08-31
REO007388,O0053,I0025,25,29,32,Medium,Ordered,2026-08-31
REO007389,O0142,I0063,4,37,66,High,Ordered,2026-08-31
REO007390,O0011,I0192,3,15,71,High,Ordered,2026-08-31
REO007391,O0040,I0190,8,22,41,High,Ordered,2026-08-31
REO007392,O0363,I0123,11,25,104,High,Pending,2026-08-31
REO007393,O0088,I0035,20,23,88,Medium,Approved,2026-08-31
REO007394,O0073,I0010,11,24,34,High,Approved,2026-08-31
REO007395,O0045,I0019,14,29,64,High,Approved,2026-08-31
REO007396,O0365,I0122,18,25,57,Medium,Approved,2026-08-31
REO007397,O0236,I0079,5,20,82,High,Pending,2026-08-31
REO007398,O0265,I0087,2,31,50,High,Pending,2026-08-31
REO007399,O0049,I0019,18,21,33,Medium,Ordered,2026-08-31
REO007400,O0416,I0018,6,23,68,High,Ordered,2026-08-31
REO007401,O0024,I0010,12,22,62,Medium,Approved,2026-08-31
REO007402,O0387,I0130,17,17,94,Medium,Received,2026-08-31
REO007403,O0299,I0094,14,17,32,Medium,Ordered,2026-08-31
REO007404,O0335,I0112,17,33,81,Medium,Ordered,2026-08-31
REO007405,O0484,I0024,8,32,108,High,Ordered,2026-08-31
REO007406,O0200,I0275,11,30,63,High,Approved,2026-08-31
REO007407,O0206,I0074,17,19,47,Medium,Pending,2026-08-31
REO007408,O0234,I0081,7,23,82,High,Received,2026-08-31
REO007409,O0432,I0054,11,26,55,High,Pending,2026-08-31
REO007410,O0159,I0064,2,25,81,High,Ordered,2026-08-31
REO007411,O0143,I0061,12,16,31,Medium,Pending,2026-08-31
REO007412,O0103,I0040,6,28,91,High,Ordered,2026-08-31
REO007413,O0009,I0161,16,30,47,Medium,Pending,2026-08-31
REO007414,O0417,I0025,4,28,49,High,Approved,2026-08-31
REO007415,O0065,I0029,28,30,45,Medium,Pending,2026-08-31
REO007416,O0062,I0030,5,17,75,High,Received,2026-08-31
REO007417,O0002,I0168,32,35,76,Medium,Received,2026-08-31
REO007418,O0192,I0266,1,22,41,High,Approved,2026-08-31
REO007419,O0260,I0089,29,30,76,Medium,Ordered,2026-08-31
REO007420,O0037,I0159,1,20,44,High,Approved,2026-08-31
REO007421,O0030,I0013,7,12,40,Medium,Pending,2026-08-31
REO007422,O0195,I0265,4,31,50,High,Pending,2026-08-31
REO007423,O0199,I0066,17,28,41,Medium,Ordered,2026-08-31
REO007424,O0225,I0077,1,11,96,High,Approved,2026-08-31
REO007425,O0348,I0116,10,24,104,High,Ordered,2026-08-31
REO007426,O0436,I0053,0,14,92,Critical,Received,2026-08-31
REO007427,O0224,I0079,13,31,106,High,Approved,2026-08-31
REO007428,O0033,I0193,10,18,77,Medium,Approved,2026-08-31
REO007429,O0390,I0130,34,34,36,Medium,Pending,2026-08-31
REO007430,O0033,I0193,10,18,77,Medium,Ordered,2026-08-31
REO007431,O0050,I0025,30,30,36,Medium,Approved,2026-08-31
REO007432,O0431,I0056,26,29,41,Medium,Approved,2026-08-31
REO007433,O0026,I0016,2,23,91,High,Approved,2026-08-31
REO007434,O0431,I0053,6,32,115,High,Approved,2026-08-31
REO007435,O0105,I0038,20,30,45,Medium,Approved,2026-08-31
REO007436,O0276,I0087,10,13,59,Medium,Pending,2026-08-31
REO007437,O0034,I0006,19,26,74,Medium,Ordered,2026-08-31
REO007438,O0199,I0274,16,30,59,Medium,Ordered,2026-08-31
REO007439,O0303,I0096,11,33,112,High,Approved,2026-08-31
REO007440,O0304,I0097,9,12,79,Medium,Pending,2026-08-31
REO007441,O0006,I0169,3,29,89,High,Ordered,2026-08-31
REO007442,O0031,I0006,6,25,105,High,Approved,2026-08-31
REO007443,O0470,I0023,14,20,29,Medium,Pending,2026-08-31
REO007444,O0120,I0047,17,29,42,Medium,Received,2026-08-31
REO007445,O0404,I0138,1,20,54,High,Received,2026-08-31
REO007446,O0002,I0168,32,35,76,Medium,Approved,2026-08-31
REO007447,O0037,I0169,29,32,44,Medium,Ordered,2026-08-31
REO007448,O0333,I0110,9,25,94,High,Approved,2026-08-31
REO007449,O0095,I0024,31,34,58,Medium,Pending,2026-08-31
REO007450,O0470,I0019,15,32,92,High,Ordered,2026-08-31
REO007451,O0002,I0165,7,13,102,Medium,Approved,2026-08-31
REO007452,O0291,I0093,9,15,62,Medium,Pending,2026-08-31
REO007453,O0166,I0060,13,24,62,Medium,Received,2026-08-31
REO007454,O0443,I0072,1,19,88,High,Ordered,2026-08-31
REO007455,O0088,I0034,1,18,47,High,Ordered,2026-08-31
REO007456,O0004,I0164,13,30,76,High,Pending,2026-08-31
REO007457,O0369,I0124,26,30,96,Medium,Ordered,2026-08-31
REO007458,O0500,I0138,17,30,38,Medium,Pending,2026-08-31
REO007459,O0307,I0094,13,20,81,Medium,Approved,2026-08-31
REO007460,O0162,I0064,13,15,64,Medium,Received,2026-08-31
REO007461,O0387,I0130,17,17,94,Medium,Ordered,2026-08-31
REO007462,O0008,I0001,15,22,56,Medium,Pending,2026-08-31
REO007463,O0011,I0198,18,36,40,Medium,Ordered,2026-08-31
REO007464,O0416,I0018,6,23,68,High,Ordered,2026-08-31
REO007465,O0048,I0025,6,28,76,High,Approved,2026-08-31
REO007466,O0168,I0059,8,27,60,High,Approved,2026-08-31
REO007467,O0095,I0021,19,22,84,Medium,Approved,2026-08-31
REO007468,O0256,I0092,33,37,70,Medium,Ordered,2026-08-31
REO007469,O0072,I0013,15,26,72,Medium,Ordered,2026-08-31
REO007470,O0161,I0060,26,35,33,Medium,Pending,2026-08-31
REO007471,O0314,I0107,13,21,65,Medium,Ordered,2026-08-31
REO007472,O0061,I0029,32,38,31,Medium,Received,2026-08-31
REO007473,O0169,I0065,15,18,42,Medium,Ordered,2026-08-31
REO007474,O0029,I0010,15,21,72,Medium,Approved,2026-08-31
REO007475,O0016,I0191,1,25,51,High,Ordered,2026-08-31
REO007476,O0153,I0061,8,15,46,Medium,Pending,2026-08-31
REO007477,O0254,I0092,4,20,103,High,Ordered,2026-08-31
REO007478,O0257,I0089,18,35,76,Medium,Ordered,2026-08-31
REO007479,O0083,I0037,0,16,87,Critical,Ordered,2026-08-31
REO007480,O0257,I0092,10,32,48,High,Ordered,2026-08-31
REO007481,O0453,I0050,32,33,22,Medium,Approved,2026-08-31
REO007482,O0061,I0026,11,25,70,High,Ordered,2026-08-31
REO007483,O0066,I0030,14,15,81,Medium,Ordered,2026-08-31
REO007484,O0187,I0275,4,20,88,High,Pending,2026-08-31
REO007485,O0008,I0001,15,22,56,Medium,Pending,2026-08-31
REO007486,O0085,I0034,15,29,38,Medium,Approved,2026-08-31
REO007487,O0089,I0033,9,23,51,High,Ordered,2026-08-31
REO007488,O0104,I0042,2,27,62,High,Approved,2026-08-31
REO007489,O0216,I0075,13,13,35,Medium,Ordered,2026-08-31
REO007490,O0174,I0058,0,27,50,Critical,Approved,2026-08-31
REO007491,O0251,I0091,2,23,100,High,Received,2026-08-31
REO007492,O0037,I0169,29,32,44,Medium,Pending,2026-08-31
REO007493,O0208,I0073,8,22,63,High,Pending,2026-08-31
REO007494,O0373,I0128,4,13,42,High,Approved,2026-08-31
REO007495,O0189,I0270,17,24,49,Medium,Ordered,2026-08-31
REO007496,O0236,I0079,5,20,82,High,Received,2026-08-31
REO007497,O0052,I0024,15,30,59,Medium,Approved,2026-08-31
REO007498,O0168,I0059,8,27,60,High,Ordered,2026-08-31
REO007499,O0072,I0011,30,31,37,Medium,Ordered,2026-08-31
REO007500,O0191,I0263,7,33,63,High,Pending,2026-08-31
REO007501,O0178,I0064,0,18,93,Critical,Received,2026-08-31
REO007502,O0481,I0020,23,33,76,Medium,Received,2026-08-31
REO007503,O0073,I0010,11,24,34,High,Approved,2026-08-31
REO007504,O0017,I0164,8,22,43,High,Ordered,2026-08-31
REO007505,O0183,I0267,13,22,91,Medium,Received,2026-08-31
REO007506,O0178,I0064,0,18,93,Critical,Pending,2026-08-31
REO007507,O0033,I0007,19,32,63,Medium,Approved,2026-08-31
REO007508,O0444,I0075,24,25,36,Medium,Pending,2026-08-31
REO007509,O0413,I0023,3,22,102,High,Ordered,2026-08-31
REO007510,O0048,I0018,24,24,91,Medium,Pending,2026-08-31
REO007511,O0393,I0134,15,17,79,Medium,Approved,2026-08-31
REO007512,O0260,I0089,29,30,76,Medium,Pending,2026-08-31
REO007513,O0407,I0140,3,34,124,High,Pending,2026-08-31
REO007514,O0191,I0263,7,33,63,High,Pending,2026-08-31
REO007515,O0494,I0140,3,38,97,High,Received,2026-08-31
REO007516,O0493,I0139,1,24,102,High,Approved,2026-08-31
REO007517,O0109,I0041,9,23,72,High,Pending,2026-08-31
REO007518,O0052,I0018,11,30,61,High,Ordered,2026-08-31
REO007519,O0034,I0003,12,15,70,Medium,Received,2026-08-31
REO007520,O0333,I0109,11,23,94,High,Pending,2026-08-31
REO007521,O0386,I0131,12,26,66,High,Ordered,2026-08-31
REO007522,O0016,I0172,4,20,78,High,Pending,2026-08-31
REO007523,O0373,I0129,13,23,92,Medium,Ordered,2026-08-31
REO007524,O0088,I0035,20,23,88,Medium,Approved,2026-08-31
REO007525,O0353,I0119,28,36,98,Medium,Pending,2026-08-31
REO007526,O0468,I0020,8,27,66,High,Received,2026-08-31
REO007527,O0417,I0025,4,28,49,High,Approved,2026-08-31
REO007528,O0373,I0128,4,13,42,High,Pending,2026-08-31
REO007529,O0074,I0017,9,29,67,High,Ordered,2026-08-31
REO007530,O0443,I0072,1,19,88,High,Received,2026-08-31
REO007531,O0164,I0062,19,27,60,Medium,Ordered,2026-08-31
REO007532,O0190,I0264,0,30,108,Critical,Pending,2026-08-31
REO007533,O0429,I0036,12,29,61,High,Pending,2026-08-31
REO007534,O0432,I0054,11,26,55,High,Approved,2026-08-31
REO007535,O0165,I0062,5,19,79,High,Received,2026-08-31
REO007536,O0197,I0066,10,26,80,High,Ordered,2026-08-31
REO007537,O0453,I0050,32,33,22,Medium,Ordered,2026-08-31
REO007538,O0197,I0273,22,29,38,Medium,Approved,2026-08-31
REO007539,O0011,I0198,18,36,40,Medium,Approved,2026-08-31
REO007540,O0252,I0086,22,23,37,Medium,Pending,2026-08-31
REO007541,O0155,I0061,18,27,37,Medium,Pending,2026-08-31
REO007542,O0153,I0060,16,25,59,Medium,Ordered,2026-08-31
REO007543,O0150,I0062,24,30,85,Medium,Ordered,2026-08-31
REO007544,O0048,I0018,24,24,91,Medium,Approved,2026-08-31
REO007545,O0044,I0019,6,29,52,High,Pending,2026-08-31
REO007546,O0171,I0058,9,25,80,High,Pending,2026-08-31
REO007547,O0084,I0033,22,33,92,Medium,Approved,2026-08-31
REO007548,O0433,I0055,21,24,66,Medium,Pending,2026-08-31
REO007549,O0324,I0110,5,23,49,High,Received,2026-08-31
REO007550,O0294,I0095,28,30,84,Medium,Ordered,2026-08-31
REO007551,O0380,I0128,1,13,61,High,Pending,2026-08-31
REO007552,O0407,I0142,3,31,73,High,Ordered,2026-08-31
REO007553,O0278,I0090,16,26,80,Medium,Ordered,2026-08-31
REO007554,O0298,I0094,21,21,67,Medium,Pending,2026-08-31
REO007555,O0490,I0021,16,31,75,Medium,Approved,2026-08-31
REO007556,O0490,I0025,25,29,65,Medium,Ordered,2026-08-31
REO007557,O0488,I0024,13,35,55,High,Received,2026-08-31
REO007558,O0404,I0141,18,23,61,Medium,Pending,2026-08-31
REO007559,O0422,I0037,1,24,107,High,Received,2026-08-31
REO007560,O0495,I0139,4,19,104,High,Pending,2026-08-31
REO007561,O0192,I0273,3,28,85,High,Pending,2026-08-31
REO007562,O0447,I0076,8,26,87,High,Ordered,2026-08-31
REO007563,O0020,I0195,13,14,33,Medium,Received,2026-08-31
REO007564,O0224,I0081,10,11,33,Medium,Received,2026-08-31
REO007565,O0472,I0101,15,21,63,Medium,Received,2026-08-31
REO007566,O0045,I0023,0,29,89,Critical,Ordered,2026-08-31
REO007567,O0422,I0034,15,20,33,Medium,Received,2026-08-31
REO007568,O0059,I0022,23,28,92,Medium,Pending,2026-08-31
REO007569,O0011,I0192,3,15,71,High,Pending,2026-08-31
REO007570,O0187,I0275,4,20,88,High,Approved,2026-08-31
REO007571,O0413,I0023,3,22,102,High,Received,2026-08-31
REO007572,O0474,I0103,0,30,110,Critical,Ordered,2026-08-31
REO007573,O0011,I0198,18,36,40,Medium,Ordered,2026-08-31
REO007574,O0099,I0023,17,27,37,Medium,Pending,2026-08-31
REO007575,O0465,I0020,9,28,41,High,Ordered,2026-08-31
REO007576,O0025,I0016,2,24,77,High,Pending,2026-08-31
REO007577,O0132,I0053,9,23,66,High,Ordered,2026-08-31
REO007578,O0254,I0092,4,20,103,High,Ordered,2026-08-31
REO007579,O0018,I0197,8,23,37,High,Received,2026-08-31
REO007580,O0234,I0081,7,23,82,High,Approved,2026-08-31
REO007581,O0483,I0021,5,35,115,High,Ordered,2026-08-31
REO007582,O0183,I0069,36,37,73,Medium,Pending,2026-08-31
REO007583,O0072,I0013,15,26,72,Medium,Ordered,2026-08-31
REO007584,O0415,I0020,29,36,33,Medium,Received,2026-08-31
REO007585,O0228,I0077,13,20,74,Medium,Ordered,2026-08-31
REO007586,O0390,I0131,13,30,94,High,Pending,2026-08-31
REO007587,O0018,I0188,13,24,43,Medium,Pending,2026-08-31
REO007588,O0050,I0025,30,30,36,Medium,Approved,2026-08-31
REO007589,O0096,I0025,23,28,83,Medium,Pending,2026-08-31
REO007590,O0006,I0169,3,29,89,High,Approved,2026-08-31
REO007591,O0130,I0049,20,33,30,Medium,Ordered,2026-08-31
REO007592,O0342,I0117,19,28,60,Medium,Pending,2026-08-31
REO007593,O0456,I0049,1,17,49,High,Ordered,2026-08-31
REO007594,O0307,I0094,13,20,81,Medium,Ordered,2026-08-31
REO007595,O0095,I0018,3,31,98,High,Approved,2026-08-31
REO007596,O0091,I0018,14,28,65,Medium,Pending,2026-08-31
REO007597,O0357,I0118,14,23,58,Medium,Ordered,2026-08-31
REO007598,O0301,I0094,20,20,53,Medium,Ordered,2026-08-31
REO007599,O0284,I0093,3,19,59,High,Pending,2026-08-31
REO007600,O0095,I0024,31,34,58,Medium,Received,2026-08-31
REO007601,O0132,I0054,10,33,97,High,Pending,2026-08-31
REO007602,O0181,I0274,2,19,66,High,Approved,2026-08-31
REO007603,O0228,I0080,16,28,90,Medium,Ordered,2026-08-31
REO007604,O0263,I0090,10,35,93,High,Ordered,2026-08-31
REO007605,O0494,I0142,10,21,96,High,Approved,2026-08-31
REO007606,O0161,I0062,8,33,60,High,Pending,2026-08-31
REO007607,O0015,I0167,10,17,32,Medium,Received,2026-08-31
REO007608,O0115,I0044,23,36,36,Medium,Ordered,2026-08-31
REO007609,O0331,I0109,2,13,73,High,Pending,2026-08-31
REO007610,O0190,I0274,18,21,68,Medium,Received,2026-08-31
REO007611,O0016,I0191,1,25,51,High,Pending,2026-08-31
REO007612,O0195,I0265,4,31,50,High,Ordered,2026-08-31
REO007613,O0468,I0020,8,27,66,High,Received,2026-08-31
REO007614,O0180,I0065,11,36,68,High,Approved,2026-08-31
REO007615,O0078,I0017,8,19,43,High,Ordered,2026-08-31
REO007616,O0184,I0070,2,27,96,High,Approved,2026-08-31
REO007617,O0483,I0021,5,35,115,High,Pending,2026-08-31
REO007618,O0105,I0038,20,30,45,Medium,Pending,2026-08-31
REO007619,O0195,I0273,31,36,49,Medium,Ordered,2026-08-31
REO007620,O0196,I0273,12,31,105,High,Ordered,2026-08-31
REO007621,O0150,I0064,7,25,106,High,Ordered,2026-08-31
REO007622,O0265,I0087,2,31,50,High,Approved,2026-08-31
REO007623,O0463,I0024,7,31,77,High,Approved,2026-08-31
REO007624,O0417,I0025,4,28,49,High,Ordered,2026-08-31
REO007625,O0150,I0061,21,30,93,Medium,Pending,2026-08-31
REO007626,O0340,I0111,3,35,93,High,Ordered,2026-08-31
REO007627,O0298,I0094,21,21,67,Medium,Ordered,2026-08-31
REO007628,O0040,I0190,8,22,41,High,Pending,2026-08-31
REO007629,O0291,I0093,9,15,62,Medium,Received,2026-08-31
REO007630,O0427,I0034,18,21,43,Medium,Pending,2026-08-31
REO007631,O0009,I0002,13,14,28,Medium,Ordered,2026-08-31
REO007632,O0005,I0194,16,21,51,Medium,Pending,2026-08-31
REO007633,O0358,I0121,7,20,43,High,Approved,2026-08-31
REO007634,O0014,I0172,15,32,51,High,Ordered,2026-08-31
REO007635,O0058,I0025,0,10,90,Critical,Pending,2026-08-31
REO007636,O0263,I0090,10,35,93,High,Received,2026-08-31
REO007637,O0072,I0013,15,26,72,Medium,Ordered,2026-08-31
REO007638,O0453,I0051,12,33,85,High,Ordered,2026-08-31
REO007639,O0125,I0050,3,29,57,High,Pending,2026-08-31
REO007640,O0296,I0099,7,29,60,High,Pending,2026-08-31
REO007641,O0327,I0110,3,26,78,High,Ordered,2026-08-31
REO007642,O0197,I0067,22,28,89,Medium,Pending,2026-08-31
REO007643,O0313,I0105,13,17,33,Medium,Ordered,2026-08-31
REO007644,O0096,I0025,23,28,83,Medium,Pending,2026-08-31
REO007645,O0334,I0113,1,24,60,High,Received,2026-08-31
REO007646,O0039,I0004,7,27,39,High,Pending,2026-08-31
REO007647,O0385,I0132,16,28,50,Medium,Ordered,2026-08-31
REO007648,O0283,I0097,11,21,98,Medium,Pending,2026-08-31
REO007649,O0467,I0023,3,18,92,High,Ordered,2026-08-31
REO007650,O0142,I0058,2,16,49,High,Ordered,2026-08-31
REO007651,O0390,I0133,7,29,87,High,Pending,2026-08-31
REO007652,O0132,I0054,10,33,97,High,Ordered,2026-08-31
REO007653,O0047,I0022,13,37,94,High,Ordered,2026-08-31
REO007654,O0058,I0025,0,10,90,Critical,Ordered,2026-08-31
REO007655,O0373,I0129,13,23,92,Medium,Received,2026-08-31
REO007656,O0008,I0001,15,22,56,Medium,Pending,2026-08-31
REO007657,O0187,I0277,20,24,31,Medium,Ordered,2026-08-31
REO007658,O0452,I0049,6,26,68,High,Ordered,2026-08-31
REO007659,O0004,I0001,19,38,95,Medium,Approved,2026-08-31
REO007660,O0295,I0095,30,33,52,Medium,Ordered,2026-08-31
REO007661,O0459,I0049,23,24,72,Medium,Pending,2026-08-31
REO007662,O0191,I0071,10,23,64,High,Ordered,2026-08-31
REO007663,O0111,I0046,17,23,85,Medium,Pending,2026-08-31
REO007664,O0001,I0190,18,24,59,Medium,Approved,2026-08-31
REO007665,O0036,I0170,15,21,75,Medium,Ordered,2026-08-31
REO007666,O0012,I0161,10,31,66,High,Ordered,2026-08-31
REO007667,O0134,I0055,22,34,85,Medium,Received,2026-08-31
REO007668,O0174,I0062,25,36,68,Medium,Approved,2026-08-31
REO007669,O0333,I0109,11,23,94,High,Ordered,2026-08-31
REO007670,O0253,I0086,0,25,117,Critical,Pending,2026-08-31
REO007671,O0138,I0057,12,28,41,High,Received,2026-08-31
REO007672,O0414,I0025,13,34,85,High,Ordered,2026-08-31
REO007673,O0187,I0275,4,20,88,High,Approved,2026-08-31
REO007674,O0039,I0004,7,27,39,High,Ordered,2026-08-31
REO007675,O0009,I0006,19,27,90,Medium,Ordered,2026-08-31
REO007676,O0165,I0060,9,25,50,High,Approved,2026-08-31
REO007677,O0077,I0010,21,28,59,Medium,Pending,2026-08-31
REO007678,O0353,I0120,11,21,92,Medium,Approved,2026-08-31
REO007679,O0296,I0095,13,22,47,Medium,Approved,2026-08-31
REO007680,O0230,I0078,18,29,65,Medium,Pending,2026-08-31
REO007681,O0023,I0013,18,26,72,Medium,Ordered,2026-08-31
REO007682,O0030,I0013,7,12,40,Medium,Pending,2026-08-31
REO007683,O0472,I0101,15,21,63,Medium,Approved,2026-08-31
REO007684,O0459,I0049,23,24,72,Medium,Pending,2026-08-31
REO007685,O0415,I0023,23,26,20,Medium,Ordered,2026-08-31
REO007686,O0307,I0094,13,20,81,Medium,Approved,2026-08-31
REO007687,O0018,I0188,13,24,43,Medium,Ordered,2026-08-31
REO007688,O0035,I0193,27,34,98,Medium,Pending,2026-08-31
REO007689,O0107,I0040,0,19,90,Critical,Pending,2026-08-31
REO007690,O0187,I0275,4,20,88,High,Pending,2026-08-31
REO007691,O0127,I0050,20,39,48,Medium,Pending,2026-08-31
REO007692,O0020,I0195,13,14,33,Medium,Approved,2026-08-31
REO007693,O0492,I0142,3,10,91,High,Ordered,2026-08-31
REO007694,O0431,I0057,18,31,73,Medium,Approved,2026-08-31
REO007695,O0208,I0072,20,28,53,Medium,Approved,2026-08-31
REO007696,O0374,I0126,8,26,63,High,Approved,2026-08-31
REO007697,O0026,I0016,2,23,91,High,Approved,2026-08-31
REO007698,O0114,I0046,30,30,75,Medium,Pending,2026-08-31
REO007699,O0338,I0109,5,21,87,High,Pending,2026-08-31
REO007700,O0297,I0097,5,23,76,High,Approved,2026-08-31
REO007701,O0081,I0033,26,28,61,Medium,Received,2026-08-31
REO007702,O0076,I0010,15,16,92,Medium,Ordered,2026-08-31
REO007703,O0149,I0062,9,31,87,High,Ordered,2026-08-31
REO007704,O0030,I0013,7,12,40,Medium,Pending,2026-08-31
REO007705,O0338,I0109,5,21,87,High,Ordered,2026-08-31
REO007706,O0327,I0109,23,30,54,Medium,Ordered,2026-08-31
REO007707,O0447,I0072,8,21,55,High,Approved,2026-08-31
REO007708,O0189,I0271,16,18,36,Medium,Ordered,2026-08-31
REO007709,O0313,I0105,13,17,33,Medium,Ordered,2026-08-31
REO007710,O0155,I0061,18,27,37,Medium,Pending,2026-08-31
REO007711,O0340,I0111,3,35,93,High,Received,2026-08-31
REO007712,O0165,I0061,13,27,50,High,Pending,2026-08-31
REO007713,O0039,I0004,7,27,39,High,Approved,2026-08-31
REO007714,O0130,I0049,20,33,30,Medium,Pending,2026-08-31
REO007715,O0276,I0092,30,34,75,Medium,Pending,2026-08-31
REO007716,O0162,I0059,15,30,85,Medium,Approved,2026-08-31
REO007717,O0019,I0166,18,29,67,Medium,Pending,2026-08-31
REO007718,O0006,I0162,3,22,40,High,Received,2026-08-31
REO007719,O0225,I0077,1,11,96,High,Received,2026-08-31
REO007720,O0177,I0062,14,30,66,High,Approved,2026-08-31
REO007721,O0008,I0168,17,17,58,Medium,Pending,2026-08-31
REO007722,O0321,I0112,25,29,35,Medium,Approved,2026-08-31
REO007723,O0384,I0132,3,19,75,High,Ordered,2026-08-31
REO007724,O0263,I0087,7,35,87,High,Approved,2026-08-31
REO007725,O0255,I0089,3,13,68,High,Ordered,2026-08-31
REO007726,O0023,I0013,18,26,72,Medium,Ordered,2026-08-31
REO007727,O0085,I0034,15,29,38,Medium,Ordered,2026-08-31
REO007728,O0481,I0020,23,33,76,Medium,Pending,2026-08-31
REO007729,O0299,I0094,14,17,32,Medium,Ordered,2026-08-31
REO007730,O0229,I0079,2,29,62,High,Ordered,2026-08-31
REO007731,O0327,I0109,23,30,54,Medium,Ordered,2026-08-31
REO007732,O0449,I0076,3,18,56,High,Ordered,2026-08-31
REO007733,O0104,I0041,6,22,73,High,Approved,2026-08-31
REO007734,O0199,I0066,17,28,41,Medium,Pending,2026-08-31
REO007735,O0284,I0093,3,19,59,High,Pending,2026-08-31
REO007736,O0442,I0072,17,32,90,Medium,Approved,2026-08-31
REO007737,O0435,I0053,11,27,80,High,Pending,2026-08-31
REO007738,O0387,I0131,8,33,119,High,Ordered,2026-08-31
REO007739,O0008,I0193,21,21,43,Medium,Approved,2026-08-31
REO007740,O0074,I0011,10,32,59,High,Ordered,2026-08-31
REO007741,O0083,I0037,0,16,87,Critical,Approved,2026-08-31
REO007742,O0260,I0089,29,30,76,Medium,Pending,2026-08-31
REO007743,O0142,I0058,2,16,49,High,Ordered,2026-08-31
REO007744,O0158,I0064,19,24,39,Medium,Received,2026-08-31
REO007745,O0302,I0096,17,19,70,Medium,Approved,2026-08-31
REO007746,O0404,I0139,20,28,59,Medium,Ordered,2026-08-31
REO007747,O0002,I0168,32,35,76,Medium,Ordered,2026-08-31
REO007748,O0048,I0025,6,28,76,High,Ordered,2026-08-31
REO007749,O0049,I0020,2,32,92,High,Approved,2026-08-31
REO007750,O0197,I0066,10,26,80,High,Approved,2026-08-31
REO007751,O0376,I0126,3,10,89,High,Approved,2026-08-31
REO007752,O0277,I0089,9,33,101,High,Approved,2026-08-31
REO007753,O0054,I0018,26,33,37,Medium,Ordered,2026-08-31
REO007754,O0044,I0021,25,28,61,Medium,Approved,2026-08-31
REO007755,O0181,I0069,14,24,46,Medium,Pending,2026-08-31
REO007756,O0054,I0018,26,33,37,Medium,Pending,2026-08-31
REO007757,O0162,I0064,13,15,64,Medium,Ordered,2026-08-31
REO007758,O0296,I0098,12,24,59,Medium,Ordered,2026-08-31
REO007759,O0058,I0024,1,20,51,High,Pending,2026-08-31
REO007760,O0483,I0022,32,32,28,Medium,Received,2026-08-31
REO007761,O0008,I0001,15,22,56,Medium,Ordered,2026-08-31
REO007762,O0259,I0090,8,33,73,High,Ordered,2026-08-31
REO007763,O0216,I0075,13,13,35,Medium,Received,2026-08-31
REO007764,O0189,I0270,17,24,49,Medium,Ordered,2026-08-31
REO007765,O0191,I0268,26,31,99,Medium,Ordered,2026-08-31
REO007766,O0373,I0128,4,13,42,High,Ordered,2026-08-31
REO007767,O0429,I0036,12,29,61,High,Approved,2026-08-31
REO007768,O0246,I0083,5,12,90,High,Approved,2026-08-31
REO007769,O0218,I0075,19,22,69,Medium,Approved,2026-08-31
REO007770,O0422,I0037,1,24,107,High,Pending,2026-08-31
REO007771,O0453,I0050,32,33,22,Medium,Pending,2026-08-31
REO007772,O0290,I0097,29,29,22,Medium,Approved,2026-08-31
REO007773,O0153,I0061,8,15,46,Medium,Approved,2026-08-31
REO007774,O0074,I0011,10,32,59,High,Pending,2026-08-31
REO007775,O0414,I0018,17,29,39,Medium,Ordered,2026-08-31
REO007776,O0249,I0083,12,16,85,Medium,Approved,2026-08-31
REO007777,O0353,I0119,28,36,98,Medium,Ordered,2026-08-31
REO007778,O0006,I0169,3,29,89,High,Received,2026-08-31
REO007779,O0414,I0025,13,34,85,High,Ordered,2026-08-31
REO007780,O0440,I0054,4,20,90,High,Approved,2026-08-31
REO007781,O0170,I0064,10,36,118,High,Ordered,2026-08-31
REO007782,O0054,I0021,31,31,62,Medium,Pending,2026-08-31
REO007783,O0165,I0061,13,27,50,High,Pending,2026-08-31
REO007784,O0018,I0188,13,24,43,Medium,Ordered,2026-08-31
REO007785,O0416,I0020,8,23,110,High,Received,2026-08-31
REO007786,O0399,I0136,22,26,56,Medium,Approved,2026-08-31
REO007787,O0483,I0022,32,32,28,Medium,Ordered,2026-08-31
REO007788,O0365,I0122,18,25,57,Medium,Pending,2026-08-31
REO007789,O0011,I0198,18,36,40,Medium,Received,2026-08-31
REO007790,O0372,I0126,6,23,45,High,Received,2026-08-31
REO007791,O0338,I0109,5,21,87,High,Pending,2026-08-31
REO007792,O0166,I0058,13,35,84,High,Received,2026-08-31
REO007793,O0494,I0140,3,38,97,High,Pending,2026-08-31
REO007794,O0309,I0095,14,30,107,High,Received,2026-08-31
REO007795,O0384,I0132,3,19,75,High,Ordered,2026-08-31
REO007796,O0008,I0001,15,22,56,Medium,Ordered,2026-08-31
REO007797,O0082,I0035,14,22,70,Medium,Pending,2026-08-31
REO007798,O0261,I0089,21,37,58,Medium,Approved,2026-08-31
REO007799,O0444,I0075,24,25,36,Medium,Ordered,2026-08-31
REO007800,O0463,I0024,7,31,77,High,Approved,2026-08-31
REO007801,O0373,I0129,13,23,92,Medium,Approved,2026-08-31
REO007802,O0193,I0275,12,18,101,Medium,Ordered,2026-08-31
REO007803,O0409,I0139,32,32,55,Medium,Ordered,2026-08-31
REO007804,O0433,I0055,21,24,66,Medium,Ordered,2026-08-31
REO007805,O0238,I0080,21,22,38,Medium,Approved,2026-08-31
REO007806,O0365,I0122,18,25,57,Medium,Approved,2026-08-31
REO007807,O0049,I0020,2,32,92,High,Pending,2026-08-31
REO007808,O0440,I0054,4,20,90,High,Pending,2026-08-31
REO007809,O0461,I0019,13,30,94,High,Approved,2026-08-31
REO007810,O0256,I0092,33,37,70,Medium,Approved,2026-08-31
REO007811,O0413,I0023,3,22,102,High,Received,2026-08-31
REO007812,O0004,I0164,13,30,76,High,Approved,2026-08-31
REO007813,O0194,I0269,0,21,106,Critical,Ordered,2026-08-31
REO007814,O0180,I0065,11,36,68,High,Received,2026-08-31
REO007815,O0314,I0106,18,23,89,Medium,Pending,2026-08-31
REO007816,O0031,I0158,24,25,32,Medium,Pending,2026-08-31
REO007817,O0150,I0062,24,30,85,Medium,Ordered,2026-08-31
REO007818,O0464,I0018,12,20,70,Medium,Ordered,2026-08-31
REO007819,O0007,I0004,20,36,39,Medium,Pending,2026-08-31
REO007820,O0177,I0064,14,32,101,High,Approved,2026-08-31
REO007821,O0040,I0190,8,22,41,High,Pending,2026-08-31
REO007822,O0029,I0010,15,21,72,Medium,Ordered,2026-08-31
REO007823,O0497,I0139,20,25,69,Medium,Approved,2026-08-31
REO007824,O0008,I0001,15,22,56,Medium,Ordered,2026-08-31
REO007825,O0178,I0064,0,18,93,Critical,Ordered,2026-08-31
REO007826,O0289,I0098,12,34,105,High,Pending,2026-08-31
REO007827,O0188,I0068,10,22,44,High,Approved,2026-08-31
REO007828,O0031,I0162,23,25,90,Medium,Pending,2026-08-31
REO007829,O0413,I0018,22,32,37,Medium,Ordered,2026-08-31
REO007830,O0291,I0097,15,21,60,Medium,Approved,2026-08-31
REO007831,O0092,I0020,11,16,86,Medium,Received,2026-08-31
REO007832,O0004,I0172,6,28,61,High,Received,2026-08-31
REO007833,O0492,I0142,3,10,91,High,Ordered,2026-08-31
REO007834,O0092,I0024,4,15,99,High,Pending,2026-08-31
REO007835,O0200,I0275,11,30,63,High,Ordered,2026-08-31
REO007836,O0390,I0131,13,30,94,High,Ordered,2026-08-31
REO007837,O0223,I0078,4,34,104,High,Ordered,2026-08-31
REO007838,O0150,I0062,24,30,85,Medium,Ordered,2026-08-31
REO007839,O0192,I0069,1,33,70,High,Approved,2026-08-31
REO007840,O0271,I0086,1,27,66,High,Approved,2026-08-31
REO007841,O0325,I0109,0,21,92,Critical,Approved,2026-08-31
REO007842,O0143,I0059,4,21,43,High,Approved,2026-08-31
REO007843,O0483,I0022,32,32,28,Medium,Ordered,2026-08-31
REO007844,O0060,I0023,6,14,89,High,Ordered,2026-08-31
REO007845,O0218,I0074,14,31,110,High,Received,2026-08-31
REO007846,O0286,I0094,23,24,51,Medium,Ordered,2026-08-31
REO007847,O0016,I0172,4,20,78,High,Pending,2026-08-31
REO007848,O0031,I0200,12,16,80,Medium,Ordered,2026-08-31
REO007849,O0144,I0060,10,21,42,High,Received,2026-08-31
REO007850,O0224,I0081,10,11,33,Medium,Approved,2026-08-31
REO007851,O0085,I0034,15,29,38,Medium,Pending,2026-08-31
REO007852,O0257,I0092,10,32,48,High,Pending,2026-08-31
REO007853,O0052,I0018,11,30,61,High,Received,2026-08-31
REO007854,O0180,I0058,17,29,82,Medium,Approved,2026-08-31
REO007855,O0452,I0049,6,26,68,High,Ordered,2026-08-31
REO007856,O0024,I0013,9,14,39,Medium,Approved,2026-08-31
REO007857,O0439,I0053,21,35,71,Medium,Ordered,2026-08-31
REO007858,O0492,I0138,12,19,49,Medium,Pending,2026-08-31
REO007859,O0003,I0165,16,31,47,Medium,Received,2026-08-31
REO007860,O0122,I0049,25,28,24,Medium,Ordered,2026-08-31
REO007861,O0481,I0020,23,33,76,Medium,Approved,2026-08-31
REO007862,O0020,I0170,13,27,35,High,Approved,2026-08-31
REO007863,O0479,I0100,10,34,106,High,Ordered,2026-08-31
REO007864,O0301,I0096,5,19,48,High,Ordered,2026-08-31
REO007865,O0182,I0266,27,36,71,Medium,Pending,2026-08-31
REO007866,O0155,I0061,18,27,37,Medium,Received,2026-08-31
REO007867,O0461,I0019,13,30,94,High,Approved,2026-08-31
REO007868,O0006,I0168,14,24,40,Medium,Approved,2026-08-31
REO007869,O0103,I0040,6,28,91,High,Ordered,2026-08-31
REO007870,O0442,I0072,17,32,90,Medium,Ordered,2026-08-31
REO007871,O0196,I0263,18,26,69,Medium,Received,2026-08-31
REO007872,O0438,I0056,1,28,82,High,Ordered,2026-08-31
REO007873,O0044,I0020,26,34,46,Medium,Approved,2026-08-31
REO007874,O0163,I0063,2,23,99,High,Approved,2026-08-31
REO007875,O0218,I0075,19,22,69,Medium,Received,2026-08-31
REO007876,O0376,I0128,10,17,89,Medium,Ordered,2026-08-31
REO007877,O0200,I0068,15,30,67,Medium,Pending,2026-08-31
REO007878,O0193,I0265,15,19,73,Medium,Ordered,2026-08-31
REO007879,O0463,I0023,9,22,91,High,Pending,2026-08-31
REO007880,O0026,I0016,2,23,91,High,Ordered,2026-08-31
REO007881,O0197,I0067,22,28,89,Medium,Ordered,2026-08-31
REO007882,O0128,I0049,4,15,103,High,Received,2026-08-31
REO007883,O0327,I0110,3,26,78,High,Received,2026-08-31
REO007884,O0149,I0062,9,31,87,High,Ordered,2026-08-31
REO007885,O0248,I0082,3,16,70,High,Ordered,2026-08-31
REO007886,O0092,I0024,4,15,99,High,Approved,2026-08-31
REO007887,O0245,I0083,5,23,97,High,Ordered,2026-08-31
REO007888,O0415,I0023,23,26,20,Medium,Ordered,2026-08-31
REO007889,O0004,I0167,6,22,55,High,Pending,2026-08-31
REO007890,O0199,I0269,13,28,81,High,Pending,2026-08-31
REO007891,O0084,I0033,22,33,92,Medium,Ordered,2026-08-31
REO007892,O0276,I0092,30,34,75,Medium,Received,2026-08-31
REO007893,O0157,I0060,21,29,38,Medium,Ordered,2026-08-31
REO007894,O0283,I0097,11,21,98,Medium,Approved,2026-08-31
REO007895,O0199,I0274,16,30,59,Medium,Ordered,2026-08-31
REO007896,O0008,I0001,15,22,56,Medium,Pending,2026-08-31
REO007897,O0074,I0015,1,31,81,High,Pending,2026-08-31
REO007898,O0199,I0274,16,30,59,Medium,Pending,2026-08-31
REO007899,O0048,I0024,2,29,107,High,Ordered,2026-08-31
REO007900,O0169,I0065,15,18,42,Medium,Pending,2026-08-31
REO007901,O0185,I0268,7,33,53,High,Ordered,2026-08-31
REO007902,O0278,I0090,16,26,80,Medium,Approved,2026-08-31
REO007903,O0276,I0092,30,34,75,Medium,Pending,2026-08-31
REO007904,O0440,I0057,0,15,98,Critical,Ordered,2026-08-31
REO007905,O0412,I0023,6,14,37,High,Ordered,2026-08-31
REO007906,O0029,I0010,15,21,72,Medium,Ordered,2026-08-31
REO007907,O0463,I0022,9,18,45,Medium,Ordered,2026-08-31
REO007908,O0191,I0071,10,23,64,High,Pending,2026-08-31
REO007909,O0302,I0095,10,39,104,High,Pending,2026-08-31
REO007910,O0037,I0198,1,17,77,High,Ordered,2026-08-31
REO007911,O0486,I0025,27,36,62,Medium,Approved,2026-08-31
REO007912,O0058,I0018,23,26,46,Medium,Received,2026-08-31
REO007913,O0103,I0040,6,28,91,High,Ordered,2026-08-31
REO007914,O0187,I0277,20,24,31,Medium,Pending,2026-08-31
REO007915,O0047,I0022,13,37,94,High,Pending,2026-08-31
REO007916,O0157,I0065,1,15,91,High,Approved,2026-08-31
REO007917,O0187,I0275,4,20,88,High,Pending,2026-08-31
REO007918,O0492,I0142,3,10,91,High,Pending,2026-08-31
REO007919,O0145,I0058,28,31,73,Medium,Pending,2026-08-31
REO007920,O0491,I0138,2,37,54,High,Ordered,2026-08-31
REO007921,O0431,I0056,26,29,41,Medium,Received,2026-08-31
REO007922,O0002,I0168,32,35,76,Medium,Approved,2026-08-31
REO007923,O0192,I0273,3,28,85,High,Received,2026-08-31
REO007924,O0302,I0099,15,24,32,Medium,Ordered,2026-08-31
REO007925,O0432,I0054,11,26,55,High,Ordered,2026-08-31
REO007926,O0197,I0273,22,29,38,Medium,Received,2026-08-31
REO007927,O0450,I0075,15,39,40,High,Pending,2026-08-31
REO007928,O0021,I0014,9,20,91,High,Approved,2026-08-31
REO007929,O0002,I0171,18,29,29,Medium,Received,2026-08-31
REO007930,O0150,I0061,21,30,93,Medium,Ordered,2026-08-31
REO007931,O0091,I0021,13,19,51,Medium,Pending,2026-08-31
REO007932,O0004,I0172,6,28,61,High,Pending,2026-08-31
REO007933,O0105,I0038,20,30,45,Medium,Received,2026-08-31
REO007934,O0282,I0094,6,15,80,High,Ordered,2026-08-31
REO007935,O0429,I0033,7,29,44,High,Ordered,2026-08-31
REO007936,O0189,I0271,16,18,36,Medium,Pending,2026-08-31
REO007937,O0181,I0274,2,19,66,High,Ordered,2026-08-31
REO007938,O0429,I0036,12,29,61,High,Approved,2026-08-31
REO007939,O0331,I0109,2,13,73,High,Ordered,2026-08-31
REO007940,O0200,I0070,0,22,46,Critical,Ordered,2026-08-31
REO007941,O0278,I0088,16,23,46,Medium,Pending,2026-08-31
REO007942,O0005,I0194,16,21,51,Medium,Approved,2026-08-31
REO007943,O0184,I0070,2,27,96,High,Received,2026-08-31
REO007944,O0094,I0019,26,26,39,Medium,Received,2026-08-31
REO007945,O0199,I0271,15,18,56,Medium,Ordered,2026-08-31
REO007946,O0346,I0115,15,17,33,Medium,Ordered,2026-08-31
REO007947,O0408,I0141,22,22,29,Medium,Pending,2026-08-31
REO007948,O0409,I0139,32,32,55,Medium,Received,2026-08-31
REO007949,O0083,I0032,7,15,56,High,Ordered,2026-08-31
REO007950,O0456,I0049,1,17,49,High,Approved,2026-08-31
REO007951,O0376,I0127,20,24,48,Medium,Approved,2026-08-31
REO007952,O0017,I0006,4,25,47,High,Approved,2026-08-31
REO007953,O0388,I0130,27,29,59,Medium,Pending,2026-08-31
REO007954,O0181,I0274,2,19,66,High,Ordered,2026-08-31
REO007955,O0009,I0002,13,14,28,Medium,Pending,2026-08-31
REO007956,O0009,I0006,19,27,90,Medium,Ordered,2026-08-31
REO007957,O0384,I0132,3,19,75,High,Ordered,2026-08-31
REO007958,O0432,I0054,11,26,55,High,Ordered,2026-08-31
REO007959,O0170,I0064,10,36,118,High,Approved,2026-08-31
REO007960,O0190,I0269,1,28,100,High,Ordered,2026-08-31
REO007961,O0490,I0025,25,29,65,Medium,Ordered,2026-08-31
REO007962,O0017,I0006,4,25,47,High,Approved,2026-08-31
REO007963,O0109,I0042,5,15,99,High,Ordered,2026-08-31
REO007964,O0052,I0024,15,30,59,Medium,Pending,2026-08-31
REO007965,O0255,I0089,3,13,68,High,Approved,2026-08-31
REO007966,O0296,I0099,7,29,60,High,Ordered,2026-08-31
REO007967,O0122,I0052,14,23,106,Medium,Ordered,2026-08-31
REO007968,O0270,I0092,22,30,54,Medium,Approved,2026-08-31
REO007969,O0463,I0024,7,31,77,High,Received,2026-08-31
REO007970,O0097,I0020,8,19,39,High,Ordered,2026-08-31
REO007971,O0002,I0171,18,29,29,Medium,Ordered,2026-08-31
REO007972,O0472,I0101,15,21,63,Medium,Ordered,2026-08-31
REO007973,O0035,I0006,21,21,41,Medium,Approved,2026-08-31
REO007974,O0161,I0058,18,23,62,Medium,Ordered,2026-08-31
REO007975,O0055,I0024,29,30,59,Medium,Approved,2026-08-31
REO007976,O0044,I0025,4,30,116,High,Ordered,2026-08-31
REO007977,O0388,I0130,27,29,59,Medium,Approved,2026-08-31
REO007978,O0002,I0192,26,32,103,Medium,Ordered,2026-08-31
REO007979,O0074,I0015,1,31,81,High,Approved,2026-08-31
REO007980,O0367,I0122,6,34,91,High,Ordered,2026-08-31
REO007981,O0173,I0064,0,10,57,Critical,Approved,2026-08-31
REO007982,O0162,I0064,13,15,64,Medium,Received,2026-08-31
REO007983,O0174,I0062,25,36,68,Medium,Approved,2026-08-31
REO007984,O0094,I0019,26,26,39,Medium,Pending,2026-08-31
REO007985,O0425,I0037,16,33,104,High,Ordered,2026-08-31
REO007986,O0265,I0087,2,31,50,High,Received,2026-08-31
REO007987,O0426,I0033,20,30,34,Medium,Ordered,2026-08-31
REO007988,O0410,I0142,14,14,53,Medium,Received,2026-08-31
REO007989,O0199,I0274,16,30,59,Medium,Approved,2026-08-31
REO007990,O0218,I0074,14,31,110,High,Ordered,2026-08-31
REO007991,O0279,I0086,19,19,70,Medium,Ordered,2026-08-31
REO007992,O0463,I0023,9,22,91,High,Approved,2026-08-31
REO007993,O0187,I0275,4,20,88,High,Approved,2026-08-31
REO007994,O0253,I0088,11,31,100,High,Approved,2026-08-31
REO007995,O0385,I0132,16,28,50,Medium,Approved,2026-08-31
REO007996,O0022,I0011,3,16,77,High,Pending,2026-08-31
REO007997,O0124,I0050,14,25,71,Medium,Ordered,2026-08-31
REO007998,O0065,I0030,6,16,41,High,Received,2026-08-31
REO007999,O0059,I0022,23,28,92,Medium,Approved,2026-08-31
REO008000,O0003,I0003,3,29,52,High,Received,2026-08-31
REO008001,O0407,I0140,3,34,124,High,Ordered,2026-08-31
REO008002,O0002,I0167,5,26,84,High,Pending,2026-08-31
REO008003,O0061,I0027,8,22,52,High,Ordered,2026-08-31
REO008004,O0426,I0033,20,30,34,Medium,Pending,2026-08-31
REO008005,O0325,I0109,0,21,92,Critical,Approved,2026-08-31
REO008006,O0158,I0064,19,24,39,Medium,Ordered,2026-08-31
REO008007,O0303,I0096,11,33,112,High,Pending,2026-08-31
REO008008,O0041,I0024,16,31,77,Medium,Pending,2026-08-31
REO008009,O0333,I0109,11,23,94,High,Approved,2026-08-31
REO008010,O0256,I0091,23,28,39,Medium,Received,2026-08-31
REO008011,O0229,I0079,2,29,62,High,Approved,2026-08-31
REO008012,O0199,I0269,13,28,81,High,Approved,2026-08-31
REO008013,O0216,I0075,13,13,35,Medium,Ordered,2026-08-31
REO008014,O0005,I0002,10,21,36,High,Approved,2026-08-31
REO008015,O0491,I0138,2,37,54,High,Ordered,2026-08-31
REO008016,O0216,I0075,13,13,35,Medium,Pending,2026-08-31
REO008017,O0384,I0132,3,19,75,High,Received,2026-08-31
REO008018,O0003,I0007,4,16,36,High,Approved,2026-08-31
REO008019,O0492,I0138,12,19,49,Medium,Received,2026-08-31
REO008020,O0418,I0020,13,28,72,High,Ordered,2026-08-31
REO008021,O0009,I0201,9,25,99,High,Ordered,2026-08-31
REO008022,O0121,I0050,21,25,90,Medium,Approved,2026-08-31
REO008023,O0010,I0158,1,26,96,High,Pending,2026-08-31
REO008024,O0157,I0060,21,29,38,Medium,Ordered,2026-08-31
REO008025,O0053,I0025,25,29,32,Medium,Ordered,2026-08-31
REO008026,O0017,I0003,23,27,28,Medium,Received,2026-08-31
REO008027,O0004,I0164,13,30,76,High,Approved,2026-08-31
REO008028,O0022,I0014,10,28,50,High,Ordered,2026-08-31
REO008029,O0020,I0168,8,27,79,High,Approved,2026-08-31
REO008030,O0376,I0126,3,10,89,High,Received,2026-08-31
REO008031,O0162,I0059,15,30,85,Medium,Received,2026-08-31
REO008032,O0172,I0058,11,30,110,High,Received,2026-08-31
REO008033,O0197,I0272,7,34,91,High,Received,2026-08-31
REO008034,O0500,I0138,17,30,38,Medium,Approved,2026-08-31
REO008035,O0199,I0263,2,26,68,High,Pending,2026-08-31
REO008036,O0187,I0267,18,18,50,Medium,Ordered,2026-08-31
REO008037,O0324,I0110,5,23,49,High,Received,2026-08-31
REO008038,O0150,I0064,7,25,106,High,Pending,2026-08-31
REO008039,O0172,I0063,0,32,116,Critical,Pending,2026-08-31
REO008040,O0199,I0066,17,28,41,Medium,Ordered,2026-08-31
REO008041,O0044,I0019,6,29,52,High,Approved,2026-08-31
REO008042,O0244,I0083,0,20,61,Critical,Approved,2026-08-31
REO008043,O0218,I0075,19,22,69,Medium,Approved,2026-08-31
REO008044,O0452,I0052,27,31,101,Medium,Approved,2026-08-31
REO008045,O0415,I0023,23,26,20,Medium,Pending,2026-08-31
REO008046,O0186,I0267,34,37,55,Medium,Pending,2026-08-31
REO008047,O0087,I0037,10,17,76,Medium,Ordered,2026-08-31
REO008048,O0418,I0020,13,28,72,High,Pending,2026-08-31
REO008049,O0258,I0087,7,17,57,High,Ordered,2026-08-31
REO008050,O0378,I0126,27,32,37,Medium,Pending,2026-08-31
REO008051,O0400,I0136,28,32,37,Medium,Ordered,2026-08-31
REO008052,O0386,I0131,12,26,66,High,Approved,2026-08-31
REO008053,O0245,I0083,5,23,97,High,Approved,2026-08-31
REO008054,O0169,I0065,15,18,42,Medium,Received,2026-08-31
REO008055,O0470,I0023,14,20,29,Medium,Ordered,2026-08-31
REO008056,O0346,I0115,15,17,33,Medium,Ordered,2026-08-31
REO008057,O0039,I0004,7,27,39,High,Pending,2026-08-31
REO008058,O0107,I0040,0,19,90,Critical,Pending,2026-08-31
REO008059,O0056,I0021,31,35,31,Medium,Ordered,2026-08-31
REO008060,O0008,I0193,21,21,43,Medium,Ordered,2026-08-31
REO008061,O0164,I0061,13,14,38,Medium,Received,2026-08-31
REO008062,O0304,I0095,23,31,35,Medium,Ordered,2026-08-31
REO008063,O0261,I0089,21,37,58,Medium,Approved,2026-08-31
REO008064,O0419,I0024,10,27,46,High,Approved,2026-08-31
REO008065,O0052,I0018,11,30,61,High,Pending,2026-08-31
REO008066,O0188,I0067,10,32,116,High,Ordered,2026-08-31
REO008067,O0468,I0020,8,27,66,High,Ordered,2026-08-31
REO008068,O0049,I0019,18,21,33,Medium,Received,2026-08-31
REO008069,O0358,I0121,7,20,43,High,Approved,2026-08-31
REO008070,O0246,I0084,15,34,103,High,Ordered,2026-08-31
REO008071,O0089,I0033,9,23,51,High,Ordered,2026-08-31
REO008072,O0481,I0018,12,27,49,High,Ordered,2026-08-31
REO008073,O0452,I0052,27,31,101,Medium,Received,2026-08-31
REO008074,O0199,I0263,2,26,68,High,Received,2026-08-31
REO008075,O0262,I0086,18,33,96,Medium,Pending,2026-08-31
REO008076,O0429,I0033,7,29,44,High,Pending,2026-08-31
REO008077,O0500,I0140,6,12,66,Medium,Ordered,2026-08-31
REO008078,O0012,I0007,6,34,107,High,Approved,2026-08-31
REO008079,O0333,I0110,9,25,94,High,Ordered,2026-08-31
REO008080,O0200,I0068,15,30,67,Medium,Ordered,2026-08-31
REO008081,O0417,I0019,19,19,28,Medium,Ordered,2026-08-31
REO008082,O0309,I0095,14,30,107,High,Approved,2026-08-31
REO008083,O0302,I0099,15,24,32,Medium,Approved,2026-08-31
REO008084,O0038,I0193,2,32,90,High,Pending,2026-08-31
REO008085,O0059,I0023,20,35,78,Medium,Approved,2026-08-31
REO008086,O0031,I0166,28,28,47,Medium,Ordered,2026-08-31
REO008087,O0184,I0070,2,27,96,High,Approved,2026-08-31
REO008088,O0490,I0025,25,29,65,Medium,Pending,2026-08-31
REO008089,O0204,I0076,14,30,56,High,Received,2026-08-31
REO008090,O0427,I0034,18,21,43,Medium,Ordered,2026-08-31
REO008091,O0002,I0165,7,13,102,Medium,Received,2026-08-31
REO008092,O0244,I0084,14,16,59,Medium,Ordered,2026-08-31
REO008093,O0228,I0080,16,28,90,Medium,Ordered,2026-08-31
REO008094,O0326,I0110,9,20,60,High,Approved,2026-08-31
REO008095,O0414,I0018,17,29,39,Medium,Ordered,2026-08-31
REO008096,O0236,I0079,5,20,82,High,Approved,2026-08-31
REO008097,O0450,I0075,15,39,40,High,Approved,2026-08-31
REO008098,O0179,I0063,19,34,102,Medium,Pending,2026-08-31
REO008099,O0211,I0073,24,33,57,Medium,Ordered,2026-08-31
REO008100,O0256,I0092,33,37,70,Medium,Ordered,2026-08-31
REO008101,O0073,I0010,11,24,34,High,Ordered,2026-08-31
REO008102,O0053,I0024,3,31,120,High,Approved,2026-08-31
REO008103,O0142,I0063,4,37,66,High,Pending,2026-08-31
REO008104,O0410,I0142,14,14,53,Medium,Approved,2026-08-31
REO008105,O0054,I0021,31,31,62,Medium,Approved,2026-08-31
REO008106,O0033,I0164,10,26,66,High,Pending,2026-08-31
REO008107,O0331,I0109,2,13,73,High,Received,2026-08-31
REO008108,O0074,I0011,10,32,59,High,Ordered,2026-08-31
REO008109,O0226,I0081,16,27,30,Medium,Approved,2026-08-31
REO008110,O0193,I0275,12,18,101,Medium,Ordered,2026-08-31
REO008111,O0009,I0006,19,27,90,Medium,Approved,2026-08-31
REO008112,O0302,I0099,15,24,32,Medium,Ordered,2026-08-31
REO008113,O0179,I0060,5,16,83,High,Approved,2026-08-31
REO008114,O0238,I0080,21,22,38,Medium,Received,2026-08-31
REO008115,O0467,I0025,24,27,42,Medium,Approved,2026-08-31
REO008116,O0086,I0034,12,31,68,High,Ordered,2026-08-31
REO008117,O0003,I0009,1,32,57,High,Approved,2026-08-31
REO008118,O0053,I0020,13,28,46,High,Ordered,2026-08-31
REO008119,O0257,I0089,18,35,76,Medium,Pending,2026-08-31
REO008120,O0012,I0007,6,34,107,High,Received,2026-08-31
REO008121,O0390,I0131,13,30,94,High,Approved,2026-08-31
REO008122,O0030,I0013,7,12,40,Medium,Received,2026-08-31
REO008123,O0338,I0109,5,21,87,High,Ordered,2026-08-31
REO008124,O0249,I0083,12,16,85,Medium,Approved,2026-08-31
REO008125,O0340,I0112,18,34,33,Medium,Received,2026-08-31
REO008126,O0322,I0113,7,32,109,High,Approved,2026-08-31
REO008127,O0270,I0092,22,30,54,Medium,Ordered,2026-08-31
REO008128,O0172,I0063,0,32,116,Critical,Approved,2026-08-31
REO008129,O0171,I0062,5,11,75,High,Approved,2026-08-31
REO008130,O0467,I0023,3,18,92,High,Received,2026-08-31
REO008131,O0194,I0066,13,33,76,High,Ordered,2026-08-31
REO008132,O0385,I0132,16,28,50,Medium,Approved,2026-08-31
REO008133,O0178,I0064,0,18,93,Critical,Ordered,2026-08-31
REO008134,O0263,I0091,4,12,99,High,Pending,2026-08-31
REO008135,O0425,I0035,11,21,97,Medium,Ordered,2026-08-31
REO008136,O0271,I0087,2,27,75,High,Received,2026-08-31
REO008137,O0296,I0095,13,22,47,Medium,Received,2026-08-31
REO008138,O0419,I0024,10,27,46,High,Pending,2026-08-31
REO008139,O0171,I0064,6,29,105,High,Approved,2026-08-31
REO008140,O0490,I0021,16,31,75,Medium,Ordered,2026-08-31
REO008141,O0043,I0024,23,30,98,Medium,Pending,2026-08-31
REO008142,O0075,I0013,2,23,49,High,Ordered,2026-08-31
REO008143,O0024,I0010,12,22,62,Medium,Approved,2026-08-31
REO008144,O0411,I0021,0,22,69,Critical,Pending,2026-08-31
REO008145,O0192,I0271,19,35,79,Medium,Pending,2026-08-31
REO008146,O0232,I0078,31,31,87,Medium,Ordered,2026-08-31
REO008147,O0052,I0018,11,30,61,High,Received,2026-08-31
REO008148,O0020,I0168,8,27,79,High,Received,2026-08-31
REO008149,O0179,I0060,5,16,83,High,Pending,2026-08-31
REO008150,O0177,I0059,7,28,80,High,Ordered,2026-08-31
REO008151,O0320,I0106,16,23,27,Medium,Ordered,2026-08-31
REO008152,O0416,I0019,8,32,79,High,Ordered,2026-08-31
REO008153,O0404,I0139,20,28,59,Medium,Ordered,2026-08-31
REO008154,O0422,I0034,15,20,33,Medium,Approved,2026-08-31
REO008155,O0276,I0087,10,13,59,Medium,Approved,2026-08-31
REO008156,O0006,I0009,12,28,45,High,Ordered,2026-08-31
REO008157,O0418,I0024,19,28,75,Medium,Ordered,2026-08-31
REO008158,O0074,I0017,9,29,67,High,Pending,2026-08-31
REO008159,O0395,I0137,24,32,68,Medium,Ordered,2026-08-31
REO008160,O0044,I0022,12,21,42,Medium,Ordered,2026-08-31
REO008161,O0376,I0129,3,22,67,High,Approved,2026-08-31
REO008162,O0199,I0271,15,18,56,Medium,Ordered,2026-08-31
REO008163,O0038,I0171,22,25,42,Medium,Received,2026-08-31
REO008164,O0283,I0094,1,34,119,High,Ordered,2026-08-31
REO008165,O0232,I0078,31,31,87,Medium,Approved,2026-08-31
REO008166,O0248,I0082,3,16,70,High,Received,2026-08-31
REO008167,O0197,I0067,22,28,89,Medium,Pending,2026-08-31
REO008168,O0494,I0142,10,21,96,High,Pending,2026-08-31
REO008169,O0251,I0091,2,23,100,High,Ordered,2026-08-31
REO008170,O0044,I0021,25,28,61,Medium,Ordered,2026-08-31
REO008171,O0216,I0075,13,13,35,Medium,Ordered,2026-08-31
REO008172,O0413,I0018,22,32,37,Medium,Approved,2026-08-31
REO008173,O0271,I0087,2,27,75,High,Ordered,2026-08-31
REO008174,O0384,I0132,3,19,75,High,Ordered,2026-08-31
REO008175,O0304,I0097,9,12,79,Medium,Ordered,2026-08-31
REO008176,O0016,I0191,1,25,51,High,Received,2026-08-31
REO008177,O0363,I0123,11,25,104,High,Ordered,2026-08-31
REO008178,O0127,I0050,20,39,48,Medium,Ordered,2026-08-31
REO008179,O0097,I0018,11,13,56,Medium,Received,2026-08-31
REO008180,O0414,I0024,1,13,83,High,Ordered,2026-08-31
REO008181,O0373,I0128,4,13,42,High,Ordered,2026-08-31
REO008182,O0038,I0193,2,32,90,High,Pending,2026-08-31
REO008183,O0141,I0058,10,28,114,High,Ordered,2026-08-31
REO008184,O0086,I0034,12,31,68,High,Approved,2026-08-31
REO008185,O0005,I0188,24,24,54,Medium,Received,2026-08-31
REO008186,O0474,I0103,0,30,110,Critical,Approved,2026-08-31
REO008187,O0248,I0082,3,16,70,High,Pending,2026-08-31
REO008188,O0331,I0109,2,13,73,High,Received,2026-08-31
REO008189,O0011,I0192,3,15,71,High,Approved,2026-08-31
REO008190,O0159,I0063,5,17,48,High,Ordered,2026-08-31
REO008191,O0180,I0058,17,29,82,Medium,Pending,2026-08-31
REO008192,O0467,I0023,3,18,92,High,Ordered,2026-08-31
REO008193,O0074,I0011,10,32,59,High,Received,2026-08-31
REO008194,O0161,I0060,26,35,33,Medium,Ordered,2026-08-31
REO008195,O0020,I0195,13,14,33,Medium,Ordered,2026-08-31
REO008196,O0467,I0025,24,27,42,Medium,Ordered,2026-08-31
REO008197,O0187,I0277,20,24,31,Medium,Pending,2026-08-31
REO008198,O0076,I0010,15,16,92,Medium,Received,2026-08-31
REO008199,O0187,I0276,9,35,70,High,Approved,2026-08-31
REO008200,O0485,I0018,20,25,27,Medium,Approved,2026-08-31
REO008201,O0114,I0046,30,30,75,Medium,Ordered,2026-08-31
REO008202,O0353,I0120,11,21,92,Medium,Received,2026-08-31
REO008203,O0197,I0263,11,31,114,High,Approved,2026-08-31
REO008204,O0405,I0142,5,32,75,High,Ordered,2026-08-31
REO008205,O0142,I0064,5,18,95,High,Received,2026-08-31
REO008206,O0265,I0091,7,27,92,High,Approved,2026-08-31
REO008207,O0256,I0086,1,18,111,High,Pending,2026-08-31
REO008208,O0089,I0033,9,23,51,High,Ordered,2026-08-31
REO008209,O0452,I0052,27,31,101,Medium,Ordered,2026-08-31
REO008210,O0227,I0080,24,28,33,Medium,Pending,2026-08-31
REO008211,O0118,I0047,12,16,38,Medium,Approved,2026-08-31
REO008212,O0490,I0021,16,31,75,Medium,Ordered,2026-08-31
REO008213,O0017,I0003,23,27,28,Medium,Pending,2026-08-31
REO008214,O0082,I0035,14,22,70,Medium,Received,2026-08-31
REO008215,O0162,I0061,4,31,107,High,Ordered,2026-08-31
REO008216,O0155,I0061,18,27,37,Medium,Pending,2026-08-31
REO008217,O0321,I0111,5,18,102,High,Pending,2026-08-31
REO008218,O0465,I0018,9,22,72,High,Approved,2026-08-31
REO008219,O0199,I0269,13,28,81,High,Ordered,2026-08-31
REO008220,O0477,I0101,18,31,75,Medium,Ordered,2026-08-31
REO008221,O0422,I0034,15,20,33,Medium,Pending,2026-08-31
REO008222,O0155,I0065,0,19,84,Critical,Received,2026-08-31
REO008223,O0017,I0003,23,27,28,Medium,Ordered,2026-08-31
REO008224,O0291,I0093,9,15,62,Medium,Approved,2026-08-31
REO008225,O0488,I0024,13,35,55,High,Received,2026-08-31
REO008226,O0021,I0014,9,20,91,High,Received,2026-08-31
REO008227,O0199,I0271,15,18,56,Medium,Ordered,2026-08-31
REO008228,O0063,I0027,5,20,95,High,Ordered,2026-08-31
REO008229,O0199,I0068,17,26,87,Medium,Approved,2026-08-31
REO008230,O0018,I0194,13,35,65,High,Ordered,2026-08-31
REO008231,O0143,I0061,12,16,31,Medium,Pending,2026-08-31
REO008232,O0256,I0092,33,37,70,Medium,Approved,2026-08-31
REO008233,O0066,I0027,13,22,59,Medium,Ordered,2026-08-31
REO008234,O0442,I0072,17,32,90,Medium,Pending,2026-08-31
REO008235,O0134,I0055,22,34,85,Medium,Pending,2026-08-31
REO008236,O0153,I0060,16,25,59,Medium,Ordered,2026-08-31
REO008237,O0054,I0021,31,31,62,Medium,Received,2026-08-31
REO008238,O0035,I0006,21,21,41,Medium,Pending,2026-08-31
REO008239,O0418,I0022,35,36,86,Medium,Ordered,2026-08-31
REO008240,O0165,I0061,13,27,50,High,Pending,2026-08-31
REO008241,O0082,I0035,14,22,70,Medium,Pending,2026-08-31
REO008242,O0333,I0109,11,23,94,High,Approved,2026-08-31
REO008243,O0314,I0107,13,21,65,Medium,Approved,2026-08-31
REO008244,O0265,I0087,2,31,50,High,Ordered,2026-08-31
REO008245,O0136,I0055,12,31,56,High,Ordered,2026-08-31
REO008246,O0426,I0034,26,37,81,Medium,Approved,2026-08-31
REO008247,O0373,I0128,4,13,42,High,Received,2026-08-31
REO008248,O0163,I0063,2,23,99,High,Received,2026-08-31
REO008249,O0327,I0110,3,26,78,High,Pending,2026-08-31
REO008250,O0414,I0024,1,13,83,High,Pending,2026-08-31
REO008251,O0048,I0024,2,29,107,High,Received,2026-08-31
REO008252,O0035,I0006,21,21,41,Medium,Ordered,2026-08-31
REO008253,O0007,I0170,5,16,50,High,Pending,2026-08-31
REO008254,O0066,I0030,14,15,81,Medium,Approved,2026-08-31
REO008255,O0192,I0271,19,35,79,Medium,Pending,2026-08-31
REO008256,O0196,I0273,12,31,105,High,Approved,2026-08-31
REO008257,O0052,I0018,11,30,61,High,Pending,2026-08-31
REO008258,O0492,I0138,12,19,49,Medium,Received,2026-08-31
REO008259,O0292,I0098,9,31,60,High,Approved,2026-08-31
REO008260,O0061,I0026,11,25,70,High,Received,2026-08-31
REO008261,O0039,I0191,10,37,46,High,Received,2026-08-31
REO008262,O0058,I0024,1,20,51,High,Ordered,2026-08-31
REO008263,O0340,I0112,18,34,33,Medium,Pending,2026-08-31
REO008264,O0059,I0022,23,28,92,Medium,Pending,2026-08-31
REO008265,O0379,I0128,8,34,57,High,Pending,2026-08-31
REO008266,O0469,I0020,5,17,42,High,Pending,2026-08-31
REO008267,O0016,I0197,1,32,90,High,Ordered,2026-08-31
REO008268,O0304,I0099,17,19,48,Medium,Ordered,2026-08-31
REO008269,O0206,I0074,17,19,47,Medium,Pending,2026-08-31
REO008270,O0218,I0074,14,31,110,High,Ordered,2026-08-31
REO008271,O0257,I0089,18,35,76,Medium,Ordered,2026-08-31
REO008272,O0149,I0062,9,31,87,High,Pending,2026-08-31
REO008273,O0095,I0022,22,26,52,Medium,Approved,2026-08-31
REO008274,O0480,I0100,12,32,79,High,Received,2026-08-31
REO008275,O0317,I0108,9,20,108,High,Received,2026-08-31
REO008276,O0308,I0095,24,37,75,Medium,Ordered,2026-08-31
REO008277,O0418,I0022,35,36,86,Medium,Approved,2026-08-31
REO008278,O0192,I0069,1,33,70,High,Approved,2026-08-31
REO008279,O0044,I0022,12,21,42,Medium,Ordered,2026-08-31
REO008280,O0290,I0099,14,18,38,Medium,Pending,2026-08-31
REO008281,O0470,I0023,14,20,29,Medium,Pending,2026-08-31
REO008282,O0468,I0020,8,27,66,High,Pending,2026-08-31
REO008283,O0142,I0064,5,18,95,High,Ordered,2026-08-31
REO008284,O0467,I0023,3,18,92,High,Received,2026-08-31
REO008285,O0009,I0161,16,30,47,Medium,Pending,2026-08-31
REO008286,O0236,I0079,5,20,82,High,Pending,2026-08-31
REO008287,O0006,I0009,12,28,45,High,Approved,2026-08-31
REO008288,O0200,I0068,15,30,67,Medium,Approved,2026-08-31
REO008289,O0492,I0140,18,33,46,Medium,Received,2026-08-31
REO008290,O0299,I0094,14,17,32,Medium,Approved,2026-08-31
REO008291,O0054,I0021,31,31,62,Medium,Pending,2026-08-31
REO008292,O0440,I0054,4,20,90,High,Received,2026-08-31
REO008293,O0189,I0271,16,18,36,Medium,Approved,2026-08-31
REO008294,O0177,I0064,14,32,101,High,Pending,2026-08-31
REO008295,O0187,I0275,4,20,88,High,Approved,2026-08-31
REO008296,O0094,I0023,4,32,94,High,Ordered,2026-08-31
REO008297,O0165,I0060,9,25,50,High,Approved,2026-08-31
REO008298,O0452,I0049,6,26,68,High,Received,2026-08-31
REO008299,O0091,I0021,13,19,51,Medium,Approved,2026-08-31
REO008300,O0447,I0072,8,21,55,High,Received,2026-08-31
REO008301,O0058,I0018,23,26,46,Medium,Ordered,2026-08-31
REO008302,O0062,I0029,7,29,93,High,Received,2026-08-31
REO008303,O0161,I0058,18,23,62,Medium,Pending,2026-08-31
REO008304,O0030,I0013,7,12,40,Medium,Pending,2026-08-31
REO008305,O0012,I0161,10,31,66,High,Approved,2026-08-31
REO008306,O0165,I0059,12,20,85,Medium,Ordered,2026-08-31
REO008307,O0007,I0004,20,36,39,Medium,Approved,2026-08-31
REO008308,O0236,I0081,0,27,111,Critical,Ordered,2026-08-31
REO008309,O0342,I0117,19,28,60,Medium,Pending,2026-08-31
REO008310,O0040,I0190,8,22,41,High,Ordered,2026-08-31
REO008311,O0375,I0126,2,16,39,High,Pending,2026-08-31
REO008312,O0054,I0022,5,27,46,High,Received,2026-08-31
REO008313,O0171,I0064,6,29,105,High,Ordered,2026-08-31
REO008314,O0031,I0158,24,25,32,Medium,Approved,2026-08-31
REO008315,O0485,I0018,20,25,27,Medium,Pending,2026-08-31
REO008316,O0385,I0132,16,28,50,Medium,Ordered,2026-08-31
REO008317,O0168,I0058,14,21,90,Medium,Ordered,2026-08-31
REO008318,O0164,I0062,19,27,60,Medium,Approved,2026-08-31
REO008319,O0181,I0274,2,19,66,High,Pending,2026-08-31
REO008320,O0171,I0058,9,25,80,High,Ordered,2026-08-31
REO008321,O0197,I0263,11,31,114,High,Pending,2026-08-31
REO008322,O0387,I0131,8,33,119,High,Received,2026-08-31
REO008323,O0006,I0001,8,35,62,High,Ordered,2026-08-31
REO008324,O0295,I0095,30,33,52,Medium,Pending,2026-08-31
REO008325,O0430,I0032,18,19,35,Medium,Approved,2026-08-31
REO008326,O0174,I0063,7,31,66,High,Pending,2026-08-31
REO008327,O0372,I0126,6,23,45,High,Pending,2026-08-31
REO008328,O0199,I0271,15,18,56,Medium,Approved,2026-08-31
REO008329,O0418,I0024,19,28,75,Medium,Ordered,2026-08-31
REO008330,O0459,I0049,23,24,72,Medium,Pending,2026-08-31
REO008331,O0006,I0160,0,25,82,Critical,Ordered,2026-08-31
REO008332,O0499,I0139,6,18,78,High,Ordered,2026-08-31
REO008333,O0189,I0270,17,24,49,Medium,Ordered,2026-08-31
REO008334,O0002,I0002,18,18,41,Medium,Pending,2026-08-31
REO008335,O0227,I0080,24,28,33,Medium,Pending,2026-08-31
REO008336,O0443,I0072,1,19,88,High,Pending,2026-08-31
REO008337,O0329,I0112,30,32,36,Medium,Approved,2026-08-31
REO008338,O0018,I0194,13,35,65,High,Approved,2026-08-31
REO008339,O0210,I0072,0,29,60,Critical,Ordered,2026-08-31
REO008340,O0165,I0065,13,16,27,Medium,Approved,2026-08-31
REO008341,O0040,I0158,19,29,59,Medium,Pending,2026-08-31
REO008342,O0150,I0064,7,25,106,High,Approved,2026-08-31
REO008343,O0493,I0139,1,24,102,High,Received,2026-08-31
REO008344,O0165,I0065,13,16,27,Medium,Ordered,2026-08-31
REO008345,O0001,I0193,1,9,100,High,Pending,2026-08-31
REO008346,O0185,I0068,10,32,55,High,Received,2026-08-31
REO008347,O0334,I0113,1,24,60,High,Approved,2026-08-31
REO008348,O0412,I0025,18,22,42,Medium,Approved,2026-08-31
REO008349,O0425,I0035,11,21,97,Medium,Pending,2026-08-31
REO008350,O0128,I0050,12,17,91,Medium,Approved,2026-08-31
REO008351,O0150,I0064,7,25,106,High,Received,2026-08-31
REO008352,O0174,I0058,0,27,50,Critical,Approved,2026-08-31
REO008353,O0375,I0126,2,16,39,High,Pending,2026-08-31
REO008354,O0029,I0010,15,21,72,Medium,Ordered,2026-08-31
REO008355,O0296,I0099,7,29,60,High,Approved,2026-08-31
REO008356,O0157,I0060,21,29,38,Medium,Ordered,2026-08-31
REO008357,O0088,I0035,20,23,88,Medium,Ordered,2026-08-31
REO008358,O0340,I0112,18,34,33,Medium,Received,2026-08-31
REO008359,O0362,I0125,5,34,94,High,Ordered,2026-08-31
REO008360,O0439,I0053,21,35,71,Medium,Ordered,2026-08-31
REO008361,O0239,I0079,26,26,83,Medium,Approved,2026-08-31
REO008362,O0440,I0057,0,15,98,Critical,Pending,2026-08-31
REO008363,O0157,I0065,1,15,91,High,Ordered,2026-08-31
REO008364,O0155,I0061,18,27,37,Medium,Pending,2026-08-31
REO008365,O0488,I0024,13,35,55,High,Received,2026-08-31
REO008366,O0252,I0086,22,23,37,Medium,Ordered,2026-08-31
REO008367,O0120,I0047,17,29,42,Medium,Ordered,2026-08-31
REO008368,O0001,I0190,18,24,59,Medium,Received,2026-08-31
REO008369,O0429,I0033,7,29,44,High,Received,2026-08-31
REO008370,O0384,I0132,3,19,75,High,Approved,2026-08-31
REO008371,O0034,I0006,19,26,74,Medium,Pending,2026-08-31
REO008372,O0259,I0090,8,33,73,High,Pending,2026-08-31
REO008373,O0307,I0095,2,13,78,High,Approved,2026-08-31
REO008374,O0478,I0103,17,20,82,Medium,Ordered,2026-08-31
REO008375,O0463,I0022,9,18,45,Medium,Ordered,2026-08-31
REO008376,O0163,I0064,19,24,67,Medium,Approved,2026-08-31
REO008377,O0284,I0095,9,15,55,Medium,Approved,2026-08-31
REO008378,O0183,I0069,36,37,73,Medium,Received,2026-08-31
REO008379,O0096,I0025,23,28,83,Medium,Received,2026-08-31
REO008380,O0415,I0020,29,36,33,Medium,Pending,2026-08-31
REO008381,O0373,I0129,13,23,92,Medium,Received,2026-08-31
REO008382,O0173,I0064,0,10,57,Critical,Ordered,2026-08-31
REO008383,O0294,I0095,28,30,84,Medium,Approved,2026-08-31
REO008384,O0273,I0087,18,36,34,Medium,Approved,2026-08-31
REO008385,O0113,I0045,32,36,75,Medium,Approved,2026-08-31
REO008386,O0465,I0018,9,22,72,High,Approved,2026-08-31
REO008387,O0057,I0024,10,20,56,Medium,Ordered,2026-08-31
REO008388,O0342,I0117,19,28,60,Medium,Ordered,2026-08-31
REO008389,O0296,I0093,9,18,61,Medium,Ordered,2026-08-31
REO008390,O0009,I0167,8,16,45,Medium,Approved,2026-08-31
REO008391,O0059,I0022,23,28,92,Medium,Ordered,2026-08-31
REO008392,O0216,I0073,11,18,86,Medium,Received,2026-08-31
REO008393,O0046,I0022,7,24,58,High,Received,2026-08-31
REO008394,O0038,I0193,2,32,90,High,Received,2026-08-31
REO008395,O0284,I0099,23,32,96,Medium,Pending,2026-08-31
REO008396,O0072,I0013,15,26,72,Medium,Received,2026-08-31
REO008397,O0017,I0164,8,22,43,High,Approved,2026-08-31
REO008398,O0279,I0091,13,25,91,Medium,Pending,2026-08-31
REO008399,O0166,I0061,8,26,101,High,Approved,2026-08-31
REO008400,O0422,I0034,15,20,33,Medium,Ordered,2026-08-31
REO008401,O0205,I0073,26,27,29,Medium,Ordered,2026-08-31
REO008402,O0198,I0274,10,31,61,High,Ordered,2026-08-31
REO008403,O0256,I0086,1,18,111,High,Pending,2026-08-31
REO008404,O0410,I0142,14,14,53,Medium,Approved,2026-08-31
REO008405,O0220,I0074,20,35,49,Medium,Approved,2026-08-31
REO008406,O0340,I0112,18,34,33,Medium,Pending,2026-08-31
REO008407,O0005,I0194,16,21,51,Medium,Ordered,2026-08-31
REO008408,O0165,I0062,5,19,79,High,Approved,2026-08-31
REO008409,O0020,I0170,13,27,35,High,Pending,2026-08-31
REO008410,O0096,I0024,5,31,66,High,Approved,2026-08-31
REO008411,O0412,I0025,18,22,42,Medium,Pending,2026-08-31
REO008412,O0443,I0072,1,19,88,High,Pending,2026-08-31
REO008413,O0316,I0107,16,26,85,Medium,Pending,2026-08-31
REO008414,O0158,I0064,19,24,39,Medium,Pending,2026-08-31
REO008415,O0195,I0066,20,30,64,Medium,Ordered,2026-08-31
REO008416,O0279,I0086,19,19,70,Medium,Ordered,2026-08-31
REO008417,O0018,I0194,13,35,65,High,Ordered,2026-08-31
REO008418,O0419,I0024,10,27,46,High,Ordered,2026-08-31
REO008419,O0004,I0167,6,22,55,High,Ordered,2026-08-31
REO008420,O0043,I0024,23,30,98,Medium,Pending,2026-08-31
REO008421,O0277,I0089,9,33,101,High,Ordered,2026-08-31
REO008422,O0254,I0092,4,20,103,High,Ordered,2026-08-31
REO008423,O0484,I0024,8,32,108,High,Ordered,2026-08-31
REO008424,O0463,I0024,7,31,77,High,Ordered,2026-08-31
REO008425,O0314,I0107,13,21,65,Medium,Approved,2026-08-31
REO008426,O0373,I0129,13,23,92,Medium,Approved,2026-08-31
REO008427,O0294,I0095,28,30,84,Medium,Pending,2026-08-31
REO008428,O0223,I0078,4,34,104,High,Approved,2026-08-31
REO008429,O0321,I0112,25,29,35,Medium,Approved,2026-08-31
REO008430,O0009,I0006,19,27,90,Medium,Ordered,2026-08-31
REO008431,O0190,I0269,1,28,100,High,Approved,2026-08-31
REO008432,O0364,I0123,0,25,97,Critical,Approved,2026-08-31
REO008433,O0459,I0049,23,24,72,Medium,Approved,2026-08-31
REO008434,O0449,I0076,3,18,56,High,Ordered,2026-08-31
REO008435,O0488,I0024,13,35,55,High,Ordered,2026-08-31
REO008436,O0349,I0116,17,30,56,Medium,Ordered,2026-08-31
REO008437,O0024,I0010,12,22,62,Medium,Received,2026-08-31
REO008438,O0002,I0192,26,32,103,Medium,Pending,2026-08-31
REO008439,O0037,I0006,16,22,54,Medium,Received,2026-08-31
REO008440,O0491,I0138,2,37,54,High,Approved,2026-08-31
REO008441,O0259,I0090,8,33,73,High,Received,2026-08-31
REO008442,O0319,I0107,11,30,114,High,Pending,2026-08-31
REO008443,O0296,I0098,12,24,59,Medium,Pending,2026-08-31
REO008444,O0177,I0058,2,26,63,High,Ordered,2026-08-31
REO008445,O0256,I0088,19,26,103,Medium,Approved,2026-08-31
REO008446,O0439,I0053,21,35,71,Medium,Pending,2026-08-31
REO008447,O0094,I0019,26,26,39,Medium,Pending,2026-08-31
REO008448,O0472,I0101,15,21,63,Medium,Approved,2026-08-31
REO008449,O0002,I0200,13,25,31,Medium,Pending,2026-08-31
REO008450,O0107,I0040,0,19,90,Critical,Pending,2026-08-31
REO008451,O0330,I0111,12,29,100,High,Pending,2026-08-31
REO008452,O0331,I0109,2,13,73,High,Approved,2026-08-31
REO008453,O0038,I0161,3,30,89,High,Received,2026-08-31
REO008454,O0311,I0105,24,28,98,Medium,Ordered,2026-08-31
REO008455,O0017,I0197,24,28,75,Medium,Ordered,2026-08-31
REO008456,O0192,I0275,1,28,92,High,Pending,2026-08-31
REO008457,O0461,I0019,13,30,94,High,Received,2026-08-31
REO008458,O0271,I0086,1,27,66,High,Approved,2026-08-31
REO008459,O0017,I0197,24,28,75,Medium,Received,2026-08-31
REO008460,O0049,I0020,2,32,92,High,Received,2026-08-31
REO008461,O0077,I0010,21,28,59,Medium,Approved,2026-08-31
REO008462,O0056,I0021,31,35,31,Medium,Ordered,2026-08-31
REO008463,O0194,I0068,4,20,104,High,Ordered,2026-08-31
REO008464,O0087,I0037,10,17,76,Medium,Pending,2026-08-31
REO008465,O0390,I0130,34,34,36,Medium,Pending,2026-08-31
REO008466,O0136,I0055,12,31,56,High,Received,2026-08-31
REO008467,O0470,I0019,15,32,92,High,Approved,2026-08-31
REO008468,O0290,I0099,14,18,38,Medium,Pending,2026-08-31
REO008469,O0132,I0054,10,33,97,High,Pending,2026-08-31
REO008470,O0015,I0167,10,17,32,Medium,Ordered,2026-08-31
REO008471,O0321,I0111,5,18,102,High,Ordered,2026-08-31
REO008472,O0278,I0088,16,23,46,Medium,Approved,2026-08-31
REO008473,O0480,I0100,12,32,79,High,Ordered,2026-08-31
REO008474,O0157,I0065,1,15,91,High,Approved,2026-08-31
REO008475,O0039,I0164,1,31,70,High,Ordered,2026-08-31
REO008476,O0311,I0105,24,28,98,Medium,Approved,2026-08-31
REO008477,O0036,I0170,15,21,75,Medium,Received,2026-08-31
REO008478,O0427,I0034,18,21,43,Medium,Pending,2026-08-31
REO008479,O0019,I0166,18,29,67,Medium,Approved,2026-08-31
REO008480,O0393,I0134,15,17,79,Medium,Ordered,2026-08-31
REO008481,O0124,I0050,14,25,71,Medium,Ordered,2026-08-31
REO008482,O0143,I0061,12,16,31,Medium,Ordered,2026-08-31
REO008483,O0284,I0099,23,32,96,Medium,Received,2026-08-31
REO008484,O0120,I0045,7,19,95,High,Received,2026-08-31
REO008485,O0061,I0026,11,25,70,High,Approved,2026-08-31
REO008486,O0296,I0093,9,18,61,Medium,Ordered,2026-08-31
REO008487,O0058,I0025,0,10,90,Critical,Approved,2026-08-31
REO008488,O0338,I0109,5,21,87,High,Approved,2026-08-31
REO008489,O0295,I0095,30,33,52,Medium,Pending,2026-08-31
REO008490,O0261,I0089,21,37,58,Medium,Ordered,2026-08-31
REO008491,O0384,I0132,3,19,75,High,Approved,2026-08-31
REO008492,O0393,I0134,15,17,79,Medium,Received,2026-08-31
REO008493,O0187,I0277,20,24,31,Medium,Received,2026-08-31
REO008494,O0175,I0065,10,16,30,Medium,Ordered,2026-08-31
REO008495,O0325,I0109,0,21,92,Critical,Ordered,2026-08-31
REO008496,O0171,I0064,6,29,105,High,Ordered,2026-08-31
REO008497,O0158,I0058,2,26,91,High,Pending,2026-08-31
REO008498,O0063,I0027,5,20,95,High,Received,2026-08-31
REO008499,O0415,I0024,20,21,56,Medium,Pending,2026-08-31
REO008500,O0008,I0159,23,35,100,Medium,Received,2026-08-31
REO008501,O0184,I0263,10,17,86,Medium,Received,2026-08-31
REO008502,O0150,I0062,24,30,85,Medium,Received,2026-08-31
REO008503,O0433,I0055,21,24,66,Medium,Received,2026-08-31
REO008504,O0192,I0273,3,28,85,High,Ordered,2026-08-31
REO008505,O0322,I0113,7,32,109,High,Ordered,2026-08-31
REO008506,O0197,I0066,10,26,80,High,Ordered,2026-08-31
REO008507,O0179,I0063,19,34,102,Medium,Pending,2026-08-31
REO008508,O0061,I0029,32,38,31,Medium,Pending,2026-08-31
REO008509,O0016,I0172,4,20,78,High,Pending,2026-08-31
REO008510,O0128,I0049,4,15,103,High,Received,2026-08-31
REO008511,O0276,I0092,30,34,75,Medium,Ordered,2026-08-31
REO008512,O0304,I0099,17,19,48,Medium,Received,2026-08-31
REO008513,O0097,I0018,11,13,56,Medium,Ordered,2026-08-31
REO008514,O0495,I0139,4,19,104,High,Ordered,2026-08-31
REO008515,O0046,I0022,7,24,58,High,Ordered,2026-08-31
REO008516,O0004,I0164,13,30,76,High,Pending,2026-08-31
REO008517,O0060,I0023,6,14,89,High,Approved,2026-08-31
REO008518,O0227,I0080,24,28,33,Medium,Pending,2026-08-31
REO008519,O0481,I0020,23,33,76,Medium,Ordered,2026-08-31
REO008520,O0453,I0050,32,33,22,Medium,Approved,2026-08-31
REO008521,O0011,I0192,3,15,71,High,Pending,2026-08-31
REO008522,O0002,I0165,7,13,102,Medium,Ordered,2026-08-31
REO008523,O0375,I0126,2,16,39,High,Approved,2026-08-31
REO008524,O0158,I0064,19,24,39,Medium,Pending,2026-08-31
REO008525,O0268,I0090,2,17,72,High,Received,2026-08-31
REO008526,O0278,I0090,16,26,80,Medium,Approved,2026-08-31
REO008527,O0355,I0120,18,33,70,Medium,Approved,2026-08-31
REO008528,O0465,I0018,9,22,72,High,Pending,2026-08-31
REO008529,O0177,I0059,7,28,80,High,Ordered,2026-08-31
REO008530,O0467,I0023,3,18,92,High,Ordered,2026-08-31
REO008531,O0128,I0049,4,15,103,High,Received,2026-08-31
REO008532,O0253,I0088,11,31,100,High,Ordered,2026-08-31
REO008533,O0304,I0099,17,19,48,Medium,Ordered,2026-08-31
REO008534,O0065,I0029,28,30,45,Medium,Pending,2026-08-31
REO008535,O0279,I0086,19,19,70,Medium,Ordered,2026-08-31
REO008536,O0498,I0142,18,21,80,Medium,Pending,2026-08-31
REO008537,O0153,I0060,16,25,59,Medium,Received,2026-08-31
REO008538,O0187,I0267,18,18,50,Medium,Pending,2026-08-31
REO008539,O0174,I0063,7,31,66,High,Received,2026-08-31
REO008540,O0376,I0127,20,24,48,Medium,Received,2026-08-31
REO008541,O0278,I0088,16,23,46,Medium,Received,2026-08-31
REO008542,O0224,I0079,13,31,106,High,Approved,2026-08-31
REO008543,O0276,I0092,30,34,75,Medium,Pending,2026-08-31
REO008544,O0150,I0061,21,30,93,Medium,Pending,2026-08-31
REO008545,O0467,I0021,24,36,73,Medium,Received,2026-08-31
REO008546,O0054,I0022,5,27,46,High,Ordered,2026-08-31
REO008547,O0450,I0075,15,39,40,High,Received,2026-08-31
REO008548,O0008,I0001,15,22,56,Medium,Approved,2026-08-31
REO008549,O0001,I0190,18,24,59,Medium,Received,2026-08-31
REO008550,O0387,I0131,8,33,119,High,Pending,2026-08-31
REO008551,O0198,I0275,20,37,99,Medium,Pending,2026-08-31
REO008552,O0105,I0038,20,30,45,Medium,Ordered,2026-08-31
REO008553,O0095,I0018,3,31,98,High,Approved,2026-08-31
REO008554,O0172,I0063,0,32,116,Critical,Received,2026-08-31
REO008555,O0244,I0083,0,20,61,Critical,Approved,2026-08-31
REO008556,O0225,I0077,1,11,96,High,Approved,2026-08-31
REO008557,O0061,I0029,32,38,31,Medium,Approved,2026-08-31
REO008558,O0484,I0024,8,32,108,High,Approved,2026-08-31
REO008559,O0299,I0093,4,16,89,High,Pending,2026-08-31
REO008560,O0022,I0011,3,16,77,High,Ordered,2026-08-31
REO008561,O0017,I0003,23,27,28,Medium,Received,2026-08-31
REO008562,O0057,I0024,10,20,56,Medium,Pending,2026-08-31
REO008563,O0002,I0165,7,13,102,Medium,Approved,2026-08-31
REO008564,O0154,I0060,27,38,44,Medium,Approved,2026-08-31
REO008565,O0284,I0093,3,19,59,High,Ordered,2026-08-31
REO008566,O0204,I0076,14,30,56,High,Pending,2026-08-31
REO008567,O0158,I0058,2,26,91,High,Ordered,2026-08-31
REO008568,O0490,I0021,16,31,75,Medium,Pending,2026-08-31
REO008569,O0159,I0064,2,25,81,High,Approved,2026-08-31
REO008570,O0074,I0015,1,31,81,High,Approved,2026-08-31
REO008571,O0198,I0275,20,37,99,Medium,Approved,2026-08-31
REO008572,O0444,I0074,15,32,58,High,Ordered,2026-08-31
REO008573,O0143,I0063,18,18,88,Medium,Approved,2026-08-31
REO008574,O0399,I0136,22,26,56,Medium,Ordered,2026-08-31
REO008575,O0374,I0126,8,26,63,High,Ordered,2026-08-31
REO008576,O0327,I0109,23,30,54,Medium,Pending,2026-08-31
REO008577,O0218,I0075,19,22,69,Medium,Pending,2026-08-31
REO008578,O0264,I0087,14,28,76,Medium,Approved,2026-08-31
REO008579,O0052,I0024,15,30,59,Medium,Received,2026-08-31
REO008580,O0249,I0083,12,16,85,Medium,Ordered,2026-08-31
REO008581,O0461,I0020,12,27,67,High,Ordered,2026-08-31
REO008582,O0407,I0140,3,34,124,High,Approved,2026-08-31
REO008583,O0296,I0098,12,24,59,Medium,Approved,2026-08-31
REO008584,O0191,I0268,26,31,99,Medium,Ordered,2026-08-31
REO008585,O0262,I0086,18,33,96,Medium,Received,2026-08-31
REO008586,O0494,I0142,10,21,96,High,Ordered,2026-08-31
REO008587,O0276,I0092,30,34,75,Medium,Received,2026-08-31
REO008588,O0228,I0080,16,28,90,Medium,Received,2026-08-31
REO008589,O0362,I0125,5,34,94,High,Pending,2026-08-31
REO008590,O0050,I0025,30,30,36,Medium,Approved,2026-08-31
REO008591,O0002,I0200,13,25,31,Medium,Approved,2026-08-31
REO008592,O0304,I0095,23,31,35,Medium,Approved,2026-08-31
REO008593,O0279,I0091,13,25,91,Medium,Pending,2026-08-31
REO008594,O0380,I0129,13,21,101,Medium,Approved,2026-08-31
REO008595,O0412,I0023,6,14,37,High,Ordered,2026-08-31
REO008596,O0087,I0037,10,17,76,Medium,Pending,2026-08-31
REO008597,O0143,I0061,12,16,31,Medium,Approved,2026-08-31
REO008598,O0413,I0023,3,22,102,High,Ordered,2026-08-31
REO008599,O0278,I0090,16,26,80,Medium,Ordered,2026-08-31
REO008600,O0232,I0079,4,8,103,Medium,Approved,2026-08-31
REO008601,O0387,I0131,8,33,119,High,Ordered,2026-08-31
REO008602,O0427,I0034,18,21,43,Medium,Received,2026-08-31
REO008603,O0161,I0062,8,33,60,High,Approved,2026-08-31
REO008604,O0181,I0275,6,24,94,High,Ordered,2026-08-31
REO008605,O0031,I0160,4,13,42,High,Ordered,2026-08-31
REO008606,O0302,I0096,17,19,70,Medium,Ordered,2026-08-31
REO008607,O0418,I0020,13,28,72,High,Ordered,2026-08-31
REO008608,O0452,I0049,6,26,68,High,Pending,2026-08-31
REO008609,O0494,I0142,10,21,96,High,Ordered,2026-08-31
REO008610,O0124,I0050,14,25,71,Medium,Pending,2026-08-31
REO008611,O0440,I0054,4,20,90,High,Pending,2026-08-31
REO008612,O0143,I0059,4,21,43,High,Received,2026-08-31
REO008613,O0472,I0101,15,21,63,Medium,Ordered,2026-08-31
REO008614,O0122,I0052,14,23,106,Medium,Ordered,2026-08-31
REO008615,O0417,I0025,4,28,49,High,Approved,2026-08-31
REO008616,O0155,I0065,0,19,84,Critical,Ordered,2026-08-31
REO008617,O0144,I0060,10,21,42,High,Approved,2026-08-31
REO008618,O0187,I0275,4,20,88,High,Ordered,2026-08-31
REO008619,O0016,I0172,4,20,78,High,Approved,2026-08-31
REO008620,O0188,I0068,10,22,44,High,Received,2026-08-31
REO008621,O0192,I0275,1,28,92,High,Ordered,2026-08-31
REO008622,O0193,I0265,15,19,73,Medium,Received,2026-08-31
REO008623,O0188,I0071,21,25,58,Medium,Pending,2026-08-31
REO008624,O0004,I0172,6,28,61,High,Pending,2026-08-31
REO008625,O0278,I0088,16,23,46,Medium,Ordered,2026-08-31
REO008626,O0200,I0268,16,25,34,Medium,Approved,2026-08-31
REO008627,O0034,I0006,19,26,74,Medium,Ordered,2026-08-31
REO008628,O0145,I0058,28,31,73,Medium,Approved,2026-08-31
REO008629,O0094,I0023,4,32,94,High,Pending,2026-08-31
REO008630,O0264,I0087,14,28,76,Medium,Approved,2026-08-31
REO008631,O0063,I0027,5,20,95,High,Pending,2026-08-31
REO008632,O0290,I0097,29,29,22,Medium,Approved,2026-08-31
REO008633,O0103,I0041,0,37,65,Critical,Ordered,2026-08-31
REO008634,O0021,I0014,9,20,91,High,Approved,2026-08-31
REO008635,O0083,I0032,7,15,56,High,Ordered,2026-08-31
REO008636,O0008,I0006,20,21,58,Medium,Pending,2026-08-31
REO008637,O0061,I0026,11,25,70,High,Ordered,2026-08-31
REO008638,O0316,I0107,16,26,85,Medium,Pending,2026-08-31
REO008639,O0490,I0025,25,29,65,Medium,Pending,2026-08-31
REO008640,O0414,I0024,1,13,83,High,Approved,2026-08-31
REO008641,O0347,I0115,16,22,57,Medium,Pending,2026-08-31
REO008642,O0194,I0277,23,28,52,Medium,Ordered,2026-08-31
REO008643,O0040,I0002,4,37,74,High,Approved,2026-08-31
REO008644,O0065,I0029,28,30,45,Medium,Approved,2026-08-31
REO008645,O0087,I0037,10,17,76,Medium,Received,2026-08-31
REO008646,O0019,I0167,13,31,74,High,Ordered,2026-08-31
REO008647,O0188,I0068,10,22,44,High,Pending,2026-08-31
REO008648,O0001,I0190,18,24,59,Medium,Approved,2026-08-31
REO008649,O0038,I0193,2,32,90,High,Ordered,2026-08-31
REO008650,O0056,I0021,31,35,31,Medium,Received,2026-08-31
REO008651,O0009,I0006,19,27,90,Medium,Approved,2026-08-31
REO008652,O0192,I0275,1,28,92,High,Pending,2026-08-31
REO008653,O0333,I0109,11,23,94,High,Received,2026-08-31
REO008654,O0200,I0268,16,25,34,Medium,Approved,2026-08-31
REO008655,O0182,I0266,27,36,71,Medium,Ordered,2026-08-31
REO008656,O0314,I0108,23,27,92,Medium,Ordered,2026-08-31
REO008657,O0172,I0058,11,30,110,High,Ordered,2026-08-31
REO008658,O0210,I0072,0,29,60,Critical,Ordered,2026-08-31
REO008659,O0321,I0112,25,29,35,Medium,Approved,2026-08-31
REO008660,O0199,I0274,16,30,59,Medium,Ordered,2026-08-31
REO008661,O0186,I0267,34,37,55,Medium,Ordered,2026-08-31
REO008662,O0263,I0087,7,35,87,High,Ordered,2026-08-31
REO008663,O0418,I0020,13,28,72,High,Ordered,2026-08-31
REO008664,O0113,I0045,32,36,75,Medium,Pending,2026-08-31
REO008665,O0008,I0193,21,21,43,Medium,Ordered,2026-08-31
REO008666,O0303,I0096,11,33,112,High,Ordered,2026-08-31
REO008667,O0026,I0016,2,23,91,High,Received,2026-08-31
REO008668,O0279,I0086,19,19,70,Medium,Ordered,2026-08-31
REO008669,O0326,I0110,9,20,60,High,Ordered,2026-08-31
REO008670,O0170,I0064,10,36,118,High,Ordered,2026-08-31
REO008671,O0171,I0058,9,25,80,High,Ordered,2026-08-31
REO008672,O0073,I0010,11,24,34,High,Approved,2026-08-31
REO008673,O0183,I0267,13,22,91,Medium,Approved,2026-08-31
REO008674,O0059,I0022,23,28,92,Medium,Approved,2026-08-31
REO008675,O0236,I0081,0,27,111,Critical,Pending,2026-08-31
REO008676,O0415,I0023,23,26,20,Medium,Ordered,2026-08-31
REO008677,O0321,I0111,5,18,102,High,Approved,2026-08-31
REO008678,O0044,I0022,12,21,42,Medium,Ordered,2026-08-31
REO008679,O0252,I0086,22,23,37,Medium,Pending,2026-08-31
REO008680,O0296,I0099,7,29,60,High,Pending,2026-08-31
REO008681,O0454,I0050,16,37,84,High,Approved,2026-08-31
REO008682,O0228,I0077,13,20,74,Medium,Pending,2026-08-31
REO008683,O0035,I0006,21,21,41,Medium,Pending,2026-08-31
REO008684,O0315,I0108,3,14,50,High,Ordered,2026-08-31
REO008685,O0052,I0024,15,30,59,Medium,Ordered,2026-08-31
REO008686,O0001,I0172,23,28,37,Medium,Approved,2026-08-31
REO008687,O0426,I0033,20,30,34,Medium,Received,2026-08-31
REO008688,O0004,I0164,13,30,76,High,Approved,2026-08-31
REO008689,O0066,I0028,17,28,56,Medium,Pending,2026-08-31
REO008690,O0021,I0014,9,20,91,High,Received,2026-08-31
REO008691,O0365,I0122,18,25,57,Medium,Approved,2026-08-31
REO008692,O0006,I0168,14,24,40,Medium,Ordered,2026-08-31
REO008693,O0062,I0029,7,29,93,High,Ordered,2026-08-31
REO008694,O0039,I0163,0,16,111,Critical,Approved,2026-08-31
REO008695,O0187,I0069,20,23,75,Medium,Pending,2026-08-31
REO008696,O0375,I0126,2,16,39,High,Ordered,2026-08-31
REO008697,O0376,I0128,10,17,89,Medium,Approved,2026-08-31
REO008698,O0107,I0040,0,19,90,Critical,Approved,2026-08-31
REO008699,O0204,I0075,2,26,95,High,Received,2026-08-31
REO008700,O0278,I0088,16,23,46,Medium,Ordered,2026-08-31
REO008701,O0480,I0100,12,32,79,High,Received,2026-08-31
REO008702,O0221,I0081,7,13,75,Medium,Ordered,2026-08-31
REO008703,O0189,I0270,17,24,49,Medium,Approved,2026-08-31
REO008704,O0066,I0030,14,15,81,Medium,Approved,2026-08-31
REO008705,O0256,I0091,23,28,39,Medium,Approved,2026-08-31
REO008706,O0104,I0042,2,27,62,High,Pending,2026-08-31
REO008707,O0219,I0074,10,23,83,High,Received,2026-08-31
REO008708,O0415,I0022,23,29,52,Medium,Pending,2026-08-31
REO008709,O0179,I0060,5,16,83,High,Ordered,2026-08-31
REO008710,O0195,I0273,31,36,49,Medium,Approved,2026-08-31
REO008711,O0019,I0166,18,29,67,Medium,Approved,2026-08-31
REO008712,O0046,I0022,7,24,58,High,Approved,2026-08-31
REO008713,O0259,I0090,8,33,73,High,Approved,2026-08-31
REO008714,O0039,I0191,10,37,46,High,Approved,2026-08-31
REO008715,O0009,I0006,19,27,90,Medium,Approved,2026-08-31
REO008716,O0418,I0022,35,36,86,Medium,Pending,2026-08-31
REO008717,O0172,I0058,11,30,110,High,Received,2026-08-31
REO008718,O0175,I0060,6,12,92,Medium,Pending,2026-08-31
REO008719,O0072,I0011,30,31,37,Medium,Ordered,2026-08-31
REO008720,O0418,I0024,19,28,75,Medium,Approved,2026-08-31
REO008721,O0254,I0092,4,20,103,High,Ordered,2026-08-31
REO008722,O0277,I0089,9,33,101,High,Approved,2026-08-31
REO008723,O0016,I0197,1,32,90,High,Pending,2026-08-31
REO008724,O0084,I0033,22,33,92,Medium,Ordered,2026-08-31
REO008725,O0174,I0062,25,36,68,Medium,Approved,2026-08-31
REO008726,O0049,I0020,2,32,92,High,Approved,2026-08-31
REO008727,O0044,I0020,26,34,46,Medium,Pending,2026-08-31
REO008728,O0404,I0139,20,28,59,Medium,Approved,2026-08-31
REO008729,O0301,I0098,9,16,54,Medium,Pending,2026-08-31
REO008730,O0189,I0270,17,24,49,Medium,Approved,2026-08-31
REO008731,O0198,I0274,10,31,61,High,Ordered,2026-08-31
REO008732,O0174,I0062,25,36,68,Medium,Approved,2026-08-31
REO008733,O0132,I0054,10,33,97,High,Approved,2026-08-31
REO008734,O0003,I0009,1,32,57,High,Pending,2026-08-31
REO008735,O0031,I0166,28,28,47,Medium,Ordered,2026-08-31
REO008736,O0107,I0040,0,19,90,Critical,Pending,2026-08-31
REO008737,O0265,I0087,2,31,50,High,Approved,2026-08-31
REO008738,O0004,I0167,6,22,55,High,Ordered,2026-08-31
REO008739,O0333,I0109,11,23,94,High,Ordered,2026-08-31
REO008740,O0033,I0007,19,32,63,Medium,Received,2026-08-31
REO008741,O0058,I0018,23,26,46,Medium,Ordered,2026-08-31
REO008742,O0095,I0018,3,31,98,High,Ordered,2026-08-31
REO008743,O0491,I0138,2,37,54,High,Pending,2026-08-31
REO008744,O0479,I0100,10,34,106,High,Pending,2026-08-31
REO008745,O0177,I0062,14,30,66,High,Approved,2026-08-31
REO008746,O0190,I0263,23,24,62,Medium,Approved,2026-08-31
REO008747,O0385,I0132,16,28,50,Medium,Pending,2026-08-31
REO008748,O0263,I0087,7,35,87,High,Approved,2026-08-31
REO008749,O0500,I0138,17,30,38,Medium,Ordered,2026-08-31
REO008750,O0177,I0059,7,28,80,High,Ordered,2026-08-31
REO008751,O0016,I0191,1,25,51,High,Approved,2026-08-31
REO008752,O0181,I0274,2,19,66,High,Ordered,2026-08-31
REO008753,O0009,I0201,9,25,99,High,Pending,2026-08-31
REO008754,O0304,I0097,9,12,79,Medium,Approved,2026-08-31
REO008755,O0181,I0274,2,19,66,High,Approved,2026-08-31
REO008756,O0302,I0096,17,19,70,Medium,Ordered,2026-08-31
REO008757,O0223,I0078,4,34,104,High,Approved,2026-08-31
REO008758,O0006,I0169,3,29,89,High,Approved,2026-08-31
REO008759,O0270,I0092,22,30,54,Medium,Approved,2026-08-31
REO008760,O0128,I0049,4,15,103,High,Pending,2026-08-31
REO008761,O0001,I0193,1,9,100,High,Ordered,2026-08-31
REO008762,O0340,I0112,18,34,33,Medium,Ordered,2026-08-31
REO008763,O0486,I0025,27,36,62,Medium,Ordered,2026-08-31
REO008764,O0162,I0061,4,31,107,High,Approved,2026-08-31
REO008765,O0196,I0070,8,14,96,Medium,Ordered,2026-08-31
REO008766,O0190,I0274,18,21,68,Medium,Pending,2026-08-31
REO008767,O0005,I0194,16,21,51,Medium,Pending,2026-08-31
REO008768,O0456,I0049,1,17,49,High,Pending,2026-08-31
REO008769,O0174,I0062,25,36,68,Medium,Pending,2026-08-31
REO008770,O0015,I0196,6,15,66,High,Ordered,2026-08-31
REO008771,O0048,I0018,24,24,91,Medium,Pending,2026-08-31
REO008772,O0196,I0070,8,14,96,Medium,Approved,2026-08-31
REO008773,O0053,I0025,25,29,32,Medium,Approved,2026-08-31
REO008774,O0440,I0057,0,15,98,Critical,Received,2026-08-31
REO008775,O0080,I0012,4,31,101,High,Approved,2026-08-31
REO008776,O0216,I0075,13,13,35,Medium,Pending,2026-08-31
REO008777,O0284,I0099,23,32,96,Medium,Ordered,2026-08-31
REO008778,O0188,I0272,23,24,90,Medium,Approved,2026-08-31
REO008779,O0017,I0005,13,26,75,Medium,Received,2026-08-31
REO008780,O0062,I0030,5,17,75,High,Pending,2026-08-31
REO008781,O0118,I0047,12,16,38,Medium,Ordered,2026-08-31
REO008782,O0122,I0052,14,23,106,Medium,Pending,2026-08-31
REO008783,O0225,I0077,1,11,96,High,Ordered,2026-08-31
REO008784,O0375,I0126,2,16,39,High,Received,2026-08-31
REO008785,O0095,I0021,19,22,84,Medium,Pending,2026-08-31
REO008786,O0492,I0140,18,33,46,Medium,Received,2026-08-31
REO008787,O0186,I0263,14,31,63,High,Approved,2026-08-31
REO008788,O0452,I0049,6,26,68,High,Received,2026-08-31
REO008789,O0006,I0169,3,29,89,High,Ordered,2026-08-31
REO008790,O0375,I0126,2,16,39,High,Pending,2026-08-31
REO008791,O0020,I0195,13,14,33,Medium,Pending,2026-08-31
REO008792,O0040,I0002,4,37,74,High,Ordered,2026-08-31
REO008793,O0324,I0110,5,23,49,High,Pending,2026-08-31
REO008794,O0013,I0167,13,31,80,High,Approved,2026-08-31
REO008795,O0442,I0072,17,32,90,Medium,Pending,2026-08-31
REO008796,O0461,I0020,12,27,67,High,Approved,2026-08-31
REO008797,O0190,I0269,1,28,100,High,Received,2026-08-31
REO008798,O0004,I0001,19,38,95,Medium,Ordered,2026-08-31
REO008799,O0270,I0091,14,34,86,High,Ordered,2026-08-31
REO008800,O0492,I0140,18,33,46,Medium,Ordered,2026-08-31
REO008801,O0040,I0198,20,21,28,Medium,Pending,2026-08-31
REO008802,O0367,I0122,6,34,91,High,Received,2026-08-31
REO008803,O0174,I0062,25,36,68,Medium,Pending,2026-08-31
REO008804,O0004,I0001,19,38,95,Medium,Ordered,2026-08-31
REO008805,O0009,I0002,13,14,28,Medium,Received,2026-08-31
REO008806,O0216,I0075,13,13,35,Medium,Pending,2026-08-31
REO008807,O0005,I0188,24,24,54,Medium,Ordered,2026-08-31
REO008808,O0044,I0025,4,30,116,High,Pending,2026-08-31
REO008809,O0028,I0015,2,27,50,High,Pending,2026-08-31
REO008810,O0026,I0016,2,23,91,High,Ordered,2026-08-31
REO008811,O0049,I0019,18,21,33,Medium,Ordered,2026-08-31
REO008812,O0066,I0028,17,28,56,Medium,Approved,2026-08-31
REO008813,O0253,I0086,0,25,117,Critical,Pending,2026-08-31
REO008814,O0183,I0069,36,37,73,Medium,Pending,2026-08-31
REO008815,O0088,I0034,1,18,47,High,Ordered,2026-08-31
REO008816,O0313,I0105,13,17,33,Medium,Approved,2026-08-31
REO008817,O0362,I0125,5,34,94,High,Ordered,2026-08-31
REO008818,O0499,I0138,0,23,44,Critical,Pending,2026-08-31
REO008819,O0031,I0200,12,16,80,Medium,Approved,2026-08-31
REO008820,O0153,I0060,16,25,59,Medium,Received,2026-08-31
REO008821,O0094,I0023,4,32,94,High,Ordered,2026-08-31
REO008822,O0165,I0062,5,19,79,High,Pending,2026-08-31
REO008823,O0174,I0058,0,27,50,Critical,Approved,2026-08-31
REO008824,O0174,I0058,0,27,50,Critical,Ordered,2026-08-31
REO008825,O0296,I0093,9,18,61,Medium,Pending,2026-08-31
REO008826,O0132,I0054,10,33,97,High,Ordered,2026-08-31
REO008827,O0290,I0099,14,18,38,Medium,Approved,2026-08-31
REO008828,O0175,I0060,6,12,92,Medium,Received,2026-08-31
REO008829,O0003,I0193,4,16,71,High,Ordered,2026-08-31
REO008830,O0429,I0036,12,29,61,High,Ordered,2026-08-31
REO008831,O0208,I0073,8,22,63,High,Ordered,2026-08-31
REO008832,O0478,I0101,6,28,82,High,Received,2026-08-31
REO008833,O0411,I0021,0,22,69,Critical,Ordered,2026-08-31
REO008834,O0084,I0032,3,28,90,High,Approved,2026-08-31
REO008835,O0301,I0098,9,16,54,Medium,Ordered,2026-08-31
REO008836,O0198,I0275,20,37,99,Medium,Approved,2026-08-31
REO008837,O0031,I0162,23,25,90,Medium,Pending,2026-08-31
REO008838,O0174,I0058,0,27,50,Critical,Ordered,2026-08-31
REO008839,O0143,I0063,18,18,88,Medium,Ordered,2026-08-31
REO008840,O0165,I0061,13,27,50,High,Ordered,2026-08-31
REO008841,O0021,I0014,9,20,91,High,Approved,2026-08-31
REO008842,O0014,I0160,23,31,45,Medium,Ordered,2026-08-31
REO008843,O0097,I0018,11,13,56,Medium,Approved,2026-08-31
REO008844,O0163,I0064,19,24,67,Medium,Approved,2026-08-31
REO008845,O0322,I0113,7,32,109,High,Ordered,2026-08-31
REO008846,O0025,I0016,2,24,77,High,Ordered,2026-08-31
REO008847,O0029,I0010,15,21,72,Medium,Ordered,2026-08-31
REO008848,O0259,I0090,8,33,73,High,Ordered,2026-08-31
REO008849,O0104,I0041,6,22,73,High,Pending,2026-08-31
REO008850,O0409,I0139,32,32,55,Medium,Ordered,2026-08-31
REO008851,O0164,I0061,13,14,38,Medium,Pending,2026-08-31
REO008852,O0258,I0087,7,17,57,High,Ordered,2026-08-31
REO008853,O0385,I0132,16,28,50,Medium,Approved,2026-08-31
REO008854,O0057,I0024,10,20,56,Medium,Ordered,2026-08-31
REO008855,O0376,I0128,10,17,89,Medium,Approved,2026-08-31
REO008856,O0316,I0107,16,26,85,Medium,Ordered,2026-08-31
REO008857,O0122,I0052,14,23,106,Medium,Ordered,2026-08-31
REO008858,O0150,I0062,24,30,85,Medium,Approved,2026-08-31
REO008859,O0443,I0072,1,19,88,High,Ordered,2026-08-31
REO008860,O0168,I0058,14,21,90,Medium,Approved,2026-08-31
REO008861,O0190,I0263,23,24,62,Medium,Ordered,2026-08-31
REO008862,O0053,I0020,13,28,46,High,Ordered,2026-08-31
REO008863,O0181,I0274,2,19,66,High,Pending,2026-08-31
REO008864,O0046,I0022,7,24,58,High,Approved,2026-08-31
REO008865,O0063,I0027,5,20,95,High,Ordered,2026-08-31
REO008866,O0019,I0167,13,31,74,High,Ordered,2026-08-31
REO008867,O0093,I0025,0,26,98,Critical,Pending,2026-08-31
REO008868,O0134,I0055,22,34,85,Medium,Ordered,2026-08-31
REO008869,O0352,I0121,26,27,42,Medium,Ordered,2026-08-31
REO008870,O0016,I0197,1,32,90,High,Received,2026-08-31
REO008871,O0198,I0274,10,31,61,High,Pending,2026-08-31
REO008872,O0187,I0275,4,20,88,High,Approved,2026-08-31
REO008873,O0038,I0193,2,32,90,High,Received,2026-08-31
REO008874,O0001,I0190,18,24,59,Medium,Pending,2026-08-31
REO008875,O0082,I0035,14,22,70,Medium,Pending,2026-08-31
REO008876,O0376,I0128,10,17,89,Medium,Pending,2026-08-31
REO008877,O0463,I0022,9,18,45,Medium,Ordered,2026-08-31
REO008878,O0369,I0124,26,30,96,Medium,Pending,2026-08-31
REO008879,O0486,I0021,3,29,76,High,Approved,2026-08-31
REO008880,O0163,I0063,2,23,99,High,Received,2026-08-31
REO008881,O0450,I0075,15,39,40,High,Received,2026-08-31
REO008882,O0354,I0118,24,26,43,Medium,Approved,2026-08-31
REO008883,O0195,I0066,20,30,64,Medium,Pending,2026-08-31
REO008884,O0017,I0005,13,26,75,Medium,Pending,2026-08-31
REO008885,O0304,I0095,23,31,35,Medium,Approved,2026-08-31
REO008886,O0050,I0025,30,30,36,Medium,Approved,2026-08-31
REO008887,O0076,I0010,15,16,92,Medium,Approved,2026-08-31
REO008888,O0188,I0068,10,22,44,High,Pending,2026-08-31
REO008889,O0005,I0194,16,21,51,Medium,Pending,2026-08-31
REO008890,O0407,I0140,3,34,124,High,Approved,2026-08-31
REO008891,O0399,I0136,22,26,56,Medium,Approved,2026-08-31
REO008892,O0326,I0112,29,33,23,Medium,Ordered,2026-08-31
REO008893,O0462,I0024,13,24,37,Medium,Ordered,2026-08-31
REO008894,O0077,I0010,21,28,59,Medium,Approved,2026-08-31
REO008895,O0354,I0118,24,26,43,Medium,Ordered,2026-08-31
REO008896,O0314,I0108,23,27,92,Medium,Approved,2026-08-31
REO008897,O0301,I0096,5,19,48,High,Ordered,2026-08-31
REO008898,O0494,I0142,10,21,96,High,Ordered,2026-08-31
REO008899,O0124,I0051,28,29,64,Medium,Pending,2026-08-31
REO008900,O0410,I0142,14,14,53,Medium,Ordered,2026-08-31
REO008901,O0425,I0037,16,33,104,High,Pending,2026-08-31
REO008902,O0226,I0081,16,27,30,Medium,Ordered,2026-08-31
REO008903,O0058,I0024,1,20,51,High,Pending,2026-08-31
REO008904,O0192,I0275,1,28,92,High,Received,2026-08-31
REO008905,O0228,I0080,16,28,90,Medium,Pending,2026-08-31
REO008906,O0040,I0198,20,21,28,Medium,Ordered,2026-08-31
REO008907,O0083,I0032,7,15,56,High,Pending,2026-08-31
REO008908,O0014,I0160,23,31,45,Medium,Pending,2026-08-31
REO008909,O0174,I0063,7,31,66,High,Ordered,2026-08-31
REO008910,O0018,I0188,13,24,43,Medium,Approved,2026-08-31
REO008911,O0312,I0108,36,37,35,Medium,Ordered,2026-08-31
REO008912,O0325,I0109,0,21,92,Critical,Pending,2026-08-31
REO008913,O0171,I0062,5,11,75,High,Ordered,2026-08-31
REO008914,O0044,I0018,4,28,48,High,Received,2026-08-31
REO008915,O0155,I0061,18,27,37,Medium,Pending,2026-08-31
REO008916,O0216,I0075,13,13,35,Medium,Ordered,2026-08-31
REO008917,O0434,I0057,13,16,44,Medium,Approved,2026-08-31
REO008918,O0229,I0079,2,29,62,High,Pending,2026-08-31
REO008919,O0490,I0021,16,31,75,Medium,Ordered,2026-08-31
REO008920,O0003,I0009,1,32,57,High,Approved,2026-08-31
REO008921,O0380,I0128,1,13,61,High,Ordered,2026-08-31
REO008922,O0270,I0087,24,26,95,Medium,Approved,2026-08-31
REO008923,O0487,I0018,20,34,48,Medium,Pending,2026-08-31
REO008924,O0092,I0020,11,16,86,Medium,Pending,2026-08-31
REO008925,O0052,I0018,11,30,61,High,Pending,2026-08-31
REO008926,O0490,I0021,16,31,75,Medium,Approved,2026-08-31
REO008927,O0429,I0036,12,29,61,High,Pending,2026-08-31
REO008928,O0416,I0018,6,23,68,High,Ordered,2026-08-31
REO008929,O0289,I0098,12,34,105,High,Ordered,2026-08-31
REO008930,O0235,I0078,34,35,43,Medium,Approved,2026-08-31
REO008931,O0384,I0132,3,19,75,High,Approved,2026-08-31
REO008932,O0490,I0025,25,29,65,Medium,Ordered,2026-08-31
REO008933,O0183,I0069,36,37,73,Medium,Approved,2026-08-31
REO008934,O0490,I0025,25,29,65,Medium,Pending,2026-08-31
REO008935,O0192,I0069,1,33,70,High,Ordered,2026-08-31
REO008936,O0155,I0058,13,25,92,Medium,Ordered,2026-08-31
REO008937,O0326,I0112,29,33,23,Medium,Ordered,2026-08-31
REO008938,O0419,I0024,10,27,46,High,Received,2026-08-31
REO008939,O0110,I0040,9,25,57,High,Approved,2026-08-31
REO008940,O0071,I0017,9,34,84,High,Ordered,2026-08-31
REO008941,O0365,I0122,18,25,57,Medium,Approved,2026-08-31
REO008942,O0315,I0108,3,14,50,High,Received,2026-08-31
REO008943,O0018,I0188,13,24,43,Medium,Ordered,2026-08-31
REO008944,O0053,I0020,13,28,46,High,Ordered,2026-08-31
REO008945,O0450,I0075,15,39,40,High,Ordered,2026-08-31
REO008946,O0003,I0007,4,16,36,High,Pending,2026-08-31
REO008947,O0061,I0029,32,38,31,Medium,Pending,2026-08-31
REO008948,O0399,I0136,22,26,56,Medium,Ordered,2026-08-31
REO008949,O0048,I0024,2,29,107,High,Approved,2026-08-31
REO008950,O0354,I0118,24,26,43,Medium,Approved,2026-08-31
REO008951,O0044,I0019,6,29,52,High,Ordered,2026-08-31
REO008952,O0029,I0014,25,28,37,Medium,Received,2026-08-31
REO008953,O0206,I0074,17,19,47,Medium,Approved,2026-08-31
REO008954,O0204,I0076,14,30,56,High,Ordered,2026-08-31
REO008955,O0191,I0071,10,23,64,High,Ordered,2026-08-31
REO008956,O0190,I0263,23,24,62,Medium,Received,2026-08-31
REO008957,O0017,I0009,5,28,42,High,Received,2026-08-31
REO008958,O0087,I0037,10,17,76,Medium,Approved,2026-08-31
REO008959,O0187,I0267,18,18,50,Medium,Received,2026-08-31
REO008960,O0177,I0058,2,26,63,High,Received,2026-08-31
REO008961,O0095,I0020,20,24,28,Medium,Ordered,2026-08-31
REO008962,O0253,I0088,11,31,100,High,Ordered,2026-08-31
REO008963,O0168,I0059,8,27,60,High,Pending,2026-08-31
REO008964,O0031,I0162,23,25,90,Medium,Received,2026-08-31
REO008965,O0224,I0079,13,31,106,High,Ordered,2026-08-31
REO008966,O0227,I0080,24,28,33,Medium,Received,2026-08-31
REO008967,O0333,I0110,9,25,94,High,Ordered,2026-08-31
REO008968,O0490,I0021,16,31,75,Medium,Received,2026-08-31
REO008969,O0311,I0105,24,28,98,Medium,Ordered,2026-08-31
REO008970,O0231,I0080,1,26,48,High,Approved,2026-08-31
REO008971,O0439,I0053,21,35,71,Medium,Ordered,2026-08-31
REO008972,O0175,I0060,6,12,92,Medium,Received,2026-08-31
REO008973,O0181,I0275,6,24,94,High,Pending,2026-08-31
REO008974,O0480,I0100,12,32,79,High,Approved,2026-08-31
REO008975,O0007,I0170,5,16,50,High,Ordered,2026-08-31
REO008976,O0002,I0200,13,25,31,Medium,Ordered,2026-08-31
REO008977,O0040,I0190,8,22,41,High,Pending,2026-08-31
REO008978,O0085,I0034,15,29,38,Medium,Received,2026-08-31
REO008979,O0143,I0059,4,21,43,High,Received,2026-08-31
REO008980,O0190,I0269,1,28,100,High,Received,2026-08-31
REO008981,O0477,I0101,18,31,75,Medium,Pending,2026-08-31
REO008982,O0048,I0025,6,28,76,High,Ordered,2026-08-31
REO008983,O0161,I0059,1,24,80,High,Ordered,2026-08-31
REO008984,O0059,I0023,20,35,78,Medium,Ordered,2026-08-31
REO008985,O0246,I0083,5,12,90,High,Approved,2026-08-31
REO008986,O0007,I0004,20,36,39,Medium,Ordered,2026-08-31
REO008987,O0301,I0098,9,16,54,Medium,Approved,2026-08-31
REO008988,O0290,I0099,14,18,38,Medium,Pending,2026-08-31
REO008989,O0002,I0168,32,35,76,Medium,Pending,2026-08-31
REO008990,O0177,I0064,14,32,101,High,Received,2026-08-31
REO008991,O0390,I0131,13,30,94,High,Ordered,2026-08-31
REO008992,O0010,I0158,1,26,96,High,Approved,2026-08-31
REO008993,O0302,I0099,15,24,32,Medium,Received,2026-08-31
REO008994,O0397,I0134,11,38,113,High,Ordered,2026-08-31
REO008995,O0031,I0162,23,25,90,Medium,Pending,2026-08-31
REO008996,O0103,I0041,0,37,65,Critical,Ordered,2026-08-31
REO008997,O0289,I0098,12,34,105,High,Received,2026-08-31
REO008998,O0103,I0041,0,37,65,Critical,Pending,2026-08-31
REO008999,O0455,I0052,18,21,81,Medium,Received,2026-08-31
REO009000,O0055,I0025,24,25,99,Medium,Ordered,2026-08-31
REO009001,O0024,I0010,12,22,62,Medium,Ordered,2026-08-31
REO009002,O0442,I0074,34,34,22,Medium,Approved,2026-08-31
REO009003,O0308,I0095,24,37,75,Medium,Ordered,2026-08-31
REO009004,O0080,I0012,4,31,101,High,Ordered,2026-08-31
REO009005,O0415,I0020,29,36,33,Medium,Approved,2026-08-31
REO009006,O0061,I0027,8,22,52,High,Approved,2026-08-31
REO009007,O0286,I0094,23,24,51,Medium,Pending,2026-08-31
REO009008,O0261,I0089,21,37,58,Medium,Pending,2026-08-31
REO009009,O0199,I0274,16,30,59,Medium,Pending,2026-08-31
REO009010,O0225,I0077,1,11,96,High,Pending,2026-08-31
REO009011,O0452,I0052,27,31,101,Medium,Approved,2026-08-31
REO009012,O0055,I0019,17,25,45,Medium,Ordered,2026-08-31
REO009013,O0472,I0102,26,27,51,Medium,Ordered,2026-08-31
REO009014,O0186,I0271,17,18,75,Medium,Ordered,2026-08-31
REO009015,O0497,I0139,20,25,69,Medium,Pending,2026-08-31
REO009016,O0181,I0274,2,19,66,High,Ordered,2026-08-31
REO009017,O0283,I0094,1,34,119,High,Pending,2026-08-31
REO009018,O0038,I0193,2,32,90,High,Pending,2026-08-31
REO009019,O0110,I0040,9,25,57,High,Ordered,2026-08-31
REO009020,O0003,I0193,4,16,71,High,Pending,2026-08-31
REO009021,O0012,I0007,6,34,107,High,Ordered,2026-08-31
REO009022,O0058,I0019,17,25,97,Medium,Pending,2026-08-31
REO009023,O0124,I0051,28,29,64,Medium,Pending,2026-08-31
REO009024,O0187,I0267,18,18,50,Medium,Ordered,2026-08-31
REO009025,O0108,I0039,9,12,99,Medium,Pending,2026-08-31
REO009026,O0095,I0020,20,24,28,Medium,Received,2026-08-31
REO009027,O0054,I0021,31,31,62,Medium,Received,2026-08-31
REO009028,O0358,I0121,7,20,43,High,Approved,2026-08-31
REO009029,O0284,I0095,9,15,55,Medium,Approved,2026-08-31
REO009030,O0159,I0063,5,17,48,High,Ordered,2026-08-31
REO009031,O0038,I0161,3,30,89,High,Received,2026-08-31
REO009032,O0002,I0200,13,25,31,Medium,Approved,2026-08-31
REO009033,O0031,I0006,6,25,105,High,Ordered,2026-08-31
REO009034,O0008,I0168,17,17,58,Medium,Pending,2026-08-31
REO009035,O0087,I0037,10,17,76,Medium,Approved,2026-08-31
REO009036,O0384,I0130,21,31,51,Medium,Approved,2026-08-31
REO009037,O0175,I0065,10,16,30,Medium,Received,2026-08-31
REO009038,O0264,I0087,14,28,76,Medium,Pending,2026-08-31
REO009039,O0188,I0272,23,24,90,Medium,Received,2026-08-31
REO009040,O0062,I0029,7,29,93,High,Ordered,2026-08-31
REO009041,O0257,I0092,10,32,48,High,Ordered,2026-08-31
REO009042,O0430,I0032,18,19,35,Medium,Approved,2026-08-31
REO009043,O0019,I0166,18,29,67,Medium,Approved,2026-08-31
REO009044,O0263,I0087,7,35,87,High,Received,2026-08-31
REO009045,O0284,I0099,23,32,96,Medium,Received,2026-08-31
REO009046,O0320,I0106,16,23,27,Medium,Pending,2026-08-31
REO009047,O0296,I0099,7,29,60,High,Ordered,2026-08-31
REO009048,O0270,I0092,22,30,54,Medium,Approved,2026-08-31
REO009049,O0492,I0142,3,10,91,High,Approved,2026-08-31
REO009050,O0195,I0265,4,31,50,High,Approved,2026-08-31
REO009051,O0195,I0066,20,30,64,Medium,Received,2026-08-31
REO009052,O0003,I0165,16,31,47,Medium,Approved,2026-08-31
REO009053,O0429,I0033,7,29,44,High,Pending,2026-08-31
REO009054,O0414,I0025,13,34,85,High,Ordered,2026-08-31
REO009055,O0373,I0128,4,13,42,High,Ordered,2026-08-31
REO009056,O0474,I0103,0,30,110,Critical,Approved,2026-08-31
REO009057,O0010,I0158,1,26,96,High,Approved,2026-08-31
REO009058,O0026,I0016,2,23,91,High,Ordered,2026-08-31
REO009059,O0155,I0058,13,25,92,Medium,Approved,2026-08-31
REO009060,O0414,I0024,1,13,83,High,Ordered,2026-08-31
REO009061,O0415,I0023,23,26,20,Medium,Approved,2026-08-31
REO009062,O0205,I0073,26,27,29,Medium,Pending,2026-08-31
REO009063,O0114,I0048,9,27,83,High,Pending,2026-08-31
REO009064,O0186,I0267,34,37,55,Medium,Received,2026-08-31
REO009065,O0390,I0131,13,30,94,High,Pending,2026-08-31
REO009066,O0278,I0087,20,36,77,Medium,Ordered,2026-08-31
REO009067,O0415,I0020,29,36,33,Medium,Pending,2026-08-31
REO009068,O0180,I0058,17,29,82,Medium,Ordered,2026-08-31
REO009069,O0443,I0072,1,19,88,High,Ordered,2026-08-31
REO009070,O0044,I0018,4,28,48,High,Pending,2026-08-31
REO009071,O0358,I0121,7,20,43,High,Ordered,2026-08-31
REO009072,O0096,I0024,5,31,66,High,Received,2026-08-31
REO009073,O0453,I0051,12,33,85,High,Approved,2026-08-31
REO009074,O0075,I0013,2,23,49,High,Pending,2026-08-31
REO009075,O0039,I0191,10,37,46,High,Pending,2026-08-31
REO009076,O0166,I0060,13,24,62,Medium,Ordered,2026-08-31
REO009077,O0011,I0198,18,36,40,Medium,Approved,2026-08-31
REO009078,O0142,I0063,4,37,66,High,Approved,2026-08-31
REO009079,O0454,I0050,16,37,84,High,Received,2026-08-31
REO009080,O0019,I0166,18,29,67,Medium,Approved,2026-08-31
REO009081,O0178,I0064,0,18,93,Critical,Received,2026-08-31
REO009082,O0165,I0064,36,37,61,Medium,Approved,2026-08-31
REO009083,O0179,I0063,19,34,102,Medium,Ordered,2026-08-31
REO009084,O0076,I0010,15,16,92,Medium,Approved,2026-08-31
REO009085,O0376,I0126,3,10,89,High,Pending,2026-08-31
REO009086,O0274,I0086,6,32,122,High,Pending,2026-08-31
REO009087,O0235,I0078,34,35,43,Medium,Received,2026-08-31
REO009088,O0307,I0094,13,20,81,Medium,Pending,2026-08-31
REO009089,O0082,I0035,14,22,70,Medium,Approved,2026-08-31
REO009090,O0435,I0053,11,27,80,High,Pending,2026-08-31
REO009091,O0492,I0142,3,10,91,High,Pending,2026-08-31
REO009092,O0095,I0018,3,31,98,High,Ordered,2026-08-31
REO009093,O0006,I0162,3,22,40,High,Pending,2026-08-31
REO009094,O0399,I0135,21,31,70,Medium,Ordered,2026-08-31
REO009095,O0075,I0013,2,23,49,High,Ordered,2026-08-31
REO009096,O0239,I0079,26,26,83,Medium,Approved,2026-08-31
REO009097,O0175,I0060,6,12,92,Medium,Received,2026-08-31
REO009098,O0200,I0268,16,25,34,Medium,Pending,2026-08-31
REO009099,O0066,I0028,17,28,56,Medium,Ordered,2026-08-31
REO009100,O0195,I0265,4,31,50,High,Approved,2026-08-31
REO009101,O0404,I0141,18,23,61,Medium,Ordered,2026-08-31
REO009102,O0387,I0131,8,33,119,High,Ordered,2026-08-31
REO009103,O0179,I0063,19,34,102,Medium,Ordered,2026-08-31
REO009104,O0019,I0167,13,31,74,High,Approved,2026-08-31
REO009105,O0155,I0065,0,19,84,Critical,Received,2026-08-31
REO009106,O0284,I0093,3,19,59,High,Approved,2026-08-31
REO009107,O0189,I0067,0,30,110,Critical,Pending,2026-08-31
REO009108,O0130,I0049,20,33,30,Medium,Approved,2026-08-31
REO009109,O0014,I0160,23,31,45,Medium,Pending,2026-08-31
REO009110,O0003,I0193,4,16,71,High,Approved,2026-08-31
REO009111,O0018,I0197,8,23,37,High,Approved,2026-08-31
REO009112,O0026,I0016,2,23,91,High,Ordered,2026-08-31
REO009113,O0074,I0017,9,29,67,High,Pending,2026-08-31
REO009114,O0066,I0030,14,15,81,Medium,Ordered,2026-08-31
REO009115,O0455,I0052,18,21,81,Medium,Ordered,2026-08-31
REO009116,O0157,I0065,1,15,91,High,Approved,2026-08-31
REO009117,O0390,I0131,13,30,94,High,Approved,2026-08-31
REO009118,O0307,I0095,2,13,78,High,Ordered,2026-08-31
REO009119,O0038,I0161,3,30,89,High,Ordered,2026-08-31
REO009120,O0104,I0042,2,27,62,High,Received,2026-08-31
REO009121,O0044,I0025,4,30,116,High,Approved,2026-08-31
REO009122,O0220,I0074,20,35,49,Medium,Ordered,2026-08-31
REO009123,O0187,I0069,20,23,75,Medium,Ordered,2026-08-31
REO009124,O0283,I0094,1,34,119,High,Ordered,2026-08-31
REO009125,O0204,I0076,14,30,56,High,Approved,2026-08-31
REO009126,O0196,I0273,12,31,105,High,Received,2026-08-31
REO009127,O0429,I0033,7,29,44,High,Pending,2026-08-31
REO009128,O0171,I0064,6,29,105,High,Pending,2026-08-31
REO009129,O0164,I0061,13,14,38,Medium,Ordered,2026-08-31
REO009130,O0194,I0277,23,28,52,Medium,Received,2026-08-31
REO009131,O0103,I0040,6,28,91,High,Approved,2026-08-31
REO009132,O0436,I0053,0,14,92,Critical,Pending,2026-08-31
REO009133,O0251,I0091,2,23,100,High,Ordered,2026-08-31
REO009134,O0119,I0044,12,20,41,Medium,Pending,2026-08-31
REO009135,O0018,I0188,13,24,43,Medium,Approved,2026-08-31
REO009136,O0181,I0069,14,24,46,Medium,Pending,2026-08-31
REO009137,O0373,I0129,13,23,92,Medium,Received,2026-08-31
REO009138,O0327,I0110,3,26,78,High,Approved,2026-08-31
REO009139,O0114,I0046,30,30,75,Medium,Ordered,2026-08-31
REO009140,O0196,I0263,18,26,69,Medium,Approved,2026-08-31
REO009141,O0193,I0275,12,18,101,Medium,Received,2026-08-31
REO009142,O0192,I0069,1,33,70,High,Ordered,2026-08-31
REO009143,O0143,I0061,12,16,31,Medium,Received,2026-08-31
REO009144,O0109,I0041,9,23,72,High,Pending,2026-08-31
REO009145,O0048,I0025,6,28,76,High,Pending,2026-08-31
REO009146,O0033,I0007,19,32,63,Medium,Ordered,2026-08-31
REO009147,O0256,I0091,23,28,39,Medium,Received,2026-08-31
REO009148,O0453,I0050,32,33,22,Medium,Approved,2026-08-31
REO009149,O0019,I0166,18,29,67,Medium,Pending,2026-08-31
REO009150,O0395,I0137,24,32,68,Medium,Ordered,2026-08-31
REO009151,O0342,I0117,19,28,60,Medium,Pending,2026-08-31
REO009152,O0048,I0025,6,28,76,High,Ordered,2026-08-31
REO009153,O0270,I0088,11,22,35,Medium,Received,2026-08-31
REO009154,O0003,I0009,1,32,57,High,Ordered,2026-08-31
REO009155,O0044,I0021,25,28,61,Medium,Received,2026-08-31
REO009156,O0003,I0165,16,31,47,Medium,Pending,2026-08-31
REO009157,O0452,I0049,6,26,68,High,Pending,2026-08-31
REO009158,O0014,I0160,23,31,45,Medium,Ordered,2026-08-31
REO009159,O0138,I0057,12,28,41,High,Ordered,2026-08-31
REO009160,O0124,I0051,28,29,64,Medium,Ordered,2026-08-31
REO009161,O0005,I0194,16,21,51,Medium,Received,2026-08-31
REO009162,O0177,I0059,7,28,80,High,Ordered,2026-08-31
REO009163,O0125,I0050,3,29,57,High,Ordered,2026-08-31
REO009164,O0199,I0068,17,26,87,Medium,Pending,2026-08-31
REO009165,O0106,I0039,9,11,86,Medium,Pending,2026-08-31
REO009166,O0355,I0120,18,33,70,Medium,Ordered,2026-08-31
REO009167,O0494,I0140,3,38,97,High,Approved,2026-08-31
REO009168,O0498,I0142,18,21,80,Medium,Ordered,2026-08-31
REO009169,O0035,I0197,10,35,84,High,Pending,2026-08-31
REO009170,O0078,I0017,8,19,43,High,Approved,2026-08-31
REO009171,O0092,I0020,11,16,86,Medium,Ordered,2026-08-31
REO009172,O0192,I0273,3,28,85,High,Received,2026-08-31
REO009173,O0037,I0169,29,32,44,Medium,Pending,2026-08-31
REO009174,O0115,I0044,23,36,36,Medium,Pending,2026-08-31
REO009175,O0436,I0053,0,14,92,Critical,Pending,2026-08-31
REO009176,O0271,I0086,1,27,66,High,Ordered,2026-08-31
REO009177,O0334,I0113,1,24,60,High,Pending,2026-08-31
REO009178,O0026,I0016,2,23,91,High,Received,2026-08-31
REO009179,O0340,I0111,3,35,93,High,Approved,2026-08-31
REO009180,O0376,I0128,10,17,89,Medium,Approved,2026-08-31
REO009181,O0248,I0082,3,16,70,High,Pending,2026-08-31
REO009182,O0224,I0081,10,11,33,Medium,Received,2026-08-31
REO009183,O0393,I0134,15,17,79,Medium,Ordered,2026-08-31
REO009184,O0074,I0011,10,32,59,High,Pending,2026-08-31
REO009185,O0274,I0086,6,32,122,High,Approved,2026-08-31
REO009186,O0330,I0111,12,29,100,High,Pending,2026-08-31
REO009187,O0050,I0022,5,33,83,High,Pending,2026-08-31
REO009188,O0395,I0137,24,32,68,Medium,Ordered,2026-08-31
REO009189,O0047,I0022,13,37,94,High,Approved,2026-08-31
REO009190,O0183,I0069,36,37,73,Medium,Received,2026-08-31
REO009191,O0238,I0080,21,22,38,Medium,Ordered,2026-08-31
REO009192,O0461,I0019,13,30,94,High,Ordered,2026-08-31
REO009193,O0190,I0264,0,30,108,Critical,Pending,2026-08-31
REO009194,O0013,I0167,13,31,80,High,Pending,2026-08-31
REO009195,O0440,I0054,4,20,90,High,Pending,2026-08-31
REO009196,O0091,I0021,13,19,51,Medium,Ordered,2026-08-31
REO009197,O0397,I0134,11,38,113,High,Ordered,2026-08-31
REO009198,O0002,I0192,26,32,103,Medium,Approved,2026-08-31
REO009199,O0022,I0011,3,16,77,High,Pending,2026-08-31
REO009200,O0472,I0103,0,35,102,Critical,Pending,2026-08-31
REO009201,O0166,I0060,13,24,62,Medium,Ordered,2026-08-31
REO009202,O0124,I0050,14,25,71,Medium,Ordered,2026-08-31
REO009203,O0142,I0063,4,37,66,High,Approved,2026-08-31
REO009204,O0380,I0129,13,21,101,Medium,Pending,2026-08-31
REO009205,O0110,I0040,9,25,57,High,Pending,2026-08-31
REO009206,O0153,I0065,6,25,85,High,Ordered,2026-08-31
REO009207,O0289,I0098,12,34,105,High,Pending,2026-08-31
REO009208,O0465,I0020,9,28,41,High,Pending,2026-08-31
REO009209,O0022,I0014,10,28,50,High,Ordered,2026-08-31
REO009210,O0312,I0108,36,37,35,Medium,Pending,2026-08-31
REO009211,O0192,I0266,1,22,41,High,Approved,2026-08-31
REO009212,O0066,I0027,13,22,59,Medium,Approved,2026-08-31
REO009213,O0050,I0025,30,30,36,Medium,Pending,2026-08-31
REO009214,O0463,I0024,7,31,77,High,Pending,2026-08-31
REO009215,O0004,I0164,13,30,76,High,Approved,2026-08-31
REO009216,O0452,I0052,27,31,101,Medium,Ordered,2026-08-31
REO009217,O0066,I0027,13,22,59,Medium,Ordered,2026-08-31
REO009218,O0082,I0035,14,22,70,Medium,Approved,2026-08-31
REO009219,O0483,I0021,5,35,115,High,Approved,2026-08-31
REO009220,O0362,I0125,5,34,94,High,Pending,2026-08-31
REO009221,O0307,I0095,2,13,78,High,Approved,2026-08-31
REO009222,O0297,I0097,5,23,76,High,Received,2026-08-31
REO009223,O0467,I0023,3,18,92,High,Received,2026-08-31
REO009224,O0058,I0024,1,20,51,High,Pending,2026-08-31
REO009225,O0145,I0058,28,31,73,Medium,Approved,2026-08-31
REO009226,O0179,I0063,19,34,102,Medium,Ordered,2026-08-31
REO009227,O0076,I0010,15,16,92,Medium,Pending,2026-08-31
REO009228,O0003,I0007,4,16,36,High,Approved,2026-08-31
REO009229,O0199,I0066,17,28,41,Medium,Received,2026-08-31
REO009230,O0059,I0023,20,35,78,Medium,Approved,2026-08-31
REO009231,O0171,I0058,9,25,80,High,Approved,2026-08-31
REO009232,O0108,I0039,9,12,99,Medium,Received,2026-08-31
REO009233,O0414,I0025,13,34,85,High,Pending,2026-08-31
REO009234,O0105,I0038,20,30,45,Medium,Approved,2026-08-31
REO009235,O0426,I0034,26,37,81,Medium,Ordered,2026-08-31
REO009236,O0016,I0191,1,25,51,High,Pending,2026-08-31
REO009237,O0278,I0090,16,26,80,Medium,Approved,2026-08-31
REO009238,O0015,I0167,10,17,32,Medium,Ordered,2026-08-31
REO009239,O0065,I0028,6,29,77,High,Ordered,2026-08-31
REO009240,O0197,I0263,11,31,114,High,Received,2026-08-31
REO009241,O0291,I0097,15,21,60,Medium,Ordered,2026-08-31
REO009242,O0372,I0126,6,23,45,High,Approved,2026-08-31
REO009243,O0095,I0022,22,26,52,Medium,Ordered,2026-08-31
REO009244,O0278,I0090,16,26,80,Medium,Pending,2026-08-31
REO009245,O0495,I0139,4,19,104,High,Pending,2026-08-31
REO009246,O0040,I0198,20,21,28,Medium,Ordered,2026-08-31
REO009247,O0434,I0057,13,16,44,Medium,Ordered,2026-08-31
REO009248,O0426,I0033,20,30,34,Medium,Approved,2026-08-31
REO009249,O0162,I0059,15,30,85,Medium,Approved,2026-08-31
REO009250,O0036,I0170,15,21,75,Medium,Approved,2026-08-31
REO009251,O0006,I0160,0,25,82,Critical,Ordered,2026-08-31
REO009252,O0308,I0098,6,12,55,Medium,Ordered,2026-08-31
REO009253,O0467,I0021,24,36,73,Medium,Approved,2026-08-31
REO009254,O0172,I0058,11,30,110,High,Ordered,2026-08-31
REO009255,O0111,I0046,17,23,85,Medium,Pending,2026-08-31
REO009256,O0218,I0075,19,22,69,Medium,Ordered,2026-08-31
REO009257,O0387,I0130,17,17,94,Medium,Approved,2026-08-31
REO009258,O0058,I0019,17,25,97,Medium,Approved,2026-08-31
REO009259,O0461,I0020,12,27,67,High,Pending,2026-08-31
REO009260,O0018,I0188,13,24,43,Medium,Pending,2026-08-31
REO009261,O0131,I0053,8,17,66,High,Ordered,2026-08-31
REO009262,O0314,I0108,23,27,92,Medium,Ordered,2026-08-31
REO009263,O0400,I0136,28,32,37,Medium,Pending,2026-08-31
REO009264,O0200,I0071,0,20,117,Critical,Received,2026-08-31
REO009265,O0193,I0275,12,18,101,Medium,Received,2026-08-31
REO009266,O0353,I0120,11,21,92,Medium,Pending,2026-08-31
REO009267,O0424,I0035,22,30,81,Medium,Ordered,2026-08-31
REO009268,O0402,I0142,3,18,74,High,Approved,2026-08-31
REO009269,O0358,I0121,7,20,43,High,Received,2026-08-31
REO009270,O0049,I0019,18,21,33,Medium,Ordered,2026-08-31
REO009271,O0321,I0112,25,29,35,Medium,Ordered,2026-08-31
REO009272,O0013,I0167,13,31,80,High,Pending,2026-08-31
REO009273,O0081,I0033,26,28,61,Medium,Approved,2026-08-31
REO009274,O0499,I0139,6,18,78,High,Pending,2026-08-31
REO009275,O0008,I0159,23,35,100,Medium,Approved,2026-08-31
REO009276,O0297,I0097,5,23,76,High,Ordered,2026-08-31
REO009277,O0120,I0045,7,19,95,High,Received,2026-08-31
REO009278,O0210,I0076,10,16,50,Medium,Received,2026-08-31
REO009279,O0291,I0093,9,15,62,Medium,Pending,2026-08-31
REO009280,O0296,I0093,9,18,61,Medium,Ordered,2026-08-31
REO009281,O0434,I0057,13,16,44,Medium,Received,2026-08-31
REO009282,O0004,I0164,13,30,76,High,Pending,2026-08-31
REO009283,O0059,I0023,20,35,78,Medium,Received,2026-08-31
REO009284,O0492,I0142,3,10,91,High,Ordered,2026-08-31
REO009285,O0171,I0058,9,25,80,High,Approved,2026-08-31
REO009286,O0364,I0122,16,29,64,Medium,Received,2026-08-31
REO009287,O0197,I0066,10,26,80,High,Approved,2026-08-31
REO009288,O0304,I0097,9,12,79,Medium,Pending,2026-08-31
REO009289,O0109,I0041,9,23,72,High,Received,2026-08-31
REO009290,O0340,I0112,18,34,33,Medium,Approved,2026-08-31
REO009291,O0009,I0006,19,27,90,Medium,Approved,2026-08-31
REO009292,O0478,I0103,17,20,82,Medium,Ordered,2026-08-31
REO009293,O0007,I0004,20,36,39,Medium,Ordered,2026-08-31
REO009294,O0050,I0022,5,33,83,High,Pending,2026-08-31
REO009295,O0189,I0067,0,30,110,Critical,Received,2026-08-31
REO009296,O0452,I0052,27,31,101,Medium,Approved,2026-08-31
REO009297,O0017,I0009,5,28,42,High,Ordered,2026-08-31
REO009298,O0286,I0094,23,24,51,Medium,Approved,2026-08-31
REO009299,O0194,I0066,13,33,76,High,Ordered,2026-08-31
REO009300,O0106,I0039,9,11,86,Medium,Ordered,2026-08-31
REO009301,O0158,I0058,2,26,91,High,Ordered,2026-08-31
REO009302,O0002,I0168,32,35,76,Medium,Approved,2026-08-31
REO009303,O0236,I0079,5,20,82,High,Ordered,2026-08-31
REO009304,O0097,I0018,11,13,56,Medium,Approved,2026-08-31
REO009305,O0197,I0270,14,16,31,Medium,Pending,2026-08-31
REO009306,O0410,I0142,14,14,53,Medium,Ordered,2026-08-31
REO009307,O0186,I0271,17,18,75,Medium,Approved,2026-08-31
REO009308,O0188,I0068,10,22,44,High,Approved,2026-08-31
REO009309,O0206,I0074,17,19,47,Medium,Ordered,2026-08-31
REO009310,O0401,I0142,15,17,38,Medium,Pending,2026-08-31
REO009311,O0021,I0014,9,20,91,High,Ordered,2026-08-31
REO009312,O0026,I0016,2,23,91,High,Received,2026-08-31
REO009313,O0204,I0075,2,26,95,High,Approved,2026-08-31
REO009314,O0260,I0089,29,30,76,Medium,Pending,2026-08-31
REO009315,O0074,I0015,1,31,81,High,Ordered,2026-08-31
REO009316,O0061,I0029,32,38,31,Medium,Ordered,2026-08-31
REO009317,O0211,I0073,24,33,57,Medium,Pending,2026-08-31
REO009318,O0227,I0080,24,28,33,Medium,Approved,2026-08-31
REO009319,O0450,I0075,15,39,40,High,Ordered,2026-08-31
REO009320,O0427,I0034,18,21,43,Medium,Pending,2026-08-31
REO009321,O0065,I0028,6,29,77,High,Pending,2026-08-31
REO009322,O0114,I0046,30,30,75,Medium,Received,2026-08-31
REO009323,O0372,I0126,6,23,45,High,Approved,2026-08-31
REO009324,O0155,I0061,18,27,37,Medium,Ordered,2026-08-31
REO009325,O0490,I0025,25,29,65,Medium,Ordered,2026-08-31
REO009326,O0244,I0084,14,16,59,Medium,Received,2026-08-31
REO009327,O0436,I0053,0,14,92,Critical,Ordered,2026-08-31
REO009328,O0299,I0094,14,17,32,Medium,Ordered,2026-08-31
REO009329,O0038,I0193,2,32,90,High,Received,2026-08-31
REO009330,O0006,I0160,0,25,82,Critical,Ordered,2026-08-31
REO009331,O0125,I0050,3,29,57,High,Approved,2026-08-31
REO009332,O0415,I0022,23,29,52,Medium,Pending,2026-08-31
REO009333,O0322,I0113,7,32,109,High,Ordered,2026-08-31
REO009334,O0159,I0064,2,25,81,High,Pending,2026-08-31
REO009335,O0405,I0142,5,32,75,High,Approved,2026-08-31
REO009336,O0486,I0021,3,29,76,High,Pending,2026-08-31
REO009337,O0309,I0095,14,30,107,High,Ordered,2026-08-31
REO009338,O0177,I0064,14,32,101,High,Ordered,2026-08-31
REO009339,O0065,I0029,28,30,45,Medium,Approved,2026-08-31
REO009340,O0055,I0019,17,25,45,Medium,Pending,2026-08-31
REO009341,O0221,I0081,7,13,75,Medium,Ordered,2026-08-31
REO009342,O0004,I0167,6,22,55,High,Approved,2026-08-31
REO009343,O0492,I0138,12,19,49,Medium,Ordered,2026-08-31
REO009344,O0232,I0079,4,8,103,Medium,Approved,2026-08-31
REO009345,O0155,I0058,13,25,92,Medium,Pending,2026-08-31
REO009346,O0049,I0025,11,21,42,Medium,Ordered,2026-08-31
REO009347,O0017,I0003,23,27,28,Medium,Ordered,2026-08-31
REO009348,O0481,I0020,23,33,76,Medium,Ordered,2026-08-31
REO009349,O0019,I0167,13,31,74,High,Pending,2026-08-31
REO009350,O0002,I0165,7,13,102,Medium,Pending,2026-08-31
REO009351,O0463,I0022,9,18,45,Medium,Ordered,2026-08-31
REO009352,O0232,I0079,4,8,103,Medium,Approved,2026-08-31
REO009353,O0354,I0118,24,26,43,Medium,Ordered,2026-08-31
REO009354,O0452,I0049,6,26,68,High,Ordered,2026-08-31
REO009355,O0373,I0129,13,23,92,Medium,Pending,2026-08-31
REO009356,O0376,I0127,20,24,48,Medium,Ordered,2026-08-31
REO009357,O0058,I0025,0,10,90,Critical,Ordered,2026-08-31
REO009358,O0387,I0130,17,17,94,Medium,Ordered,2026-08-31
REO009359,O0155,I0064,8,34,118,High,Approved,2026-08-31
REO009360,O0195,I0273,31,36,49,Medium,Approved,2026-08-31
REO009361,O0461,I0020,12,27,67,High,Ordered,2026-08-31
REO009362,O0413,I0018,22,32,37,Medium,Ordered,2026-08-31
REO009363,O0216,I0075,13,13,35,Medium,Ordered,2026-08-31
REO009364,O0121,I0050,21,25,90,Medium,Approved,2026-08-31
REO009365,O0380,I0129,13,21,101,Medium,Ordered,2026-08-31
REO009366,O0081,I0033,26,28,61,Medium,Received,2026-08-31
REO009367,O0298,I0094,21,21,67,Medium,Ordered,2026-08-31
REO009368,O0303,I0096,11,33,112,High,Approved,2026-08-31
REO009369,O0461,I0020,12,27,67,High,Approved,2026-08-31
REO009370,O0001,I0193,1,9,100,High,Ordered,2026-08-31
REO009371,O0095,I0020,20,24,28,Medium,Pending,2026-08-31
REO009372,O0091,I0018,14,28,65,Medium,Ordered,2026-08-31
REO009373,O0186,I0271,17,18,75,Medium,Received,2026-08-31
REO009374,O0307,I0094,13,20,81,Medium,Pending,2026-08-31
REO009375,O0320,I0106,16,23,27,Medium,Ordered,2026-08-31
REO009376,O0018,I0188,13,24,43,Medium,Pending,2026-08-31
REO009377,O0500,I0138,17,30,38,Medium,Pending,2026-08-31
REO009378,O0045,I0019,14,29,64,High,Ordered,2026-08-31
REO009379,O0050,I0022,5,33,83,High,Approved,2026-08-31
REO009380,O0096,I0025,23,28,83,Medium,Received,2026-08-31
REO009381,O0039,I0191,10,37,46,High,Pending,2026-08-31
REO009382,O0004,I0001,19,38,95,Medium,Ordered,2026-08-31
REO009383,O0089,I0036,3,17,37,High,Approved,2026-08-31
REO009384,O0296,I0095,13,22,47,Medium,Pending,2026-08-31
REO009385,O0078,I0016,29,33,69,Medium,Received,2026-08-31
REO009386,O0183,I0267,13,22,91,Medium,Received,2026-08-31
REO009387,O0278,I0088,16,23,46,Medium,Received,2026-08-31
REO009388,O0006,I0001,8,35,62,High,Pending,2026-08-31
REO009389,O0399,I0136,22,26,56,Medium,Pending,2026-08-31
REO009390,O0021,I0014,9,20,91,High,Ordered,2026-08-31
REO009391,O0284,I0099,23,32,96,Medium,Pending,2026-08-31
REO009392,O0221,I0081,7,13,75,Medium,Received,2026-08-31
REO009393,O0045,I0019,14,29,64,High,Ordered,2026-08-31
REO009394,O0084,I0033,22,33,92,Medium,Approved,2026-08-31
REO009395,O0001,I0190,18,24,59,Medium,Pending,2026-08-31
REO009396,O0410,I0138,10,21,80,High,Pending,2026-08-31
REO009397,O0220,I0074,20,35,49,Medium,Approved,2026-08-31
REO009398,O0163,I0063,2,23,99,High,Approved,2026-08-31
REO009399,O0278,I0087,20,36,77,Medium,Approved,2026-08-31
REO009400,O0244,I0082,2,36,82,High,Approved,2026-08-31
REO009401,O0415,I0020,29,36,33,Medium,Approved,2026-08-31
REO009402,O0358,I0121,7,20,43,High,Ordered,2026-08-31
REO009403,O0228,I0080,16,28,90,Medium,Ordered,2026-08-31
REO009404,O0048,I0025,6,28,76,High,Approved,2026-08-31
REO009405,O0384,I0130,21,31,51,Medium,Pending,2026-08-31
REO009406,O0321,I0112,25,29,35,Medium,Ordered,2026-08-31
REO009407,O0410,I0142,14,14,53,Medium,Pending,2026-08-31
REO009408,O0402,I0142,3,18,74,High,Approved,2026-08-31
REO009409,O0426,I0033,20,30,34,Medium,Ordered,2026-08-31
REO009410,O0467,I0021,24,36,73,Medium,Pending,2026-08-31
REO009411,O0372,I0126,6,23,45,High,Approved,2026-08-31
REO009412,O0047,I0022,13,37,94,High,Ordered,2026-08-31
REO009413,O0020,I0170,13,27,35,High,Received,2026-08-31
REO009414,O0251,I0091,2,23,100,High,Approved,2026-08-31
REO009415,O0033,I0164,10,26,66,High,Received,2026-08-31
REO009416,O0031,I0162,23,25,90,Medium,Ordered,2026-08-31
REO009417,O0022,I0014,10,28,50,High,Approved,2026-08-31
REO009418,O0414,I0025,13,34,85,High,Pending,2026-08-31
REO009419,O0197,I0066,10,26,80,High,Ordered,2026-08-31
REO009420,O0049,I0023,14,19,34,Medium,Approved,2026-08-31
REO009421,O0470,I0019,15,32,92,High,Approved,2026-08-31
REO009422,O0494,I0140,3,38,97,High,Approved,2026-08-31
REO009423,O0186,I0071,15,23,54,Medium,Approved,2026-08-31
REO009424,O0410,I0138,10,21,80,High,Ordered,2026-08-31
REO009425,O0183,I0267,13,22,91,Medium,Received,2026-08-31
REO009426,O0277,I0089,9,33,101,High,Ordered,2026-08-31
REO009427,O0142,I0063,4,37,66,High,Pending,2026-08-31
REO009428,O0179,I0060,5,16,83,High,Ordered,2026-08-31
REO009429,O0312,I0108,36,37,35,Medium,Ordered,2026-08-31
REO009430,O0228,I0081,0,31,124,Critical,Ordered,2026-08-31
REO009431,O0376,I0128,10,17,89,Medium,Ordered,2026-08-31
REO009432,O0326,I0112,29,33,23,Medium,Pending,2026-08-31
REO009433,O0011,I0189,9,20,99,High,Ordered,2026-08-31
REO009434,O0440,I0057,0,15,98,Critical,Ordered,2026-08-31
REO009435,O0186,I0267,34,37,55,Medium,Pending,2026-08-31
REO009436,O0319,I0107,11,30,114,High,Ordered,2026-08-31
REO009437,O0087,I0037,10,17,76,Medium,Received,2026-08-31
REO009438,O0304,I0097,9,12,79,Medium,Approved,2026-08-31
REO009439,O0450,I0075,15,39,40,High,Pending,2026-08-31
REO009440,O0016,I0197,1,32,90,High,Pending,2026-08-31
REO009441,O0249,I0083,12,16,85,Medium,Pending,2026-08-31
REO009442,O0355,I0121,39,39,56,Medium,Approved,2026-08-31
REO009443,O0012,I0161,10,31,66,High,Approved,2026-08-31
REO009444,O0244,I0084,14,16,59,Medium,Received,2026-08-31
REO009445,O0253,I0086,0,25,117,Critical,Approved,2026-08-31
REO009446,O0417,I0018,8,15,58,Medium,Pending,2026-08-31
REO009447,O0058,I0018,23,26,46,Medium,Ordered,2026-08-31
REO009448,O0474,I0103,0,30,110,Critical,Received,2026-08-31
REO009449,O0301,I0098,9,16,54,Medium,Pending,2026-08-31
REO009450,O0175,I0065,10,16,30,Medium,Ordered,2026-08-31
REO009451,O0050,I0018,8,10,48,Medium,Pending,2026-08-31
REO009452,O0427,I0034,18,21,43,Medium,Ordered,2026-08-31
REO009453,O0346,I0114,16,26,42,Medium,Received,2026-08-31
REO009454,O0095,I0024,31,34,58,Medium,Approved,2026-08-31
REO009455,O0252,I0086,22,23,37,Medium,Ordered,2026-08-31
REO009456,O0015,I0167,10,17,32,Medium,Approved,2026-08-31
REO009457,O0413,I0018,22,32,37,Medium,Approved,2026-08-31
REO009458,O0254,I0092,4,20,103,High,Approved,2026-08-31
REO009459,O0165,I0064,36,37,61,Medium,Received,2026-08-31
REO009460,O0379,I0128,8,34,57,High,Ordered,2026-08-31
REO009461,O0486,I0021,3,29,76,High,Ordered,2026-08-31
REO009462,O0191,I0071,10,23,64,High,Ordered,2026-08-31
REO009463,O0161,I0058,18,23,62,Medium,Approved,2026-08-31
REO009464,O0499,I0138,0,23,44,Critical,Approved,2026-08-31
REO009465,O0169,I0061,22,27,92,Medium,Received,2026-08-31
REO009466,O0362,I0125,5,34,94,High,Ordered,2026-08-31
REO009467,O0478,I0103,17,20,82,Medium,Ordered,2026-08-31
REO009468,O0224,I0079,13,31,106,High,Received,2026-08-31
REO009469,O0320,I0106,16,23,27,Medium,Approved,2026-08-31
REO009470,O0120,I0047,17,29,42,Medium,Pending,2026-08-31
REO009471,O0216,I0073,11,18,86,Medium,Ordered,2026-08-31
REO009472,O0144,I0060,10,21,42,High,Approved,2026-08-31
REO009473,O0314,I0108,23,27,92,Medium,Pending,2026-08-31
REO009474,O0184,I0263,10,17,86,Medium,Received,2026-08-31
REO009475,O0060,I0023,6,14,89,High,Received,2026-08-31
REO009476,O0018,I0188,13,24,43,Medium,Approved,2026-08-31
REO009477,O0376,I0126,3,10,89,High,Approved,2026-08-31
REO009478,O0007,I0170,5,16,50,High,Received,2026-08-31
REO009479,O0204,I0075,2,26,95,High,Ordered,2026-08-31
REO009480,O0009,I0002,13,14,28,Medium,Approved,2026-08-31
REO009481,O0298,I0094,21,21,67,Medium,Ordered,2026-08-31
REO009482,O0188,I0067,10,32,116,High,Received,2026-08-31
REO009483,O0300,I0099,18,24,44,Medium,Ordered,2026-08-31
REO009484,O0031,I0158,24,25,32,Medium,Pending,2026-08-31
REO009485,O0001,I0190,18,24,59,Medium,Pending,2026-08-31
REO009486,O0011,I0198,18,36,40,Medium,Approved,2026-08-31
REO009487,O0418,I0022,35,36,86,Medium,Ordered,2026-08-31
REO009488,O0192,I0069,1,33,70,High,Pending,2026-08-31
REO009489,O0282,I0094,6,15,80,High,Pending,2026-08-31
REO009490,O0071,I0017,9,34,84,High,Ordered,2026-08-31
REO009491,O0173,I0064,0,10,57,Critical,Received,2026-08-31
REO009492,O0114,I0046,30,30,75,Medium,Ordered,2026-08-31
REO009493,O0302,I0099,15,24,32,Medium,Received,2026-08-31
REO009494,O0149,I0062,9,31,87,High,Ordered,2026-08-31
REO009495,O0486,I0025,27,36,62,Medium,Approved,2026-08-31
REO009496,O0198,I0275,20,37,99,Medium,Received,2026-08-31
REO009497,O0195,I0066,20,30,64,Medium,Ordered,2026-08-31
REO009498,O0219,I0074,10,23,83,High,Pending,2026-08-31
REO009499,O0166,I0060,13,24,62,Medium,Pending,2026-08-31
REO009500,O0477,I0101,18,31,75,Medium,Received,2026-08-31
REO009501,O0412,I0023,6,14,37,High,Ordered,2026-08-31
REO009502,O0017,I0197,24,28,75,Medium,Ordered,2026-08-31
REO009503,O0327,I0109,23,30,54,Medium,Received,2026-08-31
REO009504,O0166,I0060,13,24,62,Medium,Ordered,2026-08-31
REO009505,O0265,I0091,7,27,92,High,Ordered,2026-08-31
REO009506,O0187,I0276,9,35,70,High,Received,2026-08-31
REO009507,O0052,I0024,15,30,59,Medium,Received,2026-08-31
REO009508,O0037,I0169,29,32,44,Medium,Pending,2026-08-31
REO009509,O0316,I0107,16,26,85,Medium,Approved,2026-08-31
REO009510,O0109,I0042,5,15,99,High,Ordered,2026-08-31
REO009511,O0181,I0274,2,19,66,High,Approved,2026-08-31
REO009512,O0084,I0033,22,33,92,Medium,Approved,2026-08-31
REO009513,O0290,I0099,14,18,38,Medium,Ordered,2026-08-31
REO009514,O0111,I0046,17,23,85,Medium,Ordered,2026-08-31
REO009515,O0103,I0040,6,28,91,High,Ordered,2026-08-31
REO009516,O0191,I0071,10,23,64,High,Ordered,2026-08-31
REO009517,O0122,I0052,14,23,106,Medium,Pending,2026-08-31
REO009518,O0220,I0073,7,15,43,High,Pending,2026-08-31
REO009519,O0417,I0019,19,19,28,Medium,Ordered,2026-08-31
REO009520,O0204,I0075,2,26,95,High,Received,2026-08-31
REO009521,O0270,I0087,24,26,95,Medium,Approved,2026-08-31
REO009522,O0001,I0190,18,24,59,Medium,Received,2026-08-31
REO009523,O0216,I0073,11,18,86,Medium,Approved,2026-08-31
REO009524,O0196,I0273,12,31,105,High,Approved,2026-08-31
REO009525,O0364,I0122,16,29,64,Medium,Approved,2026-08-31
REO009526,O0270,I0092,22,30,54,Medium,Pending,2026-08-31
REO009527,O0134,I0055,22,34,85,Medium,Approved,2026-08-31
REO009528,O0146,I0063,14,19,34,Medium,Approved,2026-08-31
REO009529,O0079,I0013,14,15,47,Medium,Pending,2026-08-31
REO009530,O0452,I0049,6,26,68,High,Received,2026-08-31
REO009531,O0331,I0109,2,13,73,High,Pending,2026-08-31
REO009532,O0122,I0052,14,23,106,Medium,Pending,2026-08-31
REO009533,O0372,I0126,6,23,45,High,Approved,2026-08-31
REO009534,O0227,I0080,24,28,33,Medium,Received,2026-08-31
REO009535,O0038,I0193,2,32,90,High,Approved,2026-08-31
REO009536,O0058,I0019,17,25,97,Medium,Pending,2026-08-31
REO009537,O0066,I0027,13,22,59,Medium,Ordered,2026-08-31
REO009538,O0017,I0006,4,25,47,High,Approved,2026-08-31
REO009539,O0012,I0007,6,34,107,High,Approved,2026-08-31
REO009540,O0022,I0014,10,28,50,High,Ordered,2026-08-31
REO009541,O0017,I0005,13,26,75,Medium,Pending,2026-08-31
REO009542,O0040,I0158,19,29,59,Medium,Pending,2026-08-31
REO009543,O0015,I0196,6,15,66,High,Pending,2026-08-31
REO009544,O0200,I0070,0,22,46,Critical,Pending,2026-08-31
REO009545,O0005,I0006,3,23,110,High,Approved,2026-08-31
REO009546,O0010,I0158,1,26,96,High,Pending,2026-08-31
REO009547,O0181,I0275,6,24,94,High,Approved,2026-08-31
REO009548,O0017,I0003,23,27,28,Medium,Ordered,2026-08-31
REO009549,O0416,I0019,8,32,79,High,Ordered,2026-08-31
REO009550,O0187,I0275,4,20,88,High,Ordered,2026-08-31
REO009551,O0299,I0094,14,17,32,Medium,Pending,2026-08-31
REO009552,O0009,I0006,19,27,90,Medium,Ordered,2026-08-31
REO009553,O0006,I0169,3,29,89,High,Received,2026-08-31
REO009554,O0038,I0161,3,30,89,High,Ordered,2026-08-31
REO009555,O0044,I0018,4,28,48,High,Approved,2026-08-31
REO009556,O0232,I0078,31,31,87,Medium,Approved,2026-08-31
REO009557,O0120,I0045,7,19,95,High,Ordered,2026-08-31
REO009558,O0400,I0136,28,32,37,Medium,Received,2026-08-31
REO009559,O0387,I0130,17,17,94,Medium,Approved,2026-08-31
REO009560,O0322,I0113,7,32,109,High,Approved,2026-08-31
REO009561,O0463,I0023,9,22,91,High,Approved,2026-08-31
REO009562,O0192,I0271,19,35,79,Medium,Ordered,2026-08-31
REO009563,O0463,I0022,9,18,45,Medium,Pending,2026-08-31
REO009564,O0178,I0064,0,18,93,Critical,Ordered,2026-08-31
REO009565,O0002,I0165,7,13,102,Medium,Ordered,2026-08-31
REO009566,O0314,I0106,18,23,89,Medium,Ordered,2026-08-31
REO009567,O0050,I0022,5,33,83,High,Ordered,2026-08-31
REO009568,O0228,I0077,13,20,74,Medium,Pending,2026-08-31
REO009569,O0492,I0138,12,19,49,Medium,Received,2026-08-31
REO009570,O0084,I0033,22,33,92,Medium,Approved,2026-08-31
REO009571,O0125,I0050,3,29,57,High,Received,2026-08-31
REO009572,O0197,I0272,7,34,91,High,Received,2026-08-31
REO009573,O0456,I0052,11,21,87,Medium,Ordered,2026-08-31
REO009574,O0185,I0268,7,33,53,High,Ordered,2026-08-31
REO009575,O0172,I0058,11,30,110,High,Approved,2026-08-31
REO009576,O0500,I0140,6,12,66,Medium,Pending,2026-08-31
REO009577,O0300,I0099,18,24,44,Medium,Pending,2026-08-31
REO009578,O0387,I0131,8,33,119,High,Received,2026-08-31
REO009579,O0184,I0263,10,17,86,Medium,Pending,2026-08-31
REO009580,O0177,I0064,14,32,101,High,Pending,2026-08-31
REO009581,O0375,I0126,2,16,39,High,Approved,2026-08-31
REO009582,O0455,I0052,18,21,81,Medium,Approved,2026-08-31
REO009583,O0236,I0081,0,27,111,Critical,Approved,2026-08-31
REO009584,O0024,I0013,9,14,39,Medium,Ordered,2026-08-31
REO009585,O0330,I0111,12,29,100,High,Approved,2026-08-31
REO009586,O0040,I0190,8,22,41,High,Approved,2026-08-31
REO009587,O0307,I0094,13,20,81,Medium,Ordered,2026-08-31
REO009588,O0004,I0001,19,38,95,Medium,Received,2026-08-31
REO009589,O0006,I0009,12,28,45,High,Ordered,2026-08-31
REO009590,O0418,I0020,13,28,72,High,Pending,2026-08-31
REO009591,O0470,I0019,15,32,92,High,Received,2026-08-31
REO009592,O0048,I0018,24,24,91,Medium,Ordered,2026-08-31
REO009593,O0001,I0172,23,28,37,Medium,Received,2026-08-31
REO009594,O0279,I0086,19,19,70,Medium,Approved,2026-08-31
REO009595,O0166,I0058,13,35,84,High,Pending,2026-08-31
REO009596,O0035,I0006,21,21,41,Medium,Approved,2026-08-31
REO009597,O0054,I0022,5,27,46,High,Pending,2026-08-31
REO009598,O0283,I0094,1,34,119,High,Received,2026-08-31
REO009599,O0044,I0018,4,28,48,High,Ordered,2026-08-31
REO009600,O0412,I0023,6,14,37,High,Ordered,2026-08-31
REO009601,O0172,I0058,11,30,110,High,Ordered,2026-08-31
REO009602,O0364,I0122,16,29,64,Medium,Received,2026-08-31
REO009603,O0183,I0069,36,37,73,Medium,Pending,2026-08-31
REO009604,O0409,I0138,17,27,99,Medium,Ordered,2026-08-31
REO009605,O0094,I0023,4,32,94,High,Pending,2026-08-31
REO009606,O0418,I0022,35,36,86,Medium,Approved,2026-08-31
REO009607,O0035,I0006,21,21,41,Medium,Ordered,2026-08-31
REO009608,O0091,I0021,13,19,51,Medium,Ordered,2026-08-31
REO009609,O0095,I0022,22,26,52,Medium,Ordered,2026-08-31
REO009610,O0177,I0064,14,32,101,High,Approved,2026-08-31
REO009611,O0190,I0269,1,28,100,High,Pending,2026-08-31
REO009612,O0034,I0006,19,26,74,Medium,Ordered,2026-08-31
REO009613,O0197,I0272,7,34,91,High,Ordered,2026-08-31
REO009614,O0055,I0019,17,25,45,Medium,Received,2026-08-31
REO009615,O0162,I0061,4,31,107,High,Approved,2026-08-31
REO009616,O0311,I0105,24,28,98,Medium,Received,2026-08-31
REO009617,O0168,I0058,14,21,90,Medium,Ordered,2026-08-31
REO009618,O0210,I0072,0,29,60,Critical,Pending,2026-08-31
REO009619,O0058,I0025,0,10,90,Critical,Pending,2026-08-31
REO009620,O0235,I0078,34,35,43,Medium,Pending,2026-08-31
REO009621,O0472,I0101,15,21,63,Medium,Pending,2026-08-31
REO009622,O0257,I0089,18,35,76,Medium,Approved,2026-08-31
REO009623,O0031,I0160,4,13,42,High,Ordered,2026-08-31
REO009624,O0402,I0142,3,18,74,High,Approved,2026-08-31
REO009625,O0198,I0274,10,31,61,High,Received,2026-08-31
REO009626,O0299,I0093,4,16,89,High,Pending,2026-08-31
REO009627,O0055,I0019,17,25,45,Medium,Pending,2026-08-31
REO009628,O0039,I0191,10,37,46,High,Received,2026-08-31
REO009629,O0141,I0058,10,28,114,High,Ordered,2026-08-31
REO009630,O0184,I0070,2,27,96,High,Ordered,2026-08-31
REO009631,O0194,I0277,23,28,52,Medium,Approved,2026-08-31
REO009632,O0150,I0062,24,30,85,Medium,Ordered,2026-08-31
REO009633,O0055,I0024,29,30,59,Medium,Ordered,2026-08-31
REO009634,O0258,I0087,7,17,57,High,Approved,2026-08-31
REO009635,O0422,I0034,15,20,33,Medium,Pending,2026-08-31
REO009636,O0095,I0018,3,31,98,High,Ordered,2026-08-31
REO009637,O0399,I0135,21,31,70,Medium,Approved,2026-08-31
REO009638,O0061,I0026,11,25,70,High,Ordered,2026-08-31
REO009639,O0326,I0110,9,20,60,High,Ordered,2026-08-31
REO009640,O0001,I0172,23,28,37,Medium,Approved,2026-08-31
REO009641,O0031,I0158,24,25,32,Medium,Ordered,2026-08-31
REO009642,O0470,I0019,15,32,92,High,Ordered,2026-08-31
REO009643,O0046,I0022,7,24,58,High,Pending,2026-08-31
REO009644,O0062,I0029,7,29,93,High,Pending,2026-08-31
REO009645,O0059,I0022,23,28,92,Medium,Ordered,2026-08-31
REO009646,O0315,I0108,3,14,50,High,Approved,2026-08-31
REO009647,O0033,I0164,10,26,66,High,Pending,2026-08-31
REO009648,O0426,I0033,20,30,34,Medium,Approved,2026-08-31
REO009649,O0353,I0119,28,36,98,Medium,Received,2026-08-31
REO009650,O0478,I0103,17,20,82,Medium,Approved,2026-08-31
REO009651,O0083,I0032,7,15,56,High,Ordered,2026-08-31
REO009652,O0256,I0091,23,28,39,Medium,Pending,2026-08-31
REO009653,O0199,I0274,16,30,59,Medium,Ordered,2026-08-31
REO009654,O0165,I0061,13,27,50,High,Ordered,2026-08-31
REO009655,O0427,I0034,18,21,43,Medium,Ordered,2026-08-31
REO009656,O0463,I0022,9,18,45,Medium,Approved,2026-08-31
REO009657,O0076,I0010,15,16,92,Medium,Received,2026-08-31
REO009658,O0333,I0109,11,23,94,High,Pending,2026-08-31
REO009659,O0308,I0098,6,12,55,Medium,Pending,2026-08-31
REO009660,O0414,I0018,17,29,39,Medium,Pending,2026-08-31
REO009661,O0103,I0040,6,28,91,High,Received,2026-08-31
REO009662,O0464,I0018,12,20,70,Medium,Ordered,2026-08-31
REO009663,O0374,I0126,8,26,63,High,Approved,2026-08-31
REO009664,O0404,I0138,1,20,54,High,Ordered,2026-08-31
REO009665,O0192,I0273,3,28,85,High,Ordered,2026-08-31
REO009666,O0177,I0058,2,26,63,High,Ordered,2026-08-31
REO009667,O0319,I0107,11,30,114,High,Pending,2026-08-31
REO009668,O0025,I0016,2,24,77,High,Pending,2026-08-31
REO009669,O0128,I0049,4,15,103,High,Pending,2026-08-31
REO009670,O0154,I0060,27,38,44,Medium,Pending,2026-08-31
REO009671,O0037,I0198,1,17,77,High,Ordered,2026-08-31
REO009672,O0200,I0068,15,30,67,Medium,Received,2026-08-31
REO009673,O0492,I0138,12,19,49,Medium,Approved,2026-08-31
REO009674,O0192,I0069,1,33,70,High,Ordered,2026-08-31
REO009675,O0162,I0059,15,30,85,Medium,Pending,2026-08-31
REO009676,O0200,I0275,11,30,63,High,Ordered,2026-08-31
REO009677,O0186,I0263,14,31,63,High,Received,2026-08-31
REO009678,O0372,I0126,6,23,45,High,Received,2026-08-31
REO009679,O0465,I0020,9,28,41,High,Ordered,2026-08-31
REO009680,O0150,I0062,24,30,85,Medium,Ordered,2026-08-31
REO009681,O0044,I0019,6,29,52,High,Ordered,2026-08-31
REO009682,O0439,I0053,21,35,71,Medium,Ordered,2026-08-31
REO009683,O0061,I0029,32,38,31,Medium,Ordered,2026-08-31
REO009684,O0278,I0090,16,26,80,Medium,Pending,2026-08-31
REO009685,O0325,I0109,0,21,92,Critical,Pending,2026-08-31
REO009686,O0236,I0079,5,20,82,High,Pending,2026-08-31
REO009687,O0001,I0172,23,28,37,Medium,Received,2026-08-31
REO009688,O0188,I0071,21,25,58,Medium,Received,2026-08-31
REO009689,O0320,I0106,16,23,27,Medium,Ordered,2026-08-31
REO009690,O0461,I0019,13,30,94,High,Ordered,2026-08-31
REO009691,O0055,I0025,24,25,99,Medium,Ordered,2026-08-31
REO009692,O0442,I0072,17,32,90,Medium,Pending,2026-08-31
REO009693,O0182,I0266,27,36,71,Medium,Ordered,2026-08-31
REO009694,O0055,I0025,24,25,99,Medium,Approved,2026-08-31
REO009695,O0299,I0093,4,16,89,High,Ordered,2026-08-31
REO009696,O0200,I0070,0,22,46,Critical,Ordered,2026-08-31
REO009697,O0376,I0127,20,24,48,Medium,Received,2026-08-31
REO009698,O0340,I0112,18,34,33,Medium,Approved,2026-08-31
REO009699,O0153,I0065,6,25,85,High,Pending,2026-08-31
REO009700,O0046,I0022,7,24,58,High,Approved,2026-08-31
REO009701,O0208,I0072,20,28,53,Medium,Approved,2026-08-31
REO009702,O0302,I0095,10,39,104,High,Ordered,2026-08-31
REO009703,O0254,I0092,4,20,103,High,Pending,2026-08-31
REO009704,O0283,I0097,11,21,98,Medium,Received,2026-08-31
REO009705,O0424,I0035,22,30,81,Medium,Received,2026-08-31
REO009706,O0104,I0041,6,22,73,High,Ordered,2026-08-31
REO009707,O0002,I0192,26,32,103,Medium,Ordered,2026-08-31
REO009708,O0031,I0158,24,25,32,Medium,Ordered,2026-08-31
REO009709,O0260,I0089,29,30,76,Medium,Received,2026-08-31
REO009710,O0061,I0026,11,25,70,High,Ordered,2026-08-31
REO009711,O0270,I0087,24,26,95,Medium,Approved,2026-08-31
REO009712,O0172,I0058,11,30,110,High,Pending,2026-08-31
REO009713,O0047,I0022,13,37,94,High,Ordered,2026-08-31
REO009714,O0107,I0040,0,19,90,Critical,Ordered,2026-08-31
REO009715,O0442,I0074,34,34,22,Medium,Ordered,2026-08-31
REO009716,O0024,I0010,12,22,62,Medium,Ordered,2026-08-31
REO009717,O0467,I0021,24,36,73,Medium,Ordered,2026-08-31
REO009718,O0142,I0058,2,16,49,High,Ordered,2026-08-31
REO009719,O0188,I0272,23,24,90,Medium,Pending,2026-08-31
REO009720,O0313,I0105,13,17,33,Medium,Received,2026-08-31
REO009721,O0008,I0159,23,35,100,Medium,Approved,2026-08-31
REO009722,O0244,I0083,0,20,61,Critical,Approved,2026-08-31
REO009723,O0499,I0138,0,23,44,Critical,Approved,2026-08-31
REO009724,O0026,I0016,2,23,91,High,Ordered,2026-08-31
REO009725,O0289,I0098,12,34,105,High,Approved,2026-08-31
REO009726,O0302,I0095,10,39,104,High,Ordered,2026-08-31
REO009727,O0019,I0166,18,29,67,Medium,Ordered,2026-08-31
REO009728,O0124,I0051,28,29,64,Medium,Pending,2026-08-31
REO009729,O0358,I0121,7,20,43,High,Pending,2026-08-31
REO009730,O0052,I0024,15,30,59,Medium,Received,2026-08-31
REO009731,O0278,I0087,20,36,77,Medium,Ordered,2026-08-31
REO009732,O0006,I0001,8,35,62,High,Pending,2026-08-31
REO009733,O0177,I0064,14,32,101,High,Ordered,2026-08-31
REO009734,O0029,I0014,25,28,37,Medium,Ordered,2026-08-31
REO009735,O0211,I0073,24,33,57,Medium,Received,2026-08-31
REO009736,O0017,I0003,23,27,28,Medium,Pending,2026-08-31
REO009737,O0279,I0086,19,19,70,Medium,Ordered,2026-08-31
REO009738,O0417,I0019,19,19,28,Medium,Approved,2026-08-31
REO009739,O0464,I0018,12,20,70,Medium,Approved,2026-08-31
REO009740,O0091,I0018,14,28,65,Medium,Ordered,2026-08-31
REO009741,O0459,I0049,23,24,72,Medium,Ordered,2026-08-31
REO009742,O0463,I0024,7,31,77,High,Approved,2026-08-31
REO009743,O0161,I0059,1,24,80,High,Ordered,2026-08-31
REO009744,O0199,I0274,16,30,59,Medium,Approved,2026-08-31
REO009745,O0486,I0025,27,36,62,Medium,Approved,2026-08-31
REO009746,O0487,I0018,20,34,48,Medium,Ordered,2026-08-31
REO009747,O0308,I0095,24,37,75,Medium,Pending,2026-08-31
REO009748,O0312,I0108,36,37,35,Medium,Pending,2026-08-31
REO009749,O0024,I0010,12,22,62,Medium,Received,2026-08-31
REO009750,O0009,I0161,16,30,47,Medium,Received,2026-08-31
REO009751,O0038,I0161,3,30,89,High,Ordered,2026-08-31
REO009752,O0317,I0108,9,20,108,High,Pending,2026-08-31
REO009753,O0003,I0165,16,31,47,Medium,Pending,2026-08-31
REO009754,O0031,I0200,12,16,80,Medium,Pending,2026-08-31
REO009755,O0485,I0018,20,25,27,Medium,Received,2026-08-31
REO009756,O0414,I0018,17,29,39,Medium,Pending,2026-08-31
REO009757,O0284,I0093,3,19,59,High,Ordered,2026-08-31
REO009758,O0451,I0050,10,15,40,Medium,Received,2026-08-31
REO009759,O0330,I0111,12,29,100,High,Ordered,2026-08-31
REO009760,O0486,I0025,27,36,62,Medium,Pending,2026-08-31
REO009761,O0443,I0072,1,19,88,High,Ordered,2026-08-31
REO009762,O0195,I0265,4,31,50,High,Pending,2026-08-31
REO009763,O0020,I0170,13,27,35,High,Pending,2026-08-31
REO009764,O0218,I0074,14,31,110,High,Ordered,2026-08-31
REO009765,O0353,I0119,28,36,98,Medium,Ordered,2026-08-31
REO009766,O0040,I0002,4,37,74,High,Pending,2026-08-31
REO009767,O0472,I0103,0,35,102,Critical,Ordered,2026-08-31
REO009768,O0127,I0050,20,39,48,Medium,Ordered,2026-08-31
REO009769,O0469,I0018,16,29,70,Medium,Received,2026-08-31
REO009770,O0194,I0066,13,33,76,High,Ordered,2026-08-31
REO009771,O0111,I0046,17,23,85,Medium,Pending,2026-08-31
REO009772,O0354,I0118,24,26,43,Medium,Approved,2026-08-31
REO009773,O0229,I0079,2,29,62,High,Ordered,2026-08-31
REO009774,O0481,I0020,23,33,76,Medium,Pending,2026-08-31
REO009775,O0196,I0273,12,31,105,High,Ordered,2026-08-31
REO009776,O0194,I0269,0,21,106,Critical,Ordered,2026-08-31
REO009777,O0199,I0066,17,28,41,Medium,Approved,2026-08-31
REO009778,O0380,I0128,1,13,61,High,Approved,2026-08-31
REO009779,O0465,I0018,9,22,72,High,Received,2026-08-31
REO009780,O0114,I0046,30,30,75,Medium,Ordered,2026-08-31
REO009781,O0161,I0059,1,24,80,High,Approved,2026-08-31
REO009782,O0150,I0061,21,30,93,Medium,Pending,2026-08-31
REO009783,O0192,I0269,29,35,89,Medium,Received,2026-08-31
REO009784,O0161,I0062,8,33,60,High,Pending,2026-08-31
REO009785,O0218,I0075,19,22,69,Medium,Ordered,2026-08-31
REO009786,O0298,I0094,21,21,67,Medium,Pending,2026-08-31
REO009787,O0017,I0006,4,25,47,High,Approved,2026-08-31
REO009788,O0291,I0093,9,15,62,Medium,Received,2026-08-31
REO009789,O0077,I0010,21,28,59,Medium,Approved,2026-08-31
REO009790,O0185,I0068,10,32,55,High,Received,2026-08-31
REO009791,O0096,I0024,5,31,66,High,Pending,2026-08-31
REO009792,O0255,I0089,3,13,68,High,Approved,2026-08-31
REO009793,O0065,I0028,6,29,77,High,Received,2026-08-31
REO009794,O0161,I0058,18,23,62,Medium,Received,2026-08-31
REO009795,O0443,I0072,1,19,88,High,Approved,2026-08-31
REO009796,O0309,I0095,14,30,107,High,Received,2026-08-31
REO009797,O0440,I0057,0,15,98,Critical,Pending,2026-08-31
REO009798,O0256,I0092,33,37,70,Medium,Ordered,2026-08-31
REO009799,O0354,I0118,24,26,43,Medium,Ordered,2026-08-31
REO009800,O0011,I0198,18,36,40,Medium,Received,2026-08-31
REO009801,O0161,I0059,1,24,80,High,Received,2026-08-31
REO009802,O0481,I0018,12,27,49,High,Approved,2026-08-31
REO009803,O0085,I0034,15,29,38,Medium,Approved,2026-08-31
REO009804,O0467,I0023,3,18,92,High,Ordered,2026-08-31
REO009805,O0177,I0064,14,32,101,High,Ordered,2026-08-31
REO009806,O0103,I0041,0,37,65,Critical,Ordered,2026-08-31
REO009807,O0444,I0075,24,25,36,Medium,Approved,2026-08-31
REO009808,O0404,I0139,20,28,59,Medium,Pending,2026-08-31
REO009809,O0447,I0072,8,21,55,High,Received,2026-08-31
REO009810,O0063,I0027,5,20,95,High,Received,2026-08-31
REO009811,O0218,I0074,14,31,110,High,Pending,2026-08-31
REO009812,O0283,I0094,1,34,119,High,Ordered,2026-08-31
REO009813,O0220,I0073,7,15,43,High,Received,2026-08-31
REO009814,O0494,I0142,10,21,96,High,Approved,2026-08-31
REO009815,O0144,I0060,10,21,42,High,Ordered,2026-08-31
REO009816,O0415,I0020,29,36,33,Medium,Approved,2026-08-31
REO009817,O0004,I0167,6,22,55,High,Pending,2026-08-31
REO009818,O0024,I0010,12,22,62,Medium,Ordered,2026-08-31
REO009819,O0321,I0112,25,29,35,Medium,Pending,2026-08-31
REO009820,O0005,I0006,3,23,110,High,Ordered,2026-08-31
REO009821,O0159,I0063,5,17,48,High,Approved,2026-08-31
REO009822,O0198,I0275,20,37,99,Medium,Pending,2026-08-31
REO009823,O0118,I0047,12,16,38,Medium,Ordered,2026-08-31
REO009824,O0452,I0049,6,26,68,High,Ordered,2026-08-31
REO009825,O0078,I0017,8,19,43,High,Pending,2026-08-31
REO009826,O0078,I0016,29,33,69,Medium,Ordered,2026-08-31
REO009827,O0109,I0041,9,23,72,High,Pending,2026-08-31
REO009828,O0095,I0022,22,26,52,Medium,Ordered,2026-08-31
REO009829,O0444,I0075,24,25,36,Medium,Pending,2026-08-31
REO009830,O0044,I0020,26,34,46,Medium,Ordered,2026-08-31
REO009831,O0444,I0075,24,25,36,Medium,Pending,2026-08-31
REO009832,O0086,I0034,12,31,68,High,Approved,2026-08-31
REO009833,O0097,I0020,8,19,39,High,Approved,2026-08-31
REO009834,O0404,I0141,18,23,61,Medium,Received,2026-08-31
REO009835,O0195,I0273,31,36,49,Medium,Received,2026-08-31
REO009836,O0493,I0139,1,24,102,High,Ordered,2026-08-31
REO009837,O0416,I0020,8,23,110,High,Pending,2026-08-31
REO009838,O0020,I0168,8,27,79,High,Ordered,2026-08-31
REO009839,O0373,I0128,4,13,42,High,Ordered,2026-08-31
REO009840,O0442,I0074,34,34,22,Medium,Approved,2026-08-31
REO009841,O0058,I0024,1,20,51,High,Pending,2026-08-31
REO009842,O0159,I0064,2,25,81,High,Ordered,2026-08-31
REO009843,O0500,I0140,6,12,66,Medium,Pending,2026-08-31
REO009844,O0020,I0168,8,27,79,High,Pending,2026-08-31
REO009845,O0077,I0010,21,28,59,Medium,Pending,2026-08-31
REO009846,O0210,I0076,10,16,50,Medium,Ordered,2026-08-31
REO009847,O0193,I0268,21,22,41,Medium,Received,2026-08-31
REO009848,O0470,I0023,14,20,29,Medium,Ordered,2026-08-31
REO009849,O0006,I0009,12,28,45,High,Received,2026-08-31
REO009850,O0199,I0269,13,28,81,High,Ordered,2026-08-31
REO009851,O0427,I0034,18,21,43,Medium,Pending,2026-08-31
REO009852,O0197,I0263,11,31,114,High,Ordered,2026-08-31
REO009853,O0415,I0024,20,21,56,Medium,Pending,2026-08-31
REO009854,O0409,I0138,17,27,99,Medium,Ordered,2026-08-31
REO009855,O0302,I0095,10,39,104,High,Ordered,2026-08-31
REO009856,O0200,I0071,0,20,117,Critical,Ordered,2026-08-31
REO009857,O0143,I0063,18,18,88,Medium,Ordered,2026-08-31
REO009858,O0260,I0089,29,30,76,Medium,Pending,2026-08-31
REO009859,O0066,I0027,13,22,59,Medium,Approved,2026-08-31
REO009860,O0244,I0083,0,20,61,Critical,Ordered,2026-08-31
REO009861,O0490,I0025,25,29,65,Medium,Ordered,2026-08-31
REO009862,O0094,I0019,26,26,39,Medium,Ordered,2026-08-31
REO009863,O0196,I0070,8,14,96,Medium,Approved,2026-08-31
REO009864,O0063,I0027,5,20,95,High,Ordered,2026-08-31
REO009865,O0191,I0263,7,33,63,High,Pending,2026-08-31
REO009866,O0168,I0058,14,21,90,Medium,Approved,2026-08-31
REO009867,O0052,I0018,11,30,61,High,Ordered,2026-08-31
REO009868,O0016,I0191,1,25,51,High,Received,2026-08-31
REO009869,O0001,I0190,18,24,59,Medium,Pending,2026-08-31
REO009870,O0485,I0018,20,25,27,Medium,Approved,2026-08-31
REO009871,O0007,I0170,5,16,50,High,Ordered,2026-08-31
REO009872,O0031,I0006,6,25,105,High,Ordered,2026-08-31
REO009873,O0302,I0099,15,24,32,Medium,Ordered,2026-08-31
REO009874,O0259,I0090,8,33,73,High,Pending,2026-08-31
REO009875,O0469,I0018,16,29,70,Medium,Pending,2026-08-31
REO009876,O0362,I0125,5,34,94,High,Approved,2026-08-31
REO009877,O0057,I0024,10,20,56,Medium,Approved,2026-08-31
REO009878,O0296,I0099,7,29,60,High,Pending,2026-08-31
REO009879,O0485,I0018,20,25,27,Medium,Ordered,2026-08-31
REO009880,O0416,I0019,8,32,79,High,Approved,2026-08-31
REO009881,O0321,I0112,25,29,35,Medium,Ordered,2026-08-31
REO009882,O0052,I0024,15,30,59,Medium,Ordered,2026-08-31
REO009883,O0010,I0158,1,26,96,High,Approved,2026-08-31
REO009884,O0219,I0074,10,23,83,High,Pending,2026-08-31
REO009885,O0110,I0040,9,25,57,High,Pending,2026-08-31
REO009886,O0058,I0024,1,20,51,High,Pending,2026-08-31
REO009887,O0005,I0006,3,23,110,High,Pending,2026-08-31
REO009888,O0171,I0058,9,25,80,High,Pending,2026-08-31
REO009889,O0465,I0020,9,28,41,High,Approved,2026-08-31
REO009890,O0221,I0081,7,13,75,Medium,Ordered,2026-08-31
REO009891,O0303,I0096,11,33,112,High,Approved,2026-08-31
REO009892,O0276,I0092,30,34,75,Medium,Ordered,2026-08-31
REO009893,O0289,I0098,12,34,105,High,Received,2026-08-31
REO009894,O0495,I0139,4,19,104,High,Received,2026-08-31
REO009895,O0228,I0080,16,28,90,Medium,Pending,2026-08-31
REO009896,O0204,I0076,14,30,56,High,Pending,2026-08-31
REO009897,O0296,I0099,7,29,60,High,Ordered,2026-08-31
REO009898,O0095,I0022,22,26,52,Medium,Pending,2026-08-31
REO009899,O0256,I0092,33,37,70,Medium,Ordered,2026-08-31
REO009900,O0008,I0159,23,35,100,Medium,Pending,2026-08-31
REO009901,O0322,I0113,7,32,109,High,Pending,2026-08-31
REO009902,O0385,I0132,16,28,50,Medium,Pending,2026-08-31
REO009903,O0128,I0050,12,17,91,Medium,Received,2026-08-31
REO009904,O0018,I0197,8,23,37,High,Ordered,2026-08-31
REO009905,O0192,I0275,1,28,92,High,Approved,2026-08-31
REO009906,O0187,I0275,4,20,88,High,Ordered,2026-08-31
REO009907,O0143,I0061,12,16,31,Medium,Pending,2026-08-31
REO009908,O0165,I0060,9,25,50,High,Ordered,2026-08-31
REO009909,O0399,I0135,21,31,70,Medium,Ordered,2026-08-31
REO009910,O0006,I0160,0,25,82,Critical,Approved,2026-08-31
REO009911,O0193,I0275,12,18,101,Medium,Ordered,2026-08-31
REO009912,O0142,I0058,2,16,49,High,Pending,2026-08-31
REO009913,O0354,I0118,24,26,43,Medium,Ordered,2026-08-31
REO009914,O0058,I0018,23,26,46,Medium,Ordered,2026-08-31
REO009915,O0025,I0016,2,24,77,High,Approved,2026-08-31
REO009916,O0189,I0270,17,24,49,Medium,Pending,2026-08-31
REO009917,O0046,I0022,7,24,58,High,Pending,2026-08-31
REO009918,O0220,I0073,7,15,43,High,Ordered,2026-08-31
REO009919,O0427,I0034,18,21,43,Medium,Pending,2026-08-31
REO009920,O0153,I0061,8,15,46,Medium,Received,2026-08-31
REO009921,O0094,I0023,4,32,94,High,Approved,2026-08-31
REO009922,O0195,I0066,20,30,64,Medium,Ordered,2026-08-31
REO009923,O0193,I0276,19,37,53,Medium,Ordered,2026-08-31
REO009924,O0004,I0001,19,38,95,Medium,Ordered,2026-08-31
REO009925,O0045,I0023,0,29,89,Critical,Ordered,2026-08-31
REO009926,O0035,I0006,21,21,41,Medium,Pending,2026-08-31
REO009927,O0234,I0081,7,23,82,High,Pending,2026-08-31
REO009928,O0253,I0086,0,25,117,Critical,Ordered,2026-08-31
REO009929,O0155,I0058,13,25,92,Medium,Ordered,2026-08-31
REO009930,O0017,I0009,5,28,42,High,Approved,2026-08-31
REO009931,O0244,I0084,14,16,59,Medium,Approved,2026-08-31
REO009932,O0181,I0274,2,19,66,High,Approved,2026-08-31
REO009933,O0236,I0081,0,27,111,Critical,Pending,2026-08-31
REO009934,O0393,I0134,15,17,79,Medium,Ordered,2026-08-31
REO009935,O0369,I0124,26,30,96,Medium,Ordered,2026-08-31
REO009936,O0304,I0097,9,12,79,Medium,Approved,2026-08-31
REO009937,O0097,I0018,11,13,56,Medium,Received,2026-08-31
REO009938,O0185,I0275,16,19,51,Medium,Approved,2026-08-31
REO009939,O0188,I0071,21,25,58,Medium,Approved,2026-08-31
REO009940,O0177,I0058,2,26,63,High,Approved,2026-08-31
REO009941,O0008,I0168,17,17,58,Medium,Approved,2026-08-31
REO009942,O0440,I0054,4,20,90,High,Ordered,2026-08-31
REO009943,O0363,I0123,11,25,104,High,Ordered,2026-08-31
REO009944,O0492,I0142,3,10,91,High,Pending,2026-08-31
REO009945,O0319,I0107,11,30,114,High,Approved,2026-08-31
REO009946,O0440,I0057,0,15,98,Critical,Pending,2026-08-31
REO009947,O0454,I0050,16,37,84,High,Received,2026-08-31
REO009948,O0244,I0082,2,36,82,High,Received,2026-08-31
REO009949,O0004,I0172,6,28,61,High,Ordered,2026-08-31
REO009950,O0500,I0138,17,30,38,Medium,Received,2026-08-31
REO009951,O0413,I0018,22,32,37,Medium,Ordered,2026-08-31
REO009952,O0022,I0014,10,28,50,High,Ordered,2026-08-31
REO009953,O0492,I0140,18,33,46,Medium,Pending,2026-08-31
REO009954,O0031,I0166,28,28,47,Medium,Ordered,2026-08-31
REO009955,O0002,I0192,26,32,103,Medium,Received,2026-08-31
REO009956,O0436,I0053,0,14,92,Critical,Ordered,2026-08-31
REO009957,O0291,I0093,9,15,62,Medium,Approved,2026-08-31
REO009958,O0301,I0098,9,16,54,Medium,Approved,2026-08-31
REO009959,O0373,I0128,4,13,42,High,Pending,2026-08-31
REO009960,O0165,I0062,5,19,79,High,Received,2026-08-31
REO009961,O0431,I0057,18,31,73,Medium,Ordered,2026-08-31
REO009962,O0296,I0098,12,24,59,Medium,Ordered,2026-08-31
REO009963,O0251,I0091,2,23,100,High,Ordered,2026-08-31
REO009964,O0304,I0097,9,12,79,Medium,Ordered,2026-08-31
REO009965,O0161,I0060,26,35,33,Medium,Received,2026-08-31
REO009966,O0301,I0098,9,16,54,Medium,Received,2026-08-31
REO009967,O0008,I0001,15,22,56,Medium,Ordered,2026-08-31
REO009968,O0289,I0098,12,34,105,High,Received,2026-08-31
REO009969,O0158,I0064,19,24,39,Medium,Pending,2026-08-31
REO009970,O0031,I0162,23,25,90,Medium,Approved,2026-08-31
REO009971,O0454,I0050,16,37,84,High,Pending,2026-08-31
REO009972,O0196,I0263,18,26,69,Medium,Pending,2026-08-31
REO009973,O0257,I0089,18,35,76,Medium,Approved,2026-08-31
REO009974,O0181,I0275,6,24,94,High,Ordered,2026-08-31
REO009975,O0486,I0021,3,29,76,High,Pending,2026-08-31
REO009976,O0157,I0060,21,29,38,Medium,Ordered,2026-08-31
REO009977,O0232,I0079,4,8,103,Medium,Approved,2026-08-31
REO009978,O0286,I0094,23,24,51,Medium,Pending,2026-08-31
REO009979,O0450,I0075,15,39,40,High,Ordered,2026-08-31
REO009980,O0037,I0159,1,20,44,High,Ordered,2026-08-31
REO009981,O0072,I0013,15,26,72,Medium,Approved,2026-08-31
REO009982,O0277,I0089,9,33,101,High,Pending,2026-08-31
REO009983,O0239,I0079,26,26,83,Medium,Approved,2026-08-31
REO009984,O0265,I0091,7,27,92,High,Approved,2026-08-31
REO009985,O0189,I0270,17,24,49,Medium,Approved,2026-08-31
REO009986,O0050,I0025,30,30,36,Medium,Pending,2026-08-31
REO009987,O0171,I0064,6,29,105,High,Pending,2026-08-31
REO009988,O0189,I0270,17,24,49,Medium,Pending,2026-08-31
REO009989,O0012,I0161,10,31,66,High,Received,2026-08-31
REO009990,O0007,I0004,20,36,39,Medium,Ordered,2026-08-31
REO009991,O0187,I0069,20,23,75,Medium,Ordered,2026-08-31
REO009992,O0429,I0036,12,29,61,High,Pending,2026-08-31
REO009993,O0470,I0023,14,20,29,Medium,Pending,2026-08-31
REO009994,O0263,I0090,10,35,93,High,Ordered,2026-08-31
REO009995,O0347,I0115,16,22,57,Medium,Pending,2026-08-31
REO009996,O0063,I0027,5,20,95,High,Received,2026-08-31
REO009997,O0049,I0025,11,21,42,Medium,Received,2026-08-31
REO009998,O0256,I0086,1,18,111,High,Received,2026-08-31
REO009999,O0188,I0068,10,22,44,High,Pending,2026-08-31
REO010000,O0033,I0164,10,26,66,High,Pending,2026-08-31
REO010001,O0442,I0074,34,34,22,Medium,Ordered,2026-08-31
REO010002,O0486,I0025,27,36,62,Medium,Ordered,2026-08-31
REO010003,O0058,I0019,17,25,97,Medium,Ordered,2026-08-31
REO010004,O0191,I0263,7,33,63,High,Ordered,2026-08-31
REO010005,O0171,I0064,6,29,105,High,Received,2026-08-31
REO010006,O0262,I0086,18,33,96,Medium,Approved,2026-08-31
REO010007,O0410,I0142,14,14,53,Medium,Pending,2026-08-31
REO010008,O0249,I0083,12,16,85,Medium,Ordered,2026-08-31
REO010009,O0143,I0061,12,16,31,Medium,Ordered,2026-08-31
REO010010,O0469,I0020,5,17,42,High,Ordered,2026-08-31
REO010011,O0194,I0277,23,28,52,Medium,Ordered,2026-08-31
REO010012,O0017,I0006,4,25,47,High,Received,2026-08-31
REO010013,O0223,I0078,4,34,104,High,Approved,2026-08-31
REO010014,O0124,I0051,28,29,64,Medium,Pending,2026-08-31
REO010015,O0419,I0023,13,31,113,High,Ordered,2026-08-31
REO010016,O0005,I0188,24,24,54,Medium,Ordered,2026-08-31
REO010017,O0036,I0194,30,34,28,Medium,Pending,2026-08-31
REO010018,O0044,I0019,6,29,52,High,Pending,2026-08-31
REO010019,O0185,I0268,7,33,53,High,Received,2026-08-31
REO010020,O0246,I0084,15,34,103,High,Ordered,2026-08-31
REO010021,O0011,I0198,18,36,40,Medium,Pending,2026-08-31
REO010022,O0284,I0093,3,19,59,High,Pending,2026-08-31
REO010023,O0247,I0085,1,26,114,High,Approved,2026-08-31
REO010024,O0427,I0034,18,21,43,Medium,Pending,2026-08-31
REO010025,O0455,I0052,18,21,81,Medium,Pending,2026-08-31
REO010026,O0486,I0025,27,36,62,Medium,Approved,2026-08-31
REO010027,O0089,I0036,3,17,37,High,Received,2026-08-31
REO010028,O0053,I0024,3,31,120,High,Ordered,2026-08-31
REO010029,O0099,I0023,17,27,37,Medium,Ordered,2026-08-31
REO010030,O0186,I0271,17,18,75,Medium,Pending,2026-08-31
REO010031,O0031,I0200,12,16,80,Medium,Ordered,2026-08-31
REO010032,O0319,I0107,11,30,114,High,Pending,2026-08-31
REO010033,O0254,I0092,4,20,103,High,Ordered,2026-08-31
REO010034,O0461,I0020,12,27,67,High,Pending,2026-08-31
REO010035,O0150,I0062,24,30,85,Medium,Pending,2026-08-31
REO010036,O0442,I0072,17,32,90,Medium,Pending,2026-08-31
REO010037,O0309,I0096,6,28,65,High,Received,2026-08-31
REO010038,O0199,I0277,17,21,30,Medium,Ordered,2026-08-31
REO010039,O0171,I0064,6,29,105,High,Pending,2026-08-31
REO010040,O0006,I0001,8,35,62,High,Ordered,2026-08-31
REO010041,O0283,I0097,11,21,98,Medium,Ordered,2026-08-31
REO010042,O0048,I0024,2,29,107,High,Received,2026-08-31
REO010043,O0279,I0086,19,19,70,Medium,Approved,2026-08-31
REO010044,O0011,I0198,18,36,40,Medium,Ordered,2026-08-31
REO010045,O0326,I0112,29,33,23,Medium,Received,2026-08-31
REO010046,O0400,I0136,28,32,37,Medium,Received,2026-08-31
REO010047,O0468,I0020,8,27,66,High,Approved,2026-08-31
REO010048,O0447,I0076,8,26,87,High,Pending,2026-08-31
REO010049,O0486,I0021,3,29,76,High,Approved,2026-08-31
REO010050,O0006,I0001,8,35,62,High,Pending,2026-08-31
REO010051,O0338,I0109,5,21,87,High,Approved,2026-08-31
REO010052,O0199,I0263,2,26,68,High,Approved,2026-08-31
REO010053,O0091,I0021,13,19,51,Medium,Pending,2026-08-31
REO010054,O0174,I0062,25,36,68,Medium,Approved,2026-08-31
REO010055,O0193,I0276,19,37,53,Medium,Pending,2026-08-31
REO010056,O0400,I0136,28,32,37,Medium,Received,2026-08-31
REO010057,O0150,I0064,7,25,106,High,Pending,2026-08-31
REO010058,O0031,I0162,23,25,90,Medium,Approved,2026-08-31
REO010059,O0451,I0049,4,21,64,High,Ordered,2026-08-31
REO010060,O0264,I0087,14,28,76,Medium,Received,2026-08-31
REO010061,O0291,I0093,9,15,62,Medium,Ordered,2026-08-31
REO010062,O0122,I0052,14,23,106,Medium,Received,2026-08-31
REO010063,O0097,I0018,11,13,56,Medium,Ordered,2026-08-31
REO010064,O0467,I0025,24,27,42,Medium,Approved,2026-08-31
REO010065,O0284,I0099,23,32,96,Medium,Received,2026-08-31
REO010066,O0084,I0032,3,28,90,High,Pending,2026-08-31
REO010067,O0197,I0263,11,31,114,High,Ordered,2026-08-31
REO010068,O0191,I0268,26,31,99,Medium,Approved,2026-08-31
REO010069,O0162,I0061,4,31,107,High,Ordered,2026-08-31
REO010070,O0422,I0037,1,24,107,High,Pending,2026-08-31
REO010071,O0283,I0094,1,34,119,High,Approved,2026-08-31
REO010072,O0255,I0089,3,13,68,High,Ordered,2026-08-31
REO010073,O0006,I0168,14,24,40,Medium,Pending,2026-08-31
REO010074,O0412,I0023,6,14,37,High,Pending,2026-08-31
REO010075,O0410,I0138,10,21,80,High,Ordered,2026-08-31
REO010076,O0226,I0081,16,27,30,Medium,Ordered,2026-08-31
REO010077,O0174,I0058,0,27,50,Critical,Ordered,2026-08-31
REO010078,O0159,I0063,5,17,48,High,Pending,2026-08-31
REO010079,O0438,I0056,1,28,82,High,Approved,2026-08-31
REO010080,O0252,I0086,22,23,37,Medium,Approved,2026-08-31
REO010081,O0009,I0167,8,16,45,Medium,Approved,2026-08-31
REO010082,O0497,I0139,20,25,69,Medium,Received,2026-08-31
REO010083,O0002,I0165,7,13,102,Medium,Pending,2026-08-31
REO010084,O0224,I0079,13,31,106,High,Received,2026-08-31
REO010085,O0120,I0047,17,29,42,Medium,Ordered,2026-08-31
REO010086,O0125,I0050,3,29,57,High,Approved,2026-08-31
REO010087,O0376,I0127,20,24,48,Medium,Ordered,2026-08-31
REO010088,O0417,I0025,4,28,49,High,Pending,2026-08-31
REO010089,O0113,I0045,32,36,75,Medium,Pending,2026-08-31
REO010090,O0096,I0024,5,31,66,High,Pending,2026-08-31
REO010091,O0307,I0094,13,20,81,Medium,Approved,2026-08-31
REO010092,O0467,I0021,24,36,73,Medium,Approved,2026-08-31
REO010093,O0447,I0072,8,21,55,High,Ordered,2026-08-31
REO010094,O0150,I0061,21,30,93,Medium,Approved,2026-08-31
REO010095,O0372,I0126,6,23,45,High,Ordered,2026-08-31
REO010096,O0155,I0061,18,27,37,Medium,Received,2026-08-31
REO010097,O0312,I0108,36,37,35,Medium,Ordered,2026-08-31
REO010098,O0150,I0061,21,30,93,Medium,Ordered,2026-08-31
REO010099,O0065,I0029,28,30,45,Medium,Approved,2026-08-31
REO010100,O0061,I0027,8,22,52,High,Approved,2026-08-31
REO010101,O0033,I0164,10,26,66,High,Ordered,2026-08-31
REO010102,O0044,I0021,25,28,61,Medium,Approved,2026-08-31
REO010103,O0478,I0101,6,28,82,High,Pending,2026-08-31
REO010104,O0246,I0084,15,34,103,High,Ordered,2026-08-31
REO010105,O0397,I0134,11,38,113,High,Pending,2026-08-31
REO010106,O0309,I0095,14,30,107,High,Received,2026-08-31
REO010107,O0278,I0088,16,23,46,Medium,Ordered,2026-08-31
REO010108,O0002,I0168,32,35,76,Medium,Pending,2026-08-31
REO010109,O0216,I0075,13,13,35,Medium,Ordered,2026-08-31
REO010110,O0119,I0044,12,20,41,Medium,Approved,2026-08-31
REO010111,O0040,I0002,4,37,74,High,Ordered,2026-08-31
REO010112,O0452,I0049,6,26,68,High,Pending,2026-08-31
REO010113,O0362,I0125,5,34,94,High,Pending,2026-08-31
REO010114,O0211,I0073,24,33,57,Medium,Approved,2026-08-31
REO010115,O0271,I0087,2,27,75,High,Pending,2026-08-31
REO010116,O0404,I0139,20,28,59,Medium,Pending,2026-08-31
REO010117,O0054,I0021,31,31,62,Medium,Pending,2026-08-31
REO010118,O0261,I0089,21,37,58,Medium,Ordered,2026-08-31
REO010119,O0120,I0047,17,29,42,Medium,Approved,2026-08-31
REO010120,O0197,I0066,10,26,80,High,Ordered,2026-08-31
REO010121,O0009,I0002,13,14,28,Medium,Ordered,2026-08-31
REO010122,O0020,I0008,3,18,94,High,Received,2026-08-31
REO010123,O0248,I0082,3,16,70,High,Pending,2026-08-31
REO010124,O0003,I0003,3,29,52,High,Approved,2026-08-31
REO010125,O0181,I0275,6,24,94,High,Ordered,2026-08-31
REO010126,O0058,I0024,1,20,51,High,Ordered,2026-08-31
REO010127,O0314,I0108,23,27,92,Medium,Approved,2026-08-31
REO010128,O0270,I0092,22,30,54,Medium,Ordered,2026-08-31
REO010129,O0177,I0059,7,28,80,High,Received,2026-08-31
REO010130,O0023,I0013,18,26,72,Medium,Ordered,2026-08-31
REO010131,O0439,I0053,21,35,71,Medium,Received,2026-08-31
REO010132,O0044,I0022,12,21,42,Medium,Ordered,2026-08-31
REO010133,O0379,I0128,8,34,57,High,Approved,2026-08-31
REO010134,O0302,I0095,10,39,104,High,Approved,2026-08-31
REO010135,O0467,I0025,24,27,42,Medium,Pending,2026-08-31
REO010136,O0161,I0062,8,33,60,High,Ordered,2026-08-31
REO010137,O0180,I0065,11,36,68,High,Pending,2026-08-31
REO010138,O0224,I0081,10,11,33,Medium,Approved,2026-08-31
REO010139,O0255,I0089,3,13,68,High,Received,2026-08-31
REO010140,O0172,I0058,11,30,110,High,Approved,2026-08-31
REO010141,O0110,I0040,9,25,57,High,Pending,2026-08-31
REO010142,O0258,I0089,3,37,74,High,Received,2026-08-31
REO010143,O0196,I0273,12,31,105,High,Ordered,2026-08-31
REO010144,O0442,I0072,17,32,90,Medium,Ordered,2026-08-31
REO010145,O0054,I0021,31,31,62,Medium,Ordered,2026-08-31
REO010146,O0052,I0018,11,30,61,High,Approved,2026-08-31
REO010147,O0191,I0263,7,33,63,High,Received,2026-08-31
REO010148,O0302,I0099,15,24,32,Medium,Pending,2026-08-31
REO010149,O0025,I0016,2,24,77,High,Ordered,2026-08-31
REO010150,O0177,I0058,2,26,63,High,Ordered,2026-08-31
REO010151,O0387,I0131,8,33,119,High,Ordered,2026-08-31
REO010152,O0192,I0271,19,35,79,Medium,Ordered,2026-08-31
REO010153,O0124,I0051,28,29,64,Medium,Approved,2026-08-31
REO010154,O0265,I0087,2,31,50,High,Ordered,2026-08-31
REO010155,O0196,I0070,8,14,96,Medium,Pending,2026-08-31
REO010156,O0412,I0025,18,22,42,Medium,Received,2026-08-31
REO010157,O0097,I0020,8,19,39,High,Ordered,2026-08-31
REO010158,O0263,I0090,10,35,93,High,Ordered,2026-08-31
REO010159,O0095,I0018,3,31,98,High,Approved,2026-08-31
REO010160,O0154,I0060,27,38,44,Medium,Ordered,2026-08-31
REO010161,O0236,I0079,5,20,82,High,Ordered,2026-08-31
REO010162,O0061,I0026,11,25,70,High,Approved,2026-08-31
REO010163,O0037,I0169,29,32,44,Medium,Approved,2026-08-31
REO010164,O0338,I0109,5,21,87,High,Approved,2026-08-31
REO010165,O0174,I0062,25,36,68,Medium,Ordered,2026-08-31
REO010166,O0451,I0049,4,21,64,High,Ordered,2026-08-31
REO010167,O0162,I0061,4,31,107,High,Received,2026-08-31
REO010168,O0044,I0020,26,34,46,Medium,Ordered,2026-08-31
REO010169,O0317,I0108,9,20,108,High,Pending,2026-08-31
REO010170,O0015,I0196,6,15,66,High,Received,2026-08-31
REO010171,O0407,I0140,3,34,124,High,Pending,2026-08-31
REO010172,O0165,I0059,12,20,85,Medium,Received,2026-08-31
REO010173,O0271,I0086,1,27,66,High,Received,2026-08-31
REO010174,O0200,I0071,0,20,117,Critical,Pending,2026-08-31
REO010175,O0058,I0019,17,25,97,Medium,Approved,2026-08-31
REO010176,O0088,I0034,1,18,47,High,Ordered,2026-08-31
REO010177,O0472,I0101,15,21,63,Medium,Ordered,2026-08-31
REO010178,O0168,I0058,14,21,90,Medium,Ordered,2026-08-31
REO010179,O0154,I0060,27,38,44,Medium,Ordered,2026-08-31
REO010180,O0113,I0045,32,36,75,Medium,Received,2026-08-31
REO010181,O0190,I0263,23,24,62,Medium,Pending,2026-08-31
REO010182,O0314,I0108,23,27,92,Medium,Approved,2026-08-31
REO010183,O0231,I0080,1,26,48,High,Received,2026-08-31
REO010184,O0038,I0193,2,32,90,High,Pending,2026-08-31
REO010185,O0211,I0073,24,33,57,Medium,Pending,2026-08-31
REO010186,O0218,I0074,14,31,110,High,Pending,2026-08-31
REO010187,O0071,I0017,9,34,84,High,Ordered,2026-08-31
REO010188,O0076,I0010,15,16,92,Medium,Ordered,2026-08-31
REO010189,O0035,I0197,10,35,84,High,Ordered,2026-08-31
REO010190,O0352,I0121,26,27,42,Medium,Ordered,2026-08-31
REO010191,O0009,I0161,16,30,47,Medium,Ordered,2026-08-31
REO010192,O0039,I0004,7,27,39,High,Pending,2026-08-31
REO010193,O0107,I0040,0,19,90,Critical,Ordered,2026-08-31
REO010194,O0333,I0110,9,25,94,High,Approved,2026-08-31
REO010195,O0005,I0194,16,21,51,Medium,Approved,2026-08-31
REO010196,O0418,I0022,35,36,86,Medium,Ordered,2026-08-31
REO010197,O0422,I0037,1,24,107,High,Received,2026-08-31
REO010198,O0114,I0048,9,27,83,High,Ordered,2026-08-31
REO010199,O0498,I0142,18,21,80,Medium,Approved,2026-08-31
REO010200,O0244,I0084,14,16,59,Medium,Approved,2026-08-31
REO010201,O0461,I0020,12,27,67,High,Approved,2026-08-31
REO010202,O0039,I0164,1,31,70,High,Ordered,2026-08-31
REO010203,O0399,I0136,22,26,56,Medium,Ordered,2026-08-31
REO010204,O0072,I0011,30,31,37,Medium,Ordered,2026-08-31
REO010205,O0039,I0163,0,16,111,Critical,Ordered,2026-08-31
REO010206,O0251,I0091,2,23,100,High,Received,2026-08-31
REO010207,O0263,I0090,10,35,93,High,Ordered,2026-08-31
REO010208,O0480,I0100,12,32,79,High,Pending,2026-08-31
REO010209,O0470,I0019,15,32,92,High,Ordered,2026-08-31
REO010210,O0153,I0065,6,25,85,High,Ordered,2026-08-31
REO010211,O0226,I0081,16,27,30,Medium,Received,2026-08-31
REO010212,O0016,I0191,1,25,51,High,Pending,2026-08-31
REO010213,O0492,I0142,3,10,91,High,Approved,2026-08-31
REO010214,O0307,I0094,13,20,81,Medium,Ordered,2026-08-31
REO010215,O0291,I0093,9,15,62,Medium,Pending,2026-08-31
REO010216,O0400,I0136,28,32,37,Medium,Ordered,2026-08-31
REO010217,O0045,I0019,14,29,64,High,Received,2026-08-31
REO010218,O0072,I0011,30,31,37,Medium,Pending,2026-08-31
REO010219,O0459,I0049,23,24,72,Medium,Ordered,2026-08-31
REO010220,O0088,I0035,20,23,88,Medium,Ordered,2026-08-31
REO010221,O0402,I0142,3,18,74,High,Ordered,2026-08-31
REO010222,O0017,I0164,8,22,43,High,Ordered,2026-08-31
REO010223,O0244,I0083,0,20,61,Critical,Received,2026-08-31
REO010224,O0291,I0093,9,15,62,Medium,Received,2026-08-31
REO010225,O0456,I0052,11,21,87,Medium,Received,2026-08-31
REO010226,O0086,I0034,12,31,68,High,Ordered,2026-08-31
REO010227,O0037,I0169,29,32,44,Medium,Approved,2026-08-31
REO010228,O0024,I0013,9,14,39,Medium,Received,2026-08-31
REO010229,O0177,I0064,14,32,101,High,Pending,2026-08-31
REO010230,O0411,I0021,0,22,69,Critical,Ordered,2026-08-31
REO010231,O0013,I0167,13,31,80,High,Ordered,2026-08-31
REO010232,O0017,I0164,8,22,43,High,Pending,2026-08-31
REO010233,O0333,I0110,9,25,94,High,Pending,2026-08-31
REO010234,O0031,I0162,23,25,90,Medium,Ordered,2026-08-31
REO010235,O0290,I0099,14,18,38,Medium,Pending,2026-08-31
REO010236,O0477,I0101,18,31,75,Medium,Approved,2026-08-31
REO010237,O0057,I0024,10,20,56,Medium,Ordered,2026-08-31
REO010238,O0333,I0110,9,25,94,High,Ordered,2026-08-31
REO010239,O0410,I0138,10,21,80,High,Approved,2026-08-31
REO010240,O0218,I0075,19,22,69,Medium,Ordered,2026-08-31
REO010241,O0478,I0101,6,28,82,High,Pending,2026-08-31
REO010242,O0150,I0064,7,25,106,High,Received,2026-08-31
REO010243,O0165,I0060,9,25,50,High,Ordered,2026-08-31
REO010244,O0400,I0136,28,32,37,Medium,Approved,2026-08-31
REO010245,O0127,I0050,20,39,48,Medium,Pending,2026-08-31
REO010246,O0109,I0041,9,23,72,High,Ordered,2026-08-31
REO010247,O0197,I0263,11,31,114,High,Pending,2026-08-31
REO010248,O0128,I0049,4,15,103,High,Ordered,2026-08-31
REO010249,O0354,I0118,24,26,43,Medium,Ordered,2026-08-31
REO010250,O0314,I0106,18,23,89,Medium,Approved,2026-08-31
REO010251,O0093,I0025,0,26,98,Critical,Approved,2026-08-31
REO010252,O0168,I0058,14,21,90,Medium,Ordered,2026-08-31
REO010253,O0220,I0074,20,35,49,Medium,Approved,2026-08-31
REO010254,O0002,I0002,18,18,41,Medium,Pending,2026-08-31
REO010255,O0219,I0074,10,23,83,High,Approved,2026-08-31
REO010256,O0314,I0107,13,21,65,Medium,Approved,2026-08-31
REO010257,O0384,I0131,1,19,52,High,Approved,2026-08-31
REO010258,O0136,I0055,12,31,56,High,Approved,2026-08-31
REO010259,O0074,I0017,9,29,67,High,Received,2026-08-31
REO010260,O0169,I0061,22,27,92,Medium,Received,2026-08-31
REO010261,O0393,I0134,15,17,79,Medium,Ordered,2026-08-31
REO010262,O0309,I0097,13,32,62,High,Pending,2026-08-31
REO010263,O0380,I0128,1,13,61,High,Approved,2026-08-31
REO010264,O0444,I0074,15,32,58,High,Approved,2026-08-31
REO010265,O0417,I0018,8,15,58,Medium,Received,2026-08-31
REO010266,O0086,I0034,12,31,68,High,Ordered,2026-08-31
REO010267,O0193,I0268,21,22,41,Medium,Received,2026-08-31
REO010268,O0006,I0001,8,35,62,High,Ordered,2026-08-31
REO010269,O0379,I0128,8,34,57,High,Approved,2026-08-31
REO010270,O0045,I0019,14,29,64,High,Received,2026-08-31
REO010271,O0091,I0021,13,19,51,Medium,Received,2026-08-31
REO010272,O0194,I0066,13,33,76,High,Pending,2026-08-31
REO010273,O0006,I0162,3,22,40,High,Approved,2026-08-31
REO010274,O0047,I0022,13,37,94,High,Approved,2026-08-31
REO010275,O0259,I0090,8,33,73,High,Ordered,2026-08-31
REO010276,O0364,I0122,16,29,64,Medium,Received,2026-08-31
REO010277,O0009,I0002,13,14,28,Medium,Received,2026-08-31
REO010278,O0121,I0050,21,25,90,Medium,Approved,2026-08-31
REO010279,O0462,I0024,13,24,37,Medium,Ordered,2026-08-31
REO010280,O0006,I0168,14,24,40,Medium,Received,2026-08-31
REO010281,O0002,I0200,13,25,31,Medium,Pending,2026-08-31
REO010282,O0462,I0024,13,24,37,Medium,Approved,2026-08-31
REO010283,O0007,I0004,20,36,39,Medium,Ordered,2026-08-31
REO010284,O0486,I0025,27,36,62,Medium,Approved,2026-08-31
REO010285,O0431,I0056,26,29,41,Medium,Ordered,2026-08-31
REO010286,O0108,I0039,9,12,99,Medium,Ordered,2026-08-31
REO010287,O0114,I0046,30,30,75,Medium,Approved,2026-08-31
REO010288,O0048,I0018,24,24,91,Medium,Approved,2026-08-31
REO010289,O0187,I0267,18,18,50,Medium,Approved,2026-08-31
REO010290,O0327,I0109,23,30,54,Medium,Pending,2026-08-31
REO010291,O0011,I0192,3,15,71,High,Approved,2026-08-31
REO010292,O0009,I0161,16,30,47,Medium,Pending,2026-08-31
REO010293,O0228,I0080,16,28,90,Medium,Received,2026-08-31
REO010294,O0456,I0052,11,21,87,Medium,Approved,2026-08-31
REO010295,O0223,I0078,4,34,104,High,Received,2026-08-31
REO010296,O0376,I0129,3,22,67,High,Pending,2026-08-31
REO010297,O0313,I0105,13,17,33,Medium,Received,2026-08-31
REO010298,O0200,I0068,15,30,67,Medium,Ordered,2026-08-31
REO010299,O0008,I0001,15,22,56,Medium,Pending,2026-08-31
REO010300,O0149,I0062,9,31,87,High,Approved,2026-08-31
REO010301,O0439,I0053,21,35,71,Medium,Pending,2026-08-31
REO010302,O0462,I0024,13,24,37,Medium,Ordered,2026-08-31
REO010303,O0092,I0024,4,15,99,High,Pending,2026-08-31
REO010304,O0388,I0130,27,29,59,Medium,Ordered,2026-08-31
REO010305,O0402,I0142,3,18,74,High,Pending,2026-08-31
REO010306,O0076,I0010,15,16,92,Medium,Approved,2026-08-31
REO010307,O0122,I0052,14,23,106,Medium,Approved,2026-08-31
REO010308,O0447,I0076,8,26,87,High,Approved,2026-08-31
REO010309,O0191,I0071,10,23,64,High,Approved,2026-08-31
REO010310,O0199,I0271,15,18,56,Medium,Approved,2026-08-31
REO010311,O0162,I0064,13,15,64,Medium,Ordered,2026-08-31
REO010312,O0001,I0190,18,24,59,Medium,Pending,2026-08-31
REO010313,O0078,I0016,29,33,69,Medium,Approved,2026-08-31
REO010314,O0093,I0025,0,26,98,Critical,Ordered,2026-08-31
REO010315,O0314,I0106,18,23,89,Medium,Pending,2026-08-31
REO010316,O0278,I0088,16,23,46,Medium,Ordered,2026-08-31
REO010317,O0039,I0191,10,37,46,High,Ordered,2026-08-31
REO010318,O0142,I0058,2,16,49,High,Approved,2026-08-31
REO010319,O0146,I0060,15,20,79,Medium,Ordered,2026-08-31
REO010320,O0002,I0171,18,29,29,Medium,Pending,2026-08-31
REO010321,O0225,I0077,1,11,96,High,Pending,2026-08-31
REO010322,O0271,I0086,1,27,66,High,Pending,2026-08-31
REO010323,O0410,I0142,14,14,53,Medium,Pending,2026-08-31
REO010324,O0186,I0071,15,23,54,Medium,Ordered,2026-08-31
REO010325,O0009,I0201,9,25,99,High,Pending,2026-08-31
REO010326,O0179,I0063,19,34,102,Medium,Ordered,2026-08-31
REO010327,O0376,I0127,20,24,48,Medium,Ordered,2026-08-31
REO010328,O0039,I0004,7,27,39,High,Received,2026-08-31
REO010329,O0246,I0084,15,34,103,High,Approved,2026-08-31
REO010330,O0074,I0017,9,29,67,High,Ordered,2026-08-31
REO010331,O0431,I0056,26,29,41,Medium,Approved,2026-08-31
REO010332,O0187,I0267,18,18,50,Medium,Ordered,2026-08-31
REO010333,O0210,I0072,0,29,60,Critical,Approved,2026-08-31
REO010334,O0409,I0138,17,27,99,Medium,Ordered,2026-08-31
REO010335,O0019,I0166,18,29,67,Medium,Ordered,2026-08-31
REO010336,O0044,I0020,26,34,46,Medium,Ordered,2026-08-31
REO010337,O0146,I0060,15,20,79,Medium,Approved,2026-08-31
REO010338,O0025,I0016,2,24,77,High,Pending,2026-08-31
REO010339,O0273,I0087,18,36,34,Medium,Pending,2026-08-31
REO010340,O0227,I0080,24,28,33,Medium,Ordered,2026-08-31
REO010341,O0196,I0273,12,31,105,High,Pending,2026-08-31
REO010342,O0095,I0020,20,24,28,Medium,Pending,2026-08-31
REO010343,O0083,I0037,0,16,87,Critical,Ordered,2026-08-31
REO010344,O0193,I0268,21,22,41,Medium,Pending,2026-08-31
REO010345,O0181,I0275,6,24,94,High,Pending,2026-08-31
REO010346,O0081,I0033,26,28,61,Medium,Ordered,2026-08-31
REO010347,O0142,I0058,2,16,49,High,Pending,2026-08-31
REO010348,O0020,I0170,13,27,35,High,Received,2026-08-31
REO010349,O0459,I0049,23,24,72,Medium,Ordered,2026-08-31
REO010350,O0186,I0068,9,17,63,Medium,Pending,2026-08-31
REO010351,O0149,I0062,9,31,87,High,Ordered,2026-08-31
REO010352,O0045,I0023,0,29,89,Critical,Approved,2026-08-31
REO010353,O0017,I0003,23,27,28,Medium,Ordered,2026-08-31
REO010354,O0268,I0090,2,17,72,High,Received,2026-08-31
REO010355,O0048,I0024,2,29,107,High,Received,2026-08-31
REO010356,O0189,I0271,16,18,36,Medium,Ordered,2026-08-31
REO010357,O0003,I0193,4,16,71,High,Ordered,2026-08-31
REO010358,O0442,I0072,17,32,90,Medium,Ordered,2026-08-31
REO010359,O0197,I0263,11,31,114,High,Approved,2026-08-31
REO010360,O0480,I0100,12,32,79,High,Ordered,2026-08-31
REO010361,O0297,I0097,5,23,76,High,Pending,2026-08-31
REO010362,O0255,I0089,3,13,68,High,Approved,2026-08-31
REO010363,O0262,I0086,18,33,96,Medium,Ordered,2026-08-31
REO010364,O0089,I0036,3,17,37,High,Approved,2026-08-31
REO010365,O0161,I0058,18,23,62,Medium,Pending,2026-08-31
REO010366,O0397,I0134,11,38,113,High,Ordered,2026-08-31
REO010367,O0011,I0198,18,36,40,Medium,Approved,2026-08-31
REO010368,O0283,I0094,1,34,119,High,Ordered,2026-08-31
REO010369,O0404,I0138,1,20,54,High,Ordered,2026-08-31
REO010370,O0124,I0051,28,29,64,Medium,Received,2026-08-31
REO010371,O0219,I0074,10,23,83,High,Received,2026-08-31
REO010372,O0095,I0021,19,22,84,Medium,Ordered,2026-08-31
REO010373,O0008,I0001,15,22,56,Medium,Ordered,2026-08-31
REO010374,O0083,I0032,7,15,56,High,Received,2026-08-31
REO010375,O0404,I0141,18,23,61,Medium,Ordered,2026-08-31
REO010376,O0355,I0120,18,33,70,Medium,Ordered,2026-08-31
REO010377,O0329,I0112,30,32,36,Medium,Approved,2026-08-31
REO010378,O0062,I0029,7,29,93,High,Approved,2026-08-31
REO010379,O0472,I0103,0,35,102,Critical,Received,2026-08-31
REO010380,O0197,I0270,14,16,31,Medium,Ordered,2026-08-31
REO010381,O0092,I0024,4,15,99,High,Pending,2026-08-31
REO010382,O0091,I0021,13,19,51,Medium,Ordered,2026-08-31
REO010383,O0002,I0200,13,25,31,Medium,Ordered,2026-08-31
REO010384,O0271,I0087,2,27,75,High,Approved,2026-08-31
REO010385,O0017,I0164,8,22,43,High,Approved,2026-08-31
REO010386,O0431,I0057,18,31,73,Medium,Ordered,2026-08-31
REO010387,O0181,I0274,2,19,66,High,Ordered,2026-08-31
REO010388,O0254,I0092,4,20,103,High,Pending,2026-08-31
REO010389,O0431,I0056,26,29,41,Medium,Pending,2026-08-31
REO010390,O0016,I0165,23,32,79,Medium,Ordered,2026-08-31
REO010391,O0497,I0139,20,25,69,Medium,Received,2026-08-31
REO010392,O0484,I0024,8,32,108,High,Approved,2026-08-31
REO010393,O0049,I0019,18,21,33,Medium,Received,2026-08-31
REO010394,O0165,I0062,5,19,79,High,Ordered,2026-08-31
REO010395,O0486,I0025,27,36,62,Medium,Pending,2026-08-31
REO010396,O0492,I0140,18,33,46,Medium,Ordered,2026-08-31
REO010397,O0187,I0276,9,35,70,High,Pending,2026-08-31
REO010398,O0169,I0061,22,27,92,Medium,Pending,2026-08-31
REO010399,O0431,I0056,26,29,41,Medium,Received,2026-08-31
REO010400,O0210,I0076,10,16,50,Medium,Pending,2026-08-31
REO010401,O0415,I0020,29,36,33,Medium,Pending,2026-08-31
REO010402,O0308,I0095,24,37,75,Medium,Received,2026-08-31
REO010403,O0439,I0053,21,35,71,Medium,Pending,2026-08-31
REO010404,O0030,I0013,7,12,40,Medium,Pending,2026-08-31
REO010405,O0302,I0095,10,39,104,High,Approved,2026-08-31
REO010406,O0309,I0095,14,30,107,High,Pending,2026-08-31
REO010407,O0492,I0138,12,19,49,Medium,Pending,2026-08-31
REO010408,O0480,I0100,12,32,79,High,Pending,2026-08-31
REO010409,O0143,I0059,4,21,43,High,Ordered,2026-08-31
REO010410,O0454,I0050,16,37,84,High,Pending,2026-08-31
REO010411,O0186,I0071,15,23,54,Medium,Received,2026-08-31
REO010412,O0456,I0052,11,21,87,Medium,Ordered,2026-08-31
REO010413,O0296,I0093,9,18,61,Medium,Approved,2026-08-31
REO010414,O0433,I0055,21,24,66,Medium,Ordered,2026-08-31
REO010415,O0422,I0034,15,20,33,Medium,Ordered,2026-08-31
REO010416,O0118,I0047,12,16,38,Medium,Approved,2026-08-31
REO010417,O0053,I0024,3,31,120,High,Pending,2026-08-31
REO010418,O0174,I0062,25,36,68,Medium,Approved,2026-08-31
REO010419,O0472,I0103,0,35,102,Critical,Pending,2026-08-31
REO010420,O0044,I0025,4,30,116,High,Ordered,2026-08-31
REO010421,O0006,I0169,3,29,89,High,Pending,2026-08-31
REO010422,O0298,I0094,21,21,67,Medium,Approved,2026-08-31
REO010423,O0499,I0139,6,18,78,High,Ordered,2026-08-31
REO010424,O0039,I0191,10,37,46,High,Pending,2026-08-31
REO010425,O0268,I0090,2,17,72,High,Approved,2026-08-31
REO010426,O0415,I0024,20,21,56,Medium,Approved,2026-08-31
REO010427,O0002,I0165,7,13,102,Medium,Ordered,2026-08-31
REO010428,O0003,I0007,4,16,36,High,Received,2026-08-31
REO010429,O0206,I0074,17,19,47,Medium,Pending,2026-08-31
REO010430,O0072,I0011,30,31,37,Medium,Received,2026-08-31
REO010431,O0414,I0018,17,29,39,Medium,Received,2026-08-31
REO010432,O0008,I0159,23,35,100,Medium,Pending,2026-08-31
REO010433,O0192,I0273,3,28,85,High,Approved,2026-08-31
REO010434,O0050,I0025,30,30,36,Medium,Ordered,2026-08-31
REO010435,O0294,I0095,28,30,84,Medium,Approved,2026-08-31
REO010436,O0490,I0025,25,29,65,Medium,Received,2026-08-31
REO010437,O0308,I0098,6,12,55,Medium,Pending,2026-08-31
REO010438,O0186,I0068,9,17,63,Medium,Ordered,2026-08-31
REO010439,O0158,I0058,2,26,91,High,Pending,2026-08-31
REO010440,O0187,I0277,20,24,31,Medium,Ordered,2026-08-31
REO010441,O0165,I0062,5,19,79,High,Ordered,2026-08-31
REO010442,O0012,I0007,6,34,107,High,Received,2026-08-31
REO010443,O0315,I0108,3,14,50,High,Approved,2026-08-31
REO010444,O0048,I0018,24,24,91,Medium,Received,2026-08-31
REO010445,O0169,I0061,22,27,92,Medium,Pending,2026-08-31
REO010446,O0425,I0037,16,33,104,High,Ordered,2026-08-31
REO010447,O0313,I0105,13,17,33,Medium,Ordered,2026-08-31
REO010448,O0048,I0018,24,24,91,Medium,Approved,2026-08-31
REO010449,O0367,I0122,6,34,91,High,Pending,2026-08-31
REO010450,O0175,I0060,6,12,92,Medium,Received,2026-08-31
REO010451,O0418,I0024,19,28,75,Medium,Ordered,2026-08-31
REO010452,O0016,I0161,11,16,31,Medium,Ordered,2026-08-31
REO010453,O0159,I0064,2,25,81,High,Ordered,2026-08-31
REO010454,O0061,I0027,8,22,52,High,Received,2026-08-31
REO010455,O0497,I0139,20,25,69,Medium,Approved,2026-08-31
REO010456,O0402,I0142,3,18,74,High,Ordered,2026-08-31
REO010457,O0012,I0161,10,31,66,High,Pending,2026-08-31
REO010458,O0443,I0072,1,19,88,High,Received,2026-08-31
REO010459,O0438,I0056,1,28,82,High,Ordered,2026-08-31
REO010460,O0142,I0058,2,16,49,High,Pending,2026-08-31
REO010461,O0384,I0132,3,19,75,High,Ordered,2026-08-31
REO010462,O0163,I0063,2,23,99,High,Approved,2026-08-31
REO010463,O0308,I0098,6,12,55,Medium,Pending,2026-08-31
REO010464,O0387,I0130,17,17,94,Medium,Received,2026-08-31
REO010465,O0387,I0131,8,33,119,High,Received,2026-08-31
REO010466,O0005,I0002,10,21,36,High,Approved,2026-08-31
REO010467,O0422,I0034,15,20,33,Medium,Received,2026-08-31
REO010468,O0169,I0061,22,27,92,Medium,Approved,2026-08-31
REO010469,O0177,I0064,14,32,101,High,Approved,2026-08-31
REO010470,O0191,I0268,26,31,99,Medium,Ordered,2026-08-31
REO010471,O0188,I0071,21,25,58,Medium,Ordered,2026-08-31
REO010472,O0192,I0069,1,33,70,High,Received,2026-08-31
REO010473,O0108,I0039,9,12,99,Medium,Approved,2026-08-31
REO010474,O0386,I0131,12,26,66,High,Pending,2026-08-31
REO010475,O0072,I0013,15,26,72,Medium,Approved,2026-08-31
REO010476,O0018,I0194,13,35,65,High,Received,2026-08-31
REO010477,O0050,I0018,8,10,48,Medium,Approved,2026-08-31
REO010478,O0015,I0196,6,15,66,High,Ordered,2026-08-31
REO010479,O0270,I0091,14,34,86,High,Ordered,2026-08-31
REO010480,O0338,I0109,5,21,87,High,Ordered,2026-08-31
REO010481,O0192,I0275,1,28,92,High,Ordered,2026-08-31
REO010482,O0063,I0027,5,20,95,High,Ordered,2026-08-31
REO010483,O0390,I0131,13,30,94,High,Received,2026-08-31
REO010484,O0054,I0018,26,33,37,Medium,Approved,2026-08-31
REO010485,O0258,I0089,3,37,74,High,Pending,2026-08-31
REO010486,O0059,I0022,23,28,92,Medium,Pending,2026-08-31
REO010487,O0307,I0095,2,13,78,High,Ordered,2026-08-31
REO010488,O0185,I0275,16,19,51,Medium,Received,2026-08-31
REO010489,O0477,I0101,18,31,75,Medium,Pending,2026-08-31
REO010490,O0085,I0034,15,29,38,Medium,Ordered,2026-08-31
REO010491,O0097,I0020,8,19,39,High,Pending,2026-08-31
REO010492,O0044,I0020,26,34,46,Medium,Pending,2026-08-31
REO010493,O0197,I0066,10,26,80,High,Approved,2026-08-31
REO010494,O0110,I0040,9,25,57,High,Approved,2026-08-31
REO010495,O0478,I0103,17,20,82,Medium,Ordered,2026-08-31
REO010496,O0453,I0051,12,33,85,High,Approved,2026-08-31
REO010497,O0194,I0269,0,21,106,Critical,Pending,2026-08-31
REO010498,O0200,I0071,0,20,117,Critical,Ordered,2026-08-31
REO010499,O0055,I0025,24,25,99,Medium,Pending,2026-08-31
REO010500,O0006,I0160,0,25,82,Critical,Pending,2026-08-31
REO010501,O0490,I0021,16,31,75,Medium,Ordered,2026-08-31
REO010502,O0157,I0065,1,15,91,High,Approved,2026-08-31
REO010503,O0175,I0060,6,12,92,Medium,Pending,2026-08-31
REO010504,O0304,I0097,9,12,79,Medium,Pending,2026-08-31
REO010505,O0352,I0121,26,27,42,Medium,Received,2026-08-31
REO010506,O0277,I0089,9,33,101,High,Ordered,2026-08-31
REO010507,O0150,I0062,24,30,85,Medium,Pending,2026-08-31
REO010508,O0491,I0138,2,37,54,High,Received,2026-08-31
REO010509,O0416,I0019,8,32,79,High,Pending,2026-08-31
REO010510,O0357,I0118,14,23,58,Medium,Ordered,2026-08-31
REO010511,O0500,I0140,6,12,66,Medium,Pending,2026-08-31
REO010512,O0353,I0119,28,36,98,Medium,Approved,2026-08-31
REO010513,O0040,I0002,4,37,74,High,Approved,2026-08-31
REO010514,O0014,I0172,15,32,51,High,Approved,2026-08-31
REO010515,O0031,I0160,4,13,42,High,Received,2026-08-31
REO010516,O0373,I0128,4,13,42,High,Approved,2026-08-31
REO010517,O0256,I0086,1,18,111,High,Ordered,2026-08-31
REO010518,O0438,I0056,1,28,82,High,Pending,2026-08-31
REO010519,O0143,I0061,12,16,31,Medium,Ordered,2026-08-31
REO010520,O0257,I0089,18,35,76,Medium,Approved,2026-08-31
REO010521,O0122,I0052,14,23,106,Medium,Ordered,2026-08-31
REO010522,O0440,I0054,4,20,90,High,Received,2026-08-31
REO010523,O0197,I0273,22,29,38,Medium,Ordered,2026-08-31
REO010524,O0349,I0116,17,30,56,Medium,Pending,2026-08-31
REO010525,O0346,I0115,15,17,33,Medium,Approved,2026-08-31
REO010526,O0225,I0077,1,11,96,High,Ordered,2026-08-31
REO010527,O0216,I0075,13,13,35,Medium,Pending,2026-08-31
REO010528,O0074,I0011,10,32,59,High,Received,2026-08-31
REO010529,O0039,I0004,7,27,39,High,Pending,2026-08-31
REO010530,O0467,I0023,3,18,92,High,Pending,2026-08-31
REO010531,O0199,I0277,17,21,30,Medium,Pending,2026-08-31
REO010532,O0429,I0036,12,29,61,High,Approved,2026-08-31
REO010533,O0229,I0079,2,29,62,High,Pending,2026-08-31
REO010534,O0161,I0060,26,35,33,Medium,Approved,2026-08-31
REO010535,O0186,I0267,34,37,55,Medium,Pending,2026-08-31
REO010536,O0236,I0081,0,27,111,Critical,Approved,2026-08-31
REO010537,O0058,I0025,0,10,90,Critical,Pending,2026-08-31
REO010538,O0374,I0126,8,26,63,High,Received,2026-08-31
REO010539,O0335,I0112,17,33,81,Medium,Approved,2026-08-31
REO010540,O0401,I0142,15,17,38,Medium,Pending,2026-08-31
REO010541,O0283,I0097,11,21,98,Medium,Approved,2026-08-31
REO010542,O0048,I0024,2,29,107,High,Pending,2026-08-31
REO010543,O0058,I0018,23,26,46,Medium,Ordered,2026-08-31
REO010544,O0086,I0034,12,31,68,High,Approved,2026-08-31
REO010545,O0016,I0161,11,16,31,Medium,Approved,2026-08-31
REO010546,O0494,I0140,3,38,97,High,Received,2026-08-31
REO010547,O0327,I0109,23,30,54,Medium,Pending,2026-08-31
REO010548,O0352,I0121,26,27,42,Medium,Ordered,2026-08-31
REO010549,O0037,I0006,16,22,54,Medium,Approved,2026-08-31
REO010550,O0500,I0140,6,12,66,Medium,Approved,2026-08-31
REO010551,O0386,I0131,12,26,66,High,Approved,2026-08-31
REO010552,O0061,I0027,8,22,52,High,Ordered,2026-08-31
REO010553,O0003,I0003,3,29,52,High,Received,2026-08-31
REO010554,O0221,I0081,7,13,75,Medium,Pending,2026-08-31
REO010555,O0015,I0167,10,17,32,Medium,Received,2026-08-31
REO010556,O0254,I0092,4,20,103,High,Pending,2026-08-31
REO010557,O0390,I0130,34,34,36,Medium,Received,2026-08-31
REO010558,O0006,I0169,3,29,89,High,Pending,2026-08-31
REO010559,O0198,I0274,10,31,61,High,Received,2026-08-31
REO010560,O0022,I0011,3,16,77,High,Approved,2026-08-31
REO010561,O0277,I0089,9,33,101,High,Received,2026-08-31
REO010562,O0204,I0076,14,30,56,High,Approved,2026-08-31
REO010563,O0087,I0037,10,17,76,Medium,Pending,2026-08-31
REO010564,O0415,I0020,29,36,33,Medium,Ordered,2026-08-31
REO010565,O0497,I0139,20,25,69,Medium,Approved,2026-08-31
REO010566,O0422,I0037,1,24,107,High,Received,2026-08-31
REO010567,O0115,I0044,23,36,36,Medium,Ordered,2026-08-31
REO010568,O0358,I0121,7,20,43,High,Approved,2026-08-31
REO010569,O0311,I0105,24,28,98,Medium,Approved,2026-08-31
REO010570,O0166,I0060,13,24,62,Medium,Received,2026-08-31
REO010571,O0165,I0060,9,25,50,High,Approved,2026-08-31
REO010572,O0481,I0020,23,33,76,Medium,Ordered,2026-08-31
REO010573,O0095,I0020,20,24,28,Medium,Ordered,2026-08-31
REO010574,O0435,I0053,11,27,80,High,Approved,2026-08-31
REO010575,O0087,I0037,10,17,76,Medium,Approved,2026-08-31
REO010576,O0257,I0089,18,35,76,Medium,Received,2026-08-31
REO010577,O0045,I0023,0,29,89,Critical,Pending,2026-08-31
REO010578,O0333,I0109,11,23,94,High,Pending,2026-08-31
REO010579,O0399,I0135,21,31,70,Medium,Pending,2026-08-31
REO010580,O0170,I0064,10,36,118,High,Pending,2026-08-31
REO010581,O0079,I0013,14,15,47,Medium,Pending,2026-08-31
REO010582,O0239,I0079,26,26,83,Medium,Ordered,2026-08-31
REO010583,O0059,I0022,23,28,92,Medium,Approved,2026-08-31
REO010584,O0290,I0099,14,18,38,Medium,Ordered,2026-08-31
REO010585,O0419,I0024,10,27,46,High,Approved,2026-08-31
REO010586,O0333,I0109,11,23,94,High,Pending,2026-08-31
REO010587,O0015,I0196,6,15,66,High,Pending,2026-08-31
REO010588,O0002,I0171,18,29,29,Medium,Approved,2026-08-31
REO010589,O0192,I0271,19,35,79,Medium,Received,2026-08-31
REO010590,O0414,I0025,13,34,85,High,Ordered,2026-08-31
REO010591,O0038,I0171,22,25,42,Medium,Ordered,2026-08-31
REO010592,O0469,I0018,16,29,70,Medium,Ordered,2026-08-31
REO010593,O0342,I0117,19,28,60,Medium,Approved,2026-08-31
REO010594,O0413,I0018,22,32,37,Medium,Approved,2026-08-31
REO010595,O0192,I0275,1,28,92,High,Pending,2026-08-31
REO010596,O0442,I0074,34,34,22,Medium,Approved,2026-08-31
REO010597,O0188,I0071,21,25,58,Medium,Ordered,2026-08-31
REO010598,O0412,I0023,6,14,37,High,Received,2026-08-31
REO010599,O0168,I0059,8,27,60,High,Approved,2026-08-31
REO010600,O0122,I0049,25,28,24,Medium,Received,2026-08-31
REO010601,O0001,I0172,23,28,37,Medium,Pending,2026-08-31
REO010602,O0412,I0025,18,22,42,Medium,Approved,2026-08-31
REO010603,O0187,I0275,4,20,88,High,Pending,2026-08-31
REO010604,O0192,I0271,19,35,79,Medium,Ordered,2026-08-31
REO010605,O0224,I0081,10,11,33,Medium,Received,2026-08-31
REO010606,O0163,I0064,19,24,67,Medium,Pending,2026-08-31
REO010607,O0165,I0062,5,19,79,High,Ordered,2026-08-31
REO010608,O0031,I0006,6,25,105,High,Ordered,2026-08-31
REO010609,O0161,I0062,8,33,60,High,Ordered,2026-08-31
REO010610,O0044,I0022,12,21,42,Medium,Pending,2026-08-31
REO010611,O0170,I0064,10,36,118,High,Received,2026-08-31
REO010612,O0290,I0099,14,18,38,Medium,Ordered,2026-08-31
REO010613,O0415,I0024,20,21,56,Medium,Approved,2026-08-31
REO010614,O0225,I0077,1,11,96,High,Pending,2026-08-31
REO010615,O0283,I0094,1,34,119,High,Pending,2026-08-31
REO010616,O0307,I0094,13,20,81,Medium,Ordered,2026-08-31
REO010617,O0031,I0160,4,13,42,High,Approved,2026-08-31
REO010618,O0107,I0040,0,19,90,Critical,Pending,2026-08-31
REO010619,O0095,I0024,31,34,58,Medium,Received,2026-08-31
REO010620,O0159,I0063,5,17,48,High,Approved,2026-08-31
REO010621,O0327,I0109,23,30,54,Medium,Pending,2026-08-31
REO010622,O0410,I0138,10,21,80,High,Pending,2026-08-31
REO010623,O0190,I0263,23,24,62,Medium,Ordered,2026-08-31
REO010624,O0264,I0087,14,28,76,Medium,Ordered,2026-08-31
REO010625,O0184,I0263,10,17,86,Medium,Ordered,2026-08-31
REO010626,O0168,I0059,8,27,60,High,Received,2026-08-31
REO010627,O0442,I0074,34,34,22,Medium,Ordered,2026-08-31
REO010628,O0096,I0024,5,31,66,High,Pending,2026-08-31
REO010629,O0075,I0013,2,23,49,High,Approved,2026-08-31
REO010630,O0095,I0021,19,22,84,Medium,Approved,2026-08-31
REO010631,O0416,I0020,8,23,110,High,Pending,2026-08-31
REO010632,O0003,I0009,1,32,57,High,Ordered,2026-08-31
REO010633,O0146,I0063,14,19,34,Medium,Pending,2026-08-31
REO010634,O0272,I0092,9,12,75,Medium,Pending,2026-08-31
REO010635,O0174,I0063,7,31,66,High,Approved,2026-08-31
REO010636,O0200,I0071,0,20,117,Critical,Approved,2026-08-31
REO010637,O0279,I0091,13,25,91,Medium,Approved,2026-08-31
REO010638,O0187,I0272,22,33,58,Medium,Approved,2026-08-31
REO010639,O0481,I0018,12,27,49,High,Approved,2026-08-31
REO010640,O0349,I0116,17,30,56,Medium,Ordered,2026-08-31
REO010641,O0367,I0122,6,34,91,High,Received,2026-08-31
REO010642,O0022,I0014,10,28,50,High,Ordered,2026-08-31
REO010643,O0261,I0089,21,37,58,Medium,Ordered,2026-08-31
REO010644,O0200,I0071,0,20,117,Critical,Pending,2026-08-31
REO010645,O0186,I0068,9,17,63,Medium,Pending,2026-08-31
REO010646,O0373,I0129,13,23,92,Medium,Ordered,2026-08-31
REO010647,O0432,I0054,11,26,55,High,Ordered,2026-08-31
REO010648,O0262,I0086,18,33,96,Medium,Pending,2026-08-31
REO010649,O0180,I0058,17,29,82,Medium,Received,2026-08-31
REO010650,O0002,I0002,18,18,41,Medium,Received,2026-08-31
REO010651,O0492,I0140,18,33,46,Medium,Pending,2026-08-31
REO010652,O0006,I0169,3,29,89,High,Approved,2026-08-31
REO010653,O0174,I0058,0,27,50,Critical,Ordered,2026-08-31
REO010654,O0452,I0049,6,26,68,High,Pending,2026-08-31
REO010655,O0033,I0193,10,18,77,Medium,Pending,2026-08-31
REO010656,O0077,I0010,21,28,59,Medium,Ordered,2026-08-31
REO010657,O0286,I0094,23,24,51,Medium,Ordered,2026-08-31
REO010658,O0387,I0131,8,33,119,High,Received,2026-08-31
REO010659,O0246,I0084,15,34,103,High,Approved,2026-08-31
REO010660,O0018,I0194,13,35,65,High,Received,2026-08-31
REO010661,O0340,I0112,18,34,33,Medium,Approved,2026-08-31
REO010662,O0158,I0058,2,26,91,High,Pending,2026-08-31
REO010663,O0197,I0066,10,26,80,High,Pending,2026-08-31
REO010664,O0002,I0002,18,18,41,Medium,Ordered,2026-08-31
REO010665,O0436,I0053,0,14,92,Critical,Approved,2026-08-31
REO010666,O0429,I0036,12,29,61,High,Pending,2026-08-31
REO010667,O0320,I0106,16,23,27,Medium,Approved,2026-08-31
REO010668,O0189,I0067,0,30,110,Critical,Ordered,2026-08-31
REO010669,O0265,I0087,2,31,50,High,Approved,2026-08-31
REO010670,O0041,I0024,16,31,77,Medium,Received,2026-08-31
REO010671,O0189,I0271,16,18,36,Medium,Ordered,2026-08-31
REO010672,O0058,I0019,17,25,97,Medium,Received,2026-08-31
REO010673,O0500,I0140,6,12,66,Medium,Approved,2026-08-31
REO010674,O0181,I0274,2,19,66,High,Pending,2026-08-31
REO010675,O0192,I0069,1,33,70,High,Ordered,2026-08-31
REO010676,O0422,I0034,15,20,33,Medium,Ordered,2026-08-31
REO010677,O0009,I0167,8,16,45,Medium,Approved,2026-08-31
REO010678,O0321,I0112,25,29,35,Medium,Approved,2026-08-31
REO010679,O0193,I0268,21,22,41,Medium,Ordered,2026-08-31
REO010680,O0290,I0099,14,18,38,Medium,Pending,2026-08-31
REO010681,O0384,I0132,3,19,75,High,Ordered,2026-08-31
REO010682,O0150,I0061,21,30,93,Medium,Received,2026-08-31
REO010683,O0440,I0057,0,15,98,Critical,Approved,2026-08-31
REO010684,O0058,I0024,1,20,51,High,Received,2026-08-31
REO010685,O0095,I0018,3,31,98,High,Ordered,2026-08-31
REO010686,O0464,I0018,12,20,70,Medium,Ordered,2026-08-31
REO010687,O0294,I0095,28,30,84,Medium,Ordered,2026-08-31
REO010688,O0256,I0091,23,28,39,Medium,Ordered,2026-08-31
REO010689,O0302,I0099,15,24,32,Medium,Ordered,2026-08-31
REO010690,O0024,I0010,12,22,62,Medium,Received,2026-08-31
REO010691,O0412,I0023,6,14,37,High,Approved,2026-08-31
REO010692,O0179,I0060,5,16,83,High,Ordered,2026-08-31
REO010693,O0056,I0021,31,35,31,Medium,Approved,2026-08-31
REO010694,O0035,I0197,10,35,84,High,Approved,2026-08-31
REO010695,O0182,I0266,27,36,71,Medium,Pending,2026-08-31
REO010696,O0017,I0005,13,26,75,Medium,Ordered,2026-08-31
REO010697,O0239,I0079,26,26,83,Medium,Ordered,2026-08-31
REO010698,O0155,I0065,0,19,84,Critical,Received,2026-08-31
REO010699,O0076,I0010,15,16,92,Medium,Ordered,2026-08-31
REO010700,O0046,I0022,7,24,58,High,Received,2026-08-31
REO010701,O0314,I0108,23,27,92,Medium,Pending,2026-08-31
REO010702,O0211,I0073,24,33,57,Medium,Approved,2026-08-31
REO010703,O0127,I0050,20,39,48,Medium,Approved,2026-08-31
REO010704,O0419,I0024,10,27,46,High,Pending,2026-08-31
REO010705,O0054,I0021,31,31,62,Medium,Approved,2026-08-31
REO010706,O0011,I0189,9,20,99,High,Pending,2026-08-31
REO010707,O0187,I0276,9,35,70,High,Pending,2026-08-31
REO010708,O0494,I0142,10,21,96,High,Approved,2026-08-31
REO010709,O0443,I0072,1,19,88,High,Received,2026-08-31
REO010710,O0395,I0137,24,32,68,Medium,Approved,2026-08-31
REO010711,O0490,I0021,16,31,75,Medium,Pending,2026-08-31
REO010712,O0228,I0080,16,28,90,Medium,Pending,2026-08-31
REO010713,O0192,I0271,19,35,79,Medium,Ordered,2026-08-31
REO010714,O0297,I0097,5,23,76,High,Pending,2026-08-31
REO010715,O0045,I0019,14,29,64,High,Ordered,2026-08-31
REO010716,O0412,I0023,6,14,37,High,Approved,2026-08-31
REO010717,O0144,I0060,10,21,42,High,Received,2026-08-31
REO010718,O0409,I0139,32,32,55,Medium,Received,2026-08-31
REO010719,O0325,I0109,0,21,92,Critical,Approved,2026-08-31
REO010720,O0143,I0061,12,16,31,Medium,Approved,2026-08-31
REO010721,O0001,I0190,18,24,59,Medium,Ordered,2026-08-31
REO010722,O0409,I0139,32,32,55,Medium,Approved,2026-08-31
REO010723,O0161,I0062,8,33,60,High,Approved,2026-08-31
REO010724,O0279,I0086,19,19,70,Medium,Approved,2026-08-31
REO010725,O0085,I0034,15,29,38,Medium,Received,2026-08-31
REO010726,O0232,I0078,31,31,87,Medium,Pending,2026-08-31
REO010727,O0442,I0072,17,32,90,Medium,Approved,2026-08-31
REO010728,O0226,I0081,16,27,30,Medium,Approved,2026-08-31
REO010729,O0130,I0049,20,33,30,Medium,Approved,2026-08-31
REO010730,O0020,I0168,8,27,79,High,Pending,2026-08-31
REO010731,O0492,I0138,12,19,49,Medium,Ordered,2026-08-31
REO010732,O0188,I0272,23,24,90,Medium,Approved,2026-08-31
REO010733,O0492,I0138,12,19,49,Medium,Ordered,2026-08-31
REO010734,O0192,I0069,1,33,70,High,Pending,2026-08-31
REO010735,O0197,I0273,22,29,38,Medium,Received,2026-08-31
REO010736,O0190,I0263,23,24,62,Medium,Ordered,2026-08-31
REO010737,O0103,I0041,0,37,65,Critical,Received,2026-08-31
REO010738,O0168,I0059,8,27,60,High,Received,2026-08-31
REO010739,O0329,I0112,30,32,36,Medium,Ordered,2026-08-31
REO010740,O0468,I0020,8,27,66,High,Pending,2026-08-31
REO010741,O0170,I0064,10,36,118,High,Received,2026-08-31
REO010742,O0244,I0084,14,16,59,Medium,Ordered,2026-08-31
REO010743,O0192,I0266,1,22,41,High,Received,2026-08-31
REO010744,O0184,I0067,17,17,62,Medium,Approved,2026-08-31
REO010745,O0036,I0170,15,21,75,Medium,Received,2026-08-31
REO010746,O0031,I0006,6,25,105,High,Approved,2026-08-31
REO010747,O0414,I0018,17,29,39,Medium,Pending,2026-08-31
REO010748,O0469,I0020,5,17,42,High,Received,2026-08-31
REO010749,O0278,I0088,16,23,46,Medium,Approved,2026-08-31
REO010750,O0104,I0041,6,22,73,High,Approved,2026-08-31
REO010751,O0033,I0193,10,18,77,Medium,Ordered,2026-08-31
REO010752,O0190,I0269,1,28,100,High,Approved,2026-08-31
REO010753,O0180,I0065,11,36,68,High,Pending,2026-08-31
REO010754,O0256,I0091,23,28,39,Medium,Pending,2026-08-31
REO010755,O0211,I0073,24,33,57,Medium,Pending,2026-08-31
REO010756,O0026,I0016,2,23,91,High,Ordered,2026-08-31
REO010757,O0011,I0198,18,36,40,Medium,Ordered,2026-08-31
REO010758,O0003,I0007,4,16,36,High,Ordered,2026-08-31
REO010759,O0494,I0140,3,38,97,High,Received,2026-08-31
REO010760,O0159,I0063,5,17,48,High,Pending,2026-08-31
REO010761,O0249,I0083,12,16,85,Medium,Ordered,2026-08-31
REO010762,O0057,I0024,10,20,56,Medium,Received,2026-08-31
REO010763,O0120,I0045,7,19,95,High,Ordered,2026-08-31
REO010764,O0199,I0277,17,21,30,Medium,Received,2026-08-31
REO010765,O0415,I0023,23,26,20,Medium,Ordered,2026-08-31
REO010766,O0284,I0095,9,15,55,Medium,Ordered,2026-08-31
REO010767,O0236,I0079,5,20,82,High,Pending,2026-08-31
REO010768,O0286,I0094,23,24,51,Medium,Approved,2026-08-31
REO010769,O0390,I0130,34,34,36,Medium,Ordered,2026-08-31
REO010770,O0031,I0160,4,13,42,High,Received,2026-08-31
REO010771,O0499,I0138,0,23,44,Critical,Approved,2026-08-31
REO010772,O0181,I0069,14,24,46,Medium,Received,2026-08-31
REO010773,O0029,I0014,25,28,37,Medium,Pending,2026-08-31
REO010774,O0444,I0074,15,32,58,High,Ordered,2026-08-31
REO010775,O0484,I0024,8,32,108,High,Approved,2026-08-31
REO010776,O0486,I0025,27,36,62,Medium,Pending,2026-08-31
REO010777,O0414,I0024,1,13,83,High,Pending,2026-08-31
REO010778,O0063,I0027,5,20,95,High,Approved,2026-08-31
REO010779,O0247,I0085,1,26,114,High,Ordered,2026-08-31
REO010780,O0085,I0034,15,29,38,Medium,Pending,2026-08-31
REO010781,O0033,I0164,10,26,66,High,Ordered,2026-08-31
REO010782,O0177,I0059,7,28,80,High,Pending,2026-08-31
REO010783,O0464,I0018,12,20,70,Medium,Ordered,2026-08-31
REO010784,O0418,I0020,13,28,72,High,Ordered,2026-08-31
REO010785,O0268,I0090,2,17,72,High,Approved,2026-08-31
REO010786,O0011,I0189,9,20,99,High,Ordered,2026-08-31
REO010787,O0284,I0099,23,32,96,Medium,Ordered,2026-08-31
REO010788,O0197,I0067,22,28,89,Medium,Pending,2026-08-31
REO010789,O0390,I0131,13,30,94,High,Approved,2026-08-31
REO010790,O0008,I0193,21,21,43,Medium,Approved,2026-08-31
REO010791,O0307,I0095,2,13,78,High,Pending,2026-08-31
REO010792,O0185,I0268,7,33,53,High,Ordered,2026-08-31
REO010793,O0074,I0011,10,32,59,High,Pending,2026-08-31
REO010794,O0347,I0115,16,22,57,Medium,Approved,2026-08-31
REO010795,O0186,I0071,15,23,54,Medium,Pending,2026-08-31
REO010796,O0159,I0063,5,17,48,High,Ordered,2026-08-31
REO010797,O0073,I0010,11,24,34,High,Pending,2026-08-31
REO010798,O0132,I0053,9,23,66,High,Received,2026-08-31
REO010799,O0103,I0041,0,37,65,Critical,Pending,2026-08-31
REO010800,O0470,I0019,15,32,92,High,Ordered,2026-08-31
REO010801,O0091,I0021,13,19,51,Medium,Ordered,2026-08-31
REO010802,O0066,I0027,13,22,59,Medium,Ordered,2026-08-31
REO010803,O0438,I0056,1,28,82,High,Approved,2026-08-31
REO010804,O0270,I0091,14,34,86,High,Pending,2026-08-31
REO010805,O0188,I0071,21,25,58,Medium,Ordered,2026-08-31
REO010806,O0372,I0126,6,23,45,High,Ordered,2026-08-31
REO010807,O0388,I0130,27,29,59,Medium,Approved,2026-08-31
REO010808,O0263,I0090,10,35,93,High,Pending,2026-08-31
REO010809,O0291,I0094,1,14,99,High,Ordered,2026-08-31
REO010810,O0157,I0065,1,15,91,High,Ordered,2026-08-31
REO010811,O0265,I0091,7,27,92,High,Approved,2026-08-31
REO010812,O0185,I0068,10,32,55,High,Ordered,2026-08-31
REO010813,O0199,I0263,2,26,68,High,Approved,2026-08-31
REO010814,O0461,I0020,12,27,67,High,Ordered,2026-08-31
REO010815,O0197,I0272,7,34,91,High,Pending,2026-08-31
REO010816,O0024,I0013,9,14,39,Medium,Received,2026-08-31
REO010817,O0498,I0138,5,22,109,High,Received,2026-08-31
REO010818,O0171,I0058,9,25,80,High,Ordered,2026-08-31
REO010819,O0255,I0089,3,13,68,High,Approved,2026-08-31
REO010820,O0113,I0045,32,36,75,Medium,Ordered,2026-08-31
REO010821,O0044,I0021,25,28,61,Medium,Received,2026-08-31
REO010822,O0384,I0131,1,19,52,High,Received,2026-08-31
REO010823,O0049,I0023,14,19,34,Medium,Approved,2026-08-31
REO010824,O0384,I0132,3,19,75,High,Ordered,2026-08-31
REO010825,O0025,I0016,2,24,77,High,Pending,2026-08-31
REO010826,O0003,I0165,16,31,47,Medium,Approved,2026-08-31
REO010827,O0199,I0271,15,18,56,Medium,Ordered,2026-08-31
REO010828,O0376,I0127,20,24,48,Medium,Pending,2026-08-31
REO010829,O0146,I0063,14,19,34,Medium,Ordered,2026-08-31
REO010830,O0048,I0024,2,29,107,High,Ordered,2026-08-31
REO010831,O0404,I0141,18,23,61,Medium,Received,2026-08-31
REO010832,O0009,I0002,13,14,28,Medium,Ordered,2026-08-31
REO010833,O0284,I0099,23,32,96,Medium,Ordered,2026-08-31
REO010834,O0196,I0070,8,14,96,Medium,Pending,2026-08-31
REO010835,O0007,I0004,20,36,39,Medium,Ordered,2026-08-31
REO010836,O0378,I0126,27,32,37,Medium,Pending,2026-08-31
REO010837,O0007,I0170,5,16,50,High,Pending,2026-08-31
REO010838,O0128,I0049,4,15,103,High,Ordered,2026-08-31
REO010839,O0083,I0032,7,15,56,High,Ordered,2026-08-31
REO010840,O0302,I0096,17,19,70,Medium,Received,2026-08-31
REO010841,O0097,I0018,11,13,56,Medium,Pending,2026-08-31
REO010842,O0022,I0011,3,16,77,High,Received,2026-08-31
REO010843,O0199,I0263,2,26,68,High,Ordered,2026-08-31
REO010844,O0469,I0020,5,17,42,High,Approved,2026-08-31
REO010845,O0273,I0087,18,36,34,Medium,Ordered,2026-08-31
REO010846,O0122,I0052,14,23,106,Medium,Approved,2026-08-31
REO010847,O0402,I0142,3,18,74,High,Ordered,2026-08-31
REO010848,O0386,I0131,12,26,66,High,Approved,2026-08-31
REO010849,O0282,I0094,6,15,80,High,Received,2026-08-31
REO010850,O0472,I0103,0,35,102,Critical,Ordered,2026-08-31
REO010851,O0226,I0081,16,27,30,Medium,Approved,2026-08-31
REO010852,O0169,I0065,15,18,42,Medium,Ordered,2026-08-31
REO010853,O0444,I0075,24,25,36,Medium,Pending,2026-08-31
REO010854,O0194,I0269,0,21,106,Critical,Approved,2026-08-31
REO010855,O0089,I0033,9,23,51,High,Pending,2026-08-31
REO010856,O0417,I0018,8,15,58,Medium,Approved,2026-08-31
REO010857,O0278,I0088,16,23,46,Medium,Pending,2026-08-31
REO010858,O0181,I0274,2,19,66,High,Received,2026-08-31
REO010859,O0223,I0078,4,34,104,High,Approved,2026-08-31
REO010860,O0021,I0014,9,20,91,High,Approved,2026-08-31
REO010861,O0153,I0065,6,25,85,High,Pending,2026-08-31
REO010862,O0002,I0168,32,35,76,Medium,Ordered,2026-08-31
REO010863,O0153,I0060,16,25,59,Medium,Approved,2026-08-31
REO010864,O0115,I0044,23,36,36,Medium,Received,2026-08-31
REO010865,O0223,I0078,4,34,104,High,Approved,2026-08-31
REO010866,O0220,I0074,20,35,49,Medium,Approved,2026-08-31
REO010867,O0074,I0011,10,32,59,High,Pending,2026-08-31
REO010868,O0061,I0026,11,25,70,High,Pending,2026-08-31
REO010869,O0433,I0055,21,24,66,Medium,Pending,2026-08-31
REO010870,O0270,I0091,14,34,86,High,Approved,2026-08-31
REO010871,O0046,I0022,7,24,58,High,Received,2026-08-31
REO010872,O0348,I0116,10,24,104,High,Pending,2026-08-31
REO010873,O0165,I0061,13,27,50,High,Approved,2026-08-31
REO010874,O0194,I0066,13,33,76,High,Ordered,2026-08-31
REO010875,O0028,I0015,2,27,50,High,Pending,2026-08-31
REO010876,O0311,I0105,24,28,98,Medium,Ordered,2026-08-31
REO010877,O0431,I0057,18,31,73,Medium,Approved,2026-08-31
REO010878,O0083,I0037,0,16,87,Critical,Ordered,2026-08-31
REO010879,O0105,I0038,20,30,45,Medium,Ordered,2026-08-31
REO010880,O0452,I0052,27,31,101,Medium,Pending,2026-08-31
REO010881,O0259,I0090,8,33,73,High,Approved,2026-08-31
REO010882,O0011,I0198,18,36,40,Medium,Pending,2026-08-31
REO010883,O0362,I0125,5,34,94,High,Approved,2026-08-31
REO010884,O0454,I0050,16,37,84,High,Pending,2026-08-31
REO010885,O0273,I0087,18,36,34,Medium,Ordered,2026-08-31
REO010886,O0161,I0058,18,23,62,Medium,Received,2026-08-31
REO010887,O0065,I0030,6,16,41,High,Approved,2026-08-31
REO010888,O0265,I0087,2,31,50,High,Approved,2026-08-31
REO010889,O0216,I0075,13,13,35,Medium,Approved,2026-08-31
REO010890,O0085,I0034,15,29,38,Medium,Pending,2026-08-31
REO010891,O0486,I0025,27,36,62,Medium,Ordered,2026-08-31
REO010892,O0035,I0193,27,34,98,Medium,Ordered,2026-08-31
REO010893,O0390,I0133,7,29,87,High,Ordered,2026-08-31
REO010894,O0040,I0198,20,21,28,Medium,Received,2026-08-31
REO010895,O0138,I0057,12,28,41,High,Pending,2026-08-31
REO010896,O0153,I0060,16,25,59,Medium,Approved,2026-08-31
REO010897,O0488,I0024,13,35,55,High,Approved,2026-08-31
REO010898,O0427,I0034,18,21,43,Medium,Approved,2026-08-31
REO010899,O0016,I0197,1,32,90,High,Ordered,2026-08-31
REO010900,O0141,I0058,10,28,114,High,Pending,2026-08-31
REO010901,O0247,I0085,1,26,114,High,Ordered,2026-08-31
REO010902,O0194,I0269,0,21,106,Critical,Ordered,2026-08-31
REO010903,O0187,I0272,22,33,58,Medium,Ordered,2026-08-31
REO010904,O0390,I0130,34,34,36,Medium,Pending,2026-08-31
REO010905,O0316,I0107,16,26,85,Medium,Received,2026-08-31
REO010906,O0169,I0060,10,14,55,Medium,Ordered,2026-08-31
REO010907,O0430,I0032,18,19,35,Medium,Pending,2026-08-31
REO010908,O0052,I0018,11,30,61,High,Ordered,2026-08-31
REO010909,O0164,I0062,19,27,60,Medium,Pending,2026-08-31
REO010910,O0055,I0025,24,25,99,Medium,Ordered,2026-08-31
REO010911,O0096,I0024,5,31,66,High,Ordered,2026-08-31
REO010912,O0390,I0131,13,30,94,High,Ordered,2026-08-31
REO010913,O0034,I0006,19,26,74,Medium,Approved,2026-08-31
REO010914,O0297,I0097,5,23,76,High,Received,2026-08-31
REO010915,O0074,I0017,9,29,67,High,Approved,2026-08-31
REO010916,O0358,I0121,7,20,43,High,Ordered,2026-08-31
REO010917,O0194,I0066,13,33,76,High,Received,2026-08-31
REO010918,O0125,I0050,3,29,57,High,Ordered,2026-08-31
REO010919,O0081,I0033,26,28,61,Medium,Pending,2026-08-31
REO010920,O0194,I0277,23,28,52,Medium,Received,2026-08-31
REO010921,O0073,I0010,11,24,34,High,Ordered,2026-08-31
REO010922,O0110,I0040,9,25,57,High,Approved,2026-08-31
REO010923,O0246,I0083,5,12,90,High,Pending,2026-08-31
REO010924,O0066,I0028,17,28,56,Medium,Approved,2026-08-31
REO010925,O0192,I0266,1,22,41,High,Ordered,2026-08-31
REO010926,O0037,I0006,16,22,54,Medium,Received,2026-08-31
REO010927,O0190,I0264,0,30,108,Critical,Pending,2026-08-31
REO010928,O0078,I0017,8,19,43,High,Approved,2026-08-31
REO010929,O0271,I0086,1,27,66,High,Ordered,2026-08-31
REO010930,O0199,I0271,15,18,56,Medium,Approved,2026-08-31
REO010931,O0071,I0017,9,34,84,High,Pending,2026-08-31
REO010932,O0017,I0197,24,28,75,Medium,Approved,2026-08-31
REO010933,O0500,I0140,6,12,66,Medium,Received,2026-08-31
REO010934,O0210,I0076,10,16,50,Medium,Ordered,2026-08-31
REO010935,O0278,I0087,20,36,77,Medium,Ordered,2026-08-31
REO010936,O0055,I0019,17,25,45,Medium,Ordered,2026-08-31
REO010937,O0045,I0019,14,29,64,High,Ordered,2026-08-31
REO010938,O0326,I0110,9,20,60,High,Approved,2026-08-31
REO010939,O0417,I0019,19,19,28,Medium,Ordered,2026-08-31
REO010940,O0095,I0024,31,34,58,Medium,Ordered,2026-08-31
REO010941,O0162,I0064,13,15,64,Medium,Pending,2026-08-31
REO010942,O0206,I0074,17,19,47,Medium,Ordered,2026-08-31
REO010943,O0190,I0264,0,30,108,Critical,Received,2026-08-31
REO010944,O0329,I0112,30,32,36,Medium,Pending,2026-08-31
REO010945,O0061,I0027,8,22,52,High,Ordered,2026-08-31
REO010946,O0461,I0020,12,27,67,High,Pending,2026-08-31
REO010947,O0230,I0078,18,29,65,Medium,Received,2026-08-31
REO010948,O0415,I0020,29,36,33,Medium,Pending,2026-08-31
REO010949,O0419,I0024,10,27,46,High,Ordered,2026-08-31
REO010950,O0369,I0124,26,30,96,Medium,Received,2026-08-31
REO010951,O0155,I0065,0,19,84,Critical,Pending,2026-08-31
REO010952,O0055,I0025,24,25,99,Medium,Approved,2026-08-31
REO010953,O0283,I0094,1,34,119,High,Ordered,2026-08-31
REO010954,O0265,I0087,2,31,50,High,Approved,2026-08-31
REO010955,O0291,I0097,15,21,60,Medium,Ordered,2026-08-31
REO010956,O0277,I0089,9,33,101,High,Approved,2026-08-31
REO010957,O0312,I0108,36,37,35,Medium,Ordered,2026-08-31
REO010958,O0165,I0065,13,16,27,Medium,Approved,2026-08-31
REO010959,O0097,I0018,11,13,56,Medium,Ordered,2026-08-31
REO010960,O0050,I0018,8,10,48,Medium,Approved,2026-08-31
REO010961,O0407,I0140,3,34,124,High,Received,2026-08-31
REO010962,O0054,I0018,26,33,37,Medium,Approved,2026-08-31
REO010963,O0190,I0269,1,28,100,High,Ordered,2026-08-31
REO010964,O0163,I0064,19,24,67,Medium,Received,2026-08-31
REO010965,O0153,I0061,8,15,46,Medium,Received,2026-08-31
REO010966,O0465,I0018,9,22,72,High,Received,2026-08-31
REO010967,O0402,I0142,3,18,74,High,Approved,2026-08-31
REO010968,O0165,I0062,5,19,79,High,Ordered,2026-08-31
REO010969,O0046,I0022,7,24,58,High,Ordered,2026-08-31
REO010970,O0020,I0195,13,14,33,Medium,Pending,2026-08-31
REO010971,O0191,I0071,10,23,64,High,Pending,2026-08-31
REO010972,O0024,I0010,12,22,62,Medium,Ordered,2026-08-31
REO010973,O0270,I0092,22,30,54,Medium,Ordered,2026-08-31
REO010974,O0303,I0096,11,33,112,High,Ordered,2026-08-31
REO010975,O0001,I0193,1,9,100,High,Ordered,2026-08-31
REO010976,O0301,I0094,20,20,53,Medium,Ordered,2026-08-31
REO010977,O0373,I0129,13,23,92,Medium,Ordered,2026-08-31
REO010978,O0325,I0109,0,21,92,Critical,Ordered,2026-08-31
REO010979,O0128,I0050,12,17,91,Medium,Received,2026-08-31
REO010980,O0055,I0019,17,25,45,Medium,Approved,2026-08-31
REO010981,O0414,I0018,17,29,39,Medium,Approved,2026-08-31
REO010982,O0021,I0014,9,20,91,High,Approved,2026-08-31
REO010983,O0055,I0024,29,30,59,Medium,Pending,2026-08-31
REO010984,O0252,I0086,22,23,37,Medium,Approved,2026-08-31
REO010985,O0086,I0034,12,31,68,High,Approved,2026-08-31
REO010986,O0193,I0275,12,18,101,Medium,Approved,2026-08-31
REO010987,O0284,I0099,23,32,96,Medium,Ordered,2026-08-31
REO010988,O0429,I0033,7,29,44,High,Ordered,2026-08-31
REO010989,O0284,I0093,3,19,59,High,Approved,2026-08-31
REO010990,O0065,I0030,6,16,41,High,Pending,2026-08-31
REO010991,O0022,I0011,3,16,77,High,Approved,2026-08-31
REO010992,O0130,I0049,20,33,30,Medium,Ordered,2026-08-31
REO010993,O0379,I0128,8,34,57,High,Received,2026-08-31
REO010994,O0045,I0023,0,29,89,Critical,Ordered,2026-08-31
REO010995,O0061,I0027,8,22,52,High,Ordered,2026-08-31
REO010996,O0413,I0018,22,32,37,Medium,Pending,2026-08-31
REO010997,O0071,I0017,9,34,84,High,Ordered,2026-08-31
REO010998,O0045,I0019,14,29,64,High,Pending,2026-08-31
REO010999,O0252,I0086,22,23,37,Medium,Pending,2026-08-31
REO011000,O0492,I0142,3,10,91,High,Received,2026-08-31
REO011001,O0107,I0040,0,19,90,Critical,Approved,2026-08-31
REO011002,O0154,I0060,27,38,44,Medium,Pending,2026-08-31
REO011003,O0120,I0045,7,19,95,High,Received,2026-08-31
REO011004,O0040,I0190,8,22,41,High,Ordered,2026-08-31
REO011005,O0486,I0025,27,36,62,Medium,Received,2026-08-31
REO011006,O0304,I0095,23,31,35,Medium,Ordered,2026-08-31
REO011007,O0373,I0129,13,23,92,Medium,Approved,2026-08-31
REO011008,O0380,I0129,13,21,101,Medium,Ordered,2026-08-31
REO011009,O0155,I0065,0,19,84,Critical,Approved,2026-08-31
REO011010,O0321,I0112,25,29,35,Medium,Ordered,2026-08-31
REO011011,O0385,I0132,16,28,50,Medium,Ordered,2026-08-31
REO011012,O0194,I0066,13,33,76,High,Ordered,2026-08-31
REO011013,O0493,I0139,1,24,102,High,Pending,2026-08-31
REO011014,O0009,I0161,16,30,47,Medium,Pending,2026-08-31
REO011015,O0199,I0263,2,26,68,High,Ordered,2026-08-31
REO011016,O0012,I0007,6,34,107,High,Approved,2026-08-31
REO011017,O0142,I0064,5,18,95,High,Received,2026-08-31
REO011018,O0189,I0270,17,24,49,Medium,Received,2026-08-31
REO011019,O0187,I0276,9,35,70,High,Pending,2026-08-31
REO011020,O0480,I0100,12,32,79,High,Received,2026-08-31
REO011021,O0185,I0275,16,19,51,Medium,Ordered,2026-08-31
REO011022,O0211,I0073,24,33,57,Medium,Approved,2026-08-31
REO011023,O0244,I0084,14,16,59,Medium,Approved,2026-08-31
REO011024,O0256,I0092,33,37,70,Medium,Ordered,2026-08-31
REO011025,O0429,I0033,7,29,44,High,Approved,2026-08-31
REO011026,O0025,I0016,2,24,77,High,Ordered,2026-08-31
REO011027,O0197,I0263,11,31,114,High,Approved,2026-08-31
REO011028,O0300,I0099,18,24,44,Medium,Approved,2026-08-31
REO011029,O0161,I0058,18,23,62,Medium,Received,2026-08-31
REO011030,O0259,I0090,8,33,73,High,Pending,2026-08-31
REO011031,O0433,I0055,21,24,66,Medium,Approved,2026-08-31
REO011032,O0023,I0013,18,26,72,Medium,Received,2026-08-31
REO011033,O0244,I0084,14,16,59,Medium,Ordered,2026-08-31
REO011034,O0197,I0270,14,16,31,Medium,Received,2026-08-31
REO011035,O0005,I0006,3,23,110,High,Ordered,2026-08-31
REO011036,O0006,I0009,12,28,45,High,Received,2026-08-31
REO011037,O0415,I0022,23,29,52,Medium,Ordered,2026-08-31
REO011038,O0163,I0064,19,24,67,Medium,Ordered,2026-08-31
REO011039,O0109,I0041,9,23,72,High,Approved,2026-08-31
REO011040,O0416,I0019,8,32,79,High,Received,2026-08-31
REO011041,O0425,I0035,11,21,97,Medium,Ordered,2026-08-31
REO011042,O0456,I0049,1,17,49,High,Ordered,2026-08-31
REO011043,O0125,I0050,3,29,57,High,Ordered,2026-08-31
REO011044,O0008,I0159,23,35,100,Medium,Approved,2026-08-31
REO011045,O0169,I0060,10,14,55,Medium,Received,2026-08-31
REO011046,O0085,I0034,15,29,38,Medium,Ordered,2026-08-31
REO011047,O0187,I0276,9,35,70,High,Pending,2026-08-31
REO011048,O0478,I0101,6,28,82,High,Ordered,2026-08-31
REO011049,O0278,I0090,16,26,80,Medium,Approved,2026-08-31
REO011050,O0193,I0265,15,19,73,Medium,Ordered,2026-08-31
REO011051,O0017,I0009,5,28,42,High,Approved,2026-08-31
REO011052,O0376,I0127,20,24,48,Medium,Ordered,2026-08-31
REO011053,O0220,I0073,7,15,43,High,Pending,2026-08-31
REO011054,O0244,I0084,14,16,59,Medium,Ordered,2026-08-31
REO011055,O0078,I0017,8,19,43,High,Ordered,2026-08-31
REO011056,O0434,I0057,13,16,44,Medium,Approved,2026-08-31
REO011057,O0044,I0018,4,28,48,High,Ordered,2026-08-31
REO011058,O0022,I0014,10,28,50,High,Pending,2026-08-31
REO011059,O0467,I0021,24,36,73,Medium,Pending,2026-08-31
REO011060,O0362,I0125,5,34,94,High,Pending,2026-08-31
REO011061,O0284,I0093,3,19,59,High,Ordered,2026-08-31
REO011062,O0462,I0024,13,24,37,Medium,Received,2026-08-31
REO011063,O0099,I0023,17,27,37,Medium,Pending,2026-08-31
REO011064,O0001,I0172,23,28,37,Medium,Ordered,2026-08-31
REO011065,O0438,I0056,1,28,82,High,Ordered,2026-08-31
REO011066,O0263,I0091,4,12,99,High,Received,2026-08-31
REO011067,O0142,I0064,5,18,95,High,Pending,2026-08-31
REO011068,O0447,I0076,8,26,87,High,Pending,2026-08-31
REO011069,O0472,I0103,0,35,102,Critical,Ordered,2026-08-31
REO011070,O0095,I0022,22,26,52,Medium,Approved,2026-08-31
REO011071,O0050,I0025,30,30,36,Medium,Approved,2026-08-31
REO011072,O0065,I0029,28,30,45,Medium,Pending,2026-08-31
REO011073,O0063,I0027,5,20,95,High,Ordered,2026-08-31
REO011074,O0452,I0049,6,26,68,High,Approved,2026-08-31
REO011075,O0447,I0076,8,26,87,High,Ordered,2026-08-31
REO011076,O0035,I0193,27,34,98,Medium,Received,2026-08-31
REO011077,O0017,I0009,5,28,42,High,Ordered,2026-08-31
REO011078,O0488,I0024,13,35,55,High,Pending,2026-08-31
REO011079,O0296,I0098,12,24,59,Medium,Approved,2026-08-31
REO011080,O0494,I0142,10,21,96,High,Pending,2026-08-31
REO011081,O0122,I0049,25,28,24,Medium,Pending,2026-08-31
REO011082,O0450,I0075,15,39,40,High,Approved,2026-08-31
REO011083,O0312,I0108,36,37,35,Medium,Ordered,2026-08-31
REO011084,O0168,I0058,14,21,90,Medium,Received,2026-08-31
REO011085,O0001,I0172,23,28,37,Medium,Pending,2026-08-31
REO011086,O0174,I0062,25,36,68,Medium,Received,2026-08-31
REO011087,O0033,I0007,19,32,63,Medium,Ordered,2026-08-31
REO011088,O0196,I0263,18,26,69,Medium,Ordered,2026-08-31
REO011089,O0412,I0023,6,14,37,High,Pending,2026-08-31
REO011090,O0228,I0081,0,31,124,Critical,Approved,2026-08-31
REO011091,O0451,I0049,4,21,64,High,Ordered,2026-08-31
REO011092,O0062,I0029,7,29,93,High,Approved,2026-08-31
REO011093,O0054,I0018,26,33,37,Medium,Approved,2026-08-31
REO011094,O0461,I0020,12,27,67,High,Approved,2026-08-31
REO011095,O0429,I0033,7,29,44,High,Ordered,2026-08-31
REO011096,O0052,I0018,11,30,61,High,Approved,2026-08-31
REO011097,O0076,I0010,15,16,92,Medium,Received,2026-08-31
REO011098,O0453,I0051,12,33,85,High,Pending,2026-08-31
REO011099,O0039,I0004,7,27,39,High,Approved,2026-08-31
REO011100,O0404,I0141,18,23,61,Medium,Approved,2026-08-31
REO011101,O0181,I0274,2,19,66,High,Received,2026-08-31
REO011102,O0170,I0064,10,36,118,High,Ordered,2026-08-31
REO011103,O0022,I0014,10,28,50,High,Approved,2026-08-31
REO011104,O0169,I0061,22,27,92,Medium,Pending,2026-08-31
REO011105,O0124,I0051,28,29,64,Medium,Ordered,2026-08-31
REO011106,O0346,I0114,16,26,42,Medium,Ordered,2026-08-31
REO011107,O0188,I0272,23,24,90,Medium,Received,2026-08-31
REO011108,O0435,I0053,11,27,80,High,Ordered,2026-08-31
REO011109,O0483,I0021,5,35,115,High,Received,2026-08-31
REO011110,O0390,I0130,34,34,36,Medium,Received,2026-08-31
REO011111,O0413,I0018,22,32,37,Medium,Pending,2026-08-31
REO011112,O0190,I0263,23,24,62,Medium,Ordered,2026-08-31
REO011113,O0333,I0109,11,23,94,High,Received,2026-08-31
REO011114,O0418,I0024,19,28,75,Medium,Pending,2026-08-31
REO011115,O0309,I0097,13,32,62,High,Approved,2026-08-31
REO011116,O0278,I0088,16,23,46,Medium,Ordered,2026-08-31
REO011117,O0450,I0075,15,39,40,High,Ordered,2026-08-31
REO011118,O0200,I0068,15,30,67,Medium,Received,2026-08-31
REO011119,O0208,I0073,8,22,63,High,Ordered,2026-08-31
REO011120,O0104,I0041,6,22,73,High,Pending,2026-08-31
REO011121,O0373,I0128,4,13,42,High,Received,2026-08-31
REO011122,O0408,I0141,22,22,29,Medium,Pending,2026-08-31
REO011123,O0165,I0059,12,20,85,Medium,Pending,2026-08-31
REO011124,O0418,I0020,13,28,72,High,Received,2026-08-31
REO011125,O0492,I0138,12,19,49,Medium,Ordered,2026-08-31
REO011126,O0039,I0164,1,31,70,High,Ordered,2026-08-31
REO011127,O0020,I0170,13,27,35,High,Pending,2026-08-31
REO011128,O0404,I0139,20,28,59,Medium,Received,2026-08-31
REO011129,O0122,I0052,14,23,106,Medium,Received,2026-08-31
REO011130,O0065,I0028,6,29,77,High,Pending,2026-08-31
REO011131,O0066,I0027,13,22,59,Medium,Received,2026-08-31
REO011132,O0128,I0049,4,15,103,High,Ordered,2026-08-31
REO011133,O0037,I0159,1,20,44,High,Ordered,2026-08-31
REO011134,O0190,I0264,0,30,108,Critical,Received,2026-08-31
REO011135,O0355,I0120,18,33,70,Medium,Approved,2026-08-31
REO011136,O0426,I0034,26,37,81,Medium,Approved,2026-08-31
REO011137,O0204,I0076,14,30,56,High,Received,2026-08-31
REO011138,O0040,I0158,19,29,59,Medium,Approved,2026-08-31
REO011139,O0384,I0130,21,31,51,Medium,Received,2026-08-31
REO011140,O0495,I0139,4,19,104,High,Received,2026-08-31
REO011141,O0301,I0098,9,16,54,Medium,Ordered,2026-08-31
REO011142,O0478,I0103,17,20,82,Medium,Approved,2026-08-31
REO011143,O0197,I0272,7,34,91,High,Ordered,2026-08-31
REO011144,O0024,I0010,12,22,62,Medium,Approved,2026-08-31
REO011145,O0177,I0062,14,30,66,High,Ordered,2026-08-31
REO011146,O0011,I0198,18,36,40,Medium,Ordered,2026-08-31
REO011147,O0265,I0091,7,27,92,High,Approved,2026-08-31
REO011148,O0340,I0111,3,35,93,High,Received,2026-08-31
REO011149,O0220,I0073,7,15,43,High,Received,2026-08-31
REO011150,O0199,I0271,15,18,56,Medium,Received,2026-08-31
REO011151,O0220,I0073,7,15,43,High,Ordered,2026-08-31
REO011152,O0017,I0009,5,28,42,High,Received,2026-08-31
REO011153,O0219,I0074,10,23,83,High,Ordered,2026-08-31
REO011154,O0412,I0023,6,14,37,High,Pending,2026-08-31
REO011155,O0196,I0070,8,14,96,Medium,Pending,2026-08-31
REO011156,O0162,I0064,13,15,64,Medium,Ordered,2026-08-31
REO011157,O0009,I0201,9,25,99,High,Approved,2026-08-31
REO011158,O0257,I0092,10,32,48,High,Pending,2026-08-31
REO011159,O0180,I0065,11,36,68,High,Ordered,2026-08-31
REO011160,O0189,I0271,16,18,36,Medium,Received,2026-08-31
REO011161,O0089,I0036,3,17,37,High,Approved,2026-08-31
REO011162,O0284,I0093,3,19,59,High,Ordered,2026-08-31
REO011163,O0168,I0058,14,21,90,Medium,Approved,2026-08-31
REO011164,O0395,I0137,24,32,68,Medium,Approved,2026-08-31
REO011165,O0184,I0263,10,17,86,Medium,Approved,2026-08-31
REO011166,O0407,I0140,3,34,124,High,Pending,2026-08-31
REO011167,O0097,I0018,11,13,56,Medium,Approved,2026-08-31
REO011168,O0232,I0079,4,8,103,Medium,Pending,2026-08-31
REO011169,O0022,I0014,10,28,50,High,Approved,2026-08-31
REO011170,O0199,I0068,17,26,87,Medium,Pending,2026-08-31
REO011171,O0128,I0050,12,17,91,Medium,Ordered,2026-08-31
REO011172,O0149,I0062,9,31,87,High,Approved,2026-08-31
REO011173,O0432,I0054,11,26,55,High,Pending,2026-08-31
REO011174,O0309,I0096,6,28,65,High,Approved,2026-08-31
REO011175,O0333,I0109,11,23,94,High,Approved,2026-08-31
REO011176,O0495,I0139,4,19,104,High,Received,2026-08-31
REO011177,O0261,I0089,21,37,58,Medium,Ordered,2026-08-31
REO011178,O0268,I0090,2,17,72,High,Approved,2026-08-31
REO011179,O0025,I0016,2,24,77,High,Approved,2026-08-31
REO011180,O0038,I0171,22,25,42,Medium,Approved,2026-08-31
REO011181,O0003,I0003,3,29,52,High,Approved,2026-08-31
REO011182,O0314,I0106,18,23,89,Medium,Pending,2026-08-31
REO011183,O0200,I0070,0,22,46,Critical,Pending,2026-08-31
REO011184,O0172,I0058,11,30,110,High,Pending,2026-08-31
REO011185,O0200,I0275,11,30,63,High,Approved,2026-08-31
REO011186,O0040,I0198,20,21,28,Medium,Received,2026-08-31
REO011187,O0418,I0024,19,28,75,Medium,Ordered,2026-08-31
REO011188,O0193,I0276,19,37,53,Medium,Approved,2026-08-31
REO011189,O0296,I0093,9,18,61,Medium,Received,2026-08-31
REO011190,O0307,I0094,13,20,81,Medium,Ordered,2026-08-31
REO011191,O0061,I0029,32,38,31,Medium,Ordered,2026-08-31
REO011192,O0295,I0095,30,33,52,Medium,Ordered,2026-08-31
REO011193,O0263,I0091,4,12,99,High,Approved,2026-08-31
REO011194,O0483,I0022,32,32,28,Medium,Ordered,2026-08-31
REO011195,O0175,I0060,6,12,92,Medium,Ordered,2026-08-31
REO011196,O0157,I0065,1,15,91,High,Ordered,2026-08-31
REO011197,O0053,I0020,13,28,46,High,Received,2026-08-31
REO011198,O0410,I0142,14,14,53,Medium,Pending,2026-08-31
REO011199,O0001,I0172,23,28,37,Medium,Received,2026-08-31
REO011200,O0144,I0060,10,21,42,High,Ordered,2026-08-31
REO011201,O0008,I0159,23,35,100,Medium,Approved,2026-08-31
REO011202,O0103,I0040,6,28,91,High,Ordered,2026-08-31
REO011203,O0006,I0169,3,29,89,High,Approved,2026-08-31
REO011204,O0021,I0017,27,36,46,Medium,Ordered,2026-08-31
REO011205,O0459,I0049,23,24,72,Medium,Ordered,2026-08-31
REO011206,O0110,I0040,9,25,57,High,Ordered,2026-08-31
REO011207,O0154,I0060,27,38,44,Medium,Received,2026-08-31
REO011208,O0221,I0081,7,13,75,Medium,Approved,2026-08-31
REO011209,O0205,I0073,26,27,29,Medium,Approved,2026-08-31
REO011210,O0050,I0025,30,30,36,Medium,Ordered,2026-08-31
REO011211,O0119,I0044,12,20,41,Medium,Ordered,2026-08-31
REO011212,O0186,I0068,9,17,63,Medium,Received,2026-08-31
REO011213,O0372,I0126,6,23,45,High,Approved,2026-08-31
REO011214,O0181,I0275,6,24,94,High,Ordered,2026-08-31
REO011215,O0197,I0272,7,34,91,High,Approved,2026-08-31
REO011216,O0022,I0011,3,16,77,High,Ordered,2026-08-31
REO011217,O0128,I0049,4,15,103,High,Received,2026-08-31
REO011218,O0125,I0050,3,29,57,High,Ordered,2026-08-31
REO011219,O0058,I0025,0,10,90,Critical,Approved,2026-08-31
REO011220,O0188,I0071,21,25,58,Medium,Ordered,2026-08-31
REO011221,O0184,I0067,17,17,62,Medium,Approved,2026-08-31
REO011222,O0184,I0067,17,17,62,Medium,Pending,2026-08-31
REO011223,O0189,I0067,0,30,110,Critical,Ordered,2026-08-31
REO011224,O0039,I0163,0,16,111,Critical,Pending,2026-08-31
REO011225,O0485,I0018,20,25,27,Medium,Approved,2026-08-31
REO011226,O0058,I0024,1,20,51,High,Approved,2026-08-31
REO011227,O0303,I0096,11,33,112,High,Pending,2026-08-31
REO011228,O0061,I0029,32,38,31,Medium,Ordered,2026-08-31
REO011229,O0142,I0063,4,37,66,High,Approved,2026-08-31
REO011230,O0270,I0088,11,22,35,Medium,Pending,2026-08-31
REO011231,O0146,I0060,15,20,79,Medium,Ordered,2026-08-31
REO011232,O0192,I0266,1,22,41,High,Ordered,2026-08-31
REO011233,O0415,I0023,23,26,20,Medium,Ordered,2026-08-31
REO011234,O0440,I0054,4,20,90,High,Approved,2026-08-31
REO011235,O0165,I0060,9,25,50,High,Approved,2026-08-31
REO011236,O0198,I0275,20,37,99,Medium,Ordered,2026-08-31
REO011237,O0097,I0020,8,19,39,High,Approved,2026-08-31
REO011238,O0088,I0034,1,18,47,High,Approved,2026-08-31
REO011239,O0183,I0069,36,37,73,Medium,Approved,2026-08-31
REO011240,O0373,I0129,13,23,92,Medium,Received,2026-08-31
REO011241,O0461,I0020,12,27,67,High,Received,2026-08-31
REO011242,O0494,I0142,10,21,96,High,Pending,2026-08-31
REO011243,O0019,I0167,13,31,74,High,Received,2026-08-31
REO011244,O0095,I0024,31,34,58,Medium,Received,2026-08-31
REO011245,O0384,I0131,1,19,52,High,Ordered,2026-08-31
REO011246,O0199,I0274,16,30,59,Medium,Ordered,2026-08-31
REO011247,O0197,I0066,10,26,80,High,Ordered,2026-08-31
REO011248,O0412,I0025,18,22,42,Medium,Ordered,2026-08-31
REO011249,O0229,I0079,2,29,62,High,Approved,2026-08-31
REO011250,O0255,I0089,3,13,68,High,Pending,2026-08-31
REO011251,O0132,I0054,10,33,97,High,Pending,2026-08-31
REO011252,O0039,I0164,1,31,70,High,Approved,2026-08-31
REO011253,O0052,I0024,15,30,59,Medium,Approved,2026-08-31
REO011254,O0261,I0089,21,37,58,Medium,Approved,2026-08-31
REO011255,O0162,I0064,13,15,64,Medium,Pending,2026-08-31
REO011256,O0181,I0274,2,19,66,High,Ordered,2026-08-31
REO011257,O0019,I0166,18,29,67,Medium,Ordered,2026-08-31
REO011258,O0192,I0275,1,28,92,High,Received,2026-08-31
REO011259,O0030,I0013,7,12,40,Medium,Pending,2026-08-31
REO011260,O0072,I0011,30,31,37,Medium,Ordered,2026-08-31
REO011261,O0177,I0064,14,32,101,High,Pending,2026-08-31
REO011262,O0009,I0167,8,16,45,Medium,Approved,2026-08-31
REO011263,O0197,I0273,22,29,38,Medium,Ordered,2026-08-31
REO011264,O0162,I0064,13,15,64,Medium,Approved,2026-08-31
REO011265,O0004,I0172,6,28,61,High,Pending,2026-08-31
REO011266,O0089,I0036,3,17,37,High,Ordered,2026-08-31
REO011267,O0115,I0044,23,36,36,Medium,Pending,2026-08-31
REO011268,O0096,I0024,5,31,66,High,Received,2026-08-31
REO011269,O0320,I0106,16,23,27,Medium,Approved,2026-08-31
REO011270,O0407,I0142,3,31,73,High,Pending,2026-08-31
REO011271,O0172,I0058,11,30,110,High,Ordered,2026-08-31
REO011272,O0005,I0160,7,14,92,Medium,Approved,2026-08-31
REO011273,O0477,I0101,18,31,75,Medium,Approved,2026-08-31
REO011274,O0410,I0142,14,14,53,Medium,Received,2026-08-31
REO011275,O0252,I0086,22,23,37,Medium,Ordered,2026-08-31
REO011276,O0204,I0076,14,30,56,High,Ordered,2026-08-31
REO011277,O0011,I0198,18,36,40,Medium,Ordered,2026-08-31
REO011278,O0180,I0065,11,36,68,High,Approved,2026-08-31
REO011279,O0321,I0112,25,29,35,Medium,Ordered,2026-08-31
REO011280,O0232,I0079,4,8,103,Medium,Ordered,2026-08-31
REO011281,O0431,I0053,6,32,115,High,Approved,2026-08-31
REO011282,O0196,I0263,18,26,69,Medium,Ordered,2026-08-31
REO011283,O0284,I0093,3,19,59,High,Approved,2026-08-31
REO011284,O0483,I0022,32,32,28,Medium,Ordered,2026-08-31
REO011285,O0401,I0142,15,17,38,Medium,Pending,2026-08-31
REO011286,O0314,I0107,13,21,65,Medium,Ordered,2026-08-31
REO011287,O0089,I0033,9,23,51,High,Pending,2026-08-31
REO011288,O0194,I0068,4,20,104,High,Ordered,2026-08-31
REO011289,O0005,I0002,10,21,36,High,Approved,2026-08-31
REO011290,O0309,I0095,14,30,107,High,Received,2026-08-31
REO011291,O0334,I0113,1,24,60,High,Pending,2026-08-31
REO011292,O0061,I0026,11,25,70,High,Approved,2026-08-31
REO011293,O0270,I0088,11,22,35,Medium,Approved,2026-08-31
REO011294,O0174,I0063,7,31,66,High,Approved,2026-08-31
REO011295,O0231,I0080,1,26,48,High,Ordered,2026-08-31
REO011296,O0061,I0027,8,22,52,High,Ordered,2026-08-31
REO011297,O0456,I0049,1,17,49,High,Ordered,2026-08-31
REO011298,O0488,I0024,13,35,55,High,Ordered,2026-08-31
REO011299,O0009,I0161,16,30,47,Medium,Received,2026-08-31
REO011300,O0061,I0029,32,38,31,Medium,Approved,2026-08-31
REO011301,O0039,I0004,7,27,39,High,Pending,2026-08-31
REO011302,O0199,I0066,17,28,41,Medium,Received,2026-08-31
REO011303,O0238,I0080,21,22,38,Medium,Ordered,2026-08-31
REO011304,O0066,I0027,13,22,59,Medium,Approved,2026-08-31
REO011305,O0175,I0060,6,12,92,Medium,Ordered,2026-08-31
REO011306,O0404,I0141,18,23,61,Medium,Pending,2026-08-31
REO011307,O0224,I0081,10,11,33,Medium,Approved,2026-08-31
REO011308,O0048,I0018,24,24,91,Medium,Ordered,2026-08-31
REO011309,O0054,I0022,5,27,46,High,Pending,2026-08-31
REO011310,O0252,I0086,22,23,37,Medium,Pending,2026-08-31
REO011311,O0187,I0277,20,24,31,Medium,Approved,2026-08-31
REO011312,O0200,I0275,11,30,63,High,Ordered,2026-08-31
REO011313,O0005,I0188,24,24,54,Medium,Ordered,2026-08-31
REO011314,O0346,I0114,16,26,42,Medium,Received,2026-08-31
REO011315,O0296,I0095,13,22,47,Medium,Approved,2026-08-31
REO011316,O0048,I0024,2,29,107,High,Approved,2026-08-31
REO011317,O0039,I0164,1,31,70,High,Pending,2026-08-31
REO011318,O0011,I0192,3,15,71,High,Pending,2026-08-31
REO011319,O0495,I0139,4,19,104,High,Pending,2026-08-31
REO011320,O0091,I0021,13,19,51,Medium,Approved,2026-08-31
REO011321,O0158,I0064,19,24,39,Medium,Approved,2026-08-31
REO011322,O0224,I0079,13,31,106,High,Approved,2026-08-31
REO011323,O0210,I0072,0,29,60,Critical,Approved,2026-08-31
REO011324,O0165,I0061,13,27,50,High,Approved,2026-08-31
REO011325,O0059,I0022,23,28,92,Medium,Pending,2026-08-31
REO011326,O0190,I0264,0,30,108,Critical,Approved,2026-08-31
REO011327,O0461,I0019,13,30,94,High,Ordered,2026-08-31
REO011328,O0142,I0064,5,18,95,High,Received,2026-08-31
REO011329,O0314,I0108,23,27,92,Medium,Approved,2026-08-31
REO011330,O0467,I0021,24,36,73,Medium,Pending,2026-08-31
REO011331,O0020,I0195,13,14,33,Medium,Received,2026-08-31
REO011332,O0007,I0004,20,36,39,Medium,Approved,2026-08-31
REO011333,O0009,I0201,9,25,99,High,Approved,2026-08-31
REO011334,O0417,I0018,8,15,58,Medium,Received,2026-08-31
REO011335,O0015,I0196,6,15,66,High,Ordered,2026-08-31
REO011336,O0414,I0025,13,34,85,High,Pending,2026-08-31
REO011337,O0078,I0017,8,19,43,High,Approved,2026-08-31
REO011338,O0194,I0066,13,33,76,High,Ordered,2026-08-31
REO011339,O0134,I0057,13,34,109,High,Pending,2026-08-31
REO011340,O0007,I0170,5,16,50,High,Received,2026-08-31
REO011341,O0314,I0107,13,21,65,Medium,Approved,2026-08-31
REO011342,O0155,I0061,18,27,37,Medium,Pending,2026-08-31
REO011343,O0340,I0111,3,35,93,High,Received,2026-08-31
REO011344,O0181,I0274,2,19,66,High,Approved,2026-08-31
REO011345,O0401,I0142,15,17,38,Medium,Pending,2026-08-31
REO011346,O0442,I0074,34,34,22,Medium,Pending,2026-08-31
REO011347,O0192,I0271,19,35,79,Medium,Pending,2026-08-31
REO011348,O0150,I0062,24,30,85,Medium,Pending,2026-08-31
REO011349,O0265,I0091,7,27,92,High,Pending,2026-08-31
REO011350,O0006,I0009,12,28,45,High,Approved,2026-08-31
REO011351,O0452,I0049,6,26,68,High,Ordered,2026-08-31
REO011352,O0061,I0026,11,25,70,High,Approved,2026-08-31
REO011353,O0044,I0020,26,34,46,Medium,Approved,2026-08-31
REO011354,O0143,I0059,4,21,43,High,Approved,2026-08-31
REO011355,O0040,I0002,4,37,74,High,Pending,2026-08-31
REO011356,O0005,I0194,16,21,51,Medium,Approved,2026-08-31
REO011357,O0379,I0128,8,34,57,High,Received,2026-08-31
REO011358,O0196,I0273,12,31,105,High,Received,2026-08-31
REO011359,O0210,I0072,0,29,60,Critical,Approved,2026-08-31
REO011360,O0393,I0134,15,17,79,Medium,Received,2026-08-31
REO011361,O0452,I0049,6,26,68,High,Ordered,2026-08-31
REO011362,O0052,I0018,11,30,61,High,Received,2026-08-31
REO011363,O0443,I0072,1,19,88,High,Received,2026-08-31
REO011364,O0401,I0142,15,17,38,Medium,Pending,2026-08-31
REO011365,O0330,I0111,12,29,100,High,Pending,2026-08-31
REO011366,O0171,I0058,9,25,80,High,Pending,2026-08-31
REO011367,O0181,I0274,2,19,66,High,Approved,2026-08-31
REO011368,O0218,I0074,14,31,110,High,Ordered,2026-08-31
REO011369,O0022,I0014,10,28,50,High,Ordered,2026-08-31
REO011370,O0290,I0099,14,18,38,Medium,Received,2026-08-31
REO011371,O0465,I0018,9,22,72,High,Approved,2026-08-31
REO011372,O0033,I0164,10,26,66,High,Pending,2026-08-31
REO011373,O0120,I0047,17,29,42,Medium,Approved,2026-08-31
REO011374,O0346,I0114,16,26,42,Medium,Pending,2026-08-31
REO011375,O0296,I0093,9,18,61,Medium,Received,2026-08-31
REO011376,O0016,I0165,23,32,79,Medium,Received,2026-08-31
REO011377,O0469,I0018,16,29,70,Medium,Ordered,2026-08-31
REO011378,O0134,I0055,22,34,85,Medium,Ordered,2026-08-31
REO011379,O0404,I0141,18,23,61,Medium,Ordered,2026-08-31
REO011380,O0033,I0193,10,18,77,Medium,Ordered,2026-08-31
REO011381,O0200,I0070,0,22,46,Critical,Pending,2026-08-31
REO011382,O0031,I0200,12,16,80,Medium,Received,2026-08-31
REO011383,O0177,I0059,7,28,80,High,Approved,2026-08-31
REO011384,O0016,I0191,1,25,51,High,Pending,2026-08-31
REO011385,O0444,I0075,24,25,36,Medium,Ordered,2026-08-31
REO011386,O0012,I0161,10,31,66,High,Pending,2026-08-31
REO011387,O0499,I0139,6,18,78,High,Pending,2026-08-31
REO011388,O0093,I0025,0,26,98,Critical,Received,2026-08-31
REO011389,O0216,I0075,13,13,35,Medium,Ordered,2026-08-31
REO011390,O0084,I0032,3,28,90,High,Received,2026-08-31
REO011391,O0142,I0058,2,16,49,High,Received,2026-08-31
REO011392,O0072,I0011,30,31,37,Medium,Pending,2026-08-31
REO011393,O0037,I0006,16,22,54,Medium,Received,2026-08-31
REO011394,O0005,I0194,16,21,51,Medium,Approved,2026-08-31
REO011395,O0196,I0273,12,31,105,High,Pending,2026-08-31
REO011396,O0054,I0022,5,27,46,High,Ordered,2026-08-31
REO011397,O0316,I0107,16,26,85,Medium,Ordered,2026-08-31
REO011398,O0009,I0002,13,14,28,Medium,Received,2026-08-31
REO011399,O0492,I0140,18,33,46,Medium,Ordered,2026-08-31
REO011400,O0302,I0099,15,24,32,Medium,Received,2026-08-31
REO011401,O0086,I0034,12,31,68,High,Ordered,2026-08-31
REO011402,O0451,I0050,10,15,40,Medium,Received,2026-08-31
REO011403,O0194,I0269,0,21,106,Critical,Pending,2026-08-31
REO011404,O0005,I0006,3,23,110,High,Ordered,2026-08-31
REO011405,O0426,I0033,20,30,34,Medium,Pending,2026-08-31
REO011406,O0008,I0006,20,21,58,Medium,Ordered,2026-08-31
REO011407,O0155,I0065,0,19,84,Critical,Ordered,2026-08-31
REO011408,O0263,I0091,4,12,99,High,Ordered,2026-08-31
REO011409,O0416,I0018,6,23,68,High,Ordered,2026-08-31
REO011410,O0163,I0064,19,24,67,Medium,Approved,2026-08-31
REO011411,O0292,I0098,9,31,60,High,Ordered,2026-08-31
REO011412,O0115,I0044,23,36,36,Medium,Received,2026-08-31
REO011413,O0235,I0078,34,35,43,Medium,Pending,2026-08-31
REO011414,O0224,I0081,10,11,33,Medium,Ordered,2026-08-31
REO011415,O0327,I0109,23,30,54,Medium,Approved,2026-08-31
REO011416,O0227,I0080,24,28,33,Medium,Received,2026-08-31
REO011417,O0169,I0061,22,27,92,Medium,Ordered,2026-08-31
REO011418,O0419,I0023,13,31,113,High,Pending,2026-08-31
REO011419,O0480,I0100,12,32,79,High,Ordered,2026-08-31
REO011420,O0014,I0172,15,32,51,High,Approved,2026-08-31
REO011421,O0340,I0111,3,35,93,High,Received,2026-08-31
REO011422,O0450,I0075,15,39,40,High,Ordered,2026-08-31
REO011423,O0262,I0086,18,33,96,Medium,Approved,2026-08-31
REO011424,O0110,I0040,9,25,57,High,Pending,2026-08-31
REO011425,O0022,I0011,3,16,77,High,Pending,2026-08-31
REO011426,O0465,I0020,9,28,41,High,Ordered,2026-08-31
REO011427,O0211,I0073,24,33,57,Medium,Ordered,2026-08-31
REO011428,O0257,I0089,18,35,76,Medium,Pending,2026-08-31
REO011429,O0166,I0060,13,24,62,Medium,Ordered,2026-08-31
REO011430,O0397,I0134,11,38,113,High,Pending,2026-08-31
REO011431,O0146,I0060,15,20,79,Medium,Ordered,2026-08-31
REO011432,O0494,I0140,3,38,97,High,Approved,2026-08-31
REO011433,O0414,I0025,13,34,85,High,Approved,2026-08-31
REO011434,O0022,I0011,3,16,77,High,Pending,2026-08-31
REO011435,O0299,I0094,14,17,32,Medium,Pending,2026-08-31
REO011436,O0053,I0025,25,29,32,Medium,Ordered,2026-08-31
REO011437,O0165,I0065,13,16,27,Medium,Ordered,2026-08-31
REO011438,O0262,I0086,18,33,96,Medium,Approved,2026-08-31
REO011439,O0002,I0165,7,13,102,Medium,Received,2026-08-31
REO011440,O0054,I0022,5,27,46,High,Ordered,2026-08-31
REO011441,O0199,I0274,16,30,59,Medium,Approved,2026-08-31
REO011442,O0327,I0110,3,26,78,High,Ordered,2026-08-31
REO011443,O0003,I0165,16,31,47,Medium,Ordered,2026-08-31
REO011444,O0313,I0105,13,17,33,Medium,Pending,2026-08-31
REO011445,O0073,I0010,11,24,34,High,Received,2026-08-31
REO011446,O0417,I0025,4,28,49,High,Ordered,2026-08-31
REO011447,O0044,I0019,6,29,52,High,Pending,2026-08-31
REO011448,O0024,I0013,9,14,39,Medium,Pending,2026-08-31
REO011449,O0415,I0024,20,21,56,Medium,Ordered,2026-08-31
REO011450,O0228,I0077,13,20,74,Medium,Received,2026-08-31
REO011451,O0338,I0109,5,21,87,High,Received,2026-08-31
REO011452,O0427,I0034,18,21,43,Medium,Ordered,2026-08-31
REO011453,O0354,I0118,24,26,43,Medium,Approved,2026-08-31
REO011454,O0433,I0055,21,24,66,Medium,Ordered,2026-08-31
REO011455,O0060,I0023,6,14,89,High,Ordered,2026-08-31
REO011456,O0478,I0103,17,20,82,Medium,Pending,2026-08-31
REO011457,O0390,I0133,7,29,87,High,Approved,2026-08-31
REO011458,O0016,I0161,11,16,31,Medium,Ordered,2026-08-31
REO011459,O0031,I0166,28,28,47,Medium,Ordered,2026-08-31
REO011460,O0197,I0066,10,26,80,High,Pending,2026-08-31
REO011461,O0150,I0064,7,25,106,High,Received,2026-08-31
REO011462,O0272,I0092,9,12,75,Medium,Approved,2026-08-31
REO011463,O0095,I0020,20,24,28,Medium,Pending,2026-08-31
REO011464,O0017,I0009,5,28,42,High,Approved,2026-08-31
REO011465,O0330,I0111,12,29,100,High,Approved,2026-08-31
REO011466,O0163,I0063,2,23,99,High,Pending,2026-08-31
REO011467,O0186,I0263,14,31,63,High,Approved,2026-08-31
REO011468,O0219,I0074,10,23,83,High,Pending,2026-08-31
REO011469,O0479,I0100,10,34,106,High,Received,2026-08-31
REO011470,O0309,I0097,13,32,62,High,Approved,2026-08-31
REO011471,O0302,I0095,10,39,104,High,Ordered,2026-08-31
REO011472,O0438,I0056,1,28,82,High,Ordered,2026-08-31
REO011473,O0127,I0050,20,39,48,Medium,Ordered,2026-08-31
REO011474,O0021,I0017,27,36,46,Medium,Pending,2026-08-31
REO011475,O0435,I0053,11,27,80,High,Approved,2026-08-31
REO011476,O0431,I0053,6,32,115,High,Ordered,2026-08-31
REO011477,O0005,I0188,24,24,54,Medium,Ordered,2026-08-31
REO011478,O0256,I0092,33,37,70,Medium,Ordered,2026-08-31
REO011479,O0402,I0142,3,18,74,High,Pending,2026-08-31
REO011480,O0166,I0058,13,35,84,High,Ordered,2026-08-31
REO011481,O0181,I0069,14,24,46,Medium,Received,2026-08-31
REO011482,O0444,I0075,24,25,36,Medium,Pending,2026-08-31
REO011483,O0022,I0014,10,28,50,High,Pending,2026-08-31
REO011484,O0419,I0024,10,27,46,High,Pending,2026-08-31
REO011485,O0033,I0164,10,26,66,High,Pending,2026-08-31
REO011486,O0478,I0103,17,20,82,Medium,Ordered,2026-08-31
REO011487,O0161,I0060,26,35,33,Medium,Pending,2026-08-31
REO011488,O0429,I0036,12,29,61,High,Ordered,2026-08-31
REO011489,O0387,I0130,17,17,94,Medium,Pending,2026-08-31
REO011490,O0200,I0275,11,30,63,High,Ordered,2026-08-31
REO011491,O0034,I0006,19,26,74,Medium,Ordered,2026-08-31
REO011492,O0019,I0167,13,31,74,High,Pending,2026-08-31
REO011493,O0002,I0002,18,18,41,Medium,Received,2026-08-31
REO011494,O0254,I0092,4,20,103,High,Ordered,2026-08-31
REO011495,O0015,I0167,10,17,32,Medium,Pending,2026-08-31
REO011496,O0153,I0065,6,25,85,High,Pending,2026-08-31
REO011497,O0316,I0107,16,26,85,Medium,Approved,2026-08-31
REO011498,O0384,I0132,3,19,75,High,Ordered,2026-08-31
REO011499,O0308,I0098,6,12,55,Medium,Ordered,2026-08-31
REO011500,O0210,I0076,10,16,50,Medium,Received,2026-08-31
REO011501,O0018,I0188,13,24,43,Medium,Pending,2026-08-31
REO011502,O0074,I0015,1,31,81,High,Ordered,2026-08-31
REO011503,O0096,I0024,5,31,66,High,Pending,2026-08-31
REO011504,O0411,I0021,0,22,69,Critical,Pending,2026-08-31
REO011505,O0317,I0108,9,20,108,High,Approved,2026-08-31
REO011506,O0143,I0061,12,16,31,Medium,Pending,2026-08-31
REO011507,O0247,I0085,1,26,114,High,Received,2026-08-31
REO011508,O0255,I0089,3,13,68,High,Ordered,2026-08-31
REO011509,O0177,I0064,14,32,101,High,Received,2026-08-31
REO011510,O0009,I0006,19,27,90,Medium,Pending,2026-08-31
REO011511,O0194,I0269,0,21,106,Critical,Received,2026-08-31
REO011512,O0171,I0064,6,29,105,High,Received,2026-08-31
REO011513,O0186,I0263,14,31,63,High,Ordered,2026-08-31
REO011514,O0235,I0078,34,35,43,Medium,Pending,2026-08-31
REO011515,O0272,I0092,9,12,75,Medium,Approved,2026-08-31
REO011516,O0179,I0063,19,34,102,Medium,Ordered,2026-08-31
REO011517,O0005,I0002,10,21,36,High,Ordered,2026-08-31
REO011518,O0309,I0095,14,30,107,High,Approved,2026-08-31
REO011519,O0499,I0139,6,18,78,High,Approved,2026-08-31
REO011520,O0463,I0023,9,22,91,High,Pending,2026-08-31
REO011521,O0296,I0095,13,22,47,Medium,Approved,2026-08-31
REO011522,O0016,I0172,4,20,78,High,Pending,2026-08-31
REO011523,O0044,I0020,26,34,46,Medium,Pending,2026-08-31
REO011524,O0076,I0010,15,16,92,Medium,Ordered,2026-08-31
REO011525,O0107,I0040,0,19,90,Critical,Ordered,2026-08-31
REO011526,O0329,I0112,30,32,36,Medium,Ordered,2026-08-31
REO011527,O0248,I0082,3,16,70,High,Approved,2026-08-31
REO011528,O0411,I0021,0,22,69,Critical,Pending,2026-08-31
REO011529,O0083,I0032,7,15,56,High,Pending,2026-08-31
REO011530,O0194,I0068,4,20,104,High,Ordered,2026-08-31
REO011531,O0409,I0139,32,32,55,Medium,Ordered,2026-08-31
REO011532,O0436,I0053,0,14,92,Critical,Received,2026-08-31
REO011533,O0488,I0024,13,35,55,High,Received,2026-08-31
REO011534,O0186,I0267,34,37,55,Medium,Pending,2026-08-31
REO011535,O0049,I0025,11,21,42,Medium,Ordered,2026-08-31
REO011536,O0006,I0162,3,22,40,High,Pending,2026-08-31
REO011537,O0074,I0011,10,32,59,High,Ordered,2026-08-31
REO011538,O0472,I0103,0,35,102,Critical,Ordered,2026-08-31
REO011539,O0419,I0024,10,27,46,High,Pending,2026-08-31
REO011540,O0074,I0015,1,31,81,High,Pending,2026-08-31
REO011541,O0262,I0086,18,33,96,Medium,Pending,2026-08-31
REO011542,O0161,I0062,8,33,60,High,Ordered,2026-08-31
REO011543,O0284,I0099,23,32,96,Medium,Approved,2026-08-31
REO011544,O0047,I0022,13,37,94,High,Pending,2026-08-31
REO011545,O0021,I0017,27,36,46,Medium,Ordered,2026-08-31
REO011546,O0321,I0112,25,29,35,Medium,Pending,2026-08-31
REO011547,O0003,I0009,1,32,57,High,Ordered,2026-08-31
REO011548,O0436,I0053,0,14,92,Critical,Ordered,2026-08-31
REO011549,O0084,I0033,22,33,92,Medium,Ordered,2026-08-31
REO011550,O0185,I0268,7,33,53,High,Approved,2026-08-31
REO011551,O0005,I0006,3,23,110,High,Ordered,2026-08-31
REO011552,O0181,I0275,6,24,94,High,Pending,2026-08-31
REO011553,O0083,I0032,7,15,56,High,Received,2026-08-31
REO011554,O0477,I0101,18,31,75,Medium,Ordered,2026-08-31
REO011555,O0002,I0002,18,18,41,Medium,Approved,2026-08-31
REO011556,O0017,I0197,24,28,75,Medium,Received,2026-08-31
REO011557,O0218,I0074,14,31,110,High,Approved,2026-08-31
REO011558,O0186,I0271,17,18,75,Medium,Approved,2026-08-31
REO011559,O0054,I0022,5,27,46,High,Pending,2026-08-31
REO011560,O0408,I0141,22,22,29,Medium,Ordered,2026-08-31
REO011561,O0300,I0099,18,24,44,Medium,Approved,2026-08-31
REO011562,O0399,I0136,22,26,56,Medium,Ordered,2026-08-31
REO011563,O0086,I0034,12,31,68,High,Pending,2026-08-31
REO011564,O0424,I0035,22,30,81,Medium,Approved,2026-08-31
REO011565,O0121,I0050,21,25,90,Medium,Pending,2026-08-31
REO011566,O0426,I0033,20,30,34,Medium,Pending,2026-08-31
REO011567,O0253,I0086,0,25,117,Critical,Ordered,2026-08-31
REO011568,O0003,I0193,4,16,71,High,Pending,2026-08-31
REO011569,O0120,I0047,17,29,42,Medium,Ordered,2026-08-31
REO011570,O0088,I0034,1,18,47,High,Received,2026-08-31
REO011571,O0029,I0010,15,21,72,Medium,Received,2026-08-31
REO011572,O0225,I0077,1,11,96,High,Approved,2026-08-31
REO011573,O0494,I0140,3,38,97,High,Pending,2026-08-31
REO011574,O0342,I0117,19,28,60,Medium,Received,2026-08-31
REO011575,O0401,I0142,15,17,38,Medium,Approved,2026-08-31
REO011576,O0011,I0198,18,36,40,Medium,Received,2026-08-31
REO011577,O0493,I0139,1,24,102,High,Ordered,2026-08-31
REO011578,O0003,I0009,1,32,57,High,Approved,2026-08-31
REO011579,O0376,I0128,10,17,89,Medium,Ordered,2026-08-31
REO011580,O0150,I0064,7,25,106,High,Pending,2026-08-31
REO011581,O0353,I0119,28,36,98,Medium,Ordered,2026-08-31
REO011582,O0257,I0089,18,35,76,Medium,Ordered,2026-08-31
REO011583,O0232,I0079,4,8,103,Medium,Ordered,2026-08-31
REO011584,O0044,I0020,26,34,46,Medium,Pending,2026-08-31
REO011585,O0220,I0073,7,15,43,High,Ordered,2026-08-31
REO011586,O0456,I0052,11,21,87,Medium,Approved,2026-08-31
REO011587,O0039,I0004,7,27,39,High,Ordered,2026-08-31
REO011588,O0016,I0161,11,16,31,Medium,Ordered,2026-08-31
REO011589,O0191,I0268,26,31,99,Medium,Received,2026-08-31
REO011590,O0282,I0094,6,15,80,High,Pending,2026-08-31
REO011591,O0263,I0090,10,35,93,High,Ordered,2026-08-31
REO011592,O0044,I0021,25,28,61,Medium,Received,2026-08-31
REO011593,O0492,I0142,3,10,91,High,Approved,2026-08-31
REO011594,O0349,I0116,17,30,56,Medium,Received,2026-08-31
REO011595,O0276,I0092,30,34,75,Medium,Ordered,2026-08-31
REO011596,O0200,I0070,0,22,46,Critical,Received,2026-08-31
REO011597,O0001,I0193,1,9,100,High,Approved,2026-08-31
REO011598,O0291,I0097,15,21,60,Medium,Approved,2026-08-31
REO011599,O0467,I0021,24,36,73,Medium,Approved,2026-08-31
REO011600,O0386,I0131,12,26,66,High,Received,2026-08-31
REO011601,O0031,I0200,12,16,80,Medium,Ordered,2026-08-31
REO011602,O0358,I0121,7,20,43,High,Ordered,2026-08-31
REO011603,O0105,I0038,20,30,45,Medium,Ordered,2026-08-31
REO011604,O0415,I0023,23,26,20,Medium,Received,2026-08-31
REO011605,O0181,I0274,2,19,66,High,Received,2026-08-31
REO011606,O0021,I0017,27,36,46,Medium,Approved,2026-08-31
REO011607,O0091,I0021,13,19,51,Medium,Pending,2026-08-31
REO011608,O0416,I0018,6,23,68,High,Ordered,2026-08-31
REO011609,O0016,I0197,1,32,90,High,Ordered,2026-08-31
REO011610,O0258,I0089,3,37,74,High,Ordered,2026-08-31
REO011611,O0245,I0083,5,23,97,High,Ordered,2026-08-31
REO011612,O0035,I0197,10,35,84,High,Approved,2026-08-31
REO011613,O0179,I0060,5,16,83,High,Approved,2026-08-31
REO011614,O0292,I0098,9,31,60,High,Received,2026-08-31
REO011615,O0058,I0024,1,20,51,High,Pending,2026-08-31
REO011616,O0447,I0072,8,21,55,High,Received,2026-08-31
REO011617,O0193,I0275,12,18,101,Medium,Pending,2026-08-31
REO011618,O0297,I0097,5,23,76,High,Ordered,2026-08-31
REO011619,O0171,I0062,5,11,75,High,Pending,2026-08-31
REO011620,O0464,I0018,12,20,70,Medium,Received,2026-08-31
REO011621,O0245,I0083,5,23,97,High,Received,2026-08-31
REO011622,O0426,I0034,26,37,81,Medium,Ordered,2026-08-31
REO011623,O0224,I0081,10,11,33,Medium,Pending,2026-08-31
REO011624,O0425,I0037,16,33,104,High,Approved,2026-08-31
REO011625,O0162,I0059,15,30,85,Medium,Ordered,2026-08-31
REO011626,O0253,I0088,11,31,100,High,Ordered,2026-08-31
REO011627,O0263,I0087,7,35,87,High,Ordered,2026-08-31
REO011628,O0013,I0167,13,31,80,High,Approved,2026-08-31
REO011629,O0131,I0053,8,17,66,High,Pending,2026-08-31
REO011630,O0024,I0013,9,14,39,Medium,Approved,2026-08-31
REO011631,O0385,I0132,16,28,50,Medium,Ordered,2026-08-31
REO011632,O0163,I0064,19,24,67,Medium,Pending,2026-08-31
REO011633,O0189,I0067,0,30,110,Critical,Approved,2026-08-31
REO011634,O0192,I0269,29,35,89,Medium,Received,2026-08-31
REO011635,O0483,I0021,5,35,115,High,Ordered,2026-08-31
REO011636,O0416,I0020,8,23,110,High,Pending,2026-08-31
REO011637,O0016,I0191,1,25,51,High,Pending,2026-08-31
REO011638,O0040,I0158,19,29,59,Medium,Approved,2026-08-31
REO011639,O0084,I0032,3,28,90,High,Ordered,2026-08-31
REO011640,O0407,I0142,3,31,73,High,Approved,2026-08-31
REO011641,O0110,I0040,9,25,57,High,Ordered,2026-08-31
REO011642,O0454,I0050,16,37,84,High,Received,2026-08-31
REO011643,O0038,I0161,3,30,89,High,Pending,2026-08-31
REO011644,O0197,I0273,22,29,38,Medium,Approved,2026-08-31
REO011645,O0193,I0268,21,22,41,Medium,Received,2026-08-31
REO011646,O0257,I0089,18,35,76,Medium,Pending,2026-08-31
REO011647,O0248,I0082,3,16,70,High,Ordered,2026-08-31
REO011648,O0059,I0022,23,28,92,Medium,Ordered,2026-08-31
REO011649,O0197,I0263,11,31,114,High,Approved,2026-08-31
REO011650,O0040,I0190,8,22,41,High,Approved,2026-08-31
REO011651,O0418,I0024,19,28,75,Medium,Received,2026-08-31
REO011652,O0417,I0019,19,19,28,Medium,Pending,2026-08-31
REO011653,O0427,I0034,18,21,43,Medium,Ordered,2026-08-31
REO011654,O0194,I0269,0,21,106,Critical,Pending,2026-08-31
REO011655,O0195,I0265,4,31,50,High,Ordered,2026-08-31
REO011656,O0197,I0067,22,28,89,Medium,Ordered,2026-08-31
REO011657,O0278,I0090,16,26,80,Medium,Received,2026-08-31
REO011658,O0486,I0021,3,29,76,High,Ordered,2026-08-31
REO011659,O0388,I0130,27,29,59,Medium,Approved,2026-08-31
REO011660,O0150,I0062,24,30,85,Medium,Ordered,2026-08-31
REO011661,O0224,I0079,13,31,106,High,Pending,2026-08-31
REO011662,O0257,I0092,10,32,48,High,Ordered,2026-08-31
REO011663,O0277,I0089,9,33,101,High,Approved,2026-08-31
REO011664,O0014,I0160,23,31,45,Medium,Ordered,2026-08-31
REO011665,O0492,I0142,3,10,91,High,Approved,2026-08-31
REO011666,O0309,I0095,14,30,107,High,Approved,2026-08-31
REO011667,O0279,I0086,19,19,70,Medium,Ordered,2026-08-31
REO011668,O0223,I0078,4,34,104,High,Ordered,2026-08-31
REO011669,O0367,I0122,6,34,91,High,Approved,2026-08-31
REO011670,O0017,I0197,24,28,75,Medium,Pending,2026-08-31
REO011671,O0083,I0032,7,15,56,High,Pending,2026-08-31
REO011672,O0105,I0038,20,30,45,Medium,Approved,2026-08-31
REO011673,O0188,I0277,25,34,56,Medium,Approved,2026-08-31
REO011674,O0291,I0094,1,14,99,High,Ordered,2026-08-31
REO011675,O0118,I0047,12,16,38,Medium,Ordered,2026-08-31
REO011676,O0010,I0158,1,26,96,High,Pending,2026-08-31
REO011677,O0150,I0061,21,30,93,Medium,Pending,2026-08-31
REO011678,O0131,I0053,8,17,66,High,Ordered,2026-08-31
REO011679,O0319,I0107,11,30,114,High,Pending,2026-08-31
REO011680,O0221,I0081,7,13,75,Medium,Ordered,2026-08-31
REO011681,O0223,I0078,4,34,104,High,Approved,2026-08-31
REO011682,O0079,I0013,14,15,47,Medium,Pending,2026-08-31
REO011683,O0075,I0013,2,23,49,High,Pending,2026-08-31
REO011684,O0003,I0193,4,16,71,High,Ordered,2026-08-31
REO011685,O0290,I0097,29,29,22,Medium,Approved,2026-08-31
REO011686,O0040,I0190,8,22,41,High,Approved,2026-08-31
REO011687,O0095,I0024,31,34,58,Medium,Received,2026-08-31
REO011688,O0150,I0064,7,25,106,High,Ordered,2026-08-31
REO011689,O0053,I0020,13,28,46,High,Pending,2026-08-31
REO011690,O0157,I0060,21,29,38,Medium,Approved,2026-08-31
REO011691,O0295,I0095,30,33,52,Medium,Pending,2026-08-31
REO011692,O0472,I0102,26,27,51,Medium,Ordered,2026-08-31
REO011693,O0104,I0042,2,27,62,High,Ordered,2026-08-31
REO011694,O0326,I0112,29,33,23,Medium,Approved,2026-08-31
REO011695,O0012,I0161,10,31,66,High,Ordered,2026-08-31
REO011696,O0134,I0055,22,34,85,Medium,Received,2026-08-31
REO011697,O0110,I0040,9,25,57,High,Pending,2026-08-31
REO011698,O0006,I0162,3,22,40,High,Approved,2026-08-31
REO011699,O0467,I0023,3,18,92,High,Pending,2026-08-31
REO011700,O0114,I0046,30,30,75,Medium,Received,2026-08-31
REO011701,O0500,I0140,6,12,66,Medium,Approved,2026-08-31
REO011702,O0309,I0095,14,30,107,High,Pending,2026-08-31
REO011703,O0463,I0024,7,31,77,High,Received,2026-08-31
REO011704,O0037,I0198,1,17,77,High,Pending,2026-08-31
REO011705,O0417,I0025,4,28,49,High,Pending,2026-08-31
REO011706,O0418,I0020,13,28,72,High,Ordered,2026-08-31
REO011707,O0088,I0035,20,23,88,Medium,Ordered,2026-08-31
REO011708,O0189,I0271,16,18,36,Medium,Pending,2026-08-31
REO011709,O0456,I0052,11,21,87,Medium,Ordered,2026-08-31
REO011710,O0291,I0097,15,21,60,Medium,Pending,2026-08-31
REO011711,O0074,I0015,1,31,81,High,Ordered,2026-08-31
REO011712,O0066,I0027,13,22,59,Medium,Pending,2026-08-31
REO011713,O0353,I0119,28,36,98,Medium,Ordered,2026-08-31
REO011714,O0044,I0021,25,28,61,Medium,Pending,2026-08-31
REO011715,O0006,I0001,8,35,62,High,Pending,2026-08-31
REO011716,O0019,I0166,18,29,67,Medium,Approved,2026-08-31
REO011717,O0146,I0060,15,20,79,Medium,Received,2026-08-31
REO011718,O0048,I0018,24,24,91,Medium,Received,2026-08-31
REO011719,O0443,I0072,1,19,88,High,Pending,2026-08-31
REO011720,O0439,I0053,21,35,71,Medium,Ordered,2026-08-31
REO011721,O0329,I0112,30,32,36,Medium,Ordered,2026-08-31
REO011722,O0262,I0086,18,33,96,Medium,Received,2026-08-31
REO011723,O0094,I0023,4,32,94,High,Ordered,2026-08-31
REO011724,O0205,I0073,26,27,29,Medium,Pending,2026-08-31
REO011725,O0038,I0171,22,25,42,Medium,Approved,2026-08-31
REO011726,O0091,I0018,14,28,65,Medium,Ordered,2026-08-31
REO011727,O0053,I0024,3,31,120,High,Ordered,2026-08-31
REO011728,O0009,I0167,8,16,45,Medium,Ordered,2026-08-31
REO011729,O0162,I0059,15,30,85,Medium,Approved,2026-08-31
REO011730,O0442,I0072,17,32,90,Medium,Ordered,2026-08-31
REO011731,O0500,I0138,17,30,38,Medium,Ordered,2026-08-31
REO011732,O0244,I0084,14,16,59,Medium,Pending,2026-08-31
REO011733,O0352,I0121,26,27,42,Medium,Ordered,2026-08-31
REO011734,O0172,I0058,11,30,110,High,Approved,2026-08-31
REO011735,O0026,I0016,2,23,91,High,Ordered,2026-08-31
REO011736,O0309,I0095,14,30,107,High,Approved,2026-08-31
REO011737,O0114,I0046,30,30,75,Medium,Received,2026-08-31
REO011738,O0245,I0083,5,23,97,High,Received,2026-08-31
REO011739,O0238,I0080,21,22,38,Medium,Approved,2026-08-31
REO011740,O0004,I0172,6,28,61,High,Ordered,2026-08-31
REO011741,O0451,I0049,4,21,64,High,Pending,2026-08-31
REO011742,O0375,I0126,2,16,39,High,Approved,2026-08-31
REO011743,O0373,I0128,4,13,42,High,Ordered,2026-08-31
REO011744,O0194,I0269,0,21,106,Critical,Pending,2026-08-31
REO011745,O0192,I0271,19,35,79,Medium,Approved,2026-08-31
REO011746,O0062,I0029,7,29,93,High,Ordered,2026-08-31
REO011747,O0132,I0053,9,23,66,High,Ordered,2026-08-31
REO011748,O0193,I0275,12,18,101,Medium,Approved,2026-08-31
REO011749,O0295,I0095,30,33,52,Medium,Pending,2026-08-31
REO011750,O0270,I0087,24,26,95,Medium,Approved,2026-08-31
REO011751,O0004,I0001,19,38,95,Medium,Pending,2026-08-31
REO011752,O0003,I0165,16,31,47,Medium,Approved,2026-08-31
REO011753,O0065,I0028,6,29,77,High,Approved,2026-08-31
REO011754,O0358,I0121,7,20,43,High,Received,2026-08-31
REO011755,O0186,I0071,15,23,54,Medium,Pending,2026-08-31
REO011756,O0084,I0033,22,33,92,Medium,Ordered,2026-08-31
REO011757,O0086,I0034,12,31,68,High,Received,2026-08-31
REO011758,O0258,I0087,7,17,57,High,Received,2026-08-31
REO011759,O0094,I0023,4,32,94,High,Approved,2026-08-31
REO011760,O0180,I0058,17,29,82,Medium,Pending,2026-08-31
REO011761,O0276,I0087,10,13,59,Medium,Ordered,2026-08-31
REO011762,O0239,I0079,26,26,83,Medium,Approved,2026-08-31
REO011763,O0315,I0108,3,14,50,High,Approved,2026-08-31
REO011764,O0146,I0060,15,20,79,Medium,Ordered,2026-08-31
REO011765,O0181,I0274,2,19,66,High,Received,2026-08-31
REO011766,O0246,I0084,15,34,103,High,Approved,2026-08-31
REO011767,O0134,I0057,13,34,109,High,Pending,2026-08-31
REO011768,O0315,I0108,3,14,50,High,Ordered,2026-08-31
REO011769,O0006,I0009,12,28,45,High,Approved,2026-08-31
REO011770,O0074,I0011,10,32,59,High,Ordered,2026-08-31
REO011771,O0414,I0025,13,34,85,High,Ordered,2026-08-31
REO011772,O0190,I0264,0,30,108,Critical,Ordered,2026-08-31
REO011773,O0419,I0023,13,31,113,High,Ordered,2026-08-31
REO011774,O0270,I0091,14,34,86,High,Ordered,2026-08-31
REO011775,O0074,I0015,1,31,81,High,Received,2026-08-31
REO011776,O0375,I0126,2,16,39,High,Approved,2026-08-31
REO011777,O0355,I0120,18,33,70,Medium,Approved,2026-08-31
REO011778,O0154,I0060,27,38,44,Medium,Pending,2026-08-31
REO011779,O0163,I0063,2,23,99,High,Received,2026-08-31
REO011780,O0197,I0270,14,16,31,Medium,Approved,2026-08-31
REO011781,O0192,I0275,1,28,92,High,Ordered,2026-08-31
REO011782,O0193,I0265,15,19,73,Medium,Ordered,2026-08-31
REO011783,O0456,I0049,1,17,49,High,Pending,2026-08-31
REO011784,O0273,I0087,18,36,34,Medium,Pending,2026-08-31
REO011785,O0044,I0019,6,29,52,High,Received,2026-08-31
REO011786,O0270,I0088,11,22,35,Medium,Received,2026-08-31
REO011787,O0039,I0163,0,16,111,Critical,Approved,2026-08-31
REO011788,O0106,I0039,9,11,86,Medium,Approved,2026-08-31
REO011789,O0065,I0030,6,16,41,High,Approved,2026-08-31
REO011790,O0038,I0193,2,32,90,High,Pending,2026-08-31
REO011791,O0296,I0098,12,24,59,Medium,Ordered,2026-08-31
REO011792,O0039,I0004,7,27,39,High,Ordered,2026-08-31
REO011793,O0317,I0108,9,20,108,High,Ordered,2026-08-31
REO011794,O0092,I0020,11,16,86,Medium,Ordered,2026-08-31
REO011795,O0469,I0020,5,17,42,High,Ordered,2026-08-31
REO011796,O0136,I0055,12,31,56,High,Ordered,2026-08-31
REO011797,O0002,I0165,7,13,102,Medium,Ordered,2026-08-31
REO011798,O0092,I0024,4,15,99,High,Received,2026-08-31
REO011799,O0452,I0049,6,26,68,High,Ordered,2026-08-31
REO011800,O0253,I0086,0,25,117,Critical,Pending,2026-08-31
REO011801,O0387,I0130,17,17,94,Medium,Pending,2026-08-31
REO011802,O0416,I0020,8,23,110,High,Received,2026-08-31
REO011803,O0095,I0018,3,31,98,High,Ordered,2026-08-31
REO011804,O0453,I0051,12,33,85,High,Approved,2026-08-31
REO011805,O0008,I0193,21,21,43,Medium,Pending,2026-08-31
REO011806,O0019,I0166,18,29,67,Medium,Pending,2026-08-31
REO011807,O0409,I0138,17,27,99,Medium,Received,2026-08-31
REO011808,O0073,I0010,11,24,34,High,Approved,2026-08-31
REO011809,O0053,I0020,13,28,46,High,Ordered,2026-08-31
REO011810,O0155,I0058,13,25,92,Medium,Ordered,2026-08-31
REO011811,O0483,I0022,32,32,28,Medium,Approved,2026-08-31
REO011812,O0189,I0270,17,24,49,Medium,Ordered,2026-08-31
REO011813,O0419,I0023,13,31,113,High,Ordered,2026-08-31
REO011814,O0031,I0200,12,16,80,Medium,Approved,2026-08-31
REO011815,O0171,I0058,9,25,80,High,Received,2026-08-31
REO011816,O0052,I0018,11,30,61,High,Approved,2026-08-31
REO011817,O0415,I0023,23,26,20,Medium,Approved,2026-08-31
REO011818,O0369,I0124,26,30,96,Medium,Approved,2026-08-31
REO011819,O0452,I0049,6,26,68,High,Ordered,2026-08-31
REO011820,O0369,I0124,26,30,96,Medium,Received,2026-08-31
REO011821,O0044,I0020,26,34,46,Medium,Ordered,2026-08-31
REO011822,O0111,I0046,17,23,85,Medium,Ordered,2026-08-31
REO011823,O0174,I0058,0,27,50,Critical,Ordered,2026-08-31
REO011824,O0210,I0072,0,29,60,Critical,Pending,2026-08-31
REO011825,O0041,I0024,16,31,77,Medium,Approved,2026-08-31
REO011826,O0119,I0044,12,20,41,Medium,Pending,2026-08-31
REO011827,O0373,I0129,13,23,92,Medium,Pending,2026-08-31
REO011828,O0400,I0136,28,32,37,Medium,Received,2026-08-31
REO011829,O0078,I0017,8,19,43,High,Approved,2026-08-31
REO011830,O0055,I0019,17,25,45,Medium,Pending,2026-08-31
REO011831,O0481,I0018,12,27,49,High,Approved,2026-08-31
REO011832,O0485,I0018,20,25,27,Medium,Approved,2026-08-31
REO011833,O0373,I0128,4,13,42,High,Ordered,2026-08-31
REO011834,O0200,I0070,0,22,46,Critical,Approved,2026-08-31
REO011835,O0418,I0024,19,28,75,Medium,Pending,2026-08-31
REO011836,O0264,I0087,14,28,76,Medium,Pending,2026-08-31
REO011837,O0131,I0053,8,17,66,High,Ordered,2026-08-31
REO011838,O0302,I0095,10,39,104,High,Approved,2026-08-31
REO011839,O0190,I0263,23,24,62,Medium,Pending,2026-08-31
REO011840,O0065,I0030,6,16,41,High,Received,2026-08-31
REO011841,O0276,I0087,10,13,59,Medium,Received,2026-08-31
REO011842,O0295,I0095,30,33,52,Medium,Ordered,2026-08-31
REO011843,O0469,I0020,5,17,42,High,Ordered,2026-08-31
REO011844,O0179,I0063,19,34,102,Medium,Ordered,2026-08-31
REO011845,O0132,I0053,9,23,66,High,Pending,2026-08-31
REO011846,O0363,I0123,11,25,104,High,Ordered,2026-08-31
REO011847,O0187,I0267,18,18,50,Medium,Pending,2026-08-31
REO011848,O0335,I0112,17,33,81,Medium,Approved,2026-08-31
REO011849,O0208,I0073,8,22,63,High,Approved,2026-08-31
REO011850,O0270,I0087,24,26,95,Medium,Pending,2026-08-31
REO011851,O0061,I0027,8,22,52,High,Approved,2026-08-31
REO011852,O0290,I0099,14,18,38,Medium,Pending,2026-08-31
REO011853,O0440,I0054,4,20,90,High,Ordered,2026-08-31
REO011854,O0218,I0074,14,31,110,High,Pending,2026-08-31
REO011855,O0358,I0121,7,20,43,High,Approved,2026-08-31
REO011856,O0193,I0275,12,18,101,Medium,Pending,2026-08-31
REO011857,O0239,I0079,26,26,83,Medium,Approved,2026-08-31
REO011858,O0419,I0024,10,27,46,High,Pending,2026-08-31
REO011859,O0456,I0049,1,17,49,High,Pending,2026-08-31
REO011860,O0484,I0024,8,32,108,High,Received,2026-08-31
REO011861,O0497,I0139,20,25,69,Medium,Ordered,2026-08-31
REO011862,O0013,I0167,13,31,80,High,Received,2026-08-31
REO011863,O0044,I0018,4,28,48,High,Received,2026-08-31
REO011864,O0434,I0057,13,16,44,Medium,Ordered,2026-08-31
REO011865,O0278,I0087,20,36,77,Medium,Approved,2026-08-31
REO011866,O0159,I0063,5,17,48,High,Approved,2026-08-31
REO011867,O0110,I0040,9,25,57,High,Approved,2026-08-31
REO011868,O0106,I0039,9,11,86,Medium,Approved,2026-08-31
REO011869,O0022,I0011,3,16,77,High,Ordered,2026-08-31
REO011870,O0419,I0023,13,31,113,High,Approved,2026-08-31
REO011871,O0325,I0109,0,21,92,Critical,Pending,2026-08-31
REO011872,O0263,I0087,7,35,87,High,Pending,2026-08-31
REO011873,O0474,I0103,0,30,110,Critical,Approved,2026-08-31
REO011874,O0031,I0006,6,25,105,High,Ordered,2026-08-31
REO011875,O0159,I0064,2,25,81,High,Approved,2026-08-31
REO011876,O0199,I0271,15,18,56,Medium,Received,2026-08-31
REO011877,O0016,I0172,4,20,78,High,Received,2026-08-31
REO011878,O0198,I0275,20,37,99,Medium,Ordered,2026-08-31
REO011879,O0325,I0109,0,21,92,Critical,Pending,2026-08-31
REO011880,O0186,I0263,14,31,63,High,Approved,2026-08-31
REO011881,O0365,I0122,18,25,57,Medium,Received,2026-08-31
REO011882,O0003,I0007,4,16,36,High,Ordered,2026-08-31
REO011883,O0301,I0098,9,16,54,Medium,Ordered,2026-08-31
REO011884,O0450,I0075,15,39,40,High,Ordered,2026-08-31
REO011885,O0469,I0018,16,29,70,Medium,Ordered,2026-08-31
REO011886,O0415,I0023,23,26,20,Medium,Approved,2026-08-31
REO011887,O0049,I0025,11,21,42,Medium,Ordered,2026-08-31
REO011888,O0192,I0273,3,28,85,High,Approved,2026-08-31
REO011889,O0492,I0140,18,33,46,Medium,Approved,2026-08-31
REO011890,O0060,I0023,6,14,89,High,Received,2026-08-31
REO011891,O0408,I0141,22,22,29,Medium,Ordered,2026-08-31
REO011892,O0407,I0142,3,31,73,High,Pending,2026-08-31
REO011893,O0301,I0098,9,16,54,Medium,Ordered,2026-08-31
REO011894,O0161,I0058,18,23,62,Medium,Pending,2026-08-31
REO011895,O0120,I0045,7,19,95,High,Ordered,2026-08-31
REO011896,O0086,I0034,12,31,68,High,Pending,2026-08-31
REO011897,O0109,I0042,5,15,99,High,Ordered,2026-08-31
REO011898,O0195,I0265,4,31,50,High,Pending,2026-08-31
REO011899,O0006,I0162,3,22,40,High,Ordered,2026-08-31
REO011900,O0469,I0018,16,29,70,Medium,Approved,2026-08-31
REO011901,O0188,I0277,25,34,56,Medium,Ordered,2026-08-31
REO011902,O0409,I0138,17,27,99,Medium,Pending,2026-08-31
REO011903,O0314,I0106,18,23,89,Medium,Approved,2026-08-31
REO011904,O0162,I0061,4,31,107,High,Approved,2026-08-31
REO011905,O0271,I0087,2,27,75,High,Pending,2026-08-31
REO011906,O0291,I0094,1,14,99,High,Ordered,2026-08-31
REO011907,O0494,I0142,10,21,96,High,Pending,2026-08-31
REO011908,O0044,I0018,4,28,48,High,Pending,2026-08-31
REO011909,O0227,I0080,24,28,33,Medium,Pending,2026-08-31
REO011910,O0107,I0040,0,19,90,Critical,Approved,2026-08-31
REO011911,O0193,I0275,12,18,101,Medium,Ordered,2026-08-31
REO011912,O0056,I0021,31,35,31,Medium,Ordered,2026-08-31
REO011913,O0417,I0018,8,15,58,Medium,Received,2026-08-31
REO011914,O0015,I0196,6,15,66,High,Received,2026-08-31
REO011915,O0103,I0040,6,28,91,High,Approved,2026-08-31
REO011916,O0008,I0001,15,22,56,Medium,Approved,2026-08-31
REO011917,O0270,I0088,11,22,35,Medium,Pending,2026-08-31
REO011918,O0485,I0018,20,25,27,Medium,Ordered,2026-08-31
REO011919,O0003,I0003,3,29,52,High,Pending,2026-08-31
REO011920,O0192,I0271,19,35,79,Medium,Approved,2026-08-31
REO011921,O0425,I0035,11,21,97,Medium,Pending,2026-08-31
REO011922,O0059,I0022,23,28,92,Medium,Ordered,2026-08-31
REO011923,O0474,I0103,0,30,110,Critical,Ordered,2026-08-31
REO011924,O0334,I0113,1,24,60,High,Ordered,2026-08-31
REO011925,O0314,I0107,13,21,65,Medium,Pending,2026-08-31
REO011926,O0314,I0108,23,27,92,Medium,Ordered,2026-08-31
REO011927,O0188,I0071,21,25,58,Medium,Ordered,2026-08-31
REO011928,O0263,I0087,7,35,87,High,Pending,2026-08-31
REO011929,O0500,I0138,17,30,38,Medium,Pending,2026-08-31
REO011930,O0265,I0087,2,31,50,High,Received,2026-08-31
REO011931,O0044,I0025,4,30,116,High,Ordered,2026-08-31
REO011932,O0044,I0025,4,30,116,High,Received,2026-08-31
REO011933,O0017,I0164,8,22,43,High,Approved,2026-08-31
REO011934,O0026,I0016,2,23,91,High,Pending,2026-08-31
REO011935,O0005,I0002,10,21,36,High,Ordered,2026-08-31
REO011936,O0247,I0085,1,26,114,High,Ordered,2026-08-31
REO011937,O0490,I0025,25,29,65,Medium,Approved,2026-08-31
REO011938,O0486,I0021,3,29,76,High,Pending,2026-08-31
REO011939,O0035,I0193,27,34,98,Medium,Ordered,2026-08-31
REO011940,O0195,I0273,31,36,49,Medium,Pending,2026-08-31
REO011941,O0072,I0013,15,26,72,Medium,Received,2026-08-31
REO011942,O0407,I0140,3,34,124,High,Ordered,2026-08-31
REO011943,O0181,I0275,6,24,94,High,Received,2026-08-31
REO011944,O0390,I0130,34,34,36,Medium,Pending,2026-08-31
REO011945,O0246,I0083,5,12,90,High,Pending,2026-08-31
REO011946,O0239,I0079,26,26,83,Medium,Ordered,2026-08-31
REO011947,O0500,I0138,17,30,38,Medium,Pending,2026-08-31
REO011948,O0221,I0081,7,13,75,Medium,Ordered,2026-08-31
REO011949,O0192,I0266,1,22,41,High,Approved,2026-08-31
REO011950,O0104,I0041,6,22,73,High,Ordered,2026-08-31
REO011951,O0093,I0025,0,26,98,Critical,Approved,2026-08-31
REO011952,O0040,I0002,4,37,74,High,Approved,2026-08-31
REO011953,O0009,I0201,9,25,99,High,Pending,2026-08-31
REO011954,O0035,I0006,21,21,41,Medium,Pending,2026-08-31
REO011955,O0294,I0095,28,30,84,Medium,Ordered,2026-08-31
REO011956,O0009,I0201,9,25,99,High,Approved,2026-08-31
REO011957,O0060,I0023,6,14,89,High,Ordered,2026-08-31
REO011958,O0497,I0139,20,25,69,Medium,Ordered,2026-08-31
REO011959,O0229,I0079,2,29,62,High,Ordered,2026-08-31
REO011960,O0273,I0087,18,36,34,Medium,Pending,2026-08-31
REO011961,O0186,I0071,15,23,54,Medium,Ordered,2026-08-31
REO011962,O0463,I0022,9,18,45,Medium,Pending,2026-08-31
REO011963,O0447,I0076,8,26,87,High,Approved,2026-08-31
REO011964,O0104,I0041,6,22,73,High,Approved,2026-08-31
REO011965,O0146,I0063,14,19,34,Medium,Ordered,2026-08-31
REO011966,O0018,I0188,13,24,43,Medium,Approved,2026-08-31
REO011967,O0265,I0087,2,31,50,High,Pending,2026-08-31
REO011968,O0340,I0112,18,34,33,Medium,Approved,2026-08-31
REO011969,O0256,I0088,19,26,103,Medium,Received,2026-08-31
REO011970,O0018,I0197,8,23,37,High,Approved,2026-08-31
REO011971,O0162,I0064,13,15,64,Medium,Received,2026-08-31
REO011972,O0040,I0158,19,29,59,Medium,Approved,2026-08-31
REO011973,O0198,I0274,10,31,61,High,Ordered,2026-08-31
REO011974,O0036,I0194,30,34,28,Medium,Approved,2026-08-31
REO011975,O0405,I0142,5,32,75,High,Received,2026-08-31
REO011976,O0089,I0036,3,17,37,High,Ordered,2026-08-31
REO011977,O0224,I0079,13,31,106,High,Pending,2026-08-31
REO011978,O0016,I0161,11,16,31,Medium,Ordered,2026-08-31
REO011979,O0107,I0040,0,19,90,Critical,Ordered,2026-08-31
REO011980,O0023,I0013,18,26,72,Medium,Ordered,2026-08-31
REO011981,O0459,I0049,23,24,72,Medium,Pending,2026-08-31
REO011982,O0072,I0011,30,31,37,Medium,Pending,2026-08-31
REO011983,O0322,I0113,7,32,109,High,Ordered,2026-08-31
REO011984,O0009,I0201,9,25,99,High,Received,2026-08-31
REO011985,O0291,I0097,15,21,60,Medium,Pending,2026-08-31
REO011986,O0078,I0016,29,33,69,Medium,Approved,2026-08-31
REO011987,O0278,I0090,16,26,80,Medium,Pending,2026-08-31
REO011988,O0353,I0119,28,36,98,Medium,Ordered,2026-08-31
REO011989,O0168,I0058,14,21,90,Medium,Pending,2026-08-31
REO011990,O0291,I0094,1,14,99,High,Ordered,2026-08-31
REO011991,O0291,I0097,15,21,60,Medium,Received,2026-08-31
REO011992,O0187,I0277,20,24,31,Medium,Pending,2026-08-31
REO011993,O0219,I0074,10,23,83,High,Ordered,2026-08-31
REO011994,O0017,I0164,8,22,43,High,Ordered,2026-08-31
REO011995,O0417,I0018,8,15,58,Medium,Ordered,2026-08-31
REO011996,O0023,I0013,18,26,72,Medium,Ordered,2026-08-31
REO011997,O0054,I0022,5,27,46,High,Approved,2026-08-31
REO011998,O0296,I0098,12,24,59,Medium,Ordered,2026-08-31
REO011999,O0197,I0067,22,28,89,Medium,Approved,2026-08-31
REO012000,O0025,I0016,2,24,77,High,Ordered,2026-08-31
