attendance_id,staff_id,date,status,hours_worked
A000001,S00001,2026-08-01,Present,7.4
A000002,S00001,2026-08-02,Present,8.8
A000003,S00001,2026-08-03,Present,9.7
A000004,S00001,2026-08-04,Present,7.5
A000005,S00001,2026-08-05,Present,8.2
A000006,S00001,2026-08-06,Half Day,4.1
A000007,S00001,2026-08-07,Present,8.4
A000008,S00001,2026-08-08,Present,8.4
A000009,S00001,2026-08-09,Half Day,3.6
A000010,S00001,2026-08-10,Present,9.1
A000011,S00002,2026-08-01,Present,7.4
A000012,S00002,2026-08-02,Present,9.6
A000013,S00002,2026-08-03,Absent,0.0
A000014,S00002,2026-08-04,Present,9.3
A000015,S00002,2026-08-05,Present,9.8
A000016,S00002,2026-08-06,Present,9.8
A000017,S00002,2026-08-07,Present,8.2
A000018,S00002,2026-08-08,Present,8.3
A000019,S00002,2026-08-09,Present,8.5
A000020,S00002,2026-08-10,Present,8.9
A000021,S00003,2026-08-01,Absent,0.0
A000022,S00003,2026-08-02,Present,9.4
A000023,S00003,2026-08-03,Present,7.9
A000024,S00003,2026-08-04,Present,8.0
A000025,S00003,2026-08-05,Present,7.3
A000026,S00003,2026-08-06,Present,7.4
A000027,S00003,2026-08-07,Absent,0.0
A000028,S00003,2026-08-08,Present,7.3
A000029,S00003,2026-08-09,Half Day,4.7
A000030,S00003,2026-08-10,Present,7.7
A000031,S00004,2026-08-01,Present,10.0
A000032,S00004,2026-08-02,Present,9.8
A000033,S00004,2026-08-03,Present,10.0
A000034,S00004,2026-08-04,Present,8.6
A000035,S00004,2026-08-05,Present,8.3
A000036,S00004,2026-08-06,Present,7.6
A000037,S00004,2026-08-07,Present,7.6
A000038,S00004,2026-08-08,Present,9.2
A000039,S00004,2026-08-09,Present,9.1
A000040,S00004,2026-08-10,Present,9.3
A000041,S00005,2026-08-01,Absent,0.0
A000042,S00005,2026-08-02,Half Day,4.8
A000043,S00005,2026-08-03,Present,9.8
A000044,S00005,2026-08-04,Present,8.9
A000045,S00005,2026-08-05,Half Day,3.5
A000046,S00005,2026-08-06,Present,8.2
A000047,S00005,2026-08-07,Present,8.2
A000048,S00005,2026-08-08,Present,10.0
A000049,S00005,2026-08-09,Absent,0.0
A000050,S00005,2026-08-10,Present,9.4
A000051,S00006,2026-08-01,Present,8.6
A000052,S00006,2026-08-02,Present,9.3
A000053,S00006,2026-08-03,Present,9.2
A000054,S00006,2026-08-04,Present,8.4
A000055,S00006,2026-08-05,Absent,0.0
A000056,S00006,2026-08-06,Present,7.6
A000057,S00006,2026-08-07,Present,7.6
A000058,S00006,2026-08-08,Present,7.2
A000059,S00006,2026-08-09,Present,7.4
A000060,S00006,2026-08-10,Present,8.0
A000061,S00007,2026-08-01,Half Day,3.2
A000062,S00007,2026-08-02,Present,8.3
A000063,S00007,2026-08-03,Present,7.5
A000064,S00007,2026-08-04,Present,7.8
A000065,S00007,2026-08-05,Present,9.9
A000066,S00007,2026-08-06,Present,9.0
A000067,S00007,2026-08-07,Half Day,4.7
A000068,S00007,2026-08-08,Present,8.9
A000069,S00007,2026-08-09,Present,7.9
A000070,S00007,2026-08-10,Present,7.1
A000071,S00008,2026-08-01,Present,8.8
A000072,S00008,2026-08-02,Half Day,3.0
A000073,S00008,2026-08-03,Present,7.8
A000074,S00008,2026-08-04,Present,7.6
A000075,S00008,2026-08-05,Present,8.5
A000076,S00008,2026-08-06,Present,9.0
A000077,S00008,2026-08-07,Present,9.5
A000078,S00008,2026-08-08,Present,7.2
A000079,S00008,2026-08-09,Present,8.4
A000080,S00008,2026-08-10,Present,9.3
A000081,S00009,2026-08-01,Present,8.2
A000082,S00009,2026-08-02,Present,8.4
A000083,S00009,2026-08-03,Present,9.5
A000084,S00009,2026-08-04,Present,9.1
A000085,S00009,2026-08-05,Half Day,4.0
A000086,S00009,2026-08-06,Present,7.3
A000087,S00009,2026-08-07,Present,8.4
A000088,S00009,2026-08-08,Present,7.6
A000089,S00009,2026-08-09,Present,9.2
A000090,S00009,2026-08-10,Present,7.1
A000091,S00010,2026-08-01,Present,8.1
A000092,S00010,2026-08-02,Present,8.1
A000093,S00010,2026-08-03,Present,7.9
A000094,S00010,2026-08-04,Absent,0.0
A000095,S00010,2026-08-05,Absent,0.0
A000096,S00010,2026-08-06,Present,7.5
A000097,S00010,2026-08-07,Present,10.0
A000098,S00010,2026-08-08,Present,9.4
A000099,S00010,2026-08-09,Present,7.7
A000100,S00010,2026-08-10,Present,8.5
A000101,S00011,2026-08-01,Present,7.0
A000102,S00011,2026-08-02,Present,7.9
A000103,S00011,2026-08-03,Absent,0.0
A000104,S00011,2026-08-04,Present,9.1
A000105,S00011,2026-08-05,Present,8.2
A000106,S00011,2026-08-06,Present,10.0
A000107,S00011,2026-08-07,Present,8.4
A000108,S00011,2026-08-08,Present,8.6
A000109,S00011,2026-08-09,Present,8.1
A000110,S00011,2026-08-10,Present,7.5
A000111,S00012,2026-08-01,Present,8.8
A000112,S00012,2026-08-02,Present,9.0
A000113,S00012,2026-08-03,Present,8.6
A000114,S00012,2026-08-04,Present,9.9
A000115,S00012,2026-08-05,Present,8.0
A000116,S00012,2026-08-06,Half Day,4.5
A000117,S00012,2026-08-07,Present,7.9
A000118,S00012,2026-08-08,Present,9.0
A000119,S00012,2026-08-09,Present,8.7
A000120,S00012,2026-08-10,Present,9.2
A000121,S00013,2026-08-01,Present,7.6
A000122,S00013,2026-08-02,Half Day,3.7
A000123,S00013,2026-08-03,Half Day,3.9
A000124,S00013,2026-08-04,Half Day,3.5
A000125,S00013,2026-08-05,Present,9.1
A000126,S00013,2026-08-06,Present,8.2
A000127,S00013,2026-08-07,Present,7.8
A000128,S00013,2026-08-08,Present,7.8
A000129,S00013,2026-08-09,Present,9.2
A000130,S00013,2026-08-10,Present,9.6
A000131,S00014,2026-08-01,Present,9.8
A000132,S00014,2026-08-02,Present,9.8
A000133,S00014,2026-08-03,Present,7.2
A000134,S00014,2026-08-04,Present,9.7
A000135,S00014,2026-08-05,Present,7.0
A000136,S00014,2026-08-06,Present,9.5
A000137,S00014,2026-08-07,Present,7.0
A000138,S00014,2026-08-08,Present,7.6
A000139,S00014,2026-08-09,Present,7.4
A000140,S00014,2026-08-10,Present,9.6
A000141,S00015,2026-08-01,Present,9.3
A000142,S00015,2026-08-02,Present,9.5
A000143,S00015,2026-08-03,Present,8.2
A000144,S00015,2026-08-04,Half Day,3.1
A000145,S00015,2026-08-05,Present,9.1
A000146,S00015,2026-08-06,Present,9.7
A000147,S00015,2026-08-07,Half Day,3.1
A000148,S00015,2026-08-08,Present,8.5
A000149,S00015,2026-08-09,Present,8.5
A000150,S00015,2026-08-10,Half Day,4.0
A000151,S00016,2026-08-01,Absent,0.0
A000152,S00016,2026-08-02,Half Day,4.4
A000153,S00016,2026-08-03,Present,8.5
A000154,S00016,2026-08-04,Present,7.3
A000155,S00016,2026-08-05,Present,7.3
A000156,S00016,2026-08-06,Present,7.7
A000157,S00016,2026-08-07,Present,9.3
A000158,S00016,2026-08-08,Present,7.5
A000159,S00016,2026-08-09,Present,7.4
A000160,S00016,2026-08-10,Present,9.6
A000161,S00017,2026-08-01,Present,9.1
A000162,S00017,2026-08-02,Present,9.6
A000163,S00017,2026-08-03,Present,8.1
A000164,S00017,2026-08-04,Present,7.4
A000165,S00017,2026-08-05,Half Day,4.1
A000166,S00017,2026-08-06,Present,9.3
A000167,S00017,2026-08-07,Present,7.3
A000168,S00017,2026-08-08,Absent,0.0
A000169,S00017,2026-08-09,Present,7.4
A000170,S00017,2026-08-10,Present,7.9
A000171,S00018,2026-08-01,Present,8.5
A000172,S00018,2026-08-02,Present,8.6
A000173,S00018,2026-08-03,Absent,0.0
A000174,S00018,2026-08-04,Present,8.3
A000175,S00018,2026-08-05,Half Day,3.1
A000176,S00018,2026-08-06,Absent,0.0
A000177,S00018,2026-08-07,Present,8.0
A000178,S00018,2026-08-08,Present,9.7
A000179,S00018,2026-08-09,Present,7.4
A000180,S00018,2026-08-10,Present,9.0
A000181,S00019,2026-08-01,Present,8.0
A000182,S00019,2026-08-02,Present,8.5
A000183,S00019,2026-08-03,Present,9.8
A000184,S00019,2026-08-04,Present,9.4
A000185,S00019,2026-08-05,Present,8.8
A000186,S00019,2026-08-06,Present,9.5
A000187,S00019,2026-08-07,Present,7.5
A000188,S00019,2026-08-08,Present,8.6
A000189,S00019,2026-08-09,Present,8.7
A000190,S00019,2026-08-10,Present,8.3
A000191,S00020,2026-08-01,Present,9.4
A000192,S00020,2026-08-02,Present,9.0
A000193,S00020,2026-08-03,Present,7.7
A000194,S00020,2026-08-04,Present,8.0
A000195,S00020,2026-08-05,Present,9.6
A000196,S00020,2026-08-06,Present,8.6
A000197,S00020,2026-08-07,Present,8.0
A000198,S00020,2026-08-08,Present,8.9
A000199,S00020,2026-08-09,Present,9.2
A000200,S00020,2026-08-10,Present,7.6
A000201,S00021,2026-08-01,Present,7.5
A000202,S00021,2026-08-02,Absent,0.0
A000203,S00021,2026-08-03,Present,9.7
A000204,S00021,2026-08-04,Present,10.0
A000205,S00021,2026-08-05,Present,8.3
A000206,S00021,2026-08-06,Present,8.5
A000207,S00021,2026-08-07,Present,7.8
A000208,S00021,2026-08-08,Present,7.8
A000209,S00021,2026-08-09,Present,9.1
A000210,S00021,2026-08-10,Present,7.5
A000211,S00022,2026-08-01,Present,8.1
A000212,S00022,2026-08-02,Present,8.5
A000213,S00022,2026-08-03,Present,8.3
A000214,S00022,2026-08-04,Present,7.1
A000215,S00022,2026-08-05,Present,8.6
A000216,S00022,2026-08-06,Absent,0.0
A000217,S00022,2026-08-07,Present,10.0
A000218,S00022,2026-08-08,Present,7.5
A000219,S00022,2026-08-09,Present,9.7
A000220,S00022,2026-08-10,Present,7.7
A000221,S00023,2026-08-01,Present,8.3
A000222,S00023,2026-08-02,Present,9.5
A000223,S00023,2026-08-03,Present,9.5
A000224,S00023,2026-08-04,Half Day,3.7
A000225,S00023,2026-08-05,Present,7.9
A000226,S00023,2026-08-06,Present,7.3
A000227,S00023,2026-08-07,Half Day,3.8
A000228,S00023,2026-08-08,Present,8.3
A000229,S00023,2026-08-09,Present,8.4
A000230,S00023,2026-08-10,Absent,0.0
A000231,S00024,2026-08-01,Present,8.1
A000232,S00024,2026-08-02,Present,9.2
A000233,S00024,2026-08-03,Present,8.0
A000234,S00024,2026-08-04,Present,9.7
A000235,S00024,2026-08-05,Absent,0.0
A000236,S00024,2026-08-06,Present,7.5
A000237,S00024,2026-08-07,Present,9.7
A000238,S00024,2026-08-08,Present,9.4
A000239,S00024,2026-08-09,Present,9.2
A000240,S00024,2026-08-10,Present,9.3
A000241,S00025,2026-08-01,Present,7.3
A000242,S00025,2026-08-02,Present,7.6
A000243,S00025,2026-08-03,Absent,0.0
A000244,S00025,2026-08-04,Present,7.1
A000245,S00025,2026-08-05,Present,9.0
A000246,S00025,2026-08-06,Half Day,4.0
A000247,S00025,2026-08-07,Present,8.0
A000248,S00025,2026-08-08,Present,7.6
A000249,S00025,2026-08-09,Present,9.5
A000250,S00025,2026-08-10,Present,8.7
A000251,S00026,2026-08-01,Present,7.1
A000252,S00026,2026-08-02,Present,9.9
A000253,S00026,2026-08-03,Present,9.7
A000254,S00026,2026-08-04,Present,8.0
A000255,S00026,2026-08-05,Present,8.5
A000256,S00026,2026-08-06,Present,8.5
A000257,S00026,2026-08-07,Half Day,4.5
A000258,S00026,2026-08-08,Present,9.5
A000259,S00026,2026-08-09,Half Day,3.8
A000260,S00026,2026-08-10,Absent,0.0
A000261,S00027,2026-08-01,Absent,0.0
A000262,S00027,2026-08-02,Present,9.9
A000263,S00027,2026-08-03,Present,9.4
A000264,S00027,2026-08-04,Present,7.2
A000265,S00027,2026-08-05,Present,8.6
A000266,S00027,2026-08-06,Present,8.5
A000267,S00027,2026-08-07,Half Day,3.1
A000268,S00027,2026-08-08,Present,10.0
A000269,S00027,2026-08-09,Present,7.0
A000270,S00027,2026-08-10,Present,7.2
A000271,S00028,2026-08-01,Absent,0.0
A000272,S00028,2026-08-02,Present,9.3
A000273,S00028,2026-08-03,Present,9.0
A000274,S00028,2026-08-04,Half Day,5.0
A000275,S00028,2026-08-05,Present,9.3
A000276,S00028,2026-08-06,Present,9.0
A000277,S00028,2026-08-07,Present,7.9
A000278,S00028,2026-08-08,Present,8.7
A000279,S00028,2026-08-09,Present,9.1
A000280,S00028,2026-08-10,Absent,0.0
A000281,S00029,2026-08-01,Present,7.6
A000282,S00029,2026-08-02,Present,7.4
A000283,S00029,2026-08-03,Present,8.4
A000284,S00029,2026-08-04,Present,8.3
A000285,S00029,2026-08-05,Present,9.6
A000286,S00029,2026-08-06,Present,9.1
A000287,S00029,2026-08-07,Present,9.6
A000288,S00029,2026-08-08,Present,9.7
A000289,S00029,2026-08-09,Present,7.9
A000290,S00029,2026-08-10,Present,8.4
A000291,S00030,2026-08-01,Present,8.9
A000292,S00030,2026-08-02,Present,7.4
A000293,S00030,2026-08-03,Absent,0.0
A000294,S00030,2026-08-04,Present,9.1
A000295,S00030,2026-08-05,Present,9.4
A000296,S00030,2026-08-06,Present,9.8
A000297,S00030,2026-08-07,Present,9.8
A000298,S00030,2026-08-08,Present,8.7
A000299,S00030,2026-08-09,Present,9.9
A000300,S00030,2026-08-10,Present,7.3
A000301,S00031,2026-08-01,Present,8.9
A000302,S00031,2026-08-02,Present,8.6
A000303,S00031,2026-08-03,Present,8.5
A000304,S00031,2026-08-04,Present,7.3
A000305,S00031,2026-08-05,Present,9.9
A000306,S00031,2026-08-06,Present,7.6
A000307,S00031,2026-08-07,Present,8.5
A000308,S00031,2026-08-08,Present,8.0
A000309,S00031,2026-08-09,Present,8.1
A000310,S00031,2026-08-10,Half Day,4.4
A000311,S00032,2026-08-01,Present,7.3
A000312,S00032,2026-08-02,Present,9.2
A000313,S00032,2026-08-03,Present,7.2
A000314,S00032,2026-08-04,Present,9.7
A000315,S00032,2026-08-05,Present,7.4
A000316,S00032,2026-08-06,Present,9.5
A000317,S00032,2026-08-07,Present,8.3
A000318,S00032,2026-08-08,Present,9.9
A000319,S00032,2026-08-09,Present,8.9
A000320,S00032,2026-08-10,Present,9.9
A000321,S00033,2026-08-01,Present,9.0
A000322,S00033,2026-08-02,Half Day,4.4
A000323,S00033,2026-08-03,Present,8.5
A000324,S00033,2026-08-04,Present,8.8
A000325,S00033,2026-08-05,Present,9.2
A000326,S00033,2026-08-06,Present,8.7
A000327,S00033,2026-08-07,Present,7.1
A000328,S00033,2026-08-08,Present,8.6
A000329,S00033,2026-08-09,Half Day,3.1
A000330,S00033,2026-08-10,Present,7.9
A000331,S00034,2026-08-01,Present,7.1
A000332,S00034,2026-08-02,Present,7.0
A000333,S00034,2026-08-03,Present,9.2
A000334,S00034,2026-08-04,Present,7.2
A000335,S00034,2026-08-05,Present,7.9
A000336,S00034,2026-08-06,Present,7.0
A000337,S00034,2026-08-07,Present,7.4
A000338,S00034,2026-08-08,Present,9.1
A000339,S00034,2026-08-09,Present,9.6
A000340,S00034,2026-08-10,Half Day,4.3
A000341,S00035,2026-08-01,Present,10.0
A000342,S00035,2026-08-02,Present,9.9
A000343,S00035,2026-08-03,Present,7.1
A000344,S00035,2026-08-04,Present,7.7
A000345,S00035,2026-08-05,Present,9.4
A000346,S00035,2026-08-06,Present,7.9
A000347,S00035,2026-08-07,Present,8.4
A000348,S00035,2026-08-08,Present,8.2
A000349,S00035,2026-08-09,Present,8.8
A000350,S00035,2026-08-10,Present,7.1
A000351,S00036,2026-08-01,Present,9.1
A000352,S00036,2026-08-02,Absent,0.0
A000353,S00036,2026-08-03,Present,7.3
A000354,S00036,2026-08-04,Present,9.4
A000355,S00036,2026-08-05,Present,7.9
A000356,S00036,2026-08-06,Present,8.3
A000357,S00036,2026-08-07,Present,8.9
A000358,S00036,2026-08-08,Absent,0.0
A000359,S00036,2026-08-09,Present,9.3
A000360,S00036,2026-08-10,Present,8.9
A000361,S00037,2026-08-01,Absent,0.0
A000362,S00037,2026-08-02,Present,7.4
A000363,S00037,2026-08-03,Present,9.1
A000364,S00037,2026-08-04,Present,8.2
A000365,S00037,2026-08-05,Present,7.5
A000366,S00037,2026-08-06,Present,7.9
A000367,S00037,2026-08-07,Present,8.7
A000368,S00037,2026-08-08,Present,10.0
A000369,S00037,2026-08-09,Present,7.8
A000370,S00037,2026-08-10,Present,7.4
A000371,S00038,2026-08-01,Half Day,3.9
A000372,S00038,2026-08-02,Present,7.0
A000373,S00038,2026-08-03,Present,9.9
A000374,S00038,2026-08-04,Present,7.3
A000375,S00038,2026-08-05,Present,7.7
A000376,S00038,2026-08-06,Present,7.0
A000377,S00038,2026-08-07,Present,8.2
A000378,S00038,2026-08-08,Half Day,3.6
A000379,S00038,2026-08-09,Present,7.3
A000380,S00038,2026-08-10,Present,8.5
A000381,S00039,2026-08-01,Present,8.5
A000382,S00039,2026-08-02,Present,7.0
A000383,S00039,2026-08-03,Present,9.2
A000384,S00039,2026-08-04,Present,8.8
A000385,S00039,2026-08-05,Present,9.4
A000386,S00039,2026-08-06,Absent,0.0
A000387,S00039,2026-08-07,Absent,0.0
A000388,S00039,2026-08-08,Present,8.1
A000389,S00039,2026-08-09,Present,7.7
A000390,S00039,2026-08-10,Present,9.2
A000391,S00040,2026-08-01,Present,8.5
A000392,S00040,2026-08-02,Present,7.9
A000393,S00040,2026-08-03,Present,7.8
A000394,S00040,2026-08-04,Present,9.7
A000395,S00040,2026-08-05,Absent,0.0
A000396,S00040,2026-08-06,Half Day,4.4
A000397,S00040,2026-08-07,Present,9.0
A000398,S00040,2026-08-08,Present,7.9
A000399,S00040,2026-08-09,Present,9.2
A000400,S00040,2026-08-10,Present,10.0
A000401,S00041,2026-08-01,Present,9.2
A000402,S00041,2026-08-02,Present,8.5
A000403,S00041,2026-08-03,Present,7.3
A000404,S00041,2026-08-04,Present,7.3
A000405,S00041,2026-08-05,Absent,0.0
A000406,S00041,2026-08-06,Absent,0.0
A000407,S00041,2026-08-07,Present,9.7
A000408,S00041,2026-08-08,Present,9.1
A000409,S00041,2026-08-09,Half Day,4.6
A000410,S00041,2026-08-10,Present,9.5
A000411,S00042,2026-08-01,Absent,0.0
A000412,S00042,2026-08-02,Present,9.4
A000413,S00042,2026-08-03,Present,7.1
A000414,S00042,2026-08-04,Present,8.4
A000415,S00042,2026-08-05,Present,10.0
A000416,S00042,2026-08-06,Present,9.1
A000417,S00042,2026-08-07,Present,8.7
A000418,S00042,2026-08-08,Present,7.1
A000419,S00042,2026-08-09,Present,9.8
A000420,S00042,2026-08-10,Present,8.0
A000421,S00043,2026-08-01,Present,7.1
A000422,S00043,2026-08-02,Present,8.5
A000423,S00043,2026-08-03,Present,8.9
A000424,S00043,2026-08-04,Half Day,4.6
A000425,S00043,2026-08-05,Present,8.2
A000426,S00043,2026-08-06,Present,7.7
A000427,S00043,2026-08-07,Present,8.3
A000428,S00043,2026-08-08,Present,8.7
A000429,S00043,2026-08-09,Absent,0.0
A000430,S00043,2026-08-10,Present,8.4
A000431,S00044,2026-08-01,Present,7.4
A000432,S00044,2026-08-02,Present,9.9
A000433,S00044,2026-08-03,Present,9.1
A000434,S00044,2026-08-04,Present,9.4
A000435,S00044,2026-08-05,Present,8.7
A000436,S00044,2026-08-06,Present,7.9
A000437,S00044,2026-08-07,Present,7.7
A000438,S00044,2026-08-08,Present,7.2
A000439,S00044,2026-08-09,Absent,0.0
A000440,S00044,2026-08-10,Present,10.0
A000441,S00045,2026-08-01,Half Day,4.0
A000442,S00045,2026-08-02,Present,8.9
A000443,S00045,2026-08-03,Present,8.6
A000444,S00045,2026-08-04,Half Day,4.1
A000445,S00045,2026-08-05,Present,7.5
A000446,S00045,2026-08-06,Present,7.1
A000447,S00045,2026-08-07,Present,10.0
A000448,S00045,2026-08-08,Present,7.4
A000449,S00045,2026-08-09,Present,9.2
A000450,S00045,2026-08-10,Present,9.2
A000451,S00046,2026-08-01,Present,8.0
A000452,S00046,2026-08-02,Present,9.2
A000453,S00046,2026-08-03,Present,8.1
A000454,S00046,2026-08-04,Half Day,4.5
A000455,S00046,2026-08-05,Present,8.2
A000456,S00046,2026-08-06,Absent,0.0
A000457,S00046,2026-08-07,Present,7.4
A000458,S00046,2026-08-08,Half Day,4.3
A000459,S00046,2026-08-09,Present,8.6
A000460,S00046,2026-08-10,Present,7.4
A000461,S00047,2026-08-01,Present,7.9
A000462,S00047,2026-08-02,Present,8.0
A000463,S00047,2026-08-03,Present,9.7
A000464,S00047,2026-08-04,Present,7.2
A000465,S00047,2026-08-05,Present,9.1
A000466,S00047,2026-08-06,Present,7.9
A000467,S00047,2026-08-07,Present,10.0
A000468,S00047,2026-08-08,Present,8.8
A000469,S00047,2026-08-09,Present,9.4
A000470,S00047,2026-08-10,Present,9.2
A000471,S00048,2026-08-01,Present,7.0
A000472,S00048,2026-08-02,Present,7.3
A000473,S00048,2026-08-03,Absent,0.0
A000474,S00048,2026-08-04,Present,8.2
A000475,S00048,2026-08-05,Present,7.1
A000476,S00048,2026-08-06,Present,8.8
A000477,S00048,2026-08-07,Present,7.9
A000478,S00048,2026-08-08,Present,7.2
A000479,S00048,2026-08-09,Present,8.3
A000480,S00048,2026-08-10,Half Day,3.3
A000481,S00049,2026-08-01,Present,9.7
A000482,S00049,2026-08-02,Present,7.1
A000483,S00049,2026-08-03,Present,9.5
A000484,S00049,2026-08-04,Present,7.4
A000485,S00049,2026-08-05,Present,9.7
A000486,S00049,2026-08-06,Present,9.6
A000487,S00049,2026-08-07,Absent,0.0
A000488,S00049,2026-08-08,Present,8.5
A000489,S00049,2026-08-09,Present,8.8
A000490,S00049,2026-08-10,Present,8.4
A000491,S00050,2026-08-01,Present,7.5
A000492,S00050,2026-08-02,Present,8.7
A000493,S00050,2026-08-03,Present,9.4
A000494,S00050,2026-08-04,Present,8.9
A000495,S00050,2026-08-05,Present,7.5
A000496,S00050,2026-08-06,Present,9.5
A000497,S00050,2026-08-07,Present,9.8
A000498,S00050,2026-08-08,Present,9.1
A000499,S00050,2026-08-09,Present,9.3
A000500,S00050,2026-08-10,Present,9.5
A000501,S00051,2026-08-01,Half Day,4.3
A000502,S00051,2026-08-02,Present,8.4
A000503,S00051,2026-08-03,Present,9.2
A000504,S00051,2026-08-04,Present,9.5
A000505,S00051,2026-08-05,Present,8.7
A000506,S00051,2026-08-06,Present,9.9
A000507,S00051,2026-08-07,Present,7.7
A000508,S00051,2026-08-08,Present,7.2
A000509,S00051,2026-08-09,Present,7.7
A000510,S00051,2026-08-10,Present,9.7
A000511,S00052,2026-08-01,Present,9.5
A000512,S00052,2026-08-02,Present,7.8
A000513,S00052,2026-08-03,Present,9.1
A000514,S00052,2026-08-04,Present,8.8
A000515,S00052,2026-08-05,Present,7.6
A000516,S00052,2026-08-06,Present,7.6
A000517,S00052,2026-08-07,Present,8.6
A000518,S00052,2026-08-08,Present,8.5
A000519,S00052,2026-08-09,Present,9.0
A000520,S00052,2026-08-10,Present,9.5
A000521,S00053,2026-08-01,Present,8.1
A000522,S00053,2026-08-02,Present,7.3
A000523,S00053,2026-08-03,Present,9.2
A000524,S00053,2026-08-04,Present,7.5
A000525,S00053,2026-08-05,Present,9.5
A000526,S00053,2026-08-06,Present,8.5
A000527,S00053,2026-08-07,Present,7.2
A000528,S00053,2026-08-08,Present,9.5
A000529,S00053,2026-08-09,Present,8.2
A000530,S00053,2026-08-10,Present,7.4
A000531,S00054,2026-08-01,Present,9.1
A000532,S00054,2026-08-02,Present,8.2
A000533,S00054,2026-08-03,Present,7.1
A000534,S00054,2026-08-04,Present,8.4
A000535,S00054,2026-08-05,Present,8.7
A000536,S00054,2026-08-06,Present,9.7
A000537,S00054,2026-08-07,Present,9.4
A000538,S00054,2026-08-08,Present,9.4
A000539,S00054,2026-08-09,Present,9.8
A000540,S00054,2026-08-10,Absent,0.0
A000541,S00055,2026-08-01,Present,8.5
A000542,S00055,2026-08-02,Present,8.4
A000543,S00055,2026-08-03,Present,7.3
A000544,S00055,2026-08-04,Present,7.8
A000545,S00055,2026-08-05,Present,7.6
A000546,S00055,2026-08-06,Present,8.6
A000547,S00055,2026-08-07,Present,7.4
A000548,S00055,2026-08-08,Present,9.6
A000549,S00055,2026-08-09,Present,8.6
A000550,S00055,2026-08-10,Present,7.3
A000551,S00056,2026-08-01,Present,8.4
A000552,S00056,2026-08-02,Present,9.3
A000553,S00056,2026-08-03,Absent,0.0
A000554,S00056,2026-08-04,Present,8.0
A000555,S00056,2026-08-05,Present,9.9
A000556,S00056,2026-08-06,Present,8.1
A000557,S00056,2026-08-07,Present,9.1
A000558,S00056,2026-08-08,Present,7.8
A000559,S00056,2026-08-09,Present,9.0
A000560,S00056,2026-08-10,Present,8.1
A000561,S00057,2026-08-01,Present,7.3
A000562,S00057,2026-08-02,Present,7.6
A000563,S00057,2026-08-03,Present,8.5
A000564,S00057,2026-08-04,Present,9.2
A000565,S00057,2026-08-05,Present,9.0
A000566,S00057,2026-08-06,Present,9.4
A000567,S00057,2026-08-07,Present,10.0
A000568,S00057,2026-08-08,Present,8.1
A000569,S00057,2026-08-09,Present,9.5
A000570,S00057,2026-08-10,Present,8.9
A000571,S00058,2026-08-01,Present,8.8
A000572,S00058,2026-08-02,Present,9.1
A000573,S00058,2026-08-03,Present,7.1
A000574,S00058,2026-08-04,Present,8.4
A000575,S00058,2026-08-05,Present,9.5
A000576,S00058,2026-08-06,Present,7.2
A000577,S00058,2026-08-07,Half Day,3.1
A000578,S00058,2026-08-08,Present,9.1
A000579,S00058,2026-08-09,Half Day,3.7
A000580,S00058,2026-08-10,Present,9.4
A000581,S00059,2026-08-01,Present,8.7
A000582,S00059,2026-08-02,Present,8.4
A000583,S00059,2026-08-03,Present,7.3
A000584,S00059,2026-08-04,Half Day,4.2
A000585,S00059,2026-08-05,Present,7.1
A000586,S00059,2026-08-06,Present,9.5
A000587,S00059,2026-08-07,Absent,0.0
A000588,S00059,2026-08-08,Half Day,4.5
A000589,S00059,2026-08-09,Absent,0.0
A000590,S00059,2026-08-10,Present,9.1
A000591,S00060,2026-08-01,Present,9.9
A000592,S00060,2026-08-02,Present,8.1
A000593,S00060,2026-08-03,Present,8.3
A000594,S00060,2026-08-04,Present,7.5
A000595,S00060,2026-08-05,Present,9.6
A000596,S00060,2026-08-06,Present,8.3
A000597,S00060,2026-08-07,Present,7.3
A000598,S00060,2026-08-08,Present,9.0
A000599,S00060,2026-08-09,Present,9.4
A000600,S00060,2026-08-10,Present,9.5
A000601,S00061,2026-08-01,Present,7.5
A000602,S00061,2026-08-02,Present,9.4
A000603,S00061,2026-08-03,Present,8.7
A000604,S00061,2026-08-04,Present,9.1
A000605,S00061,2026-08-05,Present,9.8
A000606,S00061,2026-08-06,Present,9.2
A000607,S00061,2026-08-07,Present,8.4
A000608,S00061,2026-08-08,Present,7.2
A000609,S00061,2026-08-09,Present,7.8
A000610,S00061,2026-08-10,Present,8.0
A000611,S00062,2026-08-01,Present,9.2
A000612,S00062,2026-08-02,Present,9.4
A000613,S00062,2026-08-03,Present,7.5
A000614,S00062,2026-08-04,Present,9.9
A000615,S00062,2026-08-05,Present,7.3
A000616,S00062,2026-08-06,Present,9.1
A000617,S00062,2026-08-07,Present,8.9
A000618,S00062,2026-08-08,Present,7.3
A000619,S00062,2026-08-09,Present,8.7
A000620,S00062,2026-08-10,Present,9.3
A000621,S00063,2026-08-01,Half Day,4.9
A000622,S00063,2026-08-02,Absent,0.0
A000623,S00063,2026-08-03,Present,8.3
A000624,S00063,2026-08-04,Present,9.7
A000625,S00063,2026-08-05,Present,7.3
A000626,S00063,2026-08-06,Absent,0.0
A000627,S00063,2026-08-07,Present,8.6
A000628,S00063,2026-08-08,Present,9.6
A000629,S00063,2026-08-09,Present,8.2
A000630,S00063,2026-08-10,Present,8.6
A000631,S00064,2026-08-01,Present,8.8
A000632,S00064,2026-08-02,Present,8.4
A000633,S00064,2026-08-03,Present,7.3
A000634,S00064,2026-08-04,Present,8.3
A000635,S00064,2026-08-05,Present,8.0
A000636,S00064,2026-08-06,Present,7.8
A000637,S00064,2026-08-07,Absent,0.0
A000638,S00064,2026-08-08,Present,7.2
A000639,S00064,2026-08-09,Present,7.3
A000640,S00064,2026-08-10,Half Day,5.0
A000641,S00065,2026-08-01,Present,8.6
A000642,S00065,2026-08-02,Present,9.8
A000643,S00065,2026-08-03,Present,9.0
A000644,S00065,2026-08-04,Absent,0.0
A000645,S00065,2026-08-05,Present,8.2
A000646,S00065,2026-08-06,Absent,0.0
A000647,S00065,2026-08-07,Present,9.3
A000648,S00065,2026-08-08,Present,8.8
A000649,S00065,2026-08-09,Present,9.9
A000650,S00065,2026-08-10,Absent,0.0
A000651,S00066,2026-08-01,Present,9.2
A000652,S00066,2026-08-02,Present,9.4
A000653,S00066,2026-08-03,Present,8.1
A000654,S00066,2026-08-04,Present,9.6
A000655,S00066,2026-08-05,Present,9.1
A000656,S00066,2026-08-06,Present,7.6
A000657,S00066,2026-08-07,Present,8.5
A000658,S00066,2026-08-08,Half Day,4.0
A000659,S00066,2026-08-09,Present,7.6
A000660,S00066,2026-08-10,Present,10.0
A000661,S00067,2026-08-01,Present,9.3
A000662,S00067,2026-08-02,Present,7.1
A000663,S00067,2026-08-03,Present,8.6
A000664,S00067,2026-08-04,Present,7.4
A000665,S00067,2026-08-05,Present,7.9
A000666,S00067,2026-08-06,Present,7.6
A000667,S00067,2026-08-07,Present,9.6
A000668,S00067,2026-08-08,Present,8.4
A000669,S00067,2026-08-09,Present,7.6
A000670,S00067,2026-08-10,Present,9.4
A000671,S00068,2026-08-01,Present,8.2
A000672,S00068,2026-08-02,Present,8.8
A000673,S00068,2026-08-03,Present,8.8
A000674,S00068,2026-08-04,Present,8.0
A000675,S00068,2026-08-05,Present,8.0
A000676,S00068,2026-08-06,Present,7.9
A000677,S00068,2026-08-07,Absent,0.0
A000678,S00068,2026-08-08,Present,7.6
A000679,S00068,2026-08-09,Half Day,3.9
A000680,S00068,2026-08-10,Present,7.3
A000681,S00069,2026-08-01,Present,10.0
A000682,S00069,2026-08-02,Present,7.0
A000683,S00069,2026-08-03,Present,9.6
A000684,S00069,2026-08-04,Present,9.2
A000685,S00069,2026-08-05,Present,9.2
A000686,S00069,2026-08-06,Present,8.2
A000687,S00069,2026-08-07,Present,8.3
A000688,S00069,2026-08-08,Half Day,4.5
A000689,S00069,2026-08-09,Present,9.1
A000690,S00069,2026-08-10,Present,7.5
A000691,S00070,2026-08-01,Present,8.9
A000692,S00070,2026-08-02,Present,7.3
A000693,S00070,2026-08-03,Present,7.8
A000694,S00070,2026-08-04,Half Day,4.8
A000695,S00070,2026-08-05,Present,9.3
A000696,S00070,2026-08-06,Absent,0.0
A000697,S00070,2026-08-07,Present,8.5
A000698,S00070,2026-08-08,Present,9.9
A000699,S00070,2026-08-09,Present,9.7
A000700,S00070,2026-08-10,Present,7.8
A000701,S00071,2026-08-01,Present,8.6
A000702,S00071,2026-08-02,Present,7.6
A000703,S00071,2026-08-03,Present,8.3
A000704,S00071,2026-08-04,Present,8.4
A000705,S00071,2026-08-05,Present,8.0
A000706,S00071,2026-08-06,Present,7.7
A000707,S00071,2026-08-07,Present,7.9
A000708,S00071,2026-08-08,Present,8.1
A000709,S00071,2026-08-09,Present,8.5
A000710,S00071,2026-08-10,Present,7.6
A000711,S00072,2026-08-01,Present,9.0
A000712,S00072,2026-08-02,Present,7.8
A000713,S00072,2026-08-03,Present,7.2
A000714,S00072,2026-08-04,Half Day,4.7
A000715,S00072,2026-08-05,Half Day,3.2
A000716,S00072,2026-08-06,Absent,0.0
A000717,S00072,2026-08-07,Present,8.3
A000718,S00072,2026-08-08,Present,8.6
A000719,S00072,2026-08-09,Present,9.7
A000720,S00072,2026-08-10,Present,9.5
A000721,S00073,2026-08-01,Present,7.2
A000722,S00073,2026-08-02,Present,7.7
A000723,S00073,2026-08-03,Present,8.1
A000724,S00073,2026-08-04,Absent,0.0
A000725,S00073,2026-08-05,Present,9.8
A000726,S00073,2026-08-06,Present,9.6
A000727,S00073,2026-08-07,Absent,0.0
A000728,S00073,2026-08-08,Present,7.6
A000729,S00073,2026-08-09,Present,10.0
A000730,S00073,2026-08-10,Present,9.5
A000731,S00074,2026-08-01,Present,9.4
A000732,S00074,2026-08-02,Present,9.4
A000733,S00074,2026-08-03,Present,8.4
A000734,S00074,2026-08-04,Present,7.0
A000735,S00074,2026-08-05,Absent,0.0
A000736,S00074,2026-08-06,Present,9.5
A000737,S00074,2026-08-07,Half Day,4.4
A000738,S00074,2026-08-08,Present,9.6
A000739,S00074,2026-08-09,Present,7.9
A000740,S00074,2026-08-10,Present,8.1
A000741,S00075,2026-08-01,Present,8.5
A000742,S00075,2026-08-02,Present,7.6
A000743,S00075,2026-08-03,Present,9.0
A000744,S00075,2026-08-04,Present,8.5
A000745,S00075,2026-08-05,Present,7.6
A000746,S00075,2026-08-06,Absent,0.0
A000747,S00075,2026-08-07,Present,7.4
A000748,S00075,2026-08-08,Present,7.4
A000749,S00075,2026-08-09,Absent,0.0
A000750,S00075,2026-08-10,Half Day,4.6
A000751,S00076,2026-08-01,Present,9.5
A000752,S00076,2026-08-02,Present,7.2
A000753,S00076,2026-08-03,Present,9.0
A000754,S00076,2026-08-04,Half Day,4.0
A000755,S00076,2026-08-05,Present,7.4
A000756,S00076,2026-08-06,Present,8.0
A000757,S00076,2026-08-07,Present,8.5
A000758,S00076,2026-08-08,Present,8.0
A000759,S00076,2026-08-09,Present,7.8
A000760,S00076,2026-08-10,Absent,0.0
A000761,S00077,2026-08-01,Present,9.9
A000762,S00077,2026-08-02,Present,9.4
A000763,S00077,2026-08-03,Present,8.0
A000764,S00077,2026-08-04,Present,8.1
A000765,S00077,2026-08-05,Present,7.8
A000766,S00077,2026-08-06,Present,9.8
A000767,S00077,2026-08-07,Present,9.3
A000768,S00077,2026-08-08,Present,9.9
A000769,S00077,2026-08-09,Present,7.5
A000770,S00077,2026-08-10,Present,9.6
A000771,S00078,2026-08-01,Present,7.2
A000772,S00078,2026-08-02,Present,9.9
A000773,S00078,2026-08-03,Present,9.0
A000774,S00078,2026-08-04,Present,7.3
A000775,S00078,2026-08-05,Present,7.1
A000776,S00078,2026-08-06,Present,7.5
A000777,S00078,2026-08-07,Present,8.0
A000778,S00078,2026-08-08,Present,8.1
A000779,S00078,2026-08-09,Present,8.4
A000780,S00078,2026-08-10,Present,9.7
A000781,S00079,2026-08-01,Present,8.9
A000782,S00079,2026-08-02,Present,9.8
A000783,S00079,2026-08-03,Absent,0.0
A000784,S00079,2026-08-04,Present,7.7
A000785,S00079,2026-08-05,Absent,0.0
A000786,S00079,2026-08-06,Present,7.3
A000787,S00079,2026-08-07,Half Day,3.4
A000788,S00079,2026-08-08,Present,7.4
A000789,S00079,2026-08-09,Present,8.0
A000790,S00079,2026-08-10,Present,7.9
A000791,S00080,2026-08-01,Present,7.6
A000792,S00080,2026-08-02,Present,8.4
A000793,S00080,2026-08-03,Present,8.4
A000794,S00080,2026-08-04,Present,7.4
A000795,S00080,2026-08-05,Present,9.1
A000796,S00080,2026-08-06,Present,7.0
A000797,S00080,2026-08-07,Present,9.5
A000798,S00080,2026-08-08,Present,7.7
A000799,S00080,2026-08-09,Present,9.9
A000800,S00080,2026-08-10,Present,9.9
A000801,S00081,2026-08-01,Half Day,4.7
A000802,S00081,2026-08-02,Present,7.9
A000803,S00081,2026-08-03,Present,7.5
A000804,S00081,2026-08-04,Present,7.1
A000805,S00081,2026-08-05,Present,9.7
A000806,S00081,2026-08-06,Present,8.0
A000807,S00081,2026-08-07,Present,9.3
A000808,S00081,2026-08-08,Present,8.7
A000809,S00081,2026-08-09,Half Day,4.6
A000810,S00081,2026-08-10,Absent,0.0
A000811,S00082,2026-08-01,Present,7.5
A000812,S00082,2026-08-02,Present,7.6
A000813,S00082,2026-08-03,Present,9.0
A000814,S00082,2026-08-04,Half Day,3.6
A000815,S00082,2026-08-05,Half Day,4.7
A000816,S00082,2026-08-06,Present,8.5
A000817,S00082,2026-08-07,Present,8.2
A000818,S00082,2026-08-08,Present,9.7
A000819,S00082,2026-08-09,Present,7.7
A000820,S00082,2026-08-10,Present,7.6
A000821,S00083,2026-08-01,Present,7.4
A000822,S00083,2026-08-02,Present,7.7
A000823,S00083,2026-08-03,Present,8.4
A000824,S00083,2026-08-04,Present,9.8
A000825,S00083,2026-08-05,Half Day,3.8
A000826,S00083,2026-08-06,Present,7.0
A000827,S00083,2026-08-07,Present,7.4
A000828,S00083,2026-08-08,Present,8.2
A000829,S00083,2026-08-09,Present,9.5
A000830,S00083,2026-08-10,Present,8.9
A000831,S00084,2026-08-01,Present,7.4
A000832,S00084,2026-08-02,Present,7.8
A000833,S00084,2026-08-03,Present,7.3
A000834,S00084,2026-08-04,Present,9.1
A000835,S00084,2026-08-05,Present,8.1
A000836,S00084,2026-08-06,Present,9.4
A000837,S00084,2026-08-07,Present,7.3
A000838,S00084,2026-08-08,Present,9.6
A000839,S00084,2026-08-09,Present,7.7
A000840,S00084,2026-08-10,Present,7.8
A000841,S00085,2026-08-01,Present,7.1
A000842,S00085,2026-08-02,Present,9.5
A000843,S00085,2026-08-03,Present,7.1
A000844,S00085,2026-08-04,Present,8.5
A000845,S00085,2026-08-05,Present,7.6
A000846,S00085,2026-08-06,Present,8.6
A000847,S00085,2026-08-07,Present,8.0
A000848,S00085,2026-08-08,Present,9.0
A000849,S00085,2026-08-09,Half Day,4.7
A000850,S00085,2026-08-10,Half Day,4.7
A000851,S00086,2026-08-01,Present,8.5
A000852,S00086,2026-08-02,Absent,0.0
A000853,S00086,2026-08-03,Present,9.1
A000854,S00086,2026-08-04,Present,8.4
A000855,S00086,2026-08-05,Present,8.3
A000856,S00086,2026-08-06,Present,10.0
A000857,S00086,2026-08-07,Half Day,3.2
A000858,S00086,2026-08-08,Present,7.2
A000859,S00086,2026-08-09,Present,9.2
A000860,S00086,2026-08-10,Present,9.3
A000861,S00087,2026-08-01,Present,7.9
A000862,S00087,2026-08-02,Present,7.6
A000863,S00087,2026-08-03,Half Day,3.8
A000864,S00087,2026-08-04,Present,9.0
A000865,S00087,2026-08-05,Present,9.7
A000866,S00087,2026-08-06,Present,8.2
A000867,S00087,2026-08-07,Present,9.6
A000868,S00087,2026-08-08,Present,7.4
A000869,S00087,2026-08-09,Present,7.0
A000870,S00087,2026-08-10,Present,9.7
A000871,S00088,2026-08-01,Present,9.0
A000872,S00088,2026-08-02,Present,7.1
A000873,S00088,2026-08-03,Present,7.7
A000874,S00088,2026-08-04,Present,7.3
A000875,S00088,2026-08-05,Present,8.0
A000876,S00088,2026-08-06,Present,7.4
A000877,S00088,2026-08-07,Present,7.5
A000878,S00088,2026-08-08,Present,7.6
A000879,S00088,2026-08-09,Present,9.7
A000880,S00088,2026-08-10,Present,9.5
A000881,S00089,2026-08-01,Present,9.6
A000882,S00089,2026-08-02,Present,9.7
A000883,S00089,2026-08-03,Present,9.2
A000884,S00089,2026-08-04,Present,7.3
A000885,S00089,2026-08-05,Present,8.9
A000886,S00089,2026-08-06,Absent,0.0
A000887,S00089,2026-08-07,Present,8.4
A000888,S00089,2026-08-08,Present,9.1
A000889,S00089,2026-08-09,Present,7.8
A000890,S00089,2026-08-10,Half Day,4.7
A000891,S00090,2026-08-01,Present,8.3
A000892,S00090,2026-08-02,Present,9.8
A000893,S00090,2026-08-03,Present,9.3
A000894,S00090,2026-08-04,Absent,0.0
A000895,S00090,2026-08-05,Present,9.6
A000896,S00090,2026-08-06,Present,8.0
A000897,S00090,2026-08-07,Present,9.9
A000898,S00090,2026-08-08,Absent,0.0
A000899,S00090,2026-08-09,Present,8.9
A000900,S00090,2026-08-10,Present,9.7
A000901,S00091,2026-08-01,Present,9.0
A000902,S00091,2026-08-02,Present,8.0
A000903,S00091,2026-08-03,Present,7.2
A000904,S00091,2026-08-04,Present,7.8
A000905,S00091,2026-08-05,Present,7.3
A000906,S00091,2026-08-06,Present,8.4
A000907,S00091,2026-08-07,Present,9.7
A000908,S00091,2026-08-08,Absent,0.0
A000909,S00091,2026-08-09,Absent,0.0
A000910,S00091,2026-08-10,Present,8.8
A000911,S00092,2026-08-01,Present,9.4
A000912,S00092,2026-08-02,Present,7.8
A000913,S00092,2026-08-03,Half Day,4.0
A000914,S00092,2026-08-04,Present,7.3
A000915,S00092,2026-08-05,Present,7.6
A000916,S00092,2026-08-06,Present,9.7
A000917,S00092,2026-08-07,Present,9.5
A000918,S00092,2026-08-08,Present,8.1
A000919,S00092,2026-08-09,Present,9.2
A000920,S00092,2026-08-10,Absent,0.0
A000921,S00093,2026-08-01,Present,8.8
A000922,S00093,2026-08-02,Present,8.7
A000923,S00093,2026-08-03,Present,9.7
A000924,S00093,2026-08-04,Present,9.3
A000925,S00093,2026-08-05,Present,7.7
A000926,S00093,2026-08-06,Present,9.9
A000927,S00093,2026-08-07,Present,9.0
A000928,S00093,2026-08-08,Present,8.2
A000929,S00093,2026-08-09,Present,8.7
A000930,S00093,2026-08-10,Present,9.7
A000931,S00094,2026-08-01,Present,9.2
A000932,S00094,2026-08-02,Present,7.6
A000933,S00094,2026-08-03,Present,9.6
A000934,S00094,2026-08-04,Present,8.5
A000935,S00094,2026-08-05,Present,7.5
A000936,S00094,2026-08-06,Present,7.5
A000937,S00094,2026-08-07,Absent,0.0
A000938,S00094,2026-08-08,Present,9.5
A000939,S00094,2026-08-09,Present,7.7
A000940,S00094,2026-08-10,Present,7.8
A000941,S00095,2026-08-01,Present,7.3
A000942,S00095,2026-08-02,Half Day,3.5
A000943,S00095,2026-08-03,Present,7.3
A000944,S00095,2026-08-04,Present,9.8
A000945,S00095,2026-08-05,Present,8.8
A000946,S00095,2026-08-06,Present,9.5
A000947,S00095,2026-08-07,Half Day,3.8
A000948,S00095,2026-08-08,Present,8.0
A000949,S00095,2026-08-09,Present,7.9
A000950,S00095,2026-08-10,Present,8.3
A000951,S00096,2026-08-01,Present,7.3
A000952,S00096,2026-08-02,Present,7.9
A000953,S00096,2026-08-03,Present,9.2
A000954,S00096,2026-08-04,Present,7.3
A000955,S00096,2026-08-05,Present,9.5
A000956,S00096,2026-08-06,Present,8.4
A000957,S00096,2026-08-07,Present,8.7
A000958,S00096,2026-08-08,Present,8.3
A000959,S00096,2026-08-09,Present,9.7
A000960,S00096,2026-08-10,Absent,0.0
A000961,S00097,2026-08-01,Present,8.2
A000962,S00097,2026-08-02,Absent,0.0
A000963,S00097,2026-08-03,Present,8.3
A000964,S00097,2026-08-04,Absent,0.0
A000965,S00097,2026-08-05,Present,8.5
A000966,S00097,2026-08-06,Present,9.7
A000967,S00097,2026-08-07,Present,7.2
A000968,S00097,2026-08-08,Present,8.4
A000969,S00097,2026-08-09,Present,8.5
A000970,S00097,2026-08-10,Present,9.4
A000971,S00098,2026-08-01,Present,7.7
A000972,S00098,2026-08-02,Present,9.1
A000973,S00098,2026-08-03,Present,9.4
A000974,S00098,2026-08-04,Present,7.8
A000975,S00098,2026-08-05,Present,7.4
A000976,S00098,2026-08-06,Present,10.0
A000977,S00098,2026-08-07,Present,8.1
A000978,S00098,2026-08-08,Absent,0.0
A000979,S00098,2026-08-09,Absent,0.0
A000980,S00098,2026-08-10,Present,7.7
A000981,S00099,2026-08-01,Present,8.9
A000982,S00099,2026-08-02,Present,7.9
A000983,S00099,2026-08-03,Present,9.1
A000984,S00099,2026-08-04,Present,9.8
A000985,S00099,2026-08-05,Present,7.8
A000986,S00099,2026-08-06,Present,8.5
A000987,S00099,2026-08-07,Present,7.2
A000988,S00099,2026-08-08,Present,9.8
A000989,S00099,2026-08-09,Present,8.7
A000990,S00099,2026-08-10,Present,7.6
A000991,S00100,2026-08-01,Present,9.0
A000992,S00100,2026-08-02,Half Day,3.2
A000993,S00100,2026-08-03,Present,8.2
A000994,S00100,2026-08-04,Present,8.6
A000995,S00100,2026-08-05,Present,7.1
A000996,S00100,2026-08-06,Present,8.9
A000997,S00100,2026-08-07,Present,8.0
A000998,S00100,2026-08-08,Present,8.2
A000999,S00100,2026-08-09,Present,9.8
A001000,S00100,2026-08-10,Present,9.6
A001001,S00101,2026-08-01,Present,8.5
A001002,S00101,2026-08-02,Present,9.9
A001003,S00101,2026-08-03,Present,8.7
A001004,S00101,2026-08-04,Present,7.3
A001005,S00101,2026-08-05,Present,8.6
A001006,S00101,2026-08-06,Present,7.0
A001007,S00101,2026-08-07,Present,7.8
A001008,S00101,2026-08-08,Present,9.7
A001009,S00101,2026-08-09,Present,9.9
A001010,S00101,2026-08-10,Present,9.8
A001011,S00102,2026-08-01,Present,7.5
A001012,S00102,2026-08-02,Present,9.3
A001013,S00102,2026-08-03,Present,7.1
A001014,S00102,2026-08-04,Absent,0.0
A001015,S00102,2026-08-05,Present,7.3
A001016,S00102,2026-08-06,Present,8.2
A001017,S00102,2026-08-07,Present,7.6
A001018,S00102,2026-08-08,Half Day,3.5
A001019,S00102,2026-08-09,Present,9.4
A001020,S00102,2026-08-10,Present,9.0
A001021,S00103,2026-08-01,Present,8.8
A001022,S00103,2026-08-02,Present,7.5
A001023,S00103,2026-08-03,Present,7.4
A001024,S00103,2026-08-04,Present,8.1
A001025,S00103,2026-08-05,Present,8.2
A001026,S00103,2026-08-06,Present,7.7
A001027,S00103,2026-08-07,Present,8.7
A001028,S00103,2026-08-08,Present,7.2
A001029,S00103,2026-08-09,Present,9.2
A001030,S00103,2026-08-10,Present,9.7
A001031,S00104,2026-08-01,Present,8.8
A001032,S00104,2026-08-02,Present,9.5
A001033,S00104,2026-08-03,Present,9.2
A001034,S00104,2026-08-04,Absent,0.0
A001035,S00104,2026-08-05,Present,9.3
A001036,S00104,2026-08-06,Present,9.5
A001037,S00104,2026-08-07,Present,9.1
A001038,S00104,2026-08-08,Present,9.5
A001039,S00104,2026-08-09,Present,8.4
A001040,S00104,2026-08-10,Present,8.9
A001041,S00105,2026-08-01,Present,8.4
A001042,S00105,2026-08-02,Present,7.4
A001043,S00105,2026-08-03,Present,9.4
A001044,S00105,2026-08-04,Present,9.5
A001045,S00105,2026-08-05,Present,8.6
A001046,S00105,2026-08-06,Present,7.3
A001047,S00105,2026-08-07,Half Day,4.6
A001048,S00105,2026-08-08,Absent,0.0
A001049,S00105,2026-08-09,Present,9.7
A001050,S00105,2026-08-10,Present,9.7
A001051,S00106,2026-08-01,Half Day,3.0
A001052,S00106,2026-08-02,Present,9.6
A001053,S00106,2026-08-03,Present,7.1
A001054,S00106,2026-08-04,Present,7.4
A001055,S00106,2026-08-05,Present,8.2
A001056,S00106,2026-08-06,Present,7.1
A001057,S00106,2026-08-07,Present,7.2
A001058,S00106,2026-08-08,Present,8.5
A001059,S00106,2026-08-09,Present,9.5
A001060,S00106,2026-08-10,Absent,0.0
A001061,S00107,2026-08-01,Present,8.0
A001062,S00107,2026-08-02,Present,7.2
A001063,S00107,2026-08-03,Absent,0.0
A001064,S00107,2026-08-04,Present,9.5
A001065,S00107,2026-08-05,Half Day,3.5
A001066,S00107,2026-08-06,Present,8.3
A001067,S00107,2026-08-07,Present,8.5
A001068,S00107,2026-08-08,Present,8.0
A001069,S00107,2026-08-09,Absent,0.0
A001070,S00107,2026-08-10,Present,9.4
A001071,S00108,2026-08-01,Present,9.7
A001072,S00108,2026-08-02,Present,7.2
A001073,S00108,2026-08-03,Present,7.2
A001074,S00108,2026-08-04,Present,7.3
A001075,S00108,2026-08-05,Present,7.9
A001076,S00108,2026-08-06,Present,7.2
A001077,S00108,2026-08-07,Present,10.0
A001078,S00108,2026-08-08,Present,8.1
A001079,S00108,2026-08-09,Present,8.6
A001080,S00108,2026-08-10,Present,8.2
A001081,S00109,2026-08-01,Present,7.4
A001082,S00109,2026-08-02,Present,8.3
A001083,S00109,2026-08-03,Present,7.7
A001084,S00109,2026-08-04,Present,9.0
A001085,S00109,2026-08-05,Present,8.6
A001086,S00109,2026-08-06,Half Day,3.0
A001087,S00109,2026-08-07,Present,7.4
A001088,S00109,2026-08-08,Present,9.3
A001089,S00109,2026-08-09,Present,7.9
A001090,S00109,2026-08-10,Present,7.5
A001091,S00110,2026-08-01,Present,9.8
A001092,S00110,2026-08-02,Present,9.8
A001093,S00110,2026-08-03,Present,7.3
A001094,S00110,2026-08-04,Present,8.3
A001095,S00110,2026-08-05,Present,9.7
A001096,S00110,2026-08-06,Present,9.4
A001097,S00110,2026-08-07,Absent,0.0
A001098,S00110,2026-08-08,Present,9.4
A001099,S00110,2026-08-09,Present,7.9
A001100,S00110,2026-08-10,Present,7.2
A001101,S00111,2026-08-01,Present,7.5
A001102,S00111,2026-08-02,Present,8.4
A001103,S00111,2026-08-03,Present,8.1
A001104,S00111,2026-08-04,Present,9.5
A001105,S00111,2026-08-05,Present,7.3
A001106,S00111,2026-08-06,Present,7.1
A001107,S00111,2026-08-07,Present,7.8
A001108,S00111,2026-08-08,Present,7.3
A001109,S00111,2026-08-09,Present,7.1
A001110,S00111,2026-08-10,Present,7.2
A001111,S00112,2026-08-01,Present,9.6
A001112,S00112,2026-08-02,Present,7.8
A001113,S00112,2026-08-03,Present,7.5
A001114,S00112,2026-08-04,Present,8.7
A001115,S00112,2026-08-05,Present,8.5
A001116,S00112,2026-08-06,Present,8.2
A001117,S00112,2026-08-07,Present,9.3
A001118,S00112,2026-08-08,Present,7.7
A001119,S00112,2026-08-09,Present,7.0
A001120,S00112,2026-08-10,Present,9.1
A001121,S00113,2026-08-01,Present,7.7
A001122,S00113,2026-08-02,Present,8.8
A001123,S00113,2026-08-03,Present,9.7
A001124,S00113,2026-08-04,Absent,0.0
A001125,S00113,2026-08-05,Present,7.3
A001126,S00113,2026-08-06,Present,7.8
A001127,S00113,2026-08-07,Present,8.9
A001128,S00113,2026-08-08,Present,8.7
A001129,S00113,2026-08-09,Present,7.8
A001130,S00113,2026-08-10,Present,8.6
A001131,S00114,2026-08-01,Present,7.5
A001132,S00114,2026-08-02,Absent,0.0
A001133,S00114,2026-08-03,Present,9.4
A001134,S00114,2026-08-04,Present,7.2
A001135,S00114,2026-08-05,Present,7.7
A001136,S00114,2026-08-06,Present,9.7
A001137,S00114,2026-08-07,Present,7.2
A001138,S00114,2026-08-08,Present,7.8
A001139,S00114,2026-08-09,Present,9.7
A001140,S00114,2026-08-10,Absent,0.0
A001141,S00115,2026-08-01,Half Day,4.6
A001142,S00115,2026-08-02,Present,9.3
A001143,S00115,2026-08-03,Present,8.1
A001144,S00115,2026-08-04,Present,9.4
A001145,S00115,2026-08-05,Present,8.5
A001146,S00115,2026-08-06,Half Day,3.5
A001147,S00115,2026-08-07,Present,8.3
A001148,S00115,2026-08-08,Present,8.3
A001149,S00115,2026-08-09,Absent,0.0
A001150,S00115,2026-08-10,Present,9.8
A001151,S00116,2026-08-01,Present,8.3
A001152,S00116,2026-08-02,Present,8.4
A001153,S00116,2026-08-03,Present,9.4
A001154,S00116,2026-08-04,Present,7.5
A001155,S00116,2026-08-05,Present,8.9
A001156,S00116,2026-08-06,Present,8.9
A001157,S00116,2026-08-07,Half Day,3.1
A001158,S00116,2026-08-08,Present,8.3
A001159,S00116,2026-08-09,Present,9.0
A001160,S00116,2026-08-10,Present,9.1
A001161,S00117,2026-08-01,Present,9.1
A001162,S00117,2026-08-02,Present,8.1
A001163,S00117,2026-08-03,Present,8.4
A001164,S00117,2026-08-04,Present,8.4
A001165,S00117,2026-08-05,Present,9.0
A001166,S00117,2026-08-06,Present,7.3
A001167,S00117,2026-08-07,Present,8.1
A001168,S00117,2026-08-08,Present,7.3
A001169,S00117,2026-08-09,Present,9.9
A001170,S00117,2026-08-10,Present,9.3
A001171,S00118,2026-08-01,Present,9.1
A001172,S00118,2026-08-02,Present,7.1
A001173,S00118,2026-08-03,Present,10.0
A001174,S00118,2026-08-04,Absent,0.0
A001175,S00118,2026-08-05,Present,9.3
A001176,S00118,2026-08-06,Present,9.6
A001177,S00118,2026-08-07,Present,9.6
A001178,S00118,2026-08-08,Present,7.3
A001179,S00118,2026-08-09,Present,8.1
A001180,S00118,2026-08-10,Present,7.9
A001181,S00119,2026-08-01,Present,9.2
A001182,S00119,2026-08-02,Present,7.3
A001183,S00119,2026-08-03,Half Day,3.0
A001184,S00119,2026-08-04,Absent,0.0
A001185,S00119,2026-08-05,Present,7.4
A001186,S00119,2026-08-06,Present,9.6
A001187,S00119,2026-08-07,Present,8.8
A001188,S00119,2026-08-08,Present,8.3
A001189,S00119,2026-08-09,Present,9.1
A001190,S00119,2026-08-10,Present,9.0
A001191,S00120,2026-08-01,Present,8.4
A001192,S00120,2026-08-02,Present,7.9
A001193,S00120,2026-08-03,Present,7.6
A001194,S00120,2026-08-04,Present,7.6
A001195,S00120,2026-08-05,Half Day,3.6
A001196,S00120,2026-08-06,Present,9.2
A001197,S00120,2026-08-07,Present,9.3
A001198,S00120,2026-08-08,Present,8.4
A001199,S00120,2026-08-09,Present,7.5
A001200,S00120,2026-08-10,Present,8.0
A001201,S00121,2026-08-01,Present,8.5
A001202,S00121,2026-08-02,Present,8.9
A001203,S00121,2026-08-03,Present,7.2
A001204,S00121,2026-08-04,Present,7.4
A001205,S00121,2026-08-05,Present,9.9
A001206,S00121,2026-08-06,Present,9.6
A001207,S00121,2026-08-07,Present,9.7
A001208,S00121,2026-08-08,Present,8.6
A001209,S00121,2026-08-09,Absent,0.0
A001210,S00121,2026-08-10,Absent,0.0
A001211,S00122,2026-08-01,Absent,0.0
A001212,S00122,2026-08-02,Present,8.6
A001213,S00122,2026-08-03,Present,7.1
A001214,S00122,2026-08-04,Present,9.6
A001215,S00122,2026-08-05,Present,8.4
A001216,S00122,2026-08-06,Present,9.8
A001217,S00122,2026-08-07,Present,8.8
A001218,S00122,2026-08-08,Present,8.2
A001219,S00122,2026-08-09,Present,9.4
A001220,S00122,2026-08-10,Present,9.1
A001221,S00123,2026-08-01,Present,9.2
A001222,S00123,2026-08-02,Present,8.6
A001223,S00123,2026-08-03,Present,7.5
A001224,S00123,2026-08-04,Present,9.0
A001225,S00123,2026-08-05,Present,10.0
A001226,S00123,2026-08-06,Present,7.6
A001227,S00123,2026-08-07,Present,8.7
A001228,S00123,2026-08-08,Present,9.8
A001229,S00123,2026-08-09,Present,7.2
A001230,S00123,2026-08-10,Half Day,4.7
A001231,S00124,2026-08-01,Present,8.3
A001232,S00124,2026-08-02,Present,8.6
A001233,S00124,2026-08-03,Present,9.6
A001234,S00124,2026-08-04,Present,8.6
A001235,S00124,2026-08-05,Present,8.7
A001236,S00124,2026-08-06,Present,7.3
A001237,S00124,2026-08-07,Present,9.9
A001238,S00124,2026-08-08,Present,9.4
A001239,S00124,2026-08-09,Half Day,3.2
A001240,S00124,2026-08-10,Present,8.3
A001241,S00125,2026-08-01,Present,8.1
A001242,S00125,2026-08-02,Present,9.0
A001243,S00125,2026-08-03,Present,7.3
A001244,S00125,2026-08-04,Present,8.6
A001245,S00125,2026-08-05,Present,7.6
A001246,S00125,2026-08-06,Present,8.7
A001247,S00125,2026-08-07,Present,8.0
A001248,S00125,2026-08-08,Present,7.4
A001249,S00125,2026-08-09,Absent,0.0
A001250,S00125,2026-08-10,Present,8.5
A001251,S00126,2026-08-01,Present,10.0
A001252,S00126,2026-08-02,Present,7.1
A001253,S00126,2026-08-03,Present,7.2
A001254,S00126,2026-08-04,Present,9.9
A001255,S00126,2026-08-05,Absent,0.0
A001256,S00126,2026-08-06,Absent,0.0
A001257,S00126,2026-08-07,Present,9.4
A001258,S00126,2026-08-08,Present,9.5
A001259,S00126,2026-08-09,Present,7.8
A001260,S00126,2026-08-10,Present,7.4
A001261,S00127,2026-08-01,Present,8.0
A001262,S00127,2026-08-02,Present,7.9
A001263,S00127,2026-08-03,Present,8.6
A001264,S00127,2026-08-04,Present,9.3
A001265,S00127,2026-08-05,Present,8.8
A001266,S00127,2026-08-06,Present,7.2
A001267,S00127,2026-08-07,Present,8.4
A001268,S00127,2026-08-08,Present,7.7
A001269,S00127,2026-08-09,Absent,0.0
A001270,S00127,2026-08-10,Present,9.6
A001271,S00128,2026-08-01,Absent,0.0
A001272,S00128,2026-08-02,Present,7.2
A001273,S00128,2026-08-03,Absent,0.0
A001274,S00128,2026-08-04,Present,8.9
A001275,S00128,2026-08-05,Present,7.9
A001276,S00128,2026-08-06,Half Day,3.0
A001277,S00128,2026-08-07,Present,8.0
A001278,S00128,2026-08-08,Half Day,3.1
A001279,S00128,2026-08-09,Present,9.0
A001280,S00128,2026-08-10,Present,9.9
A001281,S00129,2026-08-01,Absent,0.0
A001282,S00129,2026-08-02,Present,7.3
A001283,S00129,2026-08-03,Present,7.3
A001284,S00129,2026-08-04,Present,8.1
A001285,S00129,2026-08-05,Present,8.2
A001286,S00129,2026-08-06,Present,8.7
A001287,S00129,2026-08-07,Present,7.1
A001288,S00129,2026-08-08,Present,9.9
A001289,S00129,2026-08-09,Present,8.6
A001290,S00129,2026-08-10,Present,8.5
A001291,S00130,2026-08-01,Absent,0.0
A001292,S00130,2026-08-02,Present,8.4
A001293,S00130,2026-08-03,Present,8.6
A001294,S00130,2026-08-04,Present,9.0
A001295,S00130,2026-08-05,Half Day,4.8
A001296,S00130,2026-08-06,Present,8.7
A001297,S00130,2026-08-07,Present,9.4
A001298,S00130,2026-08-08,Absent,0.0
A001299,S00130,2026-08-09,Present,7.4
A001300,S00130,2026-08-10,Present,7.3
A001301,S00131,2026-08-01,Absent,0.0
A001302,S00131,2026-08-02,Present,8.0
A001303,S00131,2026-08-03,Present,9.9
A001304,S00131,2026-08-04,Present,8.2
A001305,S00131,2026-08-05,Present,7.9
A001306,S00131,2026-08-06,Half Day,4.4
A001307,S00131,2026-08-07,Half Day,3.3
A001308,S00131,2026-08-08,Present,8.6
A001309,S00131,2026-08-09,Present,9.3
A001310,S00131,2026-08-10,Present,7.6
A001311,S00132,2026-08-01,Absent,0.0
A001312,S00132,2026-08-02,Present,7.4
A001313,S00132,2026-08-03,Present,8.6
A001314,S00132,2026-08-04,Present,7.2
A001315,S00132,2026-08-05,Present,7.3
A001316,S00132,2026-08-06,Absent,0.0
A001317,S00132,2026-08-07,Present,9.3
A001318,S00132,2026-08-08,Present,9.4
A001319,S00132,2026-08-09,Present,7.2
A001320,S00132,2026-08-10,Present,7.8
A001321,S00133,2026-08-01,Present,9.6
A001322,S00133,2026-08-02,Present,7.9
A001323,S00133,2026-08-03,Absent,0.0
A001324,S00133,2026-08-04,Present,9.8
A001325,S00133,2026-08-05,Present,9.2
A001326,S00133,2026-08-06,Present,8.7
A001327,S00133,2026-08-07,Present,8.0
A001328,S00133,2026-08-08,Absent,0.0
A001329,S00133,2026-08-09,Present,7.4
A001330,S00133,2026-08-10,Present,9.0
A001331,S00134,2026-08-01,Present,8.0
A001332,S00134,2026-08-02,Present,7.9
A001333,S00134,2026-08-03,Present,8.9
A001334,S00134,2026-08-04,Absent,0.0
A001335,S00134,2026-08-05,Absent,0.0
A001336,S00134,2026-08-06,Present,9.0
A001337,S00134,2026-08-07,Half Day,3.4
A001338,S00134,2026-08-08,Present,8.9
A001339,S00134,2026-08-09,Present,7.6
A001340,S00134,2026-08-10,Present,8.2
A001341,S00135,2026-08-01,Present,7.7
A001342,S00135,2026-08-02,Present,8.0
A001343,S00135,2026-08-03,Absent,0.0
A001344,S00135,2026-08-04,Present,7.2
A001345,S00135,2026-08-05,Present,9.6
A001346,S00135,2026-08-06,Present,8.2
A001347,S00135,2026-08-07,Present,7.5
A001348,S00135,2026-08-08,Present,7.4
A001349,S00135,2026-08-09,Present,9.2
A001350,S00135,2026-08-10,Present,8.4
A001351,S00136,2026-08-01,Present,9.6
A001352,S00136,2026-08-02,Present,9.6
A001353,S00136,2026-08-03,Present,8.2
A001354,S00136,2026-08-04,Present,7.8
A001355,S00136,2026-08-05,Absent,0.0
A001356,S00136,2026-08-06,Present,9.9
A001357,S00136,2026-08-07,Present,9.4
A001358,S00136,2026-08-08,Present,9.9
A001359,S00136,2026-08-09,Present,7.0
A001360,S00136,2026-08-10,Present,7.6
A001361,S00137,2026-08-01,Present,9.4
A001362,S00137,2026-08-02,Present,10.0
A001363,S00137,2026-08-03,Present,7.6
A001364,S00137,2026-08-04,Present,9.0
A001365,S00137,2026-08-05,Present,8.7
A001366,S00137,2026-08-06,Present,8.7
A001367,S00137,2026-08-07,Present,9.0
A001368,S00137,2026-08-08,Present,9.1
A001369,S00137,2026-08-09,Present,8.6
A001370,S00137,2026-08-10,Present,8.9
A001371,S00138,2026-08-01,Present,8.4
A001372,S00138,2026-08-02,Present,7.3
A001373,S00138,2026-08-03,Present,8.9
A001374,S00138,2026-08-04,Present,8.7
A001375,S00138,2026-08-05,Present,8.8
A001376,S00138,2026-08-06,Present,8.9
A001377,S00138,2026-08-07,Present,7.0
A001378,S00138,2026-08-08,Present,8.2
A001379,S00138,2026-08-09,Present,8.6
A001380,S00138,2026-08-10,Present,9.2
A001381,S00139,2026-08-01,Present,7.7
A001382,S00139,2026-08-02,Present,9.9
A001383,S00139,2026-08-03,Present,7.3
A001384,S00139,2026-08-04,Present,8.5
A001385,S00139,2026-08-05,Present,9.2
A001386,S00139,2026-08-06,Present,9.9
A001387,S00139,2026-08-07,Present,8.1
A001388,S00139,2026-08-08,Present,7.0
A001389,S00139,2026-08-09,Present,8.7
A001390,S00139,2026-08-10,Half Day,4.2
A001391,S00140,2026-08-01,Present,7.8
A001392,S00140,2026-08-02,Present,8.1
A001393,S00140,2026-08-03,Present,9.3
A001394,S00140,2026-08-04,Present,7.6
A001395,S00140,2026-08-05,Present,9.6
A001396,S00140,2026-08-06,Absent,0.0
A001397,S00140,2026-08-07,Present,8.5
A001398,S00140,2026-08-08,Absent,0.0
A001399,S00140,2026-08-09,Present,8.8
A001400,S00140,2026-08-10,Present,9.2
A001401,S00141,2026-08-01,Present,9.5
A001402,S00141,2026-08-02,Present,7.7
A001403,S00141,2026-08-03,Present,7.1
A001404,S00141,2026-08-04,Present,9.2
A001405,S00141,2026-08-05,Present,9.0
A001406,S00141,2026-08-06,Half Day,4.3
A001407,S00141,2026-08-07,Present,8.8
A001408,S00141,2026-08-08,Present,7.2
A001409,S00141,2026-08-09,Present,7.1
A001410,S00141,2026-08-10,Absent,0.0
A001411,S00142,2026-08-01,Present,9.7
A001412,S00142,2026-08-02,Present,8.4
A001413,S00142,2026-08-03,Present,10.0
A001414,S00142,2026-08-04,Present,9.3
A001415,S00142,2026-08-05,Present,9.3
A001416,S00142,2026-08-06,Present,8.6
A001417,S00142,2026-08-07,Present,9.1
A001418,S00142,2026-08-08,Present,8.1
A001419,S00142,2026-08-09,Present,7.3
A001420,S00142,2026-08-10,Present,8.5
A001421,S00143,2026-08-01,Present,9.3
A001422,S00143,2026-08-02,Present,8.9
A001423,S00143,2026-08-03,Absent,0.0
A001424,S00143,2026-08-04,Present,7.1
A001425,S00143,2026-08-05,Present,7.1
A001426,S00143,2026-08-06,Present,8.8
A001427,S00143,2026-08-07,Present,7.7
A001428,S00143,2026-08-08,Half Day,4.6
A001429,S00143,2026-08-09,Present,9.3
A001430,S00143,2026-08-10,Present,7.8
A001431,S00144,2026-08-01,Present,8.2
A001432,S00144,2026-08-02,Present,9.1
A001433,S00144,2026-08-03,Present,7.7
A001434,S00144,2026-08-04,Present,7.6
A001435,S00144,2026-08-05,Absent,0.0
A001436,S00144,2026-08-06,Present,9.9
A001437,S00144,2026-08-07,Present,9.6
A001438,S00144,2026-08-08,Present,9.4
A001439,S00144,2026-08-09,Present,9.4
A001440,S00144,2026-08-10,Present,8.4
A001441,S00145,2026-08-01,Present,8.4
A001442,S00145,2026-08-02,Present,9.3
A001443,S00145,2026-08-03,Half Day,4.6
A001444,S00145,2026-08-04,Half Day,4.4
A001445,S00145,2026-08-05,Present,7.2
A001446,S00145,2026-08-06,Present,7.1
A001447,S00145,2026-08-07,Present,7.8
A001448,S00145,2026-08-08,Present,8.8
A001449,S00145,2026-08-09,Present,8.8
A001450,S00145,2026-08-10,Present,9.2
A001451,S00146,2026-08-01,Present,9.1
A001452,S00146,2026-08-02,Present,7.5
A001453,S00146,2026-08-03,Present,7.2
A001454,S00146,2026-08-04,Present,9.5
A001455,S00146,2026-08-05,Present,8.2
A001456,S00146,2026-08-06,Absent,0.0
A001457,S00146,2026-08-07,Present,7.2
A001458,S00146,2026-08-08,Absent,0.0
A001459,S00146,2026-08-09,Present,7.5
A001460,S00146,2026-08-10,Present,8.6
A001461,S00147,2026-08-01,Half Day,4.5
A001462,S00147,2026-08-02,Present,7.8
A001463,S00147,2026-08-03,Half Day,4.2
A001464,S00147,2026-08-04,Present,8.9
A001465,S00147,2026-08-05,Present,7.6
A001466,S00147,2026-08-06,Half Day,4.3
A001467,S00147,2026-08-07,Present,8.5
A001468,S00147,2026-08-08,Present,9.3
A001469,S00147,2026-08-09,Present,8.8
A001470,S00147,2026-08-10,Present,9.7
A001471,S00148,2026-08-01,Present,9.3
A001472,S00148,2026-08-02,Present,9.0
A001473,S00148,2026-08-03,Present,7.8
A001474,S00148,2026-08-04,Present,7.9
A001475,S00148,2026-08-05,Present,9.0
A001476,S00148,2026-08-06,Half Day,4.8
A001477,S00148,2026-08-07,Present,9.9
A001478,S00148,2026-08-08,Present,8.8
A001479,S00148,2026-08-09,Present,8.8
A001480,S00148,2026-08-10,Present,9.6
A001481,S00149,2026-08-01,Present,9.5
A001482,S00149,2026-08-02,Present,8.9
A001483,S00149,2026-08-03,Present,7.1
A001484,S00149,2026-08-04,Present,8.3
A001485,S00149,2026-08-05,Half Day,3.4
A001486,S00149,2026-08-06,Present,7.2
A001487,S00149,2026-08-07,Present,9.0
A001488,S00149,2026-08-08,Present,8.3
A001489,S00149,2026-08-09,Present,8.1
A001490,S00149,2026-08-10,Present,9.5
A001491,S00150,2026-08-01,Present,8.8
A001492,S00150,2026-08-02,Present,9.2
A001493,S00150,2026-08-03,Present,9.1
A001494,S00150,2026-08-04,Present,9.2
A001495,S00150,2026-08-05,Present,9.7
A001496,S00150,2026-08-06,Present,8.5
A001497,S00150,2026-08-07,Present,7.8
A001498,S00150,2026-08-08,Present,9.5
A001499,S00150,2026-08-09,Present,9.0
A001500,S00150,2026-08-10,Present,7.8
A001501,S00151,2026-08-01,Present,7.7
A001502,S00151,2026-08-02,Present,9.6
A001503,S00151,2026-08-03,Present,7.3
A001504,S00151,2026-08-04,Present,9.8
A001505,S00151,2026-08-05,Present,9.6
A001506,S00151,2026-08-06,Absent,0.0
A001507,S00151,2026-08-07,Present,8.4
A001508,S00151,2026-08-08,Present,8.0
A001509,S00151,2026-08-09,Absent,0.0
A001510,S00151,2026-08-10,Half Day,4.2
A001511,S00152,2026-08-01,Half Day,3.1
A001512,S00152,2026-08-02,Present,8.3
A001513,S00152,2026-08-03,Present,8.1
A001514,S00152,2026-08-04,Present,9.4
A001515,S00152,2026-08-05,Present,9.9
A001516,S00152,2026-08-06,Present,9.5
A001517,S00152,2026-08-07,Present,7.4
A001518,S00152,2026-08-08,Present,8.8
A001519,S00152,2026-08-09,Present,7.6
A001520,S00152,2026-08-10,Present,8.3
A001521,S00153,2026-08-01,Present,8.8
A001522,S00153,2026-08-02,Absent,0.0
A001523,S00153,2026-08-03,Present,7.7
A001524,S00153,2026-08-04,Present,9.6
A001525,S00153,2026-08-05,Present,9.2
A001526,S00153,2026-08-06,Present,8.6
A001527,S00153,2026-08-07,Present,8.4
A001528,S00153,2026-08-08,Present,7.7
A001529,S00153,2026-08-09,Present,7.5
A001530,S00153,2026-08-10,Present,8.8
A001531,S00154,2026-08-01,Absent,0.0
A001532,S00154,2026-08-02,Present,8.6
A001533,S00154,2026-08-03,Half Day,3.5
A001534,S00154,2026-08-04,Half Day,4.4
A001535,S00154,2026-08-05,Present,10.0
A001536,S00154,2026-08-06,Present,9.9
A001537,S00154,2026-08-07,Present,7.4
A001538,S00154,2026-08-08,Present,9.7
A001539,S00154,2026-08-09,Absent,0.0
A001540,S00154,2026-08-10,Present,7.2
A001541,S00155,2026-08-01,Present,7.9
A001542,S00155,2026-08-02,Half Day,3.9
A001543,S00155,2026-08-03,Present,9.8
A001544,S00155,2026-08-04,Present,9.2
A001545,S00155,2026-08-05,Present,9.7
A001546,S00155,2026-08-06,Present,9.2
A001547,S00155,2026-08-07,Absent,0.0
A001548,S00155,2026-08-08,Present,7.1
A001549,S00155,2026-08-09,Absent,0.0
A001550,S00155,2026-08-10,Present,8.7
A001551,S00156,2026-08-01,Present,9.4
A001552,S00156,2026-08-02,Absent,0.0
A001553,S00156,2026-08-03,Half Day,3.9
A001554,S00156,2026-08-04,Absent,0.0
A001555,S00156,2026-08-05,Present,7.9
A001556,S00156,2026-08-06,Present,7.3
A001557,S00156,2026-08-07,Absent,0.0
A001558,S00156,2026-08-08,Present,7.8
A001559,S00156,2026-08-09,Present,7.3
A001560,S00156,2026-08-10,Present,8.1
A001561,S00157,2026-08-01,Half Day,3.9
A001562,S00157,2026-08-02,Present,9.9
A001563,S00157,2026-08-03,Present,8.1
A001564,S00157,2026-08-04,Present,9.8
A001565,S00157,2026-08-05,Present,8.9
A001566,S00157,2026-08-06,Present,9.3
A001567,S00157,2026-08-07,Present,8.3
A001568,S00157,2026-08-08,Present,9.6
A001569,S00157,2026-08-09,Present,8.1
A001570,S00157,2026-08-10,Absent,0.0
A001571,S00158,2026-08-01,Present,7.3
A001572,S00158,2026-08-02,Present,8.9
A001573,S00158,2026-08-03,Present,8.8
A001574,S00158,2026-08-04,Present,9.7
A001575,S00158,2026-08-05,Present,7.2
A001576,S00158,2026-08-06,Absent,0.0
A001577,S00158,2026-08-07,Present,8.0
A001578,S00158,2026-08-08,Present,8.9
A001579,S00158,2026-08-09,Present,8.6
A001580,S00158,2026-08-10,Absent,0.0
A001581,S00159,2026-08-01,Present,8.9
A001582,S00159,2026-08-02,Absent,0.0
A001583,S00159,2026-08-03,Present,9.4
A001584,S00159,2026-08-04,Half Day,4.4
A001585,S00159,2026-08-05,Present,9.9
A001586,S00159,2026-08-06,Absent,0.0
A001587,S00159,2026-08-07,Present,9.6
A001588,S00159,2026-08-08,Absent,0.0
A001589,S00159,2026-08-09,Present,8.4
A001590,S00159,2026-08-10,Present,7.5
A001591,S00160,2026-08-01,Present,7.4
A001592,S00160,2026-08-02,Present,9.0
A001593,S00160,2026-08-03,Present,9.7
A001594,S00160,2026-08-04,Present,7.2
A001595,S00160,2026-08-05,Absent,0.0
A001596,S00160,2026-08-06,Absent,0.0
A001597,S00160,2026-08-07,Absent,0.0
A001598,S00160,2026-08-08,Present,9.0
A001599,S00160,2026-08-09,Present,7.2
A001600,S00160,2026-08-10,Present,9.8
A001601,S00161,2026-08-01,Present,8.0
A001602,S00161,2026-08-02,Present,9.0
A001603,S00161,2026-08-03,Present,7.2
A001604,S00161,2026-08-04,Present,8.1
A001605,S00161,2026-08-05,Present,9.0
A001606,S00161,2026-08-06,Half Day,4.0
A001607,S00161,2026-08-07,Present,7.2
A001608,S00161,2026-08-08,Present,7.1
A001609,S00161,2026-08-09,Present,9.4
A001610,S00161,2026-08-10,Present,9.6
A001611,S00162,2026-08-01,Half Day,3.3
A001612,S00162,2026-08-02,Present,9.6
A001613,S00162,2026-08-03,Present,8.4
A001614,S00162,2026-08-04,Present,7.5
A001615,S00162,2026-08-05,Absent,0.0
A001616,S00162,2026-08-06,Present,8.0
A001617,S00162,2026-08-07,Half Day,3.8
A001618,S00162,2026-08-08,Present,9.3
A001619,S00162,2026-08-09,Present,7.1
A001620,S00162,2026-08-10,Present,8.7
A001621,S00163,2026-08-01,Absent,0.0
A001622,S00163,2026-08-02,Present,9.5
A001623,S00163,2026-08-03,Present,8.1
A001624,S00163,2026-08-04,Present,7.7
A001625,S00163,2026-08-05,Present,8.6
A001626,S00163,2026-08-06,Present,8.8
A001627,S00163,2026-08-07,Present,8.8
A001628,S00163,2026-08-08,Present,7.0
A001629,S00163,2026-08-09,Present,7.9
A001630,S00163,2026-08-10,Present,7.1
A001631,S00164,2026-08-01,Present,7.3
A001632,S00164,2026-08-02,Half Day,3.2
A001633,S00164,2026-08-03,Absent,0.0
A001634,S00164,2026-08-04,Present,7.0
A001635,S00164,2026-08-05,Present,9.3
A001636,S00164,2026-08-06,Present,9.1
A001637,S00164,2026-08-07,Present,7.1
A001638,S00164,2026-08-08,Present,8.3
A001639,S00164,2026-08-09,Absent,0.0
A001640,S00164,2026-08-10,Present,7.4
A001641,S00165,2026-08-01,Present,9.3
A001642,S00165,2026-08-02,Present,7.0
A001643,S00165,2026-08-03,Present,7.8
A001644,S00165,2026-08-04,Present,8.8
A001645,S00165,2026-08-05,Absent,0.0
A001646,S00165,2026-08-06,Present,7.6
A001647,S00165,2026-08-07,Half Day,3.7
A001648,S00165,2026-08-08,Present,8.8
A001649,S00165,2026-08-09,Present,7.0
A001650,S00165,2026-08-10,Present,7.3
A001651,S00166,2026-08-01,Present,7.4
A001652,S00166,2026-08-02,Present,8.9
A001653,S00166,2026-08-03,Present,9.6
A001654,S00166,2026-08-04,Present,9.9
A001655,S00166,2026-08-05,Present,9.6
A001656,S00166,2026-08-06,Present,7.5
A001657,S00166,2026-08-07,Half Day,3.2
A001658,S00166,2026-08-08,Present,8.2
A001659,S00166,2026-08-09,Present,7.9
A001660,S00166,2026-08-10,Present,9.2
A001661,S00167,2026-08-01,Present,9.2
A001662,S00167,2026-08-02,Present,9.6
A001663,S00167,2026-08-03,Present,9.5
A001664,S00167,2026-08-04,Present,9.8
A001665,S00167,2026-08-05,Present,9.8
A001666,S00167,2026-08-06,Present,9.8
A001667,S00167,2026-08-07,Present,8.8
A001668,S00167,2026-08-08,Present,8.4
A001669,S00167,2026-08-09,Absent,0.0
A001670,S00167,2026-08-10,Present,9.2
A001671,S00168,2026-08-01,Half Day,3.5
A001672,S00168,2026-08-02,Present,9.3
A001673,S00168,2026-08-03,Present,8.7
A001674,S00168,2026-08-04,Present,7.4
A001675,S00168,2026-08-05,Absent,0.0
A001676,S00168,2026-08-06,Half Day,3.4
A001677,S00168,2026-08-07,Present,8.7
A001678,S00168,2026-08-08,Present,9.6
A001679,S00168,2026-08-09,Present,8.1
A001680,S00168,2026-08-10,Present,9.0
A001681,S00169,2026-08-01,Present,8.2
A001682,S00169,2026-08-02,Present,9.3
A001683,S00169,2026-08-03,Present,8.7
A001684,S00169,2026-08-04,Present,8.4
A001685,S00169,2026-08-05,Present,7.6
A001686,S00169,2026-08-06,Present,9.2
A001687,S00169,2026-08-07,Present,9.3
A001688,S00169,2026-08-08,Present,8.3
A001689,S00169,2026-08-09,Present,8.2
A001690,S00169,2026-08-10,Present,7.4
A001691,S00170,2026-08-01,Present,8.8
A001692,S00170,2026-08-02,Present,8.7
A001693,S00170,2026-08-03,Present,8.6
A001694,S00170,2026-08-04,Present,8.7
A001695,S00170,2026-08-05,Present,9.8
A001696,S00170,2026-08-06,Present,7.3
A001697,S00170,2026-08-07,Present,9.3
A001698,S00170,2026-08-08,Present,10.0
A001699,S00170,2026-08-09,Absent,0.0
A001700,S00170,2026-08-10,Present,9.6
A001701,S00171,2026-08-01,Present,7.3
A001702,S00171,2026-08-02,Present,7.9
A001703,S00171,2026-08-03,Present,8.8
A001704,S00171,2026-08-04,Present,9.9
A001705,S00171,2026-08-05,Present,7.5
A001706,S00171,2026-08-06,Present,8.9
A001707,S00171,2026-08-07,Present,7.6
A001708,S00171,2026-08-08,Present,9.3
A001709,S00171,2026-08-09,Present,8.3
A001710,S00171,2026-08-10,Present,8.0
A001711,S00172,2026-08-01,Present,7.5
A001712,S00172,2026-08-02,Present,8.0
A001713,S00172,2026-08-03,Present,8.4
A001714,S00172,2026-08-04,Present,9.7
A001715,S00172,2026-08-05,Present,8.3
A001716,S00172,2026-08-06,Present,9.6
A001717,S00172,2026-08-07,Present,8.7
A001718,S00172,2026-08-08,Present,9.3
A001719,S00172,2026-08-09,Present,7.2
A001720,S00172,2026-08-10,Present,9.4
A001721,S00173,2026-08-01,Present,9.1
A001722,S00173,2026-08-02,Present,9.5
A001723,S00173,2026-08-03,Present,9.8
A001724,S00173,2026-08-04,Present,8.2
A001725,S00173,2026-08-05,Present,9.0
A001726,S00173,2026-08-06,Present,9.8
A001727,S00173,2026-08-07,Present,8.7
A001728,S00173,2026-08-08,Present,8.9
A001729,S00173,2026-08-09,Present,8.8
A001730,S00173,2026-08-10,Half Day,4.8
A001731,S00174,2026-08-01,Present,8.3
A001732,S00174,2026-08-02,Present,8.6
A001733,S00174,2026-08-03,Present,7.4
A001734,S00174,2026-08-04,Present,7.5
A001735,S00174,2026-08-05,Present,7.3
A001736,S00174,2026-08-06,Present,9.8
A001737,S00174,2026-08-07,Present,9.9
A001738,S00174,2026-08-08,Present,9.5
A001739,S00174,2026-08-09,Present,7.4
A001740,S00174,2026-08-10,Present,9.9
A001741,S00175,2026-08-01,Present,7.6
A001742,S00175,2026-08-02,Present,7.9
A001743,S00175,2026-08-03,Present,7.7
A001744,S00175,2026-08-04,Present,8.8
A001745,S00175,2026-08-05,Present,9.4
A001746,S00175,2026-08-06,Present,8.0
A001747,S00175,2026-08-07,Present,7.9
A001748,S00175,2026-08-08,Present,9.1
A001749,S00175,2026-08-09,Half Day,4.9
A001750,S00175,2026-08-10,Present,9.2
A001751,S00176,2026-08-01,Present,9.0
A001752,S00176,2026-08-02,Present,7.2
A001753,S00176,2026-08-03,Present,7.7
A001754,S00176,2026-08-04,Present,7.1
A001755,S00176,2026-08-05,Present,9.6
A001756,S00176,2026-08-06,Present,8.9
A001757,S00176,2026-08-07,Present,7.7
A001758,S00176,2026-08-08,Present,9.5
A001759,S00176,2026-08-09,Present,7.6
A001760,S00176,2026-08-10,Present,7.9
A001761,S00177,2026-08-01,Absent,0.0
A001762,S00177,2026-08-02,Present,8.9
A001763,S00177,2026-08-03,Present,9.8
A001764,S00177,2026-08-04,Present,9.1
A001765,S00177,2026-08-05,Present,9.2
A001766,S00177,2026-08-06,Half Day,4.8
A001767,S00177,2026-08-07,Present,8.8
A001768,S00177,2026-08-08,Present,9.0
A001769,S00177,2026-08-09,Absent,0.0
A001770,S00177,2026-08-10,Present,9.7
A001771,S00178,2026-08-01,Present,9.5
A001772,S00178,2026-08-02,Present,9.6
A001773,S00178,2026-08-03,Present,9.3
A001774,S00178,2026-08-04,Absent,0.0
A001775,S00178,2026-08-05,Present,9.5
A001776,S00178,2026-08-06,Present,7.2
A001777,S00178,2026-08-07,Present,8.0
A001778,S00178,2026-08-08,Present,9.5
A001779,S00178,2026-08-09,Present,8.9
A001780,S00178,2026-08-10,Present,7.0
A001781,S00179,2026-08-01,Absent,0.0
A001782,S00179,2026-08-02,Present,7.2
A001783,S00179,2026-08-03,Present,9.8
A001784,S00179,2026-08-04,Half Day,4.3
A001785,S00179,2026-08-05,Present,9.8
A001786,S00179,2026-08-06,Present,9.2
A001787,S00179,2026-08-07,Present,7.8
A001788,S00179,2026-08-08,Half Day,4.1
A001789,S00179,2026-08-09,Present,8.3
A001790,S00179,2026-08-10,Present,7.9
A001791,S00180,2026-08-01,Present,7.7
A001792,S00180,2026-08-02,Present,8.4
A001793,S00180,2026-08-03,Present,7.5
A001794,S00180,2026-08-04,Present,7.6
A001795,S00180,2026-08-05,Present,8.6
A001796,S00180,2026-08-06,Present,7.6
A001797,S00180,2026-08-07,Present,9.0
A001798,S00180,2026-08-08,Present,7.8
A001799,S00180,2026-08-09,Present,7.5
A001800,S00180,2026-08-10,Present,7.7
A001801,S00181,2026-08-01,Present,7.5
A001802,S00181,2026-08-02,Present,7.2
A001803,S00181,2026-08-03,Present,7.8
A001804,S00181,2026-08-04,Present,9.9
A001805,S00181,2026-08-05,Present,7.4
A001806,S00181,2026-08-06,Present,9.9
A001807,S00181,2026-08-07,Present,8.8
A001808,S00181,2026-08-08,Present,7.4
A001809,S00181,2026-08-09,Present,8.2
A001810,S00181,2026-08-10,Present,7.0
A001811,S00182,2026-08-01,Present,9.8
A001812,S00182,2026-08-02,Present,8.9
A001813,S00182,2026-08-03,Present,7.1
A001814,S00182,2026-08-04,Half Day,3.6
A001815,S00182,2026-08-05,Absent,0.0
A001816,S00182,2026-08-06,Present,7.8
A001817,S00182,2026-08-07,Present,8.0
A001818,S00182,2026-08-08,Present,7.8
A001819,S00182,2026-08-09,Half Day,4.6
A001820,S00182,2026-08-10,Absent,0.0
A001821,S00183,2026-08-01,Present,9.8
A001822,S00183,2026-08-02,Present,8.5
A001823,S00183,2026-08-03,Present,8.3
A001824,S00183,2026-08-04,Present,7.1
A001825,S00183,2026-08-05,Present,9.7
A001826,S00183,2026-08-06,Half Day,3.7
A001827,S00183,2026-08-07,Present,7.6
A001828,S00183,2026-08-08,Present,7.5
A001829,S00183,2026-08-09,Present,8.7
A001830,S00183,2026-08-10,Present,9.1
A001831,S00184,2026-08-01,Present,7.7
A001832,S00184,2026-08-02,Present,7.6
A001833,S00184,2026-08-03,Present,8.0
A001834,S00184,2026-08-04,Present,8.5
A001835,S00184,2026-08-05,Present,7.7
A001836,S00184,2026-08-06,Absent,0.0
A001837,S00184,2026-08-07,Present,7.4
A001838,S00184,2026-08-08,Present,9.0
A001839,S00184,2026-08-09,Half Day,4.5
A001840,S00184,2026-08-10,Present,8.2
A001841,S00185,2026-08-01,Present,8.7
A001842,S00185,2026-08-02,Present,8.1
A001843,S00185,2026-08-03,Half Day,4.7
A001844,S00185,2026-08-04,Present,9.3
A001845,S00185,2026-08-05,Present,9.0
A001846,S00185,2026-08-06,Present,9.1
A001847,S00185,2026-08-07,Present,9.3
A001848,S00185,2026-08-08,Present,7.4
A001849,S00185,2026-08-09,Present,8.8
A001850,S00185,2026-08-10,Present,8.3
A001851,S00186,2026-08-01,Present,7.1
A001852,S00186,2026-08-02,Present,7.4
A001853,S00186,2026-08-03,Present,8.0
A001854,S00186,2026-08-04,Present,8.5
A001855,S00186,2026-08-05,Present,7.6
A001856,S00186,2026-08-06,Present,7.5
A001857,S00186,2026-08-07,Present,8.8
A001858,S00186,2026-08-08,Absent,0.0
A001859,S00186,2026-08-09,Half Day,3.5
A001860,S00186,2026-08-10,Present,8.5
A001861,S00187,2026-08-01,Present,7.7
A001862,S00187,2026-08-02,Present,7.3
A001863,S00187,2026-08-03,Present,9.4
A001864,S00187,2026-08-04,Present,9.7
A001865,S00187,2026-08-05,Present,9.0
A001866,S00187,2026-08-06,Half Day,3.7
A001867,S00187,2026-08-07,Absent,0.0
A001868,S00187,2026-08-08,Absent,0.0
A001869,S00187,2026-08-09,Present,9.5
A001870,S00187,2026-08-10,Present,8.2
A001871,S00188,2026-08-01,Present,7.2
A001872,S00188,2026-08-02,Present,8.4
A001873,S00188,2026-08-03,Present,7.5
A001874,S00188,2026-08-04,Present,7.2
A001875,S00188,2026-08-05,Present,9.1
A001876,S00188,2026-08-06,Present,9.8
A001877,S00188,2026-08-07,Present,7.1
A001878,S00188,2026-08-08,Present,9.7
A001879,S00188,2026-08-09,Half Day,4.3
A001880,S00188,2026-08-10,Present,8.3
A001881,S00189,2026-08-01,Present,8.9
A001882,S00189,2026-08-02,Present,7.4
A001883,S00189,2026-08-03,Half Day,3.3
A001884,S00189,2026-08-04,Present,7.4
A001885,S00189,2026-08-05,Present,7.6
A001886,S00189,2026-08-06,Present,8.4
A001887,S00189,2026-08-07,Present,7.4
A001888,S00189,2026-08-08,Present,7.5
A001889,S00189,2026-08-09,Half Day,3.3
A001890,S00189,2026-08-10,Present,8.0
A001891,S00190,2026-08-01,Present,7.7
A001892,S00190,2026-08-02,Half Day,4.0
A001893,S00190,2026-08-03,Present,8.6
A001894,S00190,2026-08-04,Present,9.1
A001895,S00190,2026-08-05,Present,7.6
A001896,S00190,2026-08-06,Present,8.6
A001897,S00190,2026-08-07,Present,7.1
A001898,S00190,2026-08-08,Present,7.8
A001899,S00190,2026-08-09,Present,9.3
A001900,S00190,2026-08-10,Present,8.0
A001901,S00191,2026-08-01,Present,7.6
A001902,S00191,2026-08-02,Present,8.6
A001903,S00191,2026-08-03,Present,7.9
A001904,S00191,2026-08-04,Present,9.1
A001905,S00191,2026-08-05,Present,9.1
A001906,S00191,2026-08-06,Present,7.1
A001907,S00191,2026-08-07,Present,9.3
A001908,S00191,2026-08-08,Present,8.0
A001909,S00191,2026-08-09,Present,8.5
A001910,S00191,2026-08-10,Present,9.6
A001911,S00192,2026-08-01,Present,8.5
A001912,S00192,2026-08-02,Present,9.4
A001913,S00192,2026-08-03,Present,9.1
A001914,S00192,2026-08-04,Present,8.8
A001915,S00192,2026-08-05,Present,7.2
A001916,S00192,2026-08-06,Present,9.4
A001917,S00192,2026-08-07,Present,7.6
A001918,S00192,2026-08-08,Present,9.0
A001919,S00192,2026-08-09,Present,9.3
A001920,S00192,2026-08-10,Present,9.8
A001921,S00193,2026-08-01,Present,8.6
A001922,S00193,2026-08-02,Present,9.4
A001923,S00193,2026-08-03,Present,8.3
A001924,S00193,2026-08-04,Present,7.8
A001925,S00193,2026-08-05,Absent,0.0
A001926,S00193,2026-08-06,Present,7.7
A001927,S00193,2026-08-07,Present,7.1
A001928,S00193,2026-08-08,Absent,0.0
A001929,S00193,2026-08-09,Present,8.0
A001930,S00193,2026-08-10,Present,9.3
A001931,S00194,2026-08-01,Present,8.9
A001932,S00194,2026-08-02,Present,9.3
A001933,S00194,2026-08-03,Present,9.2
A001934,S00194,2026-08-04,Present,9.9
A001935,S00194,2026-08-05,Present,7.6
A001936,S00194,2026-08-06,Present,9.8
A001937,S00194,2026-08-07,Present,7.9
A001938,S00194,2026-08-08,Present,9.1
A001939,S00194,2026-08-09,Present,8.1
A001940,S00194,2026-08-10,Present,7.7
A001941,S00195,2026-08-01,Present,8.4
A001942,S00195,2026-08-02,Present,7.5
A001943,S00195,2026-08-03,Present,8.8
A001944,S00195,2026-08-04,Present,8.9
A001945,S00195,2026-08-05,Present,7.9
A001946,S00195,2026-08-06,Present,8.6
A001947,S00195,2026-08-07,Present,8.7
A001948,S00195,2026-08-08,Present,8.1
A001949,S00195,2026-08-09,Present,9.5
A001950,S00195,2026-08-10,Present,7.7
A001951,S00196,2026-08-01,Present,7.6
A001952,S00196,2026-08-02,Present,8.2
A001953,S00196,2026-08-03,Present,7.8
A001954,S00196,2026-08-04,Half Day,4.2
A001955,S00196,2026-08-05,Present,9.4
A001956,S00196,2026-08-06,Present,9.3
A001957,S00196,2026-08-07,Present,7.3
A001958,S00196,2026-08-08,Present,7.3
A001959,S00196,2026-08-09,Present,8.3
A001960,S00196,2026-08-10,Present,7.2
A001961,S00197,2026-08-01,Present,10.0
A001962,S00197,2026-08-02,Present,9.7
A001963,S00197,2026-08-03,Present,7.7
A001964,S00197,2026-08-04,Present,8.5
A001965,S00197,2026-08-05,Present,8.4
A001966,S00197,2026-08-06,Present,8.2
A001967,S00197,2026-08-07,Absent,0.0
A001968,S00197,2026-08-08,Present,9.0
A001969,S00197,2026-08-09,Present,8.0
A001970,S00197,2026-08-10,Present,8.4
A001971,S00198,2026-08-01,Present,7.4
A001972,S00198,2026-08-02,Present,9.0
A001973,S00198,2026-08-03,Present,7.2
A001974,S00198,2026-08-04,Present,9.9
A001975,S00198,2026-08-05,Present,10.0
A001976,S00198,2026-08-06,Present,7.3
A001977,S00198,2026-08-07,Absent,0.0
A001978,S00198,2026-08-08,Present,9.4
A001979,S00198,2026-08-09,Present,9.8
A001980,S00198,2026-08-10,Absent,0.0
A001981,S00199,2026-08-01,Present,9.0
A001982,S00199,2026-08-02,Present,7.7
A001983,S00199,2026-08-03,Present,8.0
A001984,S00199,2026-08-04,Present,7.1
A001985,S00199,2026-08-05,Present,7.7
A001986,S00199,2026-08-06,Present,9.5
A001987,S00199,2026-08-07,Present,9.7
A001988,S00199,2026-08-08,Present,8.3
A001989,S00199,2026-08-09,Present,9.8
A001990,S00199,2026-08-10,Present,7.9
A001991,S00200,2026-08-01,Half Day,3.0
A001992,S00200,2026-08-02,Present,7.9
A001993,S00200,2026-08-03,Present,7.1
A001994,S00200,2026-08-04,Present,8.8
A001995,S00200,2026-08-05,Present,9.6
A001996,S00200,2026-08-06,Present,8.9
A001997,S00200,2026-08-07,Present,8.5
A001998,S00200,2026-08-08,Present,9.5
A001999,S00200,2026-08-09,Present,7.5
A002000,S00200,2026-08-10,Present,7.7
A002001,S00201,2026-08-01,Present,9.1
A002002,S00201,2026-08-02,Present,8.0
A002003,S00201,2026-08-03,Present,8.8
A002004,S00201,2026-08-04,Present,7.3
A002005,S00201,2026-08-05,Present,8.6
A002006,S00201,2026-08-06,Absent,0.0
A002007,S00201,2026-08-07,Present,9.5
A002008,S00201,2026-08-08,Present,8.4
A002009,S00201,2026-08-09,Present,8.1
A002010,S00201,2026-08-10,Present,9.7
A002011,S00202,2026-08-01,Present,8.4
A002012,S00202,2026-08-02,Present,9.1
A002013,S00202,2026-08-03,Present,7.7
A002014,S00202,2026-08-04,Present,9.5
A002015,S00202,2026-08-05,Present,9.2
A002016,S00202,2026-08-06,Present,8.6
A002017,S00202,2026-08-07,Present,7.6
A002018,S00202,2026-08-08,Present,9.4
A002019,S00202,2026-08-09,Present,8.4
A002020,S00202,2026-08-10,Present,7.9
A002021,S00203,2026-08-01,Present,9.7
A002022,S00203,2026-08-02,Present,7.6
A002023,S00203,2026-08-03,Present,8.6
A002024,S00203,2026-08-04,Half Day,4.1
A002025,S00203,2026-08-05,Present,7.8
A002026,S00203,2026-08-06,Present,8.5
A002027,S00203,2026-08-07,Present,9.1
A002028,S00203,2026-08-08,Present,8.8
A002029,S00203,2026-08-09,Present,8.5
A002030,S00203,2026-08-10,Present,8.9
A002031,S00204,2026-08-01,Present,7.0
A002032,S00204,2026-08-02,Present,8.1
A002033,S00204,2026-08-03,Present,8.8
A002034,S00204,2026-08-04,Present,8.4
A002035,S00204,2026-08-05,Present,9.3
A002036,S00204,2026-08-06,Half Day,4.3
A002037,S00204,2026-08-07,Present,8.8
A002038,S00204,2026-08-08,Present,8.4
A002039,S00204,2026-08-09,Present,8.8
A002040,S00204,2026-08-10,Present,9.3
A002041,S00205,2026-08-01,Present,8.3
A002042,S00205,2026-08-02,Present,9.2
A002043,S00205,2026-08-03,Present,9.8
A002044,S00205,2026-08-04,Present,8.8
A002045,S00205,2026-08-05,Half Day,4.9
A002046,S00205,2026-08-06,Present,9.4
A002047,S00205,2026-08-07,Present,8.7
A002048,S00205,2026-08-08,Present,8.5
A002049,S00205,2026-08-09,Present,8.0
A002050,S00205,2026-08-10,Present,9.0
A002051,S00206,2026-08-01,Present,8.7
A002052,S00206,2026-08-02,Present,7.3
A002053,S00206,2026-08-03,Present,9.4
A002054,S00206,2026-08-04,Present,7.2
A002055,S00206,2026-08-05,Absent,0.0
A002056,S00206,2026-08-06,Present,8.9
A002057,S00206,2026-08-07,Present,8.1
A002058,S00206,2026-08-08,Half Day,3.0
A002059,S00206,2026-08-09,Half Day,3.4
A002060,S00206,2026-08-10,Present,9.8
A002061,S00207,2026-08-01,Present,9.9
A002062,S00207,2026-08-02,Absent,0.0
A002063,S00207,2026-08-03,Present,7.2
A002064,S00207,2026-08-04,Present,7.4
A002065,S00207,2026-08-05,Half Day,3.5
A002066,S00207,2026-08-06,Present,10.0
A002067,S00207,2026-08-07,Present,7.3
A002068,S00207,2026-08-08,Present,10.0
A002069,S00207,2026-08-09,Present,8.1
A002070,S00207,2026-08-10,Present,7.7
A002071,S00208,2026-08-01,Present,9.8
A002072,S00208,2026-08-02,Present,7.6
A002073,S00208,2026-08-03,Present,7.3
A002074,S00208,2026-08-04,Present,8.3
A002075,S00208,2026-08-05,Present,8.0
A002076,S00208,2026-08-06,Present,9.6
A002077,S00208,2026-08-07,Present,9.8
A002078,S00208,2026-08-08,Present,8.6
A002079,S00208,2026-08-09,Present,7.8
A002080,S00208,2026-08-10,Present,9.4
A002081,S00209,2026-08-01,Present,9.9
A002082,S00209,2026-08-02,Present,7.1
A002083,S00209,2026-08-03,Absent,0.0
A002084,S00209,2026-08-04,Absent,0.0
A002085,S00209,2026-08-05,Present,7.9
A002086,S00209,2026-08-06,Present,8.1
A002087,S00209,2026-08-07,Present,7.3
A002088,S00209,2026-08-08,Present,9.4
A002089,S00209,2026-08-09,Present,7.5
A002090,S00209,2026-08-10,Present,9.1
A002091,S00210,2026-08-01,Present,9.0
A002092,S00210,2026-08-02,Present,7.7
A002093,S00210,2026-08-03,Present,8.7
A002094,S00210,2026-08-04,Present,9.2
A002095,S00210,2026-08-05,Present,7.1
A002096,S00210,2026-08-06,Present,9.2
A002097,S00210,2026-08-07,Present,7.9
A002098,S00210,2026-08-08,Present,9.3
A002099,S00210,2026-08-09,Present,9.7
A002100,S00210,2026-08-10,Present,8.4
A002101,S00211,2026-08-01,Present,9.2
A002102,S00211,2026-08-02,Present,8.8
A002103,S00211,2026-08-03,Present,9.2
A002104,S00211,2026-08-04,Present,7.7
A002105,S00211,2026-08-05,Present,9.5
A002106,S00211,2026-08-06,Present,9.3
A002107,S00211,2026-08-07,Present,7.6
A002108,S00211,2026-08-08,Present,7.5
A002109,S00211,2026-08-09,Present,8.6
A002110,S00211,2026-08-10,Present,7.0
A002111,S00212,2026-08-01,Present,7.3
A002112,S00212,2026-08-02,Present,8.4
A002113,S00212,2026-08-03,Present,7.5
A002114,S00212,2026-08-04,Half Day,4.4
A002115,S00212,2026-08-05,Present,9.6
A002116,S00212,2026-08-06,Present,10.0
A002117,S00212,2026-08-07,Present,8.4
A002118,S00212,2026-08-08,Present,8.9
A002119,S00212,2026-08-09,Present,8.8
A002120,S00212,2026-08-10,Present,7.9
A002121,S00213,2026-08-01,Present,9.4
A002122,S00213,2026-08-02,Present,7.0
A002123,S00213,2026-08-03,Present,8.0
A002124,S00213,2026-08-04,Present,7.3
A002125,S00213,2026-08-05,Half Day,3.7
A002126,S00213,2026-08-06,Present,9.5
A002127,S00213,2026-08-07,Present,8.4
A002128,S00213,2026-08-08,Present,8.0
A002129,S00213,2026-08-09,Half Day,3.3
A002130,S00213,2026-08-10,Half Day,4.2
A002131,S00214,2026-08-01,Present,8.7
A002132,S00214,2026-08-02,Present,8.1
A002133,S00214,2026-08-03,Present,7.1
A002134,S00214,2026-08-04,Present,7.9
A002135,S00214,2026-08-05,Present,9.5
A002136,S00214,2026-08-06,Present,9.3
A002137,S00214,2026-08-07,Present,7.6
A002138,S00214,2026-08-08,Present,8.6
A002139,S00214,2026-08-09,Present,9.7
A002140,S00214,2026-08-10,Present,8.1
A002141,S00215,2026-08-01,Present,8.6
A002142,S00215,2026-08-02,Present,8.4
A002143,S00215,2026-08-03,Absent,0.0
A002144,S00215,2026-08-04,Present,7.6
A002145,S00215,2026-08-05,Present,7.3
A002146,S00215,2026-08-06,Present,9.3
A002147,S00215,2026-08-07,Present,7.5
A002148,S00215,2026-08-08,Present,9.6
A002149,S00215,2026-08-09,Present,7.9
A002150,S00215,2026-08-10,Present,9.2
A002151,S00216,2026-08-01,Present,9.3
A002152,S00216,2026-08-02,Present,7.7
A002153,S00216,2026-08-03,Present,7.5
A002154,S00216,2026-08-04,Present,8.2
A002155,S00216,2026-08-05,Present,7.5
A002156,S00216,2026-08-06,Half Day,3.6
A002157,S00216,2026-08-07,Present,7.2
A002158,S00216,2026-08-08,Present,7.3
A002159,S00216,2026-08-09,Present,7.5
A002160,S00216,2026-08-10,Present,8.4
A002161,S00217,2026-08-01,Present,9.2
A002162,S00217,2026-08-02,Present,7.2
A002163,S00217,2026-08-03,Present,8.1
A002164,S00217,2026-08-04,Present,8.1
A002165,S00217,2026-08-05,Present,7.4
A002166,S00217,2026-08-06,Present,8.8
A002167,S00217,2026-08-07,Present,7.4
A002168,S00217,2026-08-08,Present,8.3
A002169,S00217,2026-08-09,Present,8.6
A002170,S00217,2026-08-10,Present,7.3
A002171,S00218,2026-08-01,Present,8.2
A002172,S00218,2026-08-02,Present,7.6
A002173,S00218,2026-08-03,Present,8.8
A002174,S00218,2026-08-04,Present,8.3
A002175,S00218,2026-08-05,Present,8.2
A002176,S00218,2026-08-06,Present,8.4
A002177,S00218,2026-08-07,Present,9.6
A002178,S00218,2026-08-08,Present,9.5
A002179,S00218,2026-08-09,Absent,0.0
A002180,S00218,2026-08-10,Present,8.9
A002181,S00219,2026-08-01,Present,8.9
A002182,S00219,2026-08-02,Present,8.2
A002183,S00219,2026-08-03,Half Day,3.1
A002184,S00219,2026-08-04,Present,9.5
A002185,S00219,2026-08-05,Present,9.9
A002186,S00219,2026-08-06,Present,8.7
A002187,S00219,2026-08-07,Present,7.6
A002188,S00219,2026-08-08,Present,9.5
A002189,S00219,2026-08-09,Present,9.6
A002190,S00219,2026-08-10,Present,7.1
A002191,S00220,2026-08-01,Present,7.3
A002192,S00220,2026-08-02,Present,7.7
A002193,S00220,2026-08-03,Present,7.1
A002194,S00220,2026-08-04,Present,9.5
A002195,S00220,2026-08-05,Present,9.2
A002196,S00220,2026-08-06,Present,9.9
A002197,S00220,2026-08-07,Absent,0.0
A002198,S00220,2026-08-08,Present,8.1
A002199,S00220,2026-08-09,Present,8.5
A002200,S00220,2026-08-10,Present,9.2
A002201,S00221,2026-08-01,Present,8.5
A002202,S00221,2026-08-02,Present,8.2
A002203,S00221,2026-08-03,Present,8.8
A002204,S00221,2026-08-04,Present,9.1
A002205,S00221,2026-08-05,Present,9.6
A002206,S00221,2026-08-06,Present,8.1
A002207,S00221,2026-08-07,Present,7.8
A002208,S00221,2026-08-08,Present,8.9
A002209,S00221,2026-08-09,Present,9.6
A002210,S00221,2026-08-10,Present,7.6
A002211,S00222,2026-08-01,Absent,0.0
A002212,S00222,2026-08-02,Half Day,3.9
A002213,S00222,2026-08-03,Present,8.9
A002214,S00222,2026-08-04,Present,7.2
A002215,S00222,2026-08-05,Present,9.6
A002216,S00222,2026-08-06,Present,9.8
A002217,S00222,2026-08-07,Present,7.8
A002218,S00222,2026-08-08,Present,9.2
A002219,S00222,2026-08-09,Present,8.7
A002220,S00222,2026-08-10,Present,8.6
A002221,S00223,2026-08-01,Present,8.8
A002222,S00223,2026-08-02,Present,7.6
A002223,S00223,2026-08-03,Present,9.4
A002224,S00223,2026-08-04,Present,9.5
A002225,S00223,2026-08-05,Present,9.8
A002226,S00223,2026-08-06,Present,9.0
A002227,S00223,2026-08-07,Present,8.1
A002228,S00223,2026-08-08,Present,8.4
A002229,S00223,2026-08-09,Present,8.8
A002230,S00223,2026-08-10,Present,9.1
A002231,S00224,2026-08-01,Present,8.9
A002232,S00224,2026-08-02,Half Day,3.8
A002233,S00224,2026-08-03,Present,7.9
A002234,S00224,2026-08-04,Present,8.3
A002235,S00224,2026-08-05,Present,8.9
A002236,S00224,2026-08-06,Present,7.9
A002237,S00224,2026-08-07,Absent,0.0
A002238,S00224,2026-08-08,Present,7.9
A002239,S00224,2026-08-09,Present,10.0
A002240,S00224,2026-08-10,Present,7.0
A002241,S00225,2026-08-01,Present,9.6
A002242,S00225,2026-08-02,Present,7.4
A002243,S00225,2026-08-03,Present,8.1
A002244,S00225,2026-08-04,Present,7.4
A002245,S00225,2026-08-05,Present,9.8
A002246,S00225,2026-08-06,Present,9.6
A002247,S00225,2026-08-07,Present,8.6
A002248,S00225,2026-08-08,Present,9.2
A002249,S00225,2026-08-09,Present,9.5
A002250,S00225,2026-08-10,Present,8.4
A002251,S00226,2026-08-01,Present,7.1
A002252,S00226,2026-08-02,Present,9.2
A002253,S00226,2026-08-03,Present,9.8
A002254,S00226,2026-08-04,Present,9.7
A002255,S00226,2026-08-05,Present,7.6
A002256,S00226,2026-08-06,Absent,0.0
A002257,S00226,2026-08-07,Present,9.2
A002258,S00226,2026-08-08,Present,7.9
A002259,S00226,2026-08-09,Present,7.5
A002260,S00226,2026-08-10,Present,7.8
A002261,S00227,2026-08-01,Present,8.6
A002262,S00227,2026-08-02,Present,9.5
A002263,S00227,2026-08-03,Present,9.0
A002264,S00227,2026-08-04,Present,8.8
A002265,S00227,2026-08-05,Present,9.4
A002266,S00227,2026-08-06,Present,9.2
A002267,S00227,2026-08-07,Present,7.7
A002268,S00227,2026-08-08,Present,9.0
A002269,S00227,2026-08-09,Present,7.1
A002270,S00227,2026-08-10,Present,7.9
A002271,S00228,2026-08-01,Half Day,3.7
A002272,S00228,2026-08-02,Present,9.4
A002273,S00228,2026-08-03,Absent,0.0
A002274,S00228,2026-08-04,Absent,0.0
A002275,S00228,2026-08-05,Present,9.0
A002276,S00228,2026-08-06,Present,8.2
A002277,S00228,2026-08-07,Present,9.2
A002278,S00228,2026-08-08,Absent,0.0
A002279,S00228,2026-08-09,Present,8.1
A002280,S00228,2026-08-10,Present,9.9
A002281,S00229,2026-08-01,Present,8.2
A002282,S00229,2026-08-02,Present,9.9
A002283,S00229,2026-08-03,Present,7.3
A002284,S00229,2026-08-04,Present,9.7
A002285,S00229,2026-08-05,Absent,0.0
A002286,S00229,2026-08-06,Present,9.3
A002287,S00229,2026-08-07,Half Day,3.0
A002288,S00229,2026-08-08,Present,9.9
A002289,S00229,2026-08-09,Present,9.7
A002290,S00229,2026-08-10,Present,8.9
A002291,S00230,2026-08-01,Present,9.2
A002292,S00230,2026-08-02,Half Day,3.2
A002293,S00230,2026-08-03,Present,7.1
A002294,S00230,2026-08-04,Present,9.5
A002295,S00230,2026-08-05,Present,7.7
A002296,S00230,2026-08-06,Present,9.7
A002297,S00230,2026-08-07,Present,10.0
A002298,S00230,2026-08-08,Absent,0.0
A002299,S00230,2026-08-09,Present,8.8
A002300,S00230,2026-08-10,Present,7.9
A002301,S00231,2026-08-01,Present,9.9
A002302,S00231,2026-08-02,Present,9.3
A002303,S00231,2026-08-03,Present,8.5
A002304,S00231,2026-08-04,Present,7.8
A002305,S00231,2026-08-05,Present,8.0
A002306,S00231,2026-08-06,Present,8.7
A002307,S00231,2026-08-07,Absent,0.0
A002308,S00231,2026-08-08,Absent,0.0
A002309,S00231,2026-08-09,Present,9.0
A002310,S00231,2026-08-10,Present,8.0
A002311,S00232,2026-08-01,Present,8.1
A002312,S00232,2026-08-02,Present,9.7
A002313,S00232,2026-08-03,Present,8.9
A002314,S00232,2026-08-04,Present,9.9
A002315,S00232,2026-08-05,Present,8.9
A002316,S00232,2026-08-06,Absent,0.0
A002317,S00232,2026-08-07,Half Day,4.1
A002318,S00232,2026-08-08,Present,7.5
A002319,S00232,2026-08-09,Present,7.4
A002320,S00232,2026-08-10,Present,9.9
A002321,S00233,2026-08-01,Present,7.2
A002322,S00233,2026-08-02,Present,8.4
A002323,S00233,2026-08-03,Present,9.2
A002324,S00233,2026-08-04,Present,7.6
A002325,S00233,2026-08-05,Present,9.8
A002326,S00233,2026-08-06,Present,8.0
A002327,S00233,2026-08-07,Absent,0.0
A002328,S00233,2026-08-08,Present,8.4
A002329,S00233,2026-08-09,Present,9.8
A002330,S00233,2026-08-10,Absent,0.0
A002331,S00234,2026-08-01,Present,7.1
A002332,S00234,2026-08-02,Present,7.2
A002333,S00234,2026-08-03,Present,8.6
A002334,S00234,2026-08-04,Present,8.2
A002335,S00234,2026-08-05,Present,9.4
A002336,S00234,2026-08-06,Present,7.9
A002337,S00234,2026-08-07,Present,7.5
A002338,S00234,2026-08-08,Half Day,4.0
A002339,S00234,2026-08-09,Present,9.2
A002340,S00234,2026-08-10,Present,7.5
A002341,S00235,2026-08-01,Half Day,3.4
A002342,S00235,2026-08-02,Absent,0.0
A002343,S00235,2026-08-03,Present,7.9
A002344,S00235,2026-08-04,Half Day,3.5
A002345,S00235,2026-08-05,Present,8.2
A002346,S00235,2026-08-06,Present,8.8
A002347,S00235,2026-08-07,Present,7.4
A002348,S00235,2026-08-08,Present,8.8
A002349,S00235,2026-08-09,Present,8.5
A002350,S00235,2026-08-10,Present,9.3
A002351,S00236,2026-08-01,Present,9.4
A002352,S00236,2026-08-02,Present,7.1
A002353,S00236,2026-08-03,Present,8.2
A002354,S00236,2026-08-04,Present,8.4
A002355,S00236,2026-08-05,Present,8.2
A002356,S00236,2026-08-06,Present,8.4
A002357,S00236,2026-08-07,Present,8.4
A002358,S00236,2026-08-08,Present,8.2
A002359,S00236,2026-08-09,Present,8.3
A002360,S00236,2026-08-10,Present,8.0
A002361,S00237,2026-08-01,Present,8.8
A002362,S00237,2026-08-02,Present,8.4
A002363,S00237,2026-08-03,Present,9.4
A002364,S00237,2026-08-04,Present,9.1
A002365,S00237,2026-08-05,Present,8.5
A002366,S00237,2026-08-06,Present,7.1
A002367,S00237,2026-08-07,Present,9.7
A002368,S00237,2026-08-08,Present,8.3
A002369,S00237,2026-08-09,Present,9.4
A002370,S00237,2026-08-10,Present,8.2
A002371,S00238,2026-08-01,Present,8.4
A002372,S00238,2026-08-02,Present,9.2
A002373,S00238,2026-08-03,Present,8.6
A002374,S00238,2026-08-04,Present,7.5
A002375,S00238,2026-08-05,Present,8.8
A002376,S00238,2026-08-06,Present,8.8
A002377,S00238,2026-08-07,Present,8.0
A002378,S00238,2026-08-08,Present,7.9
A002379,S00238,2026-08-09,Present,8.0
A002380,S00238,2026-08-10,Present,7.7
A002381,S00239,2026-08-01,Present,7.9
A002382,S00239,2026-08-02,Present,8.1
A002383,S00239,2026-08-03,Absent,0.0
A002384,S00239,2026-08-04,Present,8.4
A002385,S00239,2026-08-05,Present,9.0
A002386,S00239,2026-08-06,Present,7.8
A002387,S00239,2026-08-07,Present,8.1
A002388,S00239,2026-08-08,Present,9.7
A002389,S00239,2026-08-09,Present,8.1
A002390,S00239,2026-08-10,Present,7.5
A002391,S00240,2026-08-01,Absent,0.0
A002392,S00240,2026-08-02,Present,8.1
A002393,S00240,2026-08-03,Present,8.9
A002394,S00240,2026-08-04,Present,7.8
A002395,S00240,2026-08-05,Half Day,4.5
A002396,S00240,2026-08-06,Present,7.1
A002397,S00240,2026-08-07,Half Day,4.8
A002398,S00240,2026-08-08,Present,8.7
A002399,S00240,2026-08-09,Half Day,3.1
A002400,S00240,2026-08-10,Present,8.8
A002401,S00241,2026-08-01,Absent,0.0
A002402,S00241,2026-08-02,Present,7.4
A002403,S00241,2026-08-03,Present,8.6
A002404,S00241,2026-08-04,Present,9.2
A002405,S00241,2026-08-05,Present,8.1
A002406,S00241,2026-08-06,Present,8.1
A002407,S00241,2026-08-07,Absent,0.0
A002408,S00241,2026-08-08,Present,9.6
A002409,S00241,2026-08-09,Present,7.7
A002410,S00241,2026-08-10,Present,9.1
A002411,S00242,2026-08-01,Present,7.6
A002412,S00242,2026-08-02,Half Day,3.8
A002413,S00242,2026-08-03,Present,7.2
A002414,S00242,2026-08-04,Half Day,3.7
A002415,S00242,2026-08-05,Present,9.3
A002416,S00242,2026-08-06,Present,8.6
A002417,S00242,2026-08-07,Present,7.4
A002418,S00242,2026-08-08,Absent,0.0
A002419,S00242,2026-08-09,Half Day,3.0
A002420,S00242,2026-08-10,Half Day,3.4
A002421,S00243,2026-08-01,Present,9.1
A002422,S00243,2026-08-02,Present,7.5
A002423,S00243,2026-08-03,Present,8.2
A002424,S00243,2026-08-04,Present,8.8
A002425,S00243,2026-08-05,Half Day,3.5
A002426,S00243,2026-08-06,Present,7.3
A002427,S00243,2026-08-07,Present,9.2
A002428,S00243,2026-08-08,Present,7.6
A002429,S00243,2026-08-09,Present,8.1
A002430,S00243,2026-08-10,Present,7.7
A002431,S00244,2026-08-01,Present,7.0
A002432,S00244,2026-08-02,Present,9.2
A002433,S00244,2026-08-03,Present,9.9
A002434,S00244,2026-08-04,Present,7.8
A002435,S00244,2026-08-05,Present,9.6
A002436,S00244,2026-08-06,Absent,0.0
A002437,S00244,2026-08-07,Present,8.7
A002438,S00244,2026-08-08,Present,7.2
A002439,S00244,2026-08-09,Present,8.5
A002440,S00244,2026-08-10,Present,9.0
A002441,S00245,2026-08-01,Present,8.5
A002442,S00245,2026-08-02,Present,9.8
A002443,S00245,2026-08-03,Present,9.8
A002444,S00245,2026-08-04,Present,8.8
A002445,S00245,2026-08-05,Present,7.4
A002446,S00245,2026-08-06,Present,9.1
A002447,S00245,2026-08-07,Present,8.5
A002448,S00245,2026-08-08,Present,7.8
A002449,S00245,2026-08-09,Present,7.9
A002450,S00245,2026-08-10,Half Day,5.0
A002451,S00246,2026-08-01,Present,7.4
A002452,S00246,2026-08-02,Present,9.9
A002453,S00246,2026-08-03,Present,9.5
A002454,S00246,2026-08-04,Present,7.7
A002455,S00246,2026-08-05,Present,9.1
A002456,S00246,2026-08-06,Present,7.3
A002457,S00246,2026-08-07,Present,8.6
A002458,S00246,2026-08-08,Present,7.9
A002459,S00246,2026-08-09,Present,8.0
A002460,S00246,2026-08-10,Present,8.4
A002461,S00247,2026-08-01,Present,8.7
A002462,S00247,2026-08-02,Present,9.9
A002463,S00247,2026-08-03,Present,9.1
A002464,S00247,2026-08-04,Present,8.8
A002465,S00247,2026-08-05,Present,7.7
A002466,S00247,2026-08-06,Present,9.2
A002467,S00247,2026-08-07,Present,9.3
A002468,S00247,2026-08-08,Present,7.5
A002469,S00247,2026-08-09,Present,9.7
A002470,S00247,2026-08-10,Present,9.6
A002471,S00248,2026-08-01,Present,7.7
A002472,S00248,2026-08-02,Present,7.7
A002473,S00248,2026-08-03,Present,8.2
A002474,S00248,2026-08-04,Present,7.7
A002475,S00248,2026-08-05,Present,7.0
A002476,S00248,2026-08-06,Present,7.5
A002477,S00248,2026-08-07,Present,10.0
A002478,S00248,2026-08-08,Present,8.9
A002479,S00248,2026-08-09,Present,7.7
A002480,S00248,2026-08-10,Present,8.9
A002481,S00249,2026-08-01,Present,8.3
A002482,S00249,2026-08-02,Present,7.4
A002483,S00249,2026-08-03,Present,9.4
A002484,S00249,2026-08-04,Present,7.5
A002485,S00249,2026-08-05,Present,7.1
A002486,S00249,2026-08-06,Present,9.5
A002487,S00249,2026-08-07,Present,8.6
A002488,S00249,2026-08-08,Half Day,4.1
A002489,S00249,2026-08-09,Present,9.4
A002490,S00249,2026-08-10,Present,8.0
A002491,S00250,2026-08-01,Present,8.9
A002492,S00250,2026-08-02,Half Day,3.6
A002493,S00250,2026-08-03,Present,7.1
A002494,S00250,2026-08-04,Present,7.5
A002495,S00250,2026-08-05,Half Day,4.1
A002496,S00250,2026-08-06,Present,9.4
A002497,S00250,2026-08-07,Present,9.2
A002498,S00250,2026-08-08,Present,7.7
A002499,S00250,2026-08-09,Present,7.9
A002500,S00250,2026-08-10,Present,7.2
A002501,S00251,2026-08-01,Present,9.2
A002502,S00251,2026-08-02,Absent,0.0
A002503,S00251,2026-08-03,Absent,0.0
A002504,S00251,2026-08-04,Absent,0.0
A002505,S00251,2026-08-05,Present,9.9
A002506,S00251,2026-08-06,Present,9.0
A002507,S00251,2026-08-07,Half Day,3.5
A002508,S00251,2026-08-08,Present,7.9
A002509,S00251,2026-08-09,Present,9.3
A002510,S00251,2026-08-10,Present,9.1
A002511,S00252,2026-08-01,Present,10.0
A002512,S00252,2026-08-02,Present,9.9
A002513,S00252,2026-08-03,Present,7.5
A002514,S00252,2026-08-04,Present,9.1
A002515,S00252,2026-08-05,Present,7.7
A002516,S00252,2026-08-06,Present,7.8
A002517,S00252,2026-08-07,Present,8.3
A002518,S00252,2026-08-08,Present,8.1
A002519,S00252,2026-08-09,Present,9.2
A002520,S00252,2026-08-10,Present,9.3
A002521,S00253,2026-08-01,Present,8.6
A002522,S00253,2026-08-02,Present,9.1
A002523,S00253,2026-08-03,Present,8.5
A002524,S00253,2026-08-04,Present,9.4
A002525,S00253,2026-08-05,Half Day,4.2
A002526,S00253,2026-08-06,Present,7.0
A002527,S00253,2026-08-07,Present,9.8
A002528,S00253,2026-08-08,Present,7.5
A002529,S00253,2026-08-09,Present,8.6
A002530,S00253,2026-08-10,Half Day,3.8
A002531,S00254,2026-08-01,Absent,0.0
A002532,S00254,2026-08-02,Present,8.9
A002533,S00254,2026-08-03,Present,8.9
A002534,S00254,2026-08-04,Half Day,4.7
A002535,S00254,2026-08-05,Present,8.2
A002536,S00254,2026-08-06,Present,8.0
A002537,S00254,2026-08-07,Present,8.8
A002538,S00254,2026-08-08,Present,9.8
A002539,S00254,2026-08-09,Present,7.8
A002540,S00254,2026-08-10,Present,9.1
A002541,S00255,2026-08-01,Present,8.8
A002542,S00255,2026-08-02,Present,9.8
A002543,S00255,2026-08-03,Absent,0.0
A002544,S00255,2026-08-04,Present,8.5
A002545,S00255,2026-08-05,Present,9.8
A002546,S00255,2026-08-06,Present,8.8
A002547,S00255,2026-08-07,Present,8.8
A002548,S00255,2026-08-08,Present,8.5
A002549,S00255,2026-08-09,Present,8.1
A002550,S00255,2026-08-10,Present,7.5
A002551,S00256,2026-08-01,Half Day,3.6
A002552,S00256,2026-08-02,Present,7.5
A002553,S00256,2026-08-03,Present,7.8
A002554,S00256,2026-08-04,Absent,0.0
A002555,S00256,2026-08-05,Present,7.5
A002556,S00256,2026-08-06,Present,7.0
A002557,S00256,2026-08-07,Present,8.9
A002558,S00256,2026-08-08,Present,8.1
A002559,S00256,2026-08-09,Present,7.7
A002560,S00256,2026-08-10,Present,8.8
A002561,S00257,2026-08-01,Present,7.3
A002562,S00257,2026-08-02,Present,9.6
A002563,S00257,2026-08-03,Present,9.8
A002564,S00257,2026-08-04,Absent,0.0
A002565,S00257,2026-08-05,Present,9.5
A002566,S00257,2026-08-06,Absent,0.0
A002567,S00257,2026-08-07,Present,7.2
A002568,S00257,2026-08-08,Present,9.7
A002569,S00257,2026-08-09,Present,8.7
A002570,S00257,2026-08-10,Present,8.1
A002571,S00258,2026-08-01,Present,9.7
A002572,S00258,2026-08-02,Present,8.4
A002573,S00258,2026-08-03,Half Day,4.1
A002574,S00258,2026-08-04,Present,7.1
A002575,S00258,2026-08-05,Present,8.8
A002576,S00258,2026-08-06,Present,7.5
A002577,S00258,2026-08-07,Half Day,3.8
A002578,S00258,2026-08-08,Present,9.5
A002579,S00258,2026-08-09,Present,9.6
A002580,S00258,2026-08-10,Present,7.3
A002581,S00259,2026-08-01,Present,7.3
A002582,S00259,2026-08-02,Present,9.6
A002583,S00259,2026-08-03,Present,10.0
A002584,S00259,2026-08-04,Present,9.7
A002585,S00259,2026-08-05,Half Day,4.0
A002586,S00259,2026-08-06,Present,8.6
A002587,S00259,2026-08-07,Present,7.4
A002588,S00259,2026-08-08,Present,9.8
A002589,S00259,2026-08-09,Absent,0.0
A002590,S00259,2026-08-10,Present,8.4
A002591,S00260,2026-08-01,Present,7.2
A002592,S00260,2026-08-02,Present,7.2
A002593,S00260,2026-08-03,Present,7.1
A002594,S00260,2026-08-04,Present,9.3
A002595,S00260,2026-08-05,Present,9.6
A002596,S00260,2026-08-06,Present,7.8
A002597,S00260,2026-08-07,Half Day,3.9
A002598,S00260,2026-08-08,Present,8.5
A002599,S00260,2026-08-09,Present,8.1
A002600,S00260,2026-08-10,Present,9.8
A002601,S00261,2026-08-01,Half Day,3.3
A002602,S00261,2026-08-02,Present,8.6
A002603,S00261,2026-08-03,Present,8.0
A002604,S00261,2026-08-04,Present,7.7
A002605,S00261,2026-08-05,Present,7.1
A002606,S00261,2026-08-06,Half Day,3.4
A002607,S00261,2026-08-07,Absent,0.0
A002608,S00261,2026-08-08,Present,7.3
A002609,S00261,2026-08-09,Present,9.7
A002610,S00261,2026-08-10,Present,9.2
A002611,S00262,2026-08-01,Present,9.7
A002612,S00262,2026-08-02,Absent,0.0
A002613,S00262,2026-08-03,Present,9.3
A002614,S00262,2026-08-04,Present,7.5
A002615,S00262,2026-08-05,Present,8.7
A002616,S00262,2026-08-06,Present,7.7
A002617,S00262,2026-08-07,Present,9.6
A002618,S00262,2026-08-08,Present,9.5
A002619,S00262,2026-08-09,Present,9.0
A002620,S00262,2026-08-10,Present,7.1
A002621,S00263,2026-08-01,Present,7.1
A002622,S00263,2026-08-02,Present,7.4
A002623,S00263,2026-08-03,Present,8.5
A002624,S00263,2026-08-04,Present,9.4
A002625,S00263,2026-08-05,Present,8.4
A002626,S00263,2026-08-06,Present,9.0
A002627,S00263,2026-08-07,Present,8.8
A002628,S00263,2026-08-08,Present,7.3
A002629,S00263,2026-08-09,Present,7.7
A002630,S00263,2026-08-10,Present,9.0
A002631,S00264,2026-08-01,Present,7.5
A002632,S00264,2026-08-02,Present,9.2
A002633,S00264,2026-08-03,Present,9.8
A002634,S00264,2026-08-04,Present,8.2
A002635,S00264,2026-08-05,Present,7.0
A002636,S00264,2026-08-06,Present,8.8
A002637,S00264,2026-08-07,Present,9.7
A002638,S00264,2026-08-08,Present,9.1
A002639,S00264,2026-08-09,Present,9.3
A002640,S00264,2026-08-10,Present,9.9
A002641,S00265,2026-08-01,Present,7.3
A002642,S00265,2026-08-02,Present,10.0
A002643,S00265,2026-08-03,Present,9.9
A002644,S00265,2026-08-04,Absent,0.0
A002645,S00265,2026-08-05,Present,9.8
A002646,S00265,2026-08-06,Present,9.2
A002647,S00265,2026-08-07,Present,7.7
A002648,S00265,2026-08-08,Present,9.1
A002649,S00265,2026-08-09,Present,9.2
A002650,S00265,2026-08-10,Present,8.6
A002651,S00266,2026-08-01,Present,9.1
A002652,S00266,2026-08-02,Present,8.4
A002653,S00266,2026-08-03,Present,9.2
A002654,S00266,2026-08-04,Present,7.7
A002655,S00266,2026-08-05,Present,8.0
A002656,S00266,2026-08-06,Present,8.7
A002657,S00266,2026-08-07,Present,9.5
A002658,S00266,2026-08-08,Present,7.7
A002659,S00266,2026-08-09,Present,9.2
A002660,S00266,2026-08-10,Present,8.7
A002661,S00267,2026-08-01,Present,9.1
A002662,S00267,2026-08-02,Present,9.9
A002663,S00267,2026-08-03,Present,8.7
A002664,S00267,2026-08-04,Present,7.2
A002665,S00267,2026-08-05,Present,9.4
A002666,S00267,2026-08-06,Present,7.1
A002667,S00267,2026-08-07,Present,9.7
A002668,S00267,2026-08-08,Present,9.3
A002669,S00267,2026-08-09,Half Day,3.2
A002670,S00267,2026-08-10,Present,9.1
A002671,S00268,2026-08-01,Present,8.4
A002672,S00268,2026-08-02,Present,8.4
A002673,S00268,2026-08-03,Present,7.4
A002674,S00268,2026-08-04,Present,7.6
A002675,S00268,2026-08-05,Absent,0.0
A002676,S00268,2026-08-06,Present,7.1
A002677,S00268,2026-08-07,Present,9.6
A002678,S00268,2026-08-08,Absent,0.0
A002679,S00268,2026-08-09,Present,7.2
A002680,S00268,2026-08-10,Present,9.0
A002681,S00269,2026-08-01,Present,7.6
A002682,S00269,2026-08-02,Present,9.6
A002683,S00269,2026-08-03,Present,7.5
A002684,S00269,2026-08-04,Half Day,4.5
A002685,S00269,2026-08-05,Half Day,4.9
A002686,S00269,2026-08-06,Present,7.4
A002687,S00269,2026-08-07,Present,9.6
A002688,S00269,2026-08-08,Present,7.6
A002689,S00269,2026-08-09,Present,8.4
A002690,S00269,2026-08-10,Half Day,4.4
A002691,S00270,2026-08-01,Present,8.2
A002692,S00270,2026-08-02,Present,9.5
A002693,S00270,2026-08-03,Present,9.7
A002694,S00270,2026-08-04,Present,7.8
A002695,S00270,2026-08-05,Absent,0.0
A002696,S00270,2026-08-06,Present,8.2
A002697,S00270,2026-08-07,Absent,0.0
A002698,S00270,2026-08-08,Present,9.6
A002699,S00270,2026-08-09,Present,9.5
A002700,S00270,2026-08-10,Present,9.7
A002701,S00271,2026-08-01,Present,8.7
A002702,S00271,2026-08-02,Present,9.7
A002703,S00271,2026-08-03,Present,8.6
A002704,S00271,2026-08-04,Present,8.7
A002705,S00271,2026-08-05,Present,9.3
A002706,S00271,2026-08-06,Present,8.4
A002707,S00271,2026-08-07,Present,9.9
A002708,S00271,2026-08-08,Present,10.0
A002709,S00271,2026-08-09,Present,9.5
A002710,S00271,2026-08-10,Present,7.6
A002711,S00272,2026-08-01,Present,8.5
A002712,S00272,2026-08-02,Present,8.0
A002713,S00272,2026-08-03,Half Day,3.8
A002714,S00272,2026-08-04,Present,8.0
A002715,S00272,2026-08-05,Present,8.8
A002716,S00272,2026-08-06,Present,9.8
A002717,S00272,2026-08-07,Present,7.6
A002718,S00272,2026-08-08,Present,8.9
A002719,S00272,2026-08-09,Absent,0.0
A002720,S00272,2026-08-10,Present,8.3
A002721,S00273,2026-08-01,Present,7.3
A002722,S00273,2026-08-02,Absent,0.0
A002723,S00273,2026-08-03,Present,8.0
A002724,S00273,2026-08-04,Present,7.6
A002725,S00273,2026-08-05,Present,9.8
A002726,S00273,2026-08-06,Present,9.2
A002727,S00273,2026-08-07,Present,9.9
A002728,S00273,2026-08-08,Present,7.2
A002729,S00273,2026-08-09,Present,7.4
A002730,S00273,2026-08-10,Half Day,3.1
A002731,S00274,2026-08-01,Present,9.0
A002732,S00274,2026-08-02,Present,8.9
A002733,S00274,2026-08-03,Present,9.2
A002734,S00274,2026-08-04,Half Day,3.3
A002735,S00274,2026-08-05,Present,9.9
A002736,S00274,2026-08-06,Present,9.4
A002737,S00274,2026-08-07,Present,9.4
A002738,S00274,2026-08-08,Present,9.0
A002739,S00274,2026-08-09,Present,9.3
A002740,S00274,2026-08-10,Half Day,3.6
A002741,S00275,2026-08-01,Present,8.3
A002742,S00275,2026-08-02,Half Day,3.4
A002743,S00275,2026-08-03,Present,8.1
A002744,S00275,2026-08-04,Present,8.2
A002745,S00275,2026-08-05,Present,9.6
A002746,S00275,2026-08-06,Present,7.6
A002747,S00275,2026-08-07,Present,8.8
A002748,S00275,2026-08-08,Present,9.7
A002749,S00275,2026-08-09,Present,7.4
A002750,S00275,2026-08-10,Present,8.9
A002751,S00276,2026-08-01,Present,9.2
A002752,S00276,2026-08-02,Present,8.4
A002753,S00276,2026-08-03,Half Day,4.6
A002754,S00276,2026-08-04,Present,7.3
A002755,S00276,2026-08-05,Present,7.7
A002756,S00276,2026-08-06,Present,9.0
A002757,S00276,2026-08-07,Present,9.9
A002758,S00276,2026-08-08,Present,7.0
A002759,S00276,2026-08-09,Present,7.1
A002760,S00276,2026-08-10,Present,7.2
A002761,S00277,2026-08-01,Present,8.2
A002762,S00277,2026-08-02,Present,8.9
A002763,S00277,2026-08-03,Present,7.1
A002764,S00277,2026-08-04,Present,7.3
A002765,S00277,2026-08-05,Present,7.1
A002766,S00277,2026-08-06,Half Day,3.8
A002767,S00277,2026-08-07,Present,7.5
A002768,S00277,2026-08-08,Present,9.1
A002769,S00277,2026-08-09,Present,10.0
A002770,S00277,2026-08-10,Present,9.1
A002771,S00278,2026-08-01,Present,7.7
A002772,S00278,2026-08-02,Absent,0.0
A002773,S00278,2026-08-03,Present,9.4
A002774,S00278,2026-08-04,Present,8.1
A002775,S00278,2026-08-05,Present,7.3
A002776,S00278,2026-08-06,Present,8.7
A002777,S00278,2026-08-07,Half Day,3.4
A002778,S00278,2026-08-08,Present,7.1
A002779,S00278,2026-08-09,Present,8.2
A002780,S00278,2026-08-10,Present,8.1
A002781,S00279,2026-08-01,Present,8.4
A002782,S00279,2026-08-02,Present,8.7
A002783,S00279,2026-08-03,Present,8.0
A002784,S00279,2026-08-04,Present,9.0
A002785,S00279,2026-08-05,Present,7.8
A002786,S00279,2026-08-06,Present,8.4
A002787,S00279,2026-08-07,Present,7.2
A002788,S00279,2026-08-08,Present,7.3
A002789,S00279,2026-08-09,Present,7.3
A002790,S00279,2026-08-10,Present,7.1
A002791,S00280,2026-08-01,Present,7.3
A002792,S00280,2026-08-02,Present,9.9
A002793,S00280,2026-08-03,Present,7.7
A002794,S00280,2026-08-04,Present,9.2
A002795,S00280,2026-08-05,Present,9.8
A002796,S00280,2026-08-06,Present,8.3
A002797,S00280,2026-08-07,Present,9.4
A002798,S00280,2026-08-08,Present,9.8
A002799,S00280,2026-08-09,Present,8.9
A002800,S00280,2026-08-10,Present,8.7
A002801,S00281,2026-08-01,Present,9.6
A002802,S00281,2026-08-02,Present,8.6
A002803,S00281,2026-08-03,Present,9.5
A002804,S00281,2026-08-04,Present,8.3
A002805,S00281,2026-08-05,Present,8.2
A002806,S00281,2026-08-06,Present,9.7
A002807,S00281,2026-08-07,Present,10.0
A002808,S00281,2026-08-08,Present,8.3
A002809,S00281,2026-08-09,Present,7.2
A002810,S00281,2026-08-10,Present,7.3
A002811,S00282,2026-08-01,Present,7.8
A002812,S00282,2026-08-02,Half Day,4.0
A002813,S00282,2026-08-03,Present,9.3
A002814,S00282,2026-08-04,Present,8.9
A002815,S00282,2026-08-05,Present,9.4
A002816,S00282,2026-08-06,Present,8.7
A002817,S00282,2026-08-07,Present,8.2
A002818,S00282,2026-08-08,Present,9.8
A002819,S00282,2026-08-09,Present,7.9
A002820,S00282,2026-08-10,Present,9.5
A002821,S00283,2026-08-01,Present,7.2
A002822,S00283,2026-08-02,Present,10.0
A002823,S00283,2026-08-03,Present,8.5
A002824,S00283,2026-08-04,Present,8.9
A002825,S00283,2026-08-05,Present,7.3
A002826,S00283,2026-08-06,Present,8.3
A002827,S00283,2026-08-07,Present,7.4
A002828,S00283,2026-08-08,Present,9.8
A002829,S00283,2026-08-09,Half Day,3.7
A002830,S00283,2026-08-10,Present,7.7
A002831,S00284,2026-08-01,Present,7.1
A002832,S00284,2026-08-02,Present,8.1
A002833,S00284,2026-08-03,Present,7.8
A002834,S00284,2026-08-04,Half Day,3.7
A002835,S00284,2026-08-05,Absent,0.0
A002836,S00284,2026-08-06,Present,8.4
A002837,S00284,2026-08-07,Present,8.1
A002838,S00284,2026-08-08,Present,9.2
A002839,S00284,2026-08-09,Half Day,3.2
A002840,S00284,2026-08-10,Present,8.6
A002841,S00285,2026-08-01,Absent,0.0
A002842,S00285,2026-08-02,Present,8.7
A002843,S00285,2026-08-03,Present,7.7
A002844,S00285,2026-08-04,Present,7.4
A002845,S00285,2026-08-05,Present,9.5
A002846,S00285,2026-08-06,Present,7.4
A002847,S00285,2026-08-07,Present,9.4
A002848,S00285,2026-08-08,Present,10.0
A002849,S00285,2026-08-09,Present,9.3
A002850,S00285,2026-08-10,Half Day,4.4
A002851,S00286,2026-08-01,Present,8.3
A002852,S00286,2026-08-02,Present,8.8
A002853,S00286,2026-08-03,Present,9.9
A002854,S00286,2026-08-04,Half Day,4.5
A002855,S00286,2026-08-05,Present,9.4
A002856,S00286,2026-08-06,Present,8.8
A002857,S00286,2026-08-07,Present,7.1
A002858,S00286,2026-08-08,Present,9.2
A002859,S00286,2026-08-09,Present,8.4
A002860,S00286,2026-08-10,Half Day,3.6
A002861,S00287,2026-08-01,Present,8.6
A002862,S00287,2026-08-02,Present,9.4
A002863,S00287,2026-08-03,Present,9.5
A002864,S00287,2026-08-04,Present,9.0
A002865,S00287,2026-08-05,Absent,0.0
A002866,S00287,2026-08-06,Absent,0.0
A002867,S00287,2026-08-07,Present,8.5
A002868,S00287,2026-08-08,Present,8.1
A002869,S00287,2026-08-09,Present,7.3
A002870,S00287,2026-08-10,Half Day,4.4
A002871,S00288,2026-08-01,Present,9.3
A002872,S00288,2026-08-02,Absent,0.0
A002873,S00288,2026-08-03,Present,9.2
A002874,S00288,2026-08-04,Present,8.9
A002875,S00288,2026-08-05,Present,8.9
A002876,S00288,2026-08-06,Present,8.5
A002877,S00288,2026-08-07,Present,8.4
A002878,S00288,2026-08-08,Present,8.5
A002879,S00288,2026-08-09,Present,8.7
A002880,S00288,2026-08-10,Present,9.7
A002881,S00289,2026-08-01,Present,9.1
A002882,S00289,2026-08-02,Present,9.2
A002883,S00289,2026-08-03,Half Day,3.2
A002884,S00289,2026-08-04,Present,8.0
A002885,S00289,2026-08-05,Present,9.1
A002886,S00289,2026-08-06,Present,9.3
A002887,S00289,2026-08-07,Present,7.1
A002888,S00289,2026-08-08,Present,9.9
A002889,S00289,2026-08-09,Present,9.4
A002890,S00289,2026-08-10,Present,8.1
A002891,S00290,2026-08-01,Present,9.8
A002892,S00290,2026-08-02,Present,9.8
A002893,S00290,2026-08-03,Present,9.9
A002894,S00290,2026-08-04,Present,8.7
A002895,S00290,2026-08-05,Present,7.9
A002896,S00290,2026-08-06,Present,7.1
A002897,S00290,2026-08-07,Present,8.8
A002898,S00290,2026-08-08,Present,8.9
A002899,S00290,2026-08-09,Present,9.8
A002900,S00290,2026-08-10,Absent,0.0
A002901,S00291,2026-08-01,Present,8.6
A002902,S00291,2026-08-02,Absent,0.0
A002903,S00291,2026-08-03,Present,7.7
A002904,S00291,2026-08-04,Absent,0.0
A002905,S00291,2026-08-05,Present,8.7
A002906,S00291,2026-08-06,Half Day,4.9
A002907,S00291,2026-08-07,Present,9.2
A002908,S00291,2026-08-08,Present,9.8
A002909,S00291,2026-08-09,Absent,0.0
A002910,S00291,2026-08-10,Present,7.4
A002911,S00292,2026-08-01,Present,7.7
A002912,S00292,2026-08-02,Present,9.6
A002913,S00292,2026-08-03,Present,8.8
A002914,S00292,2026-08-04,Present,8.0
A002915,S00292,2026-08-05,Present,8.3
A002916,S00292,2026-08-06,Present,7.7
A002917,S00292,2026-08-07,Present,7.4
A002918,S00292,2026-08-08,Present,8.5
A002919,S00292,2026-08-09,Present,7.9
A002920,S00292,2026-08-10,Present,7.4
A002921,S00293,2026-08-01,Present,9.4
A002922,S00293,2026-08-02,Present,7.0
A002923,S00293,2026-08-03,Present,9.1
A002924,S00293,2026-08-04,Present,7.7
A002925,S00293,2026-08-05,Present,9.3
A002926,S00293,2026-08-06,Half Day,3.7
A002927,S00293,2026-08-07,Present,9.7
A002928,S00293,2026-08-08,Present,9.4
A002929,S00293,2026-08-09,Present,7.8
A002930,S00293,2026-08-10,Present,7.7
A002931,S00294,2026-08-01,Present,9.5
A002932,S00294,2026-08-02,Present,9.7
A002933,S00294,2026-08-03,Present,8.0
A002934,S00294,2026-08-04,Present,7.0
A002935,S00294,2026-08-05,Present,7.3
A002936,S00294,2026-08-06,Present,9.9
A002937,S00294,2026-08-07,Present,9.3
A002938,S00294,2026-08-08,Present,9.3
A002939,S00294,2026-08-09,Present,8.2
A002940,S00294,2026-08-10,Absent,0.0
A002941,S00295,2026-08-01,Present,9.2
A002942,S00295,2026-08-02,Present,8.3
A002943,S00295,2026-08-03,Present,9.4
A002944,S00295,2026-08-04,Half Day,3.3
A002945,S00295,2026-08-05,Present,9.9
A002946,S00295,2026-08-06,Present,8.2
A002947,S00295,2026-08-07,Present,7.4
A002948,S00295,2026-08-08,Present,9.7
A002949,S00295,2026-08-09,Present,8.1
A002950,S00295,2026-08-10,Present,8.9
A002951,S00296,2026-08-01,Present,9.8
A002952,S00296,2026-08-02,Present,7.5
A002953,S00296,2026-08-03,Present,7.3
A002954,S00296,2026-08-04,Present,8.2
A002955,S00296,2026-08-05,Present,7.9
A002956,S00296,2026-08-06,Present,8.2
A002957,S00296,2026-08-07,Present,8.9
A002958,S00296,2026-08-08,Present,9.0
A002959,S00296,2026-08-09,Present,8.4
A002960,S00296,2026-08-10,Present,9.2
A002961,S00297,2026-08-01,Present,7.5
A002962,S00297,2026-08-02,Half Day,3.4
A002963,S00297,2026-08-03,Present,8.7
A002964,S00297,2026-08-04,Present,9.6
A002965,S00297,2026-08-05,Present,8.1
A002966,S00297,2026-08-06,Present,8.4
A002967,S00297,2026-08-07,Present,9.0
A002968,S00297,2026-08-08,Present,7.2
A002969,S00297,2026-08-09,Present,8.9
A002970,S00297,2026-08-10,Present,9.8
A002971,S00298,2026-08-01,Present,8.1
A002972,S00298,2026-08-02,Present,8.4
A002973,S00298,2026-08-03,Present,8.0
A002974,S00298,2026-08-04,Present,8.4
A002975,S00298,2026-08-05,Present,8.7
A002976,S00298,2026-08-06,Present,9.0
A002977,S00298,2026-08-07,Half Day,3.1
A002978,S00298,2026-08-08,Present,8.8
A002979,S00298,2026-08-09,Present,10.0
A002980,S00298,2026-08-10,Present,7.1
A002981,S00299,2026-08-01,Present,8.4
A002982,S00299,2026-08-02,Present,7.7
A002983,S00299,2026-08-03,Present,9.0
A002984,S00299,2026-08-04,Present,9.8
A002985,S00299,2026-08-05,Present,8.5
A002986,S00299,2026-08-06,Present,8.6
A002987,S00299,2026-08-07,Present,8.8
A002988,S00299,2026-08-08,Half Day,3.1
A002989,S00299,2026-08-09,Present,9.6
A002990,S00299,2026-08-10,Present,7.6
A002991,S00300,2026-08-01,Present,8.4
A002992,S00300,2026-08-02,Present,8.9
A002993,S00300,2026-08-03,Present,9.7
A002994,S00300,2026-08-04,Half Day,3.4
A002995,S00300,2026-08-05,Present,9.5
A002996,S00300,2026-08-06,Present,8.2
A002997,S00300,2026-08-07,Present,7.7
A002998,S00300,2026-08-08,Present,8.8
A002999,S00300,2026-08-09,Present,8.2
A003000,S00300,2026-08-10,Present,9.8
A003001,S00301,2026-08-01,Present,9.1
A003002,S00301,2026-08-02,Present,9.8
A003003,S00301,2026-08-03,Present,7.2
A003004,S00301,2026-08-04,Present,7.2
A003005,S00301,2026-08-05,Present,9.2
A003006,S00301,2026-08-06,Present,9.5
A003007,S00301,2026-08-07,Absent,0.0
A003008,S00301,2026-08-08,Present,7.7
A003009,S00301,2026-08-09,Present,8.5
A003010,S00301,2026-08-10,Present,7.0
A003011,S00302,2026-08-01,Present,9.8
A003012,S00302,2026-08-02,Present,9.5
A003013,S00302,2026-08-03,Present,8.1
A003014,S00302,2026-08-04,Present,9.3
A003015,S00302,2026-08-05,Present,8.5
A003016,S00302,2026-08-06,Present,8.1
A003017,S00302,2026-08-07,Present,8.4
A003018,S00302,2026-08-08,Present,8.7
A003019,S00302,2026-08-09,Present,9.4
A003020,S00302,2026-08-10,Half Day,3.2
A003021,S00303,2026-08-01,Present,8.0
A003022,S00303,2026-08-02,Present,9.4
A003023,S00303,2026-08-03,Present,7.4
A003024,S00303,2026-08-04,Present,9.9
A003025,S00303,2026-08-05,Present,7.4
A003026,S00303,2026-08-06,Present,7.0
A003027,S00303,2026-08-07,Present,9.1
A003028,S00303,2026-08-08,Present,9.3
A003029,S00303,2026-08-09,Absent,0.0
A003030,S00303,2026-08-10,Present,9.2
A003031,S00304,2026-08-01,Present,7.6
A003032,S00304,2026-08-02,Absent,0.0
A003033,S00304,2026-08-03,Present,9.2
A003034,S00304,2026-08-04,Present,9.1
A003035,S00304,2026-08-05,Present,9.2
A003036,S00304,2026-08-06,Present,9.7
A003037,S00304,2026-08-07,Present,7.4
A003038,S00304,2026-08-08,Present,9.9
A003039,S00304,2026-08-09,Present,9.2
A003040,S00304,2026-08-10,Absent,0.0
A003041,S00305,2026-08-01,Half Day,4.9
A003042,S00305,2026-08-02,Present,9.1
A003043,S00305,2026-08-03,Present,7.6
A003044,S00305,2026-08-04,Half Day,3.4
A003045,S00305,2026-08-05,Present,9.8
A003046,S00305,2026-08-06,Present,8.4
A003047,S00305,2026-08-07,Present,7.9
A003048,S00305,2026-08-08,Present,7.9
A003049,S00305,2026-08-09,Present,10.0
A003050,S00305,2026-08-10,Present,7.7
A003051,S00306,2026-08-01,Present,8.4
A003052,S00306,2026-08-02,Present,9.8
A003053,S00306,2026-08-03,Absent,0.0
A003054,S00306,2026-08-04,Present,8.0
A003055,S00306,2026-08-05,Present,7.2
A003056,S00306,2026-08-06,Present,7.8
A003057,S00306,2026-08-07,Absent,0.0
A003058,S00306,2026-08-08,Absent,0.0
A003059,S00306,2026-08-09,Present,8.6
A003060,S00306,2026-08-10,Present,9.1
A003061,S00307,2026-08-01,Present,8.3
A003062,S00307,2026-08-02,Present,9.4
A003063,S00307,2026-08-03,Present,9.1
A003064,S00307,2026-08-04,Present,7.3
A003065,S00307,2026-08-05,Present,7.5
A003066,S00307,2026-08-06,Half Day,4.8
A003067,S00307,2026-08-07,Present,9.7
A003068,S00307,2026-08-08,Present,9.7
A003069,S00307,2026-08-09,Present,7.2
A003070,S00307,2026-08-10,Present,7.9
A003071,S00308,2026-08-01,Present,7.5
A003072,S00308,2026-08-02,Present,7.2
A003073,S00308,2026-08-03,Present,9.0
A003074,S00308,2026-08-04,Present,7.7
A003075,S00308,2026-08-05,Present,7.1
A003076,S00308,2026-08-06,Present,9.5
A003077,S00308,2026-08-07,Present,7.4
A003078,S00308,2026-08-08,Present,9.4
A003079,S00308,2026-08-09,Present,7.5
A003080,S00308,2026-08-10,Present,7.3
A003081,S00309,2026-08-01,Present,7.7
A003082,S00309,2026-08-02,Present,9.1
A003083,S00309,2026-08-03,Present,7.0
A003084,S00309,2026-08-04,Half Day,4.8
A003085,S00309,2026-08-05,Present,7.1
A003086,S00309,2026-08-06,Present,7.2
A003087,S00309,2026-08-07,Present,9.9
A003088,S00309,2026-08-08,Present,9.5
A003089,S00309,2026-08-09,Present,9.2
A003090,S00309,2026-08-10,Present,7.7
A003091,S00310,2026-08-01,Present,7.9
A003092,S00310,2026-08-02,Present,9.7
A003093,S00310,2026-08-03,Present,8.5
A003094,S00310,2026-08-04,Present,7.7
A003095,S00310,2026-08-05,Present,9.0
A003096,S00310,2026-08-06,Present,7.5
A003097,S00310,2026-08-07,Present,7.6
A003098,S00310,2026-08-08,Present,7.2
A003099,S00310,2026-08-09,Present,8.4
A003100,S00310,2026-08-10,Present,7.2
A003101,S00311,2026-08-01,Present,9.7
A003102,S00311,2026-08-02,Half Day,3.8
A003103,S00311,2026-08-03,Absent,0.0
A003104,S00311,2026-08-04,Present,7.6
A003105,S00311,2026-08-05,Present,7.6
A003106,S00311,2026-08-06,Present,7.9
A003107,S00311,2026-08-07,Present,9.1
A003108,S00311,2026-08-08,Half Day,3.8
A003109,S00311,2026-08-09,Present,9.4
A003110,S00311,2026-08-10,Present,7.8
A003111,S00312,2026-08-01,Present,7.6
A003112,S00312,2026-08-02,Present,9.1
A003113,S00312,2026-08-03,Present,8.5
A003114,S00312,2026-08-04,Half Day,3.5
A003115,S00312,2026-08-05,Absent,0.0
A003116,S00312,2026-08-06,Present,8.9
A003117,S00312,2026-08-07,Present,7.9
A003118,S00312,2026-08-08,Present,8.0
A003119,S00312,2026-08-09,Present,8.7
A003120,S00312,2026-08-10,Present,8.7
A003121,S00313,2026-08-01,Present,7.3
A003122,S00313,2026-08-02,Present,7.2
A003123,S00313,2026-08-03,Present,7.4
A003124,S00313,2026-08-04,Present,7.5
A003125,S00313,2026-08-05,Present,8.9
A003126,S00313,2026-08-06,Absent,0.0
A003127,S00313,2026-08-07,Present,7.3
A003128,S00313,2026-08-08,Present,8.4
A003129,S00313,2026-08-09,Present,9.5
A003130,S00313,2026-08-10,Present,8.2
A003131,S00314,2026-08-01,Present,8.9
A003132,S00314,2026-08-02,Present,7.2
A003133,S00314,2026-08-03,Present,8.1
A003134,S00314,2026-08-04,Present,8.9
A003135,S00314,2026-08-05,Present,8.7
A003136,S00314,2026-08-06,Present,9.6
A003137,S00314,2026-08-07,Present,7.6
A003138,S00314,2026-08-08,Present,8.7
A003139,S00314,2026-08-09,Present,8.6
A003140,S00314,2026-08-10,Present,8.6
A003141,S00315,2026-08-01,Present,8.9
A003142,S00315,2026-08-02,Present,9.8
A003143,S00315,2026-08-03,Present,9.8
A003144,S00315,2026-08-04,Present,8.5
A003145,S00315,2026-08-05,Present,7.6
A003146,S00315,2026-08-06,Present,8.6
A003147,S00315,2026-08-07,Absent,0.0
A003148,S00315,2026-08-08,Present,8.0
A003149,S00315,2026-08-09,Present,7.7
A003150,S00315,2026-08-10,Present,7.3
A003151,S00316,2026-08-01,Present,9.6
A003152,S00316,2026-08-02,Present,9.8
A003153,S00316,2026-08-03,Present,7.3
A003154,S00316,2026-08-04,Present,7.6
A003155,S00316,2026-08-05,Present,9.8
A003156,S00316,2026-08-06,Present,8.5
A003157,S00316,2026-08-07,Present,9.5
A003158,S00316,2026-08-08,Present,8.5
A003159,S00316,2026-08-09,Present,7.0
A003160,S00316,2026-08-10,Present,7.4
A003161,S00317,2026-08-01,Present,9.6
A003162,S00317,2026-08-02,Present,7.5
A003163,S00317,2026-08-03,Half Day,4.5
A003164,S00317,2026-08-04,Present,7.2
A003165,S00317,2026-08-05,Present,8.4
A003166,S00317,2026-08-06,Present,9.4
A003167,S00317,2026-08-07,Absent,0.0
A003168,S00317,2026-08-08,Present,8.5
A003169,S00317,2026-08-09,Absent,0.0
A003170,S00317,2026-08-10,Present,7.8
A003171,S00318,2026-08-01,Present,7.7
A003172,S00318,2026-08-02,Present,9.0
A003173,S00318,2026-08-03,Half Day,3.5
A003174,S00318,2026-08-04,Present,8.9
A003175,S00318,2026-08-05,Present,9.9
A003176,S00318,2026-08-06,Present,8.0
A003177,S00318,2026-08-07,Absent,0.0
A003178,S00318,2026-08-08,Present,9.4
A003179,S00318,2026-08-09,Present,9.0
A003180,S00318,2026-08-10,Present,9.7
A003181,S00319,2026-08-01,Present,9.8
A003182,S00319,2026-08-02,Present,7.4
A003183,S00319,2026-08-03,Present,7.4
A003184,S00319,2026-08-04,Half Day,4.2
A003185,S00319,2026-08-05,Present,9.3
A003186,S00319,2026-08-06,Present,8.0
A003187,S00319,2026-08-07,Present,7.5
A003188,S00319,2026-08-08,Present,8.1
A003189,S00319,2026-08-09,Present,7.5
A003190,S00319,2026-08-10,Present,7.1
A003191,S00320,2026-08-01,Present,8.3
A003192,S00320,2026-08-02,Present,8.4
A003193,S00320,2026-08-03,Present,7.4
A003194,S00320,2026-08-04,Present,7.0
A003195,S00320,2026-08-05,Present,9.3
A003196,S00320,2026-08-06,Absent,0.0
A003197,S00320,2026-08-07,Present,8.7
A003198,S00320,2026-08-08,Present,8.3
A003199,S00320,2026-08-09,Present,8.9
A003200,S00320,2026-08-10,Absent,0.0
A003201,S00321,2026-08-01,Present,9.8
A003202,S00321,2026-08-02,Present,7.9
A003203,S00321,2026-08-03,Present,9.1
A003204,S00321,2026-08-04,Present,7.5
A003205,S00321,2026-08-05,Present,8.1
A003206,S00321,2026-08-06,Present,9.6
A003207,S00321,2026-08-07,Present,7.4
A003208,S00321,2026-08-08,Present,7.7
A003209,S00321,2026-08-09,Present,8.0
A003210,S00321,2026-08-10,Present,8.5
A003211,S00322,2026-08-01,Present,9.3
A003212,S00322,2026-08-02,Absent,0.0
A003213,S00322,2026-08-03,Present,9.8
A003214,S00322,2026-08-04,Present,8.3
A003215,S00322,2026-08-05,Present,7.3
A003216,S00322,2026-08-06,Present,7.8
A003217,S00322,2026-08-07,Present,9.4
A003218,S00322,2026-08-08,Present,8.8
A003219,S00322,2026-08-09,Present,8.5
A003220,S00322,2026-08-10,Present,7.8
A003221,S00323,2026-08-01,Present,8.1
A003222,S00323,2026-08-02,Present,7.4
A003223,S00323,2026-08-03,Present,8.8
A003224,S00323,2026-08-04,Present,9.5
A003225,S00323,2026-08-05,Present,8.8
A003226,S00323,2026-08-06,Present,9.2
A003227,S00323,2026-08-07,Present,9.9
A003228,S00323,2026-08-08,Present,9.1
A003229,S00323,2026-08-09,Present,9.7
A003230,S00323,2026-08-10,Present,9.7
A003231,S00324,2026-08-01,Present,8.9
A003232,S00324,2026-08-02,Half Day,4.6
A003233,S00324,2026-08-03,Present,7.6
A003234,S00324,2026-08-04,Half Day,4.7
A003235,S00324,2026-08-05,Present,8.6
A003236,S00324,2026-08-06,Absent,0.0
A003237,S00324,2026-08-07,Present,9.2
A003238,S00324,2026-08-08,Present,8.9
A003239,S00324,2026-08-09,Present,8.4
A003240,S00324,2026-08-10,Present,7.6
A003241,S00325,2026-08-01,Present,9.2
A003242,S00325,2026-08-02,Half Day,4.3
A003243,S00325,2026-08-03,Half Day,4.3
A003244,S00325,2026-08-04,Present,7.2
A003245,S00325,2026-08-05,Present,9.3
A003246,S00325,2026-08-06,Half Day,3.4
A003247,S00325,2026-08-07,Present,10.0
A003248,S00325,2026-08-08,Present,7.9
A003249,S00325,2026-08-09,Present,9.1
A003250,S00325,2026-08-10,Present,8.1
A003251,S00326,2026-08-01,Present,7.1
A003252,S00326,2026-08-02,Present,8.0
A003253,S00326,2026-08-03,Present,8.6
A003254,S00326,2026-08-04,Present,8.6
A003255,S00326,2026-08-05,Present,7.2
A003256,S00326,2026-08-06,Present,9.3
A003257,S00326,2026-08-07,Present,8.9
A003258,S00326,2026-08-08,Present,9.7
A003259,S00326,2026-08-09,Present,7.3
A003260,S00326,2026-08-10,Present,7.7
A003261,S00327,2026-08-01,Present,8.5
A003262,S00327,2026-08-02,Present,9.0
A003263,S00327,2026-08-03,Present,9.1
A003264,S00327,2026-08-04,Present,8.7
A003265,S00327,2026-08-05,Present,7.8
A003266,S00327,2026-08-06,Present,9.7
A003267,S00327,2026-08-07,Present,9.4
A003268,S00327,2026-08-08,Present,7.4
A003269,S00327,2026-08-09,Present,7.8
A003270,S00327,2026-08-10,Present,7.0
A003271,S00328,2026-08-01,Present,9.4
A003272,S00328,2026-08-02,Present,7.8
A003273,S00328,2026-08-03,Present,8.4
A003274,S00328,2026-08-04,Present,7.5
A003275,S00328,2026-08-05,Present,8.8
A003276,S00328,2026-08-06,Present,8.5
A003277,S00328,2026-08-07,Present,7.3
A003278,S00328,2026-08-08,Present,7.4
A003279,S00328,2026-08-09,Present,9.6
A003280,S00328,2026-08-10,Present,8.9
A003281,S00329,2026-08-01,Present,7.6
A003282,S00329,2026-08-02,Present,8.8
A003283,S00329,2026-08-03,Present,9.0
A003284,S00329,2026-08-04,Present,8.0
A003285,S00329,2026-08-05,Present,9.2
A003286,S00329,2026-08-06,Present,7.4
A003287,S00329,2026-08-07,Present,8.9
A003288,S00329,2026-08-08,Present,7.2
A003289,S00329,2026-08-09,Present,7.1
A003290,S00329,2026-08-10,Present,8.7
A003291,S00330,2026-08-01,Present,8.3
A003292,S00330,2026-08-02,Present,7.6
A003293,S00330,2026-08-03,Present,7.2
A003294,S00330,2026-08-04,Present,7.4
A003295,S00330,2026-08-05,Present,9.6
A003296,S00330,2026-08-06,Present,8.5
A003297,S00330,2026-08-07,Present,8.3
A003298,S00330,2026-08-08,Present,8.9
A003299,S00330,2026-08-09,Present,9.4
A003300,S00330,2026-08-10,Present,9.7
A003301,S00331,2026-08-01,Present,7.9
A003302,S00331,2026-08-02,Present,7.8
A003303,S00331,2026-08-03,Present,8.5
A003304,S00331,2026-08-04,Present,8.4
A003305,S00331,2026-08-05,Present,9.0
A003306,S00331,2026-08-06,Present,7.0
A003307,S00331,2026-08-07,Present,8.1
A003308,S00331,2026-08-08,Absent,0.0
A003309,S00331,2026-08-09,Present,7.8
A003310,S00331,2026-08-10,Present,7.1
A003311,S00332,2026-08-01,Present,9.1
A003312,S00332,2026-08-02,Present,9.9
A003313,S00332,2026-08-03,Present,8.6
A003314,S00332,2026-08-04,Present,7.5
A003315,S00332,2026-08-05,Present,8.9
A003316,S00332,2026-08-06,Half Day,3.4
A003317,S00332,2026-08-07,Present,9.8
A003318,S00332,2026-08-08,Present,7.3
A003319,S00332,2026-08-09,Present,7.1
A003320,S00332,2026-08-10,Half Day,4.0
A003321,S00333,2026-08-01,Present,7.1
A003322,S00333,2026-08-02,Present,9.4
A003323,S00333,2026-08-03,Present,7.1
A003324,S00333,2026-08-04,Present,8.8
A003325,S00333,2026-08-05,Present,8.6
A003326,S00333,2026-08-06,Present,8.1
A003327,S00333,2026-08-07,Present,7.9
A003328,S00333,2026-08-08,Absent,0.0
A003329,S00333,2026-08-09,Absent,0.0
A003330,S00333,2026-08-10,Present,7.3
A003331,S00334,2026-08-01,Present,9.2
A003332,S00334,2026-08-02,Present,8.0
A003333,S00334,2026-08-03,Present,7.7
A003334,S00334,2026-08-04,Present,9.3
A003335,S00334,2026-08-05,Present,7.3
A003336,S00334,2026-08-06,Present,9.1
A003337,S00334,2026-08-07,Present,8.9
A003338,S00334,2026-08-08,Present,8.3
A003339,S00334,2026-08-09,Present,8.0
A003340,S00334,2026-08-10,Present,8.8
A003341,S00335,2026-08-01,Present,9.8
A003342,S00335,2026-08-02,Present,7.7
A003343,S00335,2026-08-03,Present,9.0
A003344,S00335,2026-08-04,Present,8.9
A003345,S00335,2026-08-05,Present,9.9
A003346,S00335,2026-08-06,Present,7.8
A003347,S00335,2026-08-07,Present,8.9
A003348,S00335,2026-08-08,Present,7.3
A003349,S00335,2026-08-09,Present,7.6
A003350,S00335,2026-08-10,Present,9.1
A003351,S00336,2026-08-01,Present,7.2
A003352,S00336,2026-08-02,Present,8.3
A003353,S00336,2026-08-03,Present,7.2
A003354,S00336,2026-08-04,Present,9.4
A003355,S00336,2026-08-05,Present,8.1
A003356,S00336,2026-08-06,Present,7.9
A003357,S00336,2026-08-07,Present,8.2
A003358,S00336,2026-08-08,Present,8.9
A003359,S00336,2026-08-09,Present,8.2
A003360,S00336,2026-08-10,Present,7.6
A003361,S00337,2026-08-01,Present,8.8
A003362,S00337,2026-08-02,Present,9.7
A003363,S00337,2026-08-03,Present,7.9
A003364,S00337,2026-08-04,Present,9.4
A003365,S00337,2026-08-05,Present,9.4
A003366,S00337,2026-08-06,Present,9.5
A003367,S00337,2026-08-07,Present,9.6
A003368,S00337,2026-08-08,Present,7.6
A003369,S00337,2026-08-09,Present,7.4
A003370,S00337,2026-08-10,Present,9.9
A003371,S00338,2026-08-01,Absent,0.0
A003372,S00338,2026-08-02,Present,8.8
A003373,S00338,2026-08-03,Present,9.5
A003374,S00338,2026-08-04,Present,9.8
A003375,S00338,2026-08-05,Absent,0.0
A003376,S00338,2026-08-06,Present,9.6
A003377,S00338,2026-08-07,Present,7.2
A003378,S00338,2026-08-08,Present,7.8
A003379,S00338,2026-08-09,Present,9.5
A003380,S00338,2026-08-10,Present,9.7
A003381,S00339,2026-08-01,Present,8.2
A003382,S00339,2026-08-02,Present,7.7
A003383,S00339,2026-08-03,Present,8.3
A003384,S00339,2026-08-04,Present,7.5
A003385,S00339,2026-08-05,Present,9.4
A003386,S00339,2026-08-06,Present,7.2
A003387,S00339,2026-08-07,Present,8.4
A003388,S00339,2026-08-08,Present,7.9
A003389,S00339,2026-08-09,Present,7.8
A003390,S00339,2026-08-10,Present,7.6
A003391,S00340,2026-08-01,Present,8.9
A003392,S00340,2026-08-02,Present,8.8
A003393,S00340,2026-08-03,Present,9.2
A003394,S00340,2026-08-04,Present,8.5
A003395,S00340,2026-08-05,Present,8.9
A003396,S00340,2026-08-06,Present,8.6
A003397,S00340,2026-08-07,Present,7.3
A003398,S00340,2026-08-08,Present,7.8
A003399,S00340,2026-08-09,Present,7.7
A003400,S00340,2026-08-10,Present,9.7
A003401,S00341,2026-08-01,Present,7.6
A003402,S00341,2026-08-02,Present,9.6
A003403,S00341,2026-08-03,Present,8.8
A003404,S00341,2026-08-04,Present,9.7
A003405,S00341,2026-08-05,Present,8.2
A003406,S00341,2026-08-06,Present,8.5
A003407,S00341,2026-08-07,Present,8.1
A003408,S00341,2026-08-08,Half Day,4.5
A003409,S00341,2026-08-09,Present,7.5
A003410,S00341,2026-08-10,Present,9.0
A003411,S00342,2026-08-01,Present,8.2
A003412,S00342,2026-08-02,Present,8.9
A003413,S00342,2026-08-03,Present,9.9
A003414,S00342,2026-08-04,Present,8.4
A003415,S00342,2026-08-05,Present,9.8
A003416,S00342,2026-08-06,Present,9.8
A003417,S00342,2026-08-07,Present,9.6
A003418,S00342,2026-08-08,Present,7.4
A003419,S00342,2026-08-09,Absent,0.0
A003420,S00342,2026-08-10,Absent,0.0
A003421,S00343,2026-08-01,Present,8.3
A003422,S00343,2026-08-02,Present,7.1
A003423,S00343,2026-08-03,Present,8.3
A003424,S00343,2026-08-04,Present,7.9
A003425,S00343,2026-08-05,Present,9.8
A003426,S00343,2026-08-06,Present,9.1
A003427,S00343,2026-08-07,Present,8.9
A003428,S00343,2026-08-08,Present,9.0
A003429,S00343,2026-08-09,Present,7.5
A003430,S00343,2026-08-10,Present,7.9
A003431,S00344,2026-08-01,Present,9.0
A003432,S00344,2026-08-02,Half Day,3.1
A003433,S00344,2026-08-03,Present,9.0
A003434,S00344,2026-08-04,Absent,0.0
A003435,S00344,2026-08-05,Present,8.0
A003436,S00344,2026-08-06,Present,9.4
A003437,S00344,2026-08-07,Present,8.0
A003438,S00344,2026-08-08,Present,8.4
A003439,S00344,2026-08-09,Present,7.1
A003440,S00344,2026-08-10,Absent,0.0
A003441,S00345,2026-08-01,Present,9.0
A003442,S00345,2026-08-02,Half Day,4.2
A003443,S00345,2026-08-03,Present,9.7
A003444,S00345,2026-08-04,Present,9.5
A003445,S00345,2026-08-05,Present,9.7
A003446,S00345,2026-08-06,Present,7.5
A003447,S00345,2026-08-07,Half Day,4.1
A003448,S00345,2026-08-08,Present,7.7
A003449,S00345,2026-08-09,Present,7.6
A003450,S00345,2026-08-10,Present,9.8
A003451,S00346,2026-08-01,Present,8.9
A003452,S00346,2026-08-02,Present,7.3
A003453,S00346,2026-08-03,Present,7.5
A003454,S00346,2026-08-04,Absent,0.0
A003455,S00346,2026-08-05,Present,9.4
A003456,S00346,2026-08-06,Present,7.5
A003457,S00346,2026-08-07,Present,9.5
A003458,S00346,2026-08-08,Half Day,4.9
A003459,S00346,2026-08-09,Half Day,4.1
A003460,S00346,2026-08-10,Present,9.2
A003461,S00347,2026-08-01,Half Day,3.0
A003462,S00347,2026-08-02,Present,7.9
A003463,S00347,2026-08-03,Absent,0.0
A003464,S00347,2026-08-04,Present,8.8
A003465,S00347,2026-08-05,Present,8.6
A003466,S00347,2026-08-06,Present,8.1
A003467,S00347,2026-08-07,Present,8.0
A003468,S00347,2026-08-08,Present,9.9
A003469,S00347,2026-08-09,Present,9.7
A003470,S00347,2026-08-10,Half Day,3.6
A003471,S00348,2026-08-01,Present,9.6
A003472,S00348,2026-08-02,Present,7.2
A003473,S00348,2026-08-03,Present,9.6
A003474,S00348,2026-08-04,Present,9.2
A003475,S00348,2026-08-05,Present,7.5
A003476,S00348,2026-08-06,Present,9.4
A003477,S00348,2026-08-07,Present,7.9
A003478,S00348,2026-08-08,Present,7.6
A003479,S00348,2026-08-09,Present,8.3
A003480,S00348,2026-08-10,Present,7.3
A003481,S00349,2026-08-01,Present,9.8
A003482,S00349,2026-08-02,Present,9.9
A003483,S00349,2026-08-03,Present,9.6
A003484,S00349,2026-08-04,Present,9.7
A003485,S00349,2026-08-05,Present,9.1
A003486,S00349,2026-08-06,Present,8.9
A003487,S00349,2026-08-07,Present,9.5
A003488,S00349,2026-08-08,Present,8.4
A003489,S00349,2026-08-09,Present,7.4
A003490,S00349,2026-08-10,Present,9.1
A003491,S00350,2026-08-01,Present,9.4
A003492,S00350,2026-08-02,Present,7.0
A003493,S00350,2026-08-03,Half Day,4.5
A003494,S00350,2026-08-04,Present,7.5
A003495,S00350,2026-08-05,Present,7.1
A003496,S00350,2026-08-06,Present,8.2
A003497,S00350,2026-08-07,Present,8.2
A003498,S00350,2026-08-08,Present,9.3
A003499,S00350,2026-08-09,Present,7.6
A003500,S00350,2026-08-10,Present,8.6
A003501,S00351,2026-08-01,Present,7.4
A003502,S00351,2026-08-02,Present,9.5
A003503,S00351,2026-08-03,Present,9.6
A003504,S00351,2026-08-04,Present,7.3
A003505,S00351,2026-08-05,Present,7.3
A003506,S00351,2026-08-06,Half Day,3.9
A003507,S00351,2026-08-07,Present,8.0
A003508,S00351,2026-08-08,Present,7.9
A003509,S00351,2026-08-09,Present,9.2
A003510,S00351,2026-08-10,Present,7.9
A003511,S00352,2026-08-01,Absent,0.0
A003512,S00352,2026-08-02,Present,7.1
A003513,S00352,2026-08-03,Absent,0.0
A003514,S00352,2026-08-04,Half Day,3.9
A003515,S00352,2026-08-05,Present,8.9
A003516,S00352,2026-08-06,Present,7.0
A003517,S00352,2026-08-07,Half Day,4.1
A003518,S00352,2026-08-08,Present,9.0
A003519,S00352,2026-08-09,Present,9.9
A003520,S00352,2026-08-10,Present,9.2
A003521,S00353,2026-08-01,Present,9.5
A003522,S00353,2026-08-02,Present,7.4
A003523,S00353,2026-08-03,Present,7.7
A003524,S00353,2026-08-04,Present,9.1
A003525,S00353,2026-08-05,Present,9.4
A003526,S00353,2026-08-06,Present,9.9
A003527,S00353,2026-08-07,Present,8.1
A003528,S00353,2026-08-08,Absent,0.0
A003529,S00353,2026-08-09,Present,7.5
A003530,S00353,2026-08-10,Present,8.0
A003531,S00354,2026-08-01,Present,8.7
A003532,S00354,2026-08-02,Present,7.7
A003533,S00354,2026-08-03,Half Day,4.0
A003534,S00354,2026-08-04,Present,7.1
A003535,S00354,2026-08-05,Present,8.3
A003536,S00354,2026-08-06,Present,10.0
A003537,S00354,2026-08-07,Present,8.4
A003538,S00354,2026-08-08,Present,9.1
A003539,S00354,2026-08-09,Present,8.7
A003540,S00354,2026-08-10,Present,9.4
A003541,S00355,2026-08-01,Present,8.8
A003542,S00355,2026-08-02,Present,8.1
A003543,S00355,2026-08-03,Present,7.6
A003544,S00355,2026-08-04,Present,9.3
A003545,S00355,2026-08-05,Present,9.5
A003546,S00355,2026-08-06,Present,7.6
A003547,S00355,2026-08-07,Present,7.3
A003548,S00355,2026-08-08,Present,7.7
A003549,S00355,2026-08-09,Present,7.6
A003550,S00355,2026-08-10,Present,7.8
A003551,S00356,2026-08-01,Present,8.4
A003552,S00356,2026-08-02,Present,7.4
A003553,S00356,2026-08-03,Present,7.4
A003554,S00356,2026-08-04,Present,7.4
A003555,S00356,2026-08-05,Present,9.0
A003556,S00356,2026-08-06,Present,9.9
A003557,S00356,2026-08-07,Present,7.6
A003558,S00356,2026-08-08,Present,9.0
A003559,S00356,2026-08-09,Present,9.9
A003560,S00356,2026-08-10,Present,7.1
A003561,S00357,2026-08-01,Present,9.2
A003562,S00357,2026-08-02,Absent,0.0
A003563,S00357,2026-08-03,Present,8.6
A003564,S00357,2026-08-04,Present,7.4
A003565,S00357,2026-08-05,Absent,0.0
A003566,S00357,2026-08-06,Present,8.9
A003567,S00357,2026-08-07,Present,8.7
A003568,S00357,2026-08-08,Present,8.9
A003569,S00357,2026-08-09,Present,8.5
A003570,S00357,2026-08-10,Present,7.6
A003571,S00358,2026-08-01,Present,9.1
A003572,S00358,2026-08-02,Present,8.9
A003573,S00358,2026-08-03,Present,8.0
A003574,S00358,2026-08-04,Present,9.9
A003575,S00358,2026-08-05,Present,8.2
A003576,S00358,2026-08-06,Present,9.2
A003577,S00358,2026-08-07,Present,9.4
A003578,S00358,2026-08-08,Present,7.0
A003579,S00358,2026-08-09,Present,9.4
A003580,S00358,2026-08-10,Present,9.8
A003581,S00359,2026-08-01,Present,7.8
A003582,S00359,2026-08-02,Present,9.3
A003583,S00359,2026-08-03,Present,8.9
A003584,S00359,2026-08-04,Present,8.8
A003585,S00359,2026-08-05,Present,9.1
A003586,S00359,2026-08-06,Present,7.2
A003587,S00359,2026-08-07,Absent,0.0
A003588,S00359,2026-08-08,Absent,0.0
A003589,S00359,2026-08-09,Present,9.2
A003590,S00359,2026-08-10,Present,10.0
A003591,S00360,2026-08-01,Present,8.8
A003592,S00360,2026-08-02,Present,8.9
A003593,S00360,2026-08-03,Half Day,4.7
A003594,S00360,2026-08-04,Half Day,3.8
A003595,S00360,2026-08-05,Present,8.0
A003596,S00360,2026-08-06,Present,9.0
A003597,S00360,2026-08-07,Present,8.1
A003598,S00360,2026-08-08,Present,7.2
A003599,S00360,2026-08-09,Absent,0.0
A003600,S00360,2026-08-10,Present,9.8
A003601,S00361,2026-08-01,Present,9.7
A003602,S00361,2026-08-02,Half Day,3.4
A003603,S00361,2026-08-03,Present,7.6
A003604,S00361,2026-08-04,Present,10.0
A003605,S00361,2026-08-05,Absent,0.0
A003606,S00361,2026-08-06,Present,7.1
A003607,S00361,2026-08-07,Present,9.7
A003608,S00361,2026-08-08,Present,8.2
A003609,S00361,2026-08-09,Absent,0.0
A003610,S00361,2026-08-10,Present,8.0
A003611,S00362,2026-08-01,Present,8.0
A003612,S00362,2026-08-02,Half Day,4.8
A003613,S00362,2026-08-03,Present,9.8
A003614,S00362,2026-08-04,Present,8.4
A003615,S00362,2026-08-05,Present,7.0
A003616,S00362,2026-08-06,Present,7.3
A003617,S00362,2026-08-07,Present,9.1
A003618,S00362,2026-08-08,Present,7.3
A003619,S00362,2026-08-09,Present,9.1
A003620,S00362,2026-08-10,Present,9.2
A003621,S00363,2026-08-01,Present,9.1
A003622,S00363,2026-08-02,Present,8.6
A003623,S00363,2026-08-03,Present,10.0
A003624,S00363,2026-08-04,Present,8.1
A003625,S00363,2026-08-05,Present,7.1
A003626,S00363,2026-08-06,Present,8.8
A003627,S00363,2026-08-07,Present,10.0
A003628,S00363,2026-08-08,Present,8.3
A003629,S00363,2026-08-09,Absent,0.0
A003630,S00363,2026-08-10,Absent,0.0
A003631,S00364,2026-08-01,Present,9.0
A003632,S00364,2026-08-02,Present,9.3
A003633,S00364,2026-08-03,Present,7.6
A003634,S00364,2026-08-04,Present,8.4
A003635,S00364,2026-08-05,Present,9.6
A003636,S00364,2026-08-06,Half Day,4.4
A003637,S00364,2026-08-07,Present,8.6
A003638,S00364,2026-08-08,Present,9.5
A003639,S00364,2026-08-09,Present,8.7
A003640,S00364,2026-08-10,Present,9.1
A003641,S00365,2026-08-01,Absent,0.0
A003642,S00365,2026-08-02,Present,9.5
A003643,S00365,2026-08-03,Present,7.1
A003644,S00365,2026-08-04,Half Day,4.8
A003645,S00365,2026-08-05,Half Day,3.4
A003646,S00365,2026-08-06,Present,8.9
A003647,S00365,2026-08-07,Present,7.2
A003648,S00365,2026-08-08,Present,9.1
A003649,S00365,2026-08-09,Present,7.2
A003650,S00365,2026-08-10,Present,7.2
A003651,S00366,2026-08-01,Half Day,4.5
A003652,S00366,2026-08-02,Present,7.6
A003653,S00366,2026-08-03,Present,8.8
A003654,S00366,2026-08-04,Half Day,3.6
A003655,S00366,2026-08-05,Present,9.7
A003656,S00366,2026-08-06,Present,8.3
A003657,S00366,2026-08-07,Present,9.0
A003658,S00366,2026-08-08,Present,7.6
A003659,S00366,2026-08-09,Present,8.2
A003660,S00366,2026-08-10,Present,8.0
A003661,S00367,2026-08-01,Present,8.7
A003662,S00367,2026-08-02,Present,9.1
A003663,S00367,2026-08-03,Present,9.9
A003664,S00367,2026-08-04,Present,7.7
A003665,S00367,2026-08-05,Present,9.8
A003666,S00367,2026-08-06,Half Day,3.7
A003667,S00367,2026-08-07,Absent,0.0
A003668,S00367,2026-08-08,Half Day,4.6
A003669,S00367,2026-08-09,Present,7.3
A003670,S00367,2026-08-10,Present,8.8
A003671,S00368,2026-08-01,Present,8.7
A003672,S00368,2026-08-02,Present,7.2
A003673,S00368,2026-08-03,Present,9.1
A003674,S00368,2026-08-04,Present,8.0
A003675,S00368,2026-08-05,Absent,0.0
A003676,S00368,2026-08-06,Present,9.3
A003677,S00368,2026-08-07,Present,8.6
A003678,S00368,2026-08-08,Present,7.0
A003679,S00368,2026-08-09,Present,9.3
A003680,S00368,2026-08-10,Present,9.5
A003681,S00369,2026-08-01,Half Day,3.9
A003682,S00369,2026-08-02,Present,9.7
A003683,S00369,2026-08-03,Present,7.5
A003684,S00369,2026-08-04,Present,7.7
A003685,S00369,2026-08-05,Present,9.1
A003686,S00369,2026-08-06,Present,7.2
A003687,S00369,2026-08-07,Present,8.8
A003688,S00369,2026-08-08,Present,8.5
A003689,S00369,2026-08-09,Present,7.2
A003690,S00369,2026-08-10,Present,7.2
A003691,S00370,2026-08-01,Present,7.8
A003692,S00370,2026-08-02,Present,8.1
A003693,S00370,2026-08-03,Present,9.5
A003694,S00370,2026-08-04,Present,9.5
A003695,S00370,2026-08-05,Present,7.3
A003696,S00370,2026-08-06,Present,9.7
A003697,S00370,2026-08-07,Present,9.6
A003698,S00370,2026-08-08,Present,7.5
A003699,S00370,2026-08-09,Present,7.4
A003700,S00370,2026-08-10,Present,9.5
A003701,S00371,2026-08-01,Present,7.9
A003702,S00371,2026-08-02,Present,10.0
A003703,S00371,2026-08-03,Present,9.9
A003704,S00371,2026-08-04,Present,9.2
A003705,S00371,2026-08-05,Present,9.9
A003706,S00371,2026-08-06,Absent,0.0
A003707,S00371,2026-08-07,Absent,0.0
A003708,S00371,2026-08-08,Present,9.9
A003709,S00371,2026-08-09,Present,9.9
A003710,S00371,2026-08-10,Absent,0.0
A003711,S00372,2026-08-01,Present,9.0
A003712,S00372,2026-08-02,Present,8.8
A003713,S00372,2026-08-03,Present,9.8
A003714,S00372,2026-08-04,Present,7.2
A003715,S00372,2026-08-05,Present,8.1
A003716,S00372,2026-08-06,Present,8.3
A003717,S00372,2026-08-07,Present,7.3
A003718,S00372,2026-08-08,Present,8.5
A003719,S00372,2026-08-09,Present,9.5
A003720,S00372,2026-08-10,Present,7.4
A003721,S00373,2026-08-01,Present,7.6
A003722,S00373,2026-08-02,Present,7.2
A003723,S00373,2026-08-03,Present,7.8
A003724,S00373,2026-08-04,Present,8.0
A003725,S00373,2026-08-05,Present,8.3
A003726,S00373,2026-08-06,Half Day,4.7
A003727,S00373,2026-08-07,Absent,0.0
A003728,S00373,2026-08-08,Absent,0.0
A003729,S00373,2026-08-09,Half Day,4.8
A003730,S00373,2026-08-10,Present,9.7
A003731,S00374,2026-08-01,Present,8.2
A003732,S00374,2026-08-02,Present,8.8
A003733,S00374,2026-08-03,Present,8.5
A003734,S00374,2026-08-04,Present,8.5
A003735,S00374,2026-08-05,Present,7.4
A003736,S00374,2026-08-06,Present,9.6
A003737,S00374,2026-08-07,Present,7.1
A003738,S00374,2026-08-08,Present,9.6
A003739,S00374,2026-08-09,Half Day,3.1
A003740,S00374,2026-08-10,Half Day,3.8
A003741,S00375,2026-08-01,Present,9.3
A003742,S00375,2026-08-02,Present,9.8
A003743,S00375,2026-08-03,Present,8.3
A003744,S00375,2026-08-04,Present,7.2
A003745,S00375,2026-08-05,Present,9.8
A003746,S00375,2026-08-06,Present,8.5
A003747,S00375,2026-08-07,Present,8.4
A003748,S00375,2026-08-08,Present,8.2
A003749,S00375,2026-08-09,Present,8.8
A003750,S00375,2026-08-10,Present,8.8
A003751,S00376,2026-08-01,Present,8.1
A003752,S00376,2026-08-02,Present,7.1
A003753,S00376,2026-08-03,Present,9.4
A003754,S00376,2026-08-04,Present,9.7
A003755,S00376,2026-08-05,Present,9.9
A003756,S00376,2026-08-06,Absent,0.0
A003757,S00376,2026-08-07,Present,9.3
A003758,S00376,2026-08-08,Present,9.1
A003759,S00376,2026-08-09,Present,9.2
A003760,S00376,2026-08-10,Present,7.2
A003761,S00377,2026-08-01,Present,7.0
A003762,S00377,2026-08-02,Present,8.0
A003763,S00377,2026-08-03,Present,8.4
A003764,S00377,2026-08-04,Present,8.0
A003765,S00377,2026-08-05,Present,7.5
A003766,S00377,2026-08-06,Present,7.6
A003767,S00377,2026-08-07,Present,7.5
A003768,S00377,2026-08-08,Absent,0.0
A003769,S00377,2026-08-09,Present,8.8
A003770,S00377,2026-08-10,Present,9.3
A003771,S00378,2026-08-01,Present,7.4
A003772,S00378,2026-08-02,Present,9.2
A003773,S00378,2026-08-03,Half Day,4.2
A003774,S00378,2026-08-04,Present,9.6
A003775,S00378,2026-08-05,Present,7.2
A003776,S00378,2026-08-06,Present,7.6
A003777,S00378,2026-08-07,Present,9.7
A003778,S00378,2026-08-08,Present,9.5
A003779,S00378,2026-08-09,Present,7.7
A003780,S00378,2026-08-10,Present,7.9
A003781,S00379,2026-08-01,Present,7.7
A003782,S00379,2026-08-02,Half Day,3.5
A003783,S00379,2026-08-03,Present,8.9
A003784,S00379,2026-08-04,Present,9.7
A003785,S00379,2026-08-05,Present,7.2
A003786,S00379,2026-08-06,Present,9.2
A003787,S00379,2026-08-07,Present,7.8
A003788,S00379,2026-08-08,Present,8.4
A003789,S00379,2026-08-09,Present,7.2
A003790,S00379,2026-08-10,Present,9.2
A003791,S00380,2026-08-01,Half Day,3.1
A003792,S00380,2026-08-02,Present,7.3
A003793,S00380,2026-08-03,Absent,0.0
A003794,S00380,2026-08-04,Present,10.0
A003795,S00380,2026-08-05,Present,8.5
A003796,S00380,2026-08-06,Present,8.0
A003797,S00380,2026-08-07,Present,7.0
A003798,S00380,2026-08-08,Present,8.4
A003799,S00380,2026-08-09,Present,8.7
A003800,S00380,2026-08-10,Present,8.8
A003801,S00381,2026-08-01,Present,7.6
A003802,S00381,2026-08-02,Half Day,3.6
A003803,S00381,2026-08-03,Present,7.8
A003804,S00381,2026-08-04,Present,7.5
A003805,S00381,2026-08-05,Present,8.0
A003806,S00381,2026-08-06,Present,7.6
A003807,S00381,2026-08-07,Half Day,4.1
A003808,S00381,2026-08-08,Present,9.6
A003809,S00381,2026-08-09,Present,8.4
A003810,S00381,2026-08-10,Present,9.6
A003811,S00382,2026-08-01,Present,7.7
A003812,S00382,2026-08-02,Present,8.9
A003813,S00382,2026-08-03,Present,8.2
A003814,S00382,2026-08-04,Present,9.1
A003815,S00382,2026-08-05,Present,7.8
A003816,S00382,2026-08-06,Present,7.3
A003817,S00382,2026-08-07,Present,9.0
A003818,S00382,2026-08-08,Present,9.8
A003819,S00382,2026-08-09,Present,7.4
A003820,S00382,2026-08-10,Present,8.0
A003821,S00383,2026-08-01,Absent,0.0
A003822,S00383,2026-08-02,Half Day,3.9
A003823,S00383,2026-08-03,Present,7.5
A003824,S00383,2026-08-04,Present,9.0
A003825,S00383,2026-08-05,Present,9.8
A003826,S00383,2026-08-06,Present,9.0
A003827,S00383,2026-08-07,Half Day,4.7
A003828,S00383,2026-08-08,Present,9.9
A003829,S00383,2026-08-09,Present,9.5
A003830,S00383,2026-08-10,Present,9.3
A003831,S00384,2026-08-01,Present,7.5
A003832,S00384,2026-08-02,Present,9.7
A003833,S00384,2026-08-03,Present,7.0
A003834,S00384,2026-08-04,Present,9.2
A003835,S00384,2026-08-05,Present,8.3
A003836,S00384,2026-08-06,Half Day,3.0
A003837,S00384,2026-08-07,Present,9.3
A003838,S00384,2026-08-08,Present,8.7
A003839,S00384,2026-08-09,Present,9.0
A003840,S00384,2026-08-10,Present,9.7
A003841,S00385,2026-08-01,Present,9.6
A003842,S00385,2026-08-02,Present,9.5
A003843,S00385,2026-08-03,Present,7.8
A003844,S00385,2026-08-04,Present,7.5
A003845,S00385,2026-08-05,Present,9.9
A003846,S00385,2026-08-06,Present,9.8
A003847,S00385,2026-08-07,Present,8.4
A003848,S00385,2026-08-08,Present,8.9
A003849,S00385,2026-08-09,Present,7.4
A003850,S00385,2026-08-10,Half Day,5.0
A003851,S00386,2026-08-01,Present,9.4
A003852,S00386,2026-08-02,Present,8.5
A003853,S00386,2026-08-03,Present,7.4
A003854,S00386,2026-08-04,Half Day,4.0
A003855,S00386,2026-08-05,Present,9.4
A003856,S00386,2026-08-06,Present,8.7
A003857,S00386,2026-08-07,Present,9.0
A003858,S00386,2026-08-08,Present,7.6
A003859,S00386,2026-08-09,Present,8.0
A003860,S00386,2026-08-10,Present,9.1
A003861,S00387,2026-08-01,Present,9.8
A003862,S00387,2026-08-02,Present,9.9
A003863,S00387,2026-08-03,Present,7.3
A003864,S00387,2026-08-04,Present,8.0
A003865,S00387,2026-08-05,Present,7.4
A003866,S00387,2026-08-06,Half Day,3.1
A003867,S00387,2026-08-07,Present,7.5
A003868,S00387,2026-08-08,Absent,0.0
A003869,S00387,2026-08-09,Present,7.6
A003870,S00387,2026-08-10,Present,9.0
A003871,S00388,2026-08-01,Absent,0.0
A003872,S00388,2026-08-02,Present,7.3
A003873,S00388,2026-08-03,Present,8.1
A003874,S00388,2026-08-04,Present,9.6
A003875,S00388,2026-08-05,Present,8.7
A003876,S00388,2026-08-06,Present,7.1
A003877,S00388,2026-08-07,Present,8.2
A003878,S00388,2026-08-08,Present,8.6
A003879,S00388,2026-08-09,Present,7.2
A003880,S00388,2026-08-10,Present,8.7
A003881,S00389,2026-08-01,Present,9.1
A003882,S00389,2026-08-02,Absent,0.0
A003883,S00389,2026-08-03,Present,8.8
A003884,S00389,2026-08-04,Present,8.3
A003885,S00389,2026-08-05,Present,7.3
A003886,S00389,2026-08-06,Half Day,5.0
A003887,S00389,2026-08-07,Present,9.8
A003888,S00389,2026-08-08,Present,7.6
A003889,S00389,2026-08-09,Present,8.6
A003890,S00389,2026-08-10,Present,9.9
A003891,S00390,2026-08-01,Present,8.7
A003892,S00390,2026-08-02,Present,9.5
A003893,S00390,2026-08-03,Present,8.1
A003894,S00390,2026-08-04,Present,8.0
A003895,S00390,2026-08-05,Present,9.1
A003896,S00390,2026-08-06,Present,9.4
A003897,S00390,2026-08-07,Present,9.6
A003898,S00390,2026-08-08,Present,9.0
A003899,S00390,2026-08-09,Present,9.0
A003900,S00390,2026-08-10,Present,7.5
A003901,S00391,2026-08-01,Present,7.8
A003902,S00391,2026-08-02,Present,7.8
A003903,S00391,2026-08-03,Present,7.7
A003904,S00391,2026-08-04,Absent,0.0
A003905,S00391,2026-08-05,Present,7.3
A003906,S00391,2026-08-06,Present,9.4
A003907,S00391,2026-08-07,Present,7.0
A003908,S00391,2026-08-08,Present,8.1
A003909,S00391,2026-08-09,Present,8.1
A003910,S00391,2026-08-10,Present,9.9
A003911,S00392,2026-08-01,Present,9.3
A003912,S00392,2026-08-02,Present,7.9
A003913,S00392,2026-08-03,Present,7.3
A003914,S00392,2026-08-04,Present,7.6
A003915,S00392,2026-08-05,Present,7.2
A003916,S00392,2026-08-06,Present,8.4
A003917,S00392,2026-08-07,Present,7.8
A003918,S00392,2026-08-08,Present,8.3
A003919,S00392,2026-08-09,Present,8.1
A003920,S00392,2026-08-10,Present,9.0
A003921,S00393,2026-08-01,Present,9.4
A003922,S00393,2026-08-02,Present,7.6
A003923,S00393,2026-08-03,Absent,0.0
A003924,S00393,2026-08-04,Present,7.6
A003925,S00393,2026-08-05,Present,9.6
A003926,S00393,2026-08-06,Present,9.8
A003927,S00393,2026-08-07,Present,8.4
A003928,S00393,2026-08-08,Present,7.3
A003929,S00393,2026-08-09,Present,8.5
A003930,S00393,2026-08-10,Present,7.1
A003931,S00394,2026-08-01,Present,7.6
A003932,S00394,2026-08-02,Present,9.9
A003933,S00394,2026-08-03,Present,8.1
A003934,S00394,2026-08-04,Present,7.7
A003935,S00394,2026-08-05,Present,9.8
A003936,S00394,2026-08-06,Present,9.7
A003937,S00394,2026-08-07,Present,8.8
A003938,S00394,2026-08-08,Present,7.7
A003939,S00394,2026-08-09,Present,7.7
A003940,S00394,2026-08-10,Present,9.1
A003941,S00395,2026-08-01,Present,9.6
A003942,S00395,2026-08-02,Present,7.6
A003943,S00395,2026-08-03,Absent,0.0
A003944,S00395,2026-08-04,Present,8.3
A003945,S00395,2026-08-05,Present,7.3
A003946,S00395,2026-08-06,Present,9.3
A003947,S00395,2026-08-07,Present,9.5
A003948,S00395,2026-08-08,Present,9.8
A003949,S00395,2026-08-09,Present,7.2
A003950,S00395,2026-08-10,Present,7.7
A003951,S00396,2026-08-01,Present,9.6
A003952,S00396,2026-08-02,Present,9.8
A003953,S00396,2026-08-03,Present,9.4
A003954,S00396,2026-08-04,Present,7.5
A003955,S00396,2026-08-05,Half Day,3.8
A003956,S00396,2026-08-06,Present,8.9
A003957,S00396,2026-08-07,Absent,0.0
A003958,S00396,2026-08-08,Present,9.1
A003959,S00396,2026-08-09,Half Day,3.6
A003960,S00396,2026-08-10,Present,7.8
A003961,S00397,2026-08-01,Present,9.1
A003962,S00397,2026-08-02,Present,8.7
A003963,S00397,2026-08-03,Present,9.8
A003964,S00397,2026-08-04,Half Day,4.4
A003965,S00397,2026-08-05,Present,7.2
A003966,S00397,2026-08-06,Present,7.2
A003967,S00397,2026-08-07,Present,8.3
A003968,S00397,2026-08-08,Present,8.4
A003969,S00397,2026-08-09,Present,9.0
A003970,S00397,2026-08-10,Present,8.4
A003971,S00398,2026-08-01,Present,7.2
A003972,S00398,2026-08-02,Present,9.4
A003973,S00398,2026-08-03,Present,8.6
A003974,S00398,2026-08-04,Half Day,4.3
A003975,S00398,2026-08-05,Present,9.9
A003976,S00398,2026-08-06,Present,9.8
A003977,S00398,2026-08-07,Present,9.7
A003978,S00398,2026-08-08,Present,7.1
A003979,S00398,2026-08-09,Present,9.1
A003980,S00398,2026-08-10,Present,9.7
A003981,S00399,2026-08-01,Present,7.2
A003982,S00399,2026-08-02,Present,7.8
A003983,S00399,2026-08-03,Present,7.2
A003984,S00399,2026-08-04,Present,7.8
A003985,S00399,2026-08-05,Present,7.3
A003986,S00399,2026-08-06,Present,7.5
A003987,S00399,2026-08-07,Present,9.1
A003988,S00399,2026-08-08,Present,8.3
A003989,S00399,2026-08-09,Present,8.9
A003990,S00399,2026-08-10,Present,9.0
A003991,S00400,2026-08-01,Present,7.4
A003992,S00400,2026-08-02,Present,9.4
A003993,S00400,2026-08-03,Present,9.5
A003994,S00400,2026-08-04,Present,7.1
A003995,S00400,2026-08-05,Present,7.3
A003996,S00400,2026-08-06,Present,8.8
A003997,S00400,2026-08-07,Absent,0.0
A003998,S00400,2026-08-08,Present,9.1
A003999,S00400,2026-08-09,Present,7.3
A004000,S00400,2026-08-10,Half Day,4.5
A004001,S00401,2026-08-01,Present,7.0
A004002,S00401,2026-08-02,Present,9.7
A004003,S00401,2026-08-03,Present,7.9
A004004,S00401,2026-08-04,Present,9.1
A004005,S00401,2026-08-05,Half Day,3.2
A004006,S00401,2026-08-06,Present,7.3
A004007,S00401,2026-08-07,Present,9.7
A004008,S00401,2026-08-08,Present,7.4
A004009,S00401,2026-08-09,Half Day,4.2
A004010,S00401,2026-08-10,Present,9.3
A004011,S00402,2026-08-01,Present,9.5
A004012,S00402,2026-08-02,Present,8.3
A004013,S00402,2026-08-03,Present,7.2
A004014,S00402,2026-08-04,Present,7.9
A004015,S00402,2026-08-05,Present,8.3
A004016,S00402,2026-08-06,Present,9.4
A004017,S00402,2026-08-07,Present,7.7
A004018,S00402,2026-08-08,Present,7.1
A004019,S00402,2026-08-09,Absent,0.0
A004020,S00402,2026-08-10,Present,9.7
A004021,S00403,2026-08-01,Present,7.9
A004022,S00403,2026-08-02,Present,8.2
A004023,S00403,2026-08-03,Present,7.7
A004024,S00403,2026-08-04,Present,7.1
A004025,S00403,2026-08-05,Present,8.8
A004026,S00403,2026-08-06,Present,8.0
A004027,S00403,2026-08-07,Present,8.2
A004028,S00403,2026-08-08,Absent,0.0
A004029,S00403,2026-08-09,Present,9.3
A004030,S00403,2026-08-10,Half Day,3.0
A004031,S00404,2026-08-01,Present,9.9
A004032,S00404,2026-08-02,Present,7.6
A004033,S00404,2026-08-03,Absent,0.0
A004034,S00404,2026-08-04,Present,9.4
A004035,S00404,2026-08-05,Present,9.9
A004036,S00404,2026-08-06,Present,7.7
A004037,S00404,2026-08-07,Present,7.3
A004038,S00404,2026-08-08,Present,9.5
A004039,S00404,2026-08-09,Present,8.3
A004040,S00404,2026-08-10,Present,8.1
A004041,S00405,2026-08-01,Present,9.5
A004042,S00405,2026-08-02,Present,7.5
A004043,S00405,2026-08-03,Present,9.9
A004044,S00405,2026-08-04,Absent,0.0
A004045,S00405,2026-08-05,Present,8.1
A004046,S00405,2026-08-06,Present,9.5
A004047,S00405,2026-08-07,Absent,0.0
A004048,S00405,2026-08-08,Present,8.5
A004049,S00405,2026-08-09,Present,8.0
A004050,S00405,2026-08-10,Present,9.0
A004051,S00406,2026-08-01,Present,7.2
A004052,S00406,2026-08-02,Present,7.7
A004053,S00406,2026-08-03,Present,9.7
A004054,S00406,2026-08-04,Present,8.5
A004055,S00406,2026-08-05,Present,8.2
A004056,S00406,2026-08-06,Present,7.4
A004057,S00406,2026-08-07,Present,7.2
A004058,S00406,2026-08-08,Present,8.3
A004059,S00406,2026-08-09,Present,9.0
A004060,S00406,2026-08-10,Present,10.0
A004061,S00407,2026-08-01,Present,7.3
A004062,S00407,2026-08-02,Present,9.0
A004063,S00407,2026-08-03,Present,8.2
A004064,S00407,2026-08-04,Present,9.2
A004065,S00407,2026-08-05,Present,9.6
A004066,S00407,2026-08-06,Present,8.4
A004067,S00407,2026-08-07,Present,9.6
A004068,S00407,2026-08-08,Present,9.3
A004069,S00407,2026-08-09,Present,7.5
A004070,S00407,2026-08-10,Present,7.7
A004071,S00408,2026-08-01,Present,7.5
A004072,S00408,2026-08-02,Present,7.6
A004073,S00408,2026-08-03,Present,8.6
A004074,S00408,2026-08-04,Present,8.6
A004075,S00408,2026-08-05,Present,7.9
A004076,S00408,2026-08-06,Present,7.3
A004077,S00408,2026-08-07,Present,8.5
A004078,S00408,2026-08-08,Present,9.2
A004079,S00408,2026-08-09,Present,9.3
A004080,S00408,2026-08-10,Present,7.0
A004081,S00409,2026-08-01,Present,8.6
A004082,S00409,2026-08-02,Present,8.2
A004083,S00409,2026-08-03,Present,9.2
A004084,S00409,2026-08-04,Present,7.5
A004085,S00409,2026-08-05,Present,9.4
A004086,S00409,2026-08-06,Present,9.4
A004087,S00409,2026-08-07,Present,7.6
A004088,S00409,2026-08-08,Present,9.4
A004089,S00409,2026-08-09,Present,7.3
A004090,S00409,2026-08-10,Present,7.9
A004091,S00410,2026-08-01,Present,9.4
A004092,S00410,2026-08-02,Present,8.3
A004093,S00410,2026-08-03,Present,9.3
A004094,S00410,2026-08-04,Absent,0.0
A004095,S00410,2026-08-05,Present,8.7
A004096,S00410,2026-08-06,Present,7.6
A004097,S00410,2026-08-07,Half Day,4.1
A004098,S00410,2026-08-08,Present,9.9
A004099,S00410,2026-08-09,Present,9.4
A004100,S00410,2026-08-10,Present,8.6
A004101,S00411,2026-08-01,Absent,0.0
A004102,S00411,2026-08-02,Present,9.8
A004103,S00411,2026-08-03,Present,8.9
A004104,S00411,2026-08-04,Half Day,3.3
A004105,S00411,2026-08-05,Present,9.5
A004106,S00411,2026-08-06,Absent,0.0
A004107,S00411,2026-08-07,Present,9.8
A004108,S00411,2026-08-08,Absent,0.0
A004109,S00411,2026-08-09,Present,8.7
A004110,S00411,2026-08-10,Present,8.4
A004111,S00412,2026-08-01,Present,9.6
A004112,S00412,2026-08-02,Present,9.4
A004113,S00412,2026-08-03,Present,7.7
A004114,S00412,2026-08-04,Present,8.7
A004115,S00412,2026-08-05,Present,8.4
A004116,S00412,2026-08-06,Present,8.5
A004117,S00412,2026-08-07,Present,7.5
A004118,S00412,2026-08-08,Present,7.2
A004119,S00412,2026-08-09,Present,8.0
A004120,S00412,2026-08-10,Present,7.9
A004121,S00413,2026-08-01,Present,9.4
A004122,S00413,2026-08-02,Present,9.3
A004123,S00413,2026-08-03,Present,8.1
A004124,S00413,2026-08-04,Present,7.8
A004125,S00413,2026-08-05,Present,9.7
A004126,S00413,2026-08-06,Present,8.8
A004127,S00413,2026-08-07,Half Day,3.7
A004128,S00413,2026-08-08,Present,7.3
A004129,S00413,2026-08-09,Present,9.8
A004130,S00413,2026-08-10,Present,8.5
A004131,S00414,2026-08-01,Present,9.4
A004132,S00414,2026-08-02,Present,10.0
A004133,S00414,2026-08-03,Half Day,4.1
A004134,S00414,2026-08-04,Half Day,3.2
A004135,S00414,2026-08-05,Present,8.9
A004136,S00414,2026-08-06,Present,7.3
A004137,S00414,2026-08-07,Present,8.1
A004138,S00414,2026-08-08,Present,7.6
A004139,S00414,2026-08-09,Present,8.4
A004140,S00414,2026-08-10,Present,8.1
A004141,S00415,2026-08-01,Present,8.4
A004142,S00415,2026-08-02,Half Day,3.1
A004143,S00415,2026-08-03,Absent,0.0
A004144,S00415,2026-08-04,Present,8.1
A004145,S00415,2026-08-05,Present,9.1
A004146,S00415,2026-08-06,Present,8.4
A004147,S00415,2026-08-07,Present,7.6
A004148,S00415,2026-08-08,Absent,0.0
A004149,S00415,2026-08-09,Present,7.6
A004150,S00415,2026-08-10,Present,9.4
A004151,S00416,2026-08-01,Present,7.5
A004152,S00416,2026-08-02,Present,9.3
A004153,S00416,2026-08-03,Half Day,3.7
A004154,S00416,2026-08-04,Present,8.2
A004155,S00416,2026-08-05,Present,7.7
A004156,S00416,2026-08-06,Present,8.8
A004157,S00416,2026-08-07,Present,7.6
A004158,S00416,2026-08-08,Present,9.0
A004159,S00416,2026-08-09,Present,7.5
A004160,S00416,2026-08-10,Present,7.5
A004161,S00417,2026-08-01,Present,9.1
A004162,S00417,2026-08-02,Present,8.3
A004163,S00417,2026-08-03,Present,8.6
A004164,S00417,2026-08-04,Present,7.9
A004165,S00417,2026-08-05,Absent,0.0
A004166,S00417,2026-08-06,Present,7.5
A004167,S00417,2026-08-07,Absent,0.0
A004168,S00417,2026-08-08,Absent,0.0
A004169,S00417,2026-08-09,Present,8.6
A004170,S00417,2026-08-10,Present,8.8
A004171,S00418,2026-08-01,Present,9.8
A004172,S00418,2026-08-02,Present,8.1
A004173,S00418,2026-08-03,Present,7.7
A004174,S00418,2026-08-04,Present,7.2
A004175,S00418,2026-08-05,Present,7.6
A004176,S00418,2026-08-06,Present,8.0
A004177,S00418,2026-08-07,Present,7.7
A004178,S00418,2026-08-08,Present,7.1
A004179,S00418,2026-08-09,Present,7.2
A004180,S00418,2026-08-10,Present,7.8
A004181,S00419,2026-08-01,Present,9.3
A004182,S00419,2026-08-02,Present,7.1
A004183,S00419,2026-08-03,Present,8.0
A004184,S00419,2026-08-04,Present,7.0
A004185,S00419,2026-08-05,Present,8.0
A004186,S00419,2026-08-06,Present,7.6
A004187,S00419,2026-08-07,Present,7.3
A004188,S00419,2026-08-08,Present,7.1
A004189,S00419,2026-08-09,Present,7.4
A004190,S00419,2026-08-10,Present,9.3
A004191,S00420,2026-08-01,Present,9.2
A004192,S00420,2026-08-02,Present,7.8
A004193,S00420,2026-08-03,Present,9.4
A004194,S00420,2026-08-04,Present,9.5
A004195,S00420,2026-08-05,Present,7.8
A004196,S00420,2026-08-06,Present,7.1
A004197,S00420,2026-08-07,Present,7.0
A004198,S00420,2026-08-08,Present,8.2
A004199,S00420,2026-08-09,Present,9.8
A004200,S00420,2026-08-10,Present,7.5
A004201,S00421,2026-08-01,Absent,0.0
A004202,S00421,2026-08-02,Present,9.5
A004203,S00421,2026-08-03,Present,8.1
A004204,S00421,2026-08-04,Present,7.8
A004205,S00421,2026-08-05,Present,8.6
A004206,S00421,2026-08-06,Absent,0.0
A004207,S00421,2026-08-07,Present,7.5
A004208,S00421,2026-08-08,Present,8.9
A004209,S00421,2026-08-09,Present,7.4
A004210,S00421,2026-08-10,Half Day,4.3
A004211,S00422,2026-08-01,Present,7.0
A004212,S00422,2026-08-02,Present,8.8
A004213,S00422,2026-08-03,Present,9.6
A004214,S00422,2026-08-04,Present,8.5
A004215,S00422,2026-08-05,Present,10.0
A004216,S00422,2026-08-06,Present,8.3
A004217,S00422,2026-08-07,Present,9.5
A004218,S00422,2026-08-08,Present,8.6
A004219,S00422,2026-08-09,Present,7.2
A004220,S00422,2026-08-10,Present,9.1
A004221,S00423,2026-08-01,Present,8.7
A004222,S00423,2026-08-02,Present,9.4
A004223,S00423,2026-08-03,Absent,0.0
A004224,S00423,2026-08-04,Present,7.0
A004225,S00423,2026-08-05,Present,7.1
A004226,S00423,2026-08-06,Present,9.9
A004227,S00423,2026-08-07,Present,8.4
A004228,S00423,2026-08-08,Present,8.0
A004229,S00423,2026-08-09,Present,9.4
A004230,S00423,2026-08-10,Present,8.1
A004231,S00424,2026-08-01,Present,7.8
A004232,S00424,2026-08-02,Absent,0.0
A004233,S00424,2026-08-03,Present,8.1
A004234,S00424,2026-08-04,Half Day,3.3
A004235,S00424,2026-08-05,Present,7.3
A004236,S00424,2026-08-06,Present,9.6
A004237,S00424,2026-08-07,Present,7.1
A004238,S00424,2026-08-08,Present,8.1
A004239,S00424,2026-08-09,Present,8.8
A004240,S00424,2026-08-10,Present,7.2
A004241,S00425,2026-08-01,Present,8.1
A004242,S00425,2026-08-02,Present,8.3
A004243,S00425,2026-08-03,Present,7.4
A004244,S00425,2026-08-04,Present,7.1
A004245,S00425,2026-08-05,Present,9.7
A004246,S00425,2026-08-06,Present,7.8
A004247,S00425,2026-08-07,Present,8.7
A004248,S00425,2026-08-08,Absent,0.0
A004249,S00425,2026-08-09,Absent,0.0
A004250,S00425,2026-08-10,Half Day,3.9
A004251,S00426,2026-08-01,Present,9.2
A004252,S00426,2026-08-02,Present,7.3
A004253,S00426,2026-08-03,Present,9.1
A004254,S00426,2026-08-04,Present,9.8
A004255,S00426,2026-08-05,Present,9.8
A004256,S00426,2026-08-06,Present,9.1
A004257,S00426,2026-08-07,Present,9.1
A004258,S00426,2026-08-08,Present,7.5
A004259,S00426,2026-08-09,Present,9.0
A004260,S00426,2026-08-10,Present,8.7
A004261,S00427,2026-08-01,Present,7.6
A004262,S00427,2026-08-02,Present,9.1
A004263,S00427,2026-08-03,Present,9.1
A004264,S00427,2026-08-04,Present,9.2
A004265,S00427,2026-08-05,Present,7.8
A004266,S00427,2026-08-06,Present,9.8
A004267,S00427,2026-08-07,Present,7.3
A004268,S00427,2026-08-08,Present,9.7
A004269,S00427,2026-08-09,Present,7.5
A004270,S00427,2026-08-10,Present,7.4
A004271,S00428,2026-08-01,Present,9.5
A004272,S00428,2026-08-02,Present,8.8
A004273,S00428,2026-08-03,Present,7.8
A004274,S00428,2026-08-04,Present,8.3
A004275,S00428,2026-08-05,Present,7.9
A004276,S00428,2026-08-06,Present,8.3
A004277,S00428,2026-08-07,Present,8.1
A004278,S00428,2026-08-08,Absent,0.0
A004279,S00428,2026-08-09,Present,7.1
A004280,S00428,2026-08-10,Half Day,3.7
A004281,S00429,2026-08-01,Present,9.4
A004282,S00429,2026-08-02,Half Day,4.6
A004283,S00429,2026-08-03,Present,8.9
A004284,S00429,2026-08-04,Present,8.7
A004285,S00429,2026-08-05,Absent,0.0
A004286,S00429,2026-08-06,Present,7.4
A004287,S00429,2026-08-07,Present,9.7
A004288,S00429,2026-08-08,Present,8.4
A004289,S00429,2026-08-09,Present,9.0
A004290,S00429,2026-08-10,Present,7.4
A004291,S00430,2026-08-01,Present,7.2
A004292,S00430,2026-08-02,Present,8.5
A004293,S00430,2026-08-03,Present,9.7
A004294,S00430,2026-08-04,Present,7.4
A004295,S00430,2026-08-05,Present,9.6
A004296,S00430,2026-08-06,Present,9.0
A004297,S00430,2026-08-07,Present,7.8
A004298,S00430,2026-08-08,Present,7.2
A004299,S00430,2026-08-09,Absent,0.0
A004300,S00430,2026-08-10,Present,8.4
A004301,S00431,2026-08-01,Present,8.4
A004302,S00431,2026-08-02,Present,9.8
A004303,S00431,2026-08-03,Present,9.2
A004304,S00431,2026-08-04,Present,7.0
A004305,S00431,2026-08-05,Present,7.0
A004306,S00431,2026-08-06,Present,9.7
A004307,S00431,2026-08-07,Present,7.1
A004308,S00431,2026-08-08,Present,9.0
A004309,S00431,2026-08-09,Present,7.2
A004310,S00431,2026-08-10,Present,8.0
A004311,S00432,2026-08-01,Present,7.7
A004312,S00432,2026-08-02,Present,9.3
A004313,S00432,2026-08-03,Present,8.1
A004314,S00432,2026-08-04,Present,7.1
A004315,S00432,2026-08-05,Half Day,4.2
A004316,S00432,2026-08-06,Present,9.6
A004317,S00432,2026-08-07,Present,9.8
A004318,S00432,2026-08-08,Present,7.6
A004319,S00432,2026-08-09,Present,7.3
A004320,S00432,2026-08-10,Present,7.7
A004321,S00433,2026-08-01,Present,8.7
A004322,S00433,2026-08-02,Present,9.5
A004323,S00433,2026-08-03,Present,9.7
A004324,S00433,2026-08-04,Present,7.2
A004325,S00433,2026-08-05,Present,7.4
A004326,S00433,2026-08-06,Present,7.9
A004327,S00433,2026-08-07,Present,8.6
A004328,S00433,2026-08-08,Present,8.4
A004329,S00433,2026-08-09,Present,7.9
A004330,S00433,2026-08-10,Present,7.9
A004331,S00434,2026-08-01,Absent,0.0
A004332,S00434,2026-08-02,Present,7.4
A004333,S00434,2026-08-03,Half Day,3.1
A004334,S00434,2026-08-04,Half Day,3.0
A004335,S00434,2026-08-05,Present,7.4
A004336,S00434,2026-08-06,Present,7.1
A004337,S00434,2026-08-07,Present,7.6
A004338,S00434,2026-08-08,Present,8.8
A004339,S00434,2026-08-09,Present,7.5
A004340,S00434,2026-08-10,Present,9.9
A004341,S00435,2026-08-01,Half Day,4.5
A004342,S00435,2026-08-02,Present,7.9
A004343,S00435,2026-08-03,Half Day,4.2
A004344,S00435,2026-08-04,Absent,0.0
A004345,S00435,2026-08-05,Present,9.9
A004346,S00435,2026-08-06,Present,9.3
A004347,S00435,2026-08-07,Present,9.3
A004348,S00435,2026-08-08,Present,8.3
A004349,S00435,2026-08-09,Present,8.6
A004350,S00435,2026-08-10,Present,9.6
A004351,S00436,2026-08-01,Present,9.9
A004352,S00436,2026-08-02,Present,9.1
A004353,S00436,2026-08-03,Present,7.1
A004354,S00436,2026-08-04,Half Day,3.3
A004355,S00436,2026-08-05,Present,7.4
A004356,S00436,2026-08-06,Present,9.1
A004357,S00436,2026-08-07,Present,7.8
A004358,S00436,2026-08-08,Present,8.7
A004359,S00436,2026-08-09,Present,7.8
A004360,S00436,2026-08-10,Present,8.0
A004361,S00437,2026-08-01,Present,8.9
A004362,S00437,2026-08-02,Present,8.3
A004363,S00437,2026-08-03,Present,9.6
A004364,S00437,2026-08-04,Present,7.4
A004365,S00437,2026-08-05,Present,9.4
A004366,S00437,2026-08-06,Present,8.0
A004367,S00437,2026-08-07,Present,8.1
A004368,S00437,2026-08-08,Present,9.2
A004369,S00437,2026-08-09,Present,9.0
A004370,S00437,2026-08-10,Present,9.8
A004371,S00438,2026-08-01,Present,9.6
A004372,S00438,2026-08-02,Present,8.3
A004373,S00438,2026-08-03,Present,7.2
A004374,S00438,2026-08-04,Present,7.9
A004375,S00438,2026-08-05,Present,10.0
A004376,S00438,2026-08-06,Present,7.5
A004377,S00438,2026-08-07,Half Day,3.4
A004378,S00438,2026-08-08,Half Day,4.7
A004379,S00438,2026-08-09,Present,8.3
A004380,S00438,2026-08-10,Present,8.1
A004381,S00439,2026-08-01,Present,8.8
A004382,S00439,2026-08-02,Present,8.9
A004383,S00439,2026-08-03,Half Day,4.8
A004384,S00439,2026-08-04,Absent,0.0
A004385,S00439,2026-08-05,Present,7.3
A004386,S00439,2026-08-06,Present,8.1
A004387,S00439,2026-08-07,Present,9.8
A004388,S00439,2026-08-08,Present,8.2
A004389,S00439,2026-08-09,Present,7.4
A004390,S00439,2026-08-10,Half Day,4.9
A004391,S00440,2026-08-01,Present,8.7
A004392,S00440,2026-08-02,Present,7.1
A004393,S00440,2026-08-03,Present,7.8
A004394,S00440,2026-08-04,Half Day,3.5
A004395,S00440,2026-08-05,Present,9.2
A004396,S00440,2026-08-06,Present,8.7
A004397,S00440,2026-08-07,Present,7.5
A004398,S00440,2026-08-08,Present,7.2
A004399,S00440,2026-08-09,Present,8.2
A004400,S00440,2026-08-10,Present,7.8
A004401,S00441,2026-08-01,Present,7.1
A004402,S00441,2026-08-02,Present,8.5
A004403,S00441,2026-08-03,Present,7.2
A004404,S00441,2026-08-04,Half Day,4.3
A004405,S00441,2026-08-05,Present,8.7
A004406,S00441,2026-08-06,Present,7.6
A004407,S00441,2026-08-07,Present,8.2
A004408,S00441,2026-08-08,Present,9.7
A004409,S00441,2026-08-09,Present,7.9
A004410,S00441,2026-08-10,Present,7.7
A004411,S00442,2026-08-01,Present,9.7
A004412,S00442,2026-08-02,Present,9.6
A004413,S00442,2026-08-03,Present,9.9
A004414,S00442,2026-08-04,Present,7.5
A004415,S00442,2026-08-05,Half Day,4.2
A004416,S00442,2026-08-06,Present,9.6
A004417,S00442,2026-08-07,Present,7.3
A004418,S00442,2026-08-08,Present,9.0
A004419,S00442,2026-08-09,Present,7.3
A004420,S00442,2026-08-10,Present,7.4
A004421,S00443,2026-08-01,Present,8.2
A004422,S00443,2026-08-02,Half Day,3.7
A004423,S00443,2026-08-03,Present,8.0
A004424,S00443,2026-08-04,Present,8.4
A004425,S00443,2026-08-05,Present,8.7
A004426,S00443,2026-08-06,Present,7.4
A004427,S00443,2026-08-07,Present,8.0
A004428,S00443,2026-08-08,Present,7.7
A004429,S00443,2026-08-09,Present,7.1
A004430,S00443,2026-08-10,Present,7.3
A004431,S00444,2026-08-01,Present,9.5
A004432,S00444,2026-08-02,Present,9.1
A004433,S00444,2026-08-03,Present,8.6
A004434,S00444,2026-08-04,Present,8.4
A004435,S00444,2026-08-05,Present,8.1
A004436,S00444,2026-08-06,Present,8.1
A004437,S00444,2026-08-07,Present,7.6
A004438,S00444,2026-08-08,Present,7.9
A004439,S00444,2026-08-09,Present,9.8
A004440,S00444,2026-08-10,Present,7.5
A004441,S00445,2026-08-01,Present,7.3
A004442,S00445,2026-08-02,Present,9.9
A004443,S00445,2026-08-03,Present,7.8
A004444,S00445,2026-08-04,Absent,0.0
A004445,S00445,2026-08-05,Present,8.5
A004446,S00445,2026-08-06,Present,9.3
A004447,S00445,2026-08-07,Present,7.9
A004448,S00445,2026-08-08,Present,7.9
A004449,S00445,2026-08-09,Present,9.0
A004450,S00445,2026-08-10,Present,8.3
A004451,S00446,2026-08-01,Present,9.6
A004452,S00446,2026-08-02,Absent,0.0
A004453,S00446,2026-08-03,Present,9.1
A004454,S00446,2026-08-04,Present,9.9
A004455,S00446,2026-08-05,Present,9.4
A004456,S00446,2026-08-06,Present,8.7
A004457,S00446,2026-08-07,Absent,0.0
A004458,S00446,2026-08-08,Present,10.0
A004459,S00446,2026-08-09,Present,7.0
A004460,S00446,2026-08-10,Present,9.4
A004461,S00447,2026-08-01,Present,9.1
A004462,S00447,2026-08-02,Present,10.0
A004463,S00447,2026-08-03,Present,8.8
A004464,S00447,2026-08-04,Present,7.5
A004465,S00447,2026-08-05,Present,8.3
A004466,S00447,2026-08-06,Half Day,3.7
A004467,S00447,2026-08-07,Present,7.4
A004468,S00447,2026-08-08,Present,7.2
A004469,S00447,2026-08-09,Half Day,3.3
A004470,S00447,2026-08-10,Present,9.6
A004471,S00448,2026-08-01,Present,7.6
A004472,S00448,2026-08-02,Present,9.9
A004473,S00448,2026-08-03,Present,7.9
A004474,S00448,2026-08-04,Present,8.7
A004475,S00448,2026-08-05,Present,9.8
A004476,S00448,2026-08-06,Present,7.4
A004477,S00448,2026-08-07,Present,8.5
A004478,S00448,2026-08-08,Present,8.8
A004479,S00448,2026-08-09,Absent,0.0
A004480,S00448,2026-08-10,Present,9.4
A004481,S00449,2026-08-01,Present,8.0
A004482,S00449,2026-08-02,Present,8.8
A004483,S00449,2026-08-03,Present,9.4
A004484,S00449,2026-08-04,Present,8.1
A004485,S00449,2026-08-05,Present,8.2
A004486,S00449,2026-08-06,Present,9.5
A004487,S00449,2026-08-07,Present,7.7
A004488,S00449,2026-08-08,Half Day,3.3
A004489,S00449,2026-08-09,Present,7.3
A004490,S00449,2026-08-10,Present,7.0
A004491,S00450,2026-08-01,Half Day,4.6
A004492,S00450,2026-08-02,Present,7.7
A004493,S00450,2026-08-03,Present,8.1
A004494,S00450,2026-08-04,Present,7.3
A004495,S00450,2026-08-05,Present,9.5
A004496,S00450,2026-08-06,Present,9.2
A004497,S00450,2026-08-07,Present,7.3
A004498,S00450,2026-08-08,Present,7.1
A004499,S00450,2026-08-09,Half Day,4.3
A004500,S00450,2026-08-10,Present,9.0
A004501,S00451,2026-08-01,Present,8.4
A004502,S00451,2026-08-02,Present,9.1
A004503,S00451,2026-08-03,Present,9.6
A004504,S00451,2026-08-04,Present,8.1
A004505,S00451,2026-08-05,Present,8.8
A004506,S00451,2026-08-06,Present,9.2
A004507,S00451,2026-08-07,Present,9.1
A004508,S00451,2026-08-08,Present,8.0
A004509,S00451,2026-08-09,Present,9.1
A004510,S00451,2026-08-10,Present,7.9
A004511,S00452,2026-08-01,Present,9.4
A004512,S00452,2026-08-02,Present,9.9
A004513,S00452,2026-08-03,Present,7.2
A004514,S00452,2026-08-04,Present,7.1
A004515,S00452,2026-08-05,Half Day,4.8
A004516,S00452,2026-08-06,Present,7.6
A004517,S00452,2026-08-07,Present,8.8
A004518,S00452,2026-08-08,Present,9.6
A004519,S00452,2026-08-09,Present,8.2
A004520,S00452,2026-08-10,Present,7.1
A004521,S00453,2026-08-01,Present,9.4
A004522,S00453,2026-08-02,Present,7.1
A004523,S00453,2026-08-03,Present,8.6
A004524,S00453,2026-08-04,Present,9.9
A004525,S00453,2026-08-05,Present,7.1
A004526,S00453,2026-08-06,Present,8.6
A004527,S00453,2026-08-07,Present,8.5
A004528,S00453,2026-08-08,Present,9.6
A004529,S00453,2026-08-09,Absent,0.0
A004530,S00453,2026-08-10,Present,8.3
A004531,S00454,2026-08-01,Present,9.5
A004532,S00454,2026-08-02,Half Day,3.9
A004533,S00454,2026-08-03,Half Day,3.6
A004534,S00454,2026-08-04,Present,8.1
A004535,S00454,2026-08-05,Present,7.0
A004536,S00454,2026-08-06,Present,7.9
A004537,S00454,2026-08-07,Present,7.8
A004538,S00454,2026-08-08,Absent,0.0
A004539,S00454,2026-08-09,Present,9.8
A004540,S00454,2026-08-10,Present,9.9
A004541,S00455,2026-08-01,Present,7.8
A004542,S00455,2026-08-02,Present,8.1
A004543,S00455,2026-08-03,Present,8.5
A004544,S00455,2026-08-04,Present,8.0
A004545,S00455,2026-08-05,Half Day,4.7
A004546,S00455,2026-08-06,Present,8.4
A004547,S00455,2026-08-07,Present,7.0
A004548,S00455,2026-08-08,Present,9.3
A004549,S00455,2026-08-09,Present,7.9
A004550,S00455,2026-08-10,Present,9.0
A004551,S00456,2026-08-01,Present,8.5
A004552,S00456,2026-08-02,Present,8.4
A004553,S00456,2026-08-03,Present,8.0
A004554,S00456,2026-08-04,Half Day,3.6
A004555,S00456,2026-08-05,Present,7.5
A004556,S00456,2026-08-06,Present,8.0
A004557,S00456,2026-08-07,Present,8.5
A004558,S00456,2026-08-08,Present,8.4
A004559,S00456,2026-08-09,Present,9.0
A004560,S00456,2026-08-10,Present,8.4
A004561,S00457,2026-08-01,Present,7.8
A004562,S00457,2026-08-02,Present,7.6
A004563,S00457,2026-08-03,Absent,0.0
A004564,S00457,2026-08-04,Present,9.6
A004565,S00457,2026-08-05,Absent,0.0
A004566,S00457,2026-08-06,Present,8.9
A004567,S00457,2026-08-07,Present,7.2
A004568,S00457,2026-08-08,Present,8.5
A004569,S00457,2026-08-09,Present,8.8
A004570,S00457,2026-08-10,Present,7.4
A004571,S00458,2026-08-01,Present,8.3
A004572,S00458,2026-08-02,Present,8.6
A004573,S00458,2026-08-03,Present,9.7
A004574,S00458,2026-08-04,Present,8.2
A004575,S00458,2026-08-05,Present,8.8
A004576,S00458,2026-08-06,Present,8.8
A004577,S00458,2026-08-07,Present,8.2
A004578,S00458,2026-08-08,Present,7.0
A004579,S00458,2026-08-09,Present,9.8
A004580,S00458,2026-08-10,Half Day,5.0
A004581,S00459,2026-08-01,Present,8.7
A004582,S00459,2026-08-02,Present,7.0
A004583,S00459,2026-08-03,Absent,0.0
A004584,S00459,2026-08-04,Absent,0.0
A004585,S00459,2026-08-05,Absent,0.0
A004586,S00459,2026-08-06,Present,9.7
A004587,S00459,2026-08-07,Absent,0.0
A004588,S00459,2026-08-08,Present,9.6
A004589,S00459,2026-08-09,Present,9.7
A004590,S00459,2026-08-10,Present,9.4
A004591,S00460,2026-08-01,Present,8.3
A004592,S00460,2026-08-02,Present,8.5
A004593,S00460,2026-08-03,Present,9.3
A004594,S00460,2026-08-04,Present,7.2
A004595,S00460,2026-08-05,Present,9.1
A004596,S00460,2026-08-06,Present,8.7
A004597,S00460,2026-08-07,Present,9.3
A004598,S00460,2026-08-08,Present,9.6
A004599,S00460,2026-08-09,Present,8.8
A004600,S00460,2026-08-10,Present,9.0
A004601,S00461,2026-08-01,Present,8.6
A004602,S00461,2026-08-02,Present,9.2
A004603,S00461,2026-08-03,Present,8.1
A004604,S00461,2026-08-04,Present,8.1
A004605,S00461,2026-08-05,Present,7.5
A004606,S00461,2026-08-06,Present,8.0
A004607,S00461,2026-08-07,Half Day,4.7
A004608,S00461,2026-08-08,Absent,0.0
A004609,S00461,2026-08-09,Present,9.9
A004610,S00461,2026-08-10,Absent,0.0
A004611,S00462,2026-08-01,Present,7.3
A004612,S00462,2026-08-02,Present,8.9
A004613,S00462,2026-08-03,Present,7.4
A004614,S00462,2026-08-04,Present,9.6
A004615,S00462,2026-08-05,Present,8.9
A004616,S00462,2026-08-06,Present,9.1
A004617,S00462,2026-08-07,Present,9.8
A004618,S00462,2026-08-08,Present,8.4
A004619,S00462,2026-08-09,Present,7.7
A004620,S00462,2026-08-10,Present,7.8
A004621,S00463,2026-08-01,Present,7.4
A004622,S00463,2026-08-02,Present,7.1
A004623,S00463,2026-08-03,Present,7.7
A004624,S00463,2026-08-04,Present,7.4
A004625,S00463,2026-08-05,Present,8.6
A004626,S00463,2026-08-06,Present,8.4
A004627,S00463,2026-08-07,Absent,0.0
A004628,S00463,2026-08-08,Present,9.3
A004629,S00463,2026-08-09,Present,8.6
A004630,S00463,2026-08-10,Present,9.0
A004631,S00464,2026-08-01,Present,8.1
A004632,S00464,2026-08-02,Present,8.2
A004633,S00464,2026-08-03,Present,9.1
A004634,S00464,2026-08-04,Present,10.0
A004635,S00464,2026-08-05,Present,9.3
A004636,S00464,2026-08-06,Present,9.3
A004637,S00464,2026-08-07,Present,7.6
A004638,S00464,2026-08-08,Present,9.8
A004639,S00464,2026-08-09,Present,8.5
A004640,S00464,2026-08-10,Present,7.6
A004641,S00465,2026-08-01,Present,7.3
A004642,S00465,2026-08-02,Present,7.9
A004643,S00465,2026-08-03,Present,10.0
A004644,S00465,2026-08-04,Present,8.3
A004645,S00465,2026-08-05,Half Day,3.4
A004646,S00465,2026-08-06,Half Day,4.3
A004647,S00465,2026-08-07,Present,9.4
A004648,S00465,2026-08-08,Absent,0.0
A004649,S00465,2026-08-09,Absent,0.0
A004650,S00465,2026-08-10,Present,8.0
A004651,S00466,2026-08-01,Present,7.7
A004652,S00466,2026-08-02,Present,9.1
A004653,S00466,2026-08-03,Present,8.6
A004654,S00466,2026-08-04,Present,7.9
A004655,S00466,2026-08-05,Present,8.5
A004656,S00466,2026-08-06,Half Day,4.8
A004657,S00466,2026-08-07,Present,8.6
A004658,S00466,2026-08-08,Present,8.8
A004659,S00466,2026-08-09,Half Day,4.7
A004660,S00466,2026-08-10,Present,8.7
A004661,S00467,2026-08-01,Present,7.6
A004662,S00467,2026-08-02,Present,9.4
A004663,S00467,2026-08-03,Half Day,4.5
A004664,S00467,2026-08-04,Half Day,4.9
A004665,S00467,2026-08-05,Present,8.9
A004666,S00467,2026-08-06,Present,9.6
A004667,S00467,2026-08-07,Present,9.8
A004668,S00467,2026-08-08,Present,8.9
A004669,S00467,2026-08-09,Present,9.2
A004670,S00467,2026-08-10,Present,7.4
A004671,S00468,2026-08-01,Present,8.4
A004672,S00468,2026-08-02,Present,8.2
A004673,S00468,2026-08-03,Present,8.1
A004674,S00468,2026-08-04,Present,8.7
A004675,S00468,2026-08-05,Present,8.4
A004676,S00468,2026-08-06,Present,9.0
A004677,S00468,2026-08-07,Half Day,3.8
A004678,S00468,2026-08-08,Present,8.6
A004679,S00468,2026-08-09,Present,7.7
A004680,S00468,2026-08-10,Present,8.0
A004681,S00469,2026-08-01,Present,7.5
A004682,S00469,2026-08-02,Present,8.6
A004683,S00469,2026-08-03,Present,8.2
A004684,S00469,2026-08-04,Present,9.2
A004685,S00469,2026-08-05,Present,9.0
A004686,S00469,2026-08-06,Present,9.7
A004687,S00469,2026-08-07,Present,7.3
A004688,S00469,2026-08-08,Present,9.2
A004689,S00469,2026-08-09,Present,8.9
A004690,S00469,2026-08-10,Present,8.3
A004691,S00470,2026-08-01,Present,9.4
A004692,S00470,2026-08-02,Present,9.8
A004693,S00470,2026-08-03,Half Day,3.2
A004694,S00470,2026-08-04,Present,9.2
A004695,S00470,2026-08-05,Present,8.1
A004696,S00470,2026-08-06,Half Day,4.4
A004697,S00470,2026-08-07,Absent,0.0
A004698,S00470,2026-08-08,Present,7.3
A004699,S00470,2026-08-09,Present,9.7
A004700,S00470,2026-08-10,Present,7.9
A004701,S00471,2026-08-01,Present,8.5
A004702,S00471,2026-08-02,Present,8.1
A004703,S00471,2026-08-03,Present,7.9
A004704,S00471,2026-08-04,Present,9.5
A004705,S00471,2026-08-05,Present,7.1
A004706,S00471,2026-08-06,Present,7.1
A004707,S00471,2026-08-07,Present,9.4
A004708,S00471,2026-08-08,Present,9.1
A004709,S00471,2026-08-09,Present,8.3
A004710,S00471,2026-08-10,Present,9.0
A004711,S00472,2026-08-01,Present,7.3
A004712,S00472,2026-08-02,Present,9.6
A004713,S00472,2026-08-03,Present,7.9
A004714,S00472,2026-08-04,Present,7.5
A004715,S00472,2026-08-05,Present,9.6
A004716,S00472,2026-08-06,Present,8.3
A004717,S00472,2026-08-07,Present,9.6
A004718,S00472,2026-08-08,Half Day,4.8
A004719,S00472,2026-08-09,Present,7.4
A004720,S00472,2026-08-10,Present,8.7
A004721,S00473,2026-08-01,Present,8.3
A004722,S00473,2026-08-02,Present,8.4
A004723,S00473,2026-08-03,Present,8.4
A004724,S00473,2026-08-04,Present,7.4
A004725,S00473,2026-08-05,Present,9.3
A004726,S00473,2026-08-06,Present,7.2
A004727,S00473,2026-08-07,Present,7.9
A004728,S00473,2026-08-08,Present,7.0
A004729,S00473,2026-08-09,Present,8.7
A004730,S00473,2026-08-10,Absent,0.0
A004731,S00474,2026-08-01,Present,7.7
A004732,S00474,2026-08-02,Present,7.8
A004733,S00474,2026-08-03,Half Day,3.5
A004734,S00474,2026-08-04,Half Day,3.6
A004735,S00474,2026-08-05,Present,9.3
A004736,S00474,2026-08-06,Present,9.5
A004737,S00474,2026-08-07,Present,7.7
A004738,S00474,2026-08-08,Present,8.4
A004739,S00474,2026-08-09,Present,7.8
A004740,S00474,2026-08-10,Present,8.8
A004741,S00475,2026-08-01,Present,7.3
A004742,S00475,2026-08-02,Present,9.5
A004743,S00475,2026-08-03,Present,9.9
A004744,S00475,2026-08-04,Present,7.2
A004745,S00475,2026-08-05,Half Day,3.2
A004746,S00475,2026-08-06,Present,7.9
A004747,S00475,2026-08-07,Present,8.5
A004748,S00475,2026-08-08,Present,8.8
A004749,S00475,2026-08-09,Present,8.2
A004750,S00475,2026-08-10,Present,9.0
A004751,S00476,2026-08-01,Present,9.8
A004752,S00476,2026-08-02,Present,9.5
A004753,S00476,2026-08-03,Present,8.2
A004754,S00476,2026-08-04,Present,7.8
A004755,S00476,2026-08-05,Present,8.1
A004756,S00476,2026-08-06,Present,8.8
A004757,S00476,2026-08-07,Present,8.3
A004758,S00476,2026-08-08,Present,7.6
A004759,S00476,2026-08-09,Present,8.9
A004760,S00476,2026-08-10,Present,9.4
A004761,S00477,2026-08-01,Present,8.7
A004762,S00477,2026-08-02,Absent,0.0
A004763,S00477,2026-08-03,Present,8.3
A004764,S00477,2026-08-04,Present,9.8
A004765,S00477,2026-08-05,Present,10.0
A004766,S00477,2026-08-06,Present,9.3
A004767,S00477,2026-08-07,Present,9.5
A004768,S00477,2026-08-08,Present,8.9
A004769,S00477,2026-08-09,Present,8.8
A004770,S00477,2026-08-10,Half Day,4.1
A004771,S00478,2026-08-01,Present,9.3
A004772,S00478,2026-08-02,Absent,0.0
A004773,S00478,2026-08-03,Present,9.6
A004774,S00478,2026-08-04,Present,8.3
A004775,S00478,2026-08-05,Present,9.3
A004776,S00478,2026-08-06,Present,7.4
A004777,S00478,2026-08-07,Absent,0.0
A004778,S00478,2026-08-08,Present,8.8
A004779,S00478,2026-08-09,Present,8.2
A004780,S00478,2026-08-10,Half Day,3.9
A004781,S00479,2026-08-01,Present,7.9
A004782,S00479,2026-08-02,Present,9.4
A004783,S00479,2026-08-03,Present,8.2
A004784,S00479,2026-08-04,Present,8.4
A004785,S00479,2026-08-05,Half Day,4.8
A004786,S00479,2026-08-06,Present,8.0
A004787,S00479,2026-08-07,Present,7.3
A004788,S00479,2026-08-08,Present,9.2
A004789,S00479,2026-08-09,Present,7.3
A004790,S00479,2026-08-10,Present,7.5
A004791,S00480,2026-08-01,Present,7.7
A004792,S00480,2026-08-02,Present,9.5
A004793,S00480,2026-08-03,Present,7.8
A004794,S00480,2026-08-04,Present,8.4
A004795,S00480,2026-08-05,Present,9.1
A004796,S00480,2026-08-06,Present,9.0
A004797,S00480,2026-08-07,Absent,0.0
A004798,S00480,2026-08-08,Present,8.1
A004799,S00480,2026-08-09,Half Day,4.1
A004800,S00480,2026-08-10,Present,7.7
A004801,S00481,2026-08-01,Present,7.3
A004802,S00481,2026-08-02,Present,9.4
A004803,S00481,2026-08-03,Half Day,3.3
A004804,S00481,2026-08-04,Present,9.7
A004805,S00481,2026-08-05,Present,9.7
A004806,S00481,2026-08-06,Present,9.2
A004807,S00481,2026-08-07,Present,7.8
A004808,S00481,2026-08-08,Present,8.0
A004809,S00481,2026-08-09,Present,8.4
A004810,S00481,2026-08-10,Present,7.8
A004811,S00482,2026-08-01,Present,9.3
A004812,S00482,2026-08-02,Present,7.2
A004813,S00482,2026-08-03,Present,10.0
A004814,S00482,2026-08-04,Present,8.9
A004815,S00482,2026-08-05,Present,7.9
A004816,S00482,2026-08-06,Present,7.5
A004817,S00482,2026-08-07,Present,9.4
A004818,S00482,2026-08-08,Present,9.6
A004819,S00482,2026-08-09,Present,8.4
A004820,S00482,2026-08-10,Present,9.9
A004821,S00483,2026-08-01,Half Day,4.9
A004822,S00483,2026-08-02,Present,9.3
A004823,S00483,2026-08-03,Present,7.9
A004824,S00483,2026-08-04,Present,8.0
A004825,S00483,2026-08-05,Present,9.9
A004826,S00483,2026-08-06,Half Day,3.2
A004827,S00483,2026-08-07,Present,8.8
A004828,S00483,2026-08-08,Present,9.6
A004829,S00483,2026-08-09,Present,10.0
A004830,S00483,2026-08-10,Half Day,4.7
A004831,S00484,2026-08-01,Present,8.8
A004832,S00484,2026-08-02,Half Day,4.3
A004833,S00484,2026-08-03,Present,8.0
A004834,S00484,2026-08-04,Present,9.4
A004835,S00484,2026-08-05,Present,9.5
A004836,S00484,2026-08-06,Present,7.8
A004837,S00484,2026-08-07,Present,8.2
A004838,S00484,2026-08-08,Absent,0.0
A004839,S00484,2026-08-09,Present,9.7
A004840,S00484,2026-08-10,Present,8.8
A004841,S00485,2026-08-01,Present,9.7
A004842,S00485,2026-08-02,Present,7.6
A004843,S00485,2026-08-03,Half Day,4.6
A004844,S00485,2026-08-04,Present,9.0
A004845,S00485,2026-08-05,Present,9.0
A004846,S00485,2026-08-06,Present,9.2
A004847,S00485,2026-08-07,Present,8.8
A004848,S00485,2026-08-08,Absent,0.0
A004849,S00485,2026-08-09,Present,8.7
A004850,S00485,2026-08-10,Present,9.2
A004851,S00486,2026-08-01,Present,9.2
A004852,S00486,2026-08-02,Present,7.0
A004853,S00486,2026-08-03,Present,8.1
A004854,S00486,2026-08-04,Present,9.8
A004855,S00486,2026-08-05,Present,9.9
A004856,S00486,2026-08-06,Present,9.1
A004857,S00486,2026-08-07,Present,9.3
A004858,S00486,2026-08-08,Present,9.1
A004859,S00486,2026-08-09,Present,7.8
A004860,S00486,2026-08-10,Present,8.4
A004861,S00487,2026-08-01,Present,7.2
A004862,S00487,2026-08-02,Half Day,3.6
A004863,S00487,2026-08-03,Present,9.7
A004864,S00487,2026-08-04,Present,7.9
A004865,S00487,2026-08-05,Absent,0.0
A004866,S00487,2026-08-06,Half Day,3.5
A004867,S00487,2026-08-07,Present,7.0
A004868,S00487,2026-08-08,Present,9.2
A004869,S00487,2026-08-09,Present,9.6
A004870,S00487,2026-08-10,Present,7.3
A004871,S00488,2026-08-01,Present,9.5
A004872,S00488,2026-08-02,Absent,0.0
A004873,S00488,2026-08-03,Present,8.5
A004874,S00488,2026-08-04,Absent,0.0
A004875,S00488,2026-08-05,Present,9.0
A004876,S00488,2026-08-06,Present,7.4
A004877,S00488,2026-08-07,Absent,0.0
A004878,S00488,2026-08-08,Absent,0.0
A004879,S00488,2026-08-09,Present,9.4
A004880,S00488,2026-08-10,Present,7.9
A004881,S00489,2026-08-01,Present,7.4
A004882,S00489,2026-08-02,Present,8.8
A004883,S00489,2026-08-03,Present,9.7
A004884,S00489,2026-08-04,Present,7.1
A004885,S00489,2026-08-05,Present,7.1
A004886,S00489,2026-08-06,Half Day,3.0
A004887,S00489,2026-08-07,Half Day,3.3
A004888,S00489,2026-08-08,Present,9.3
A004889,S00489,2026-08-09,Present,7.4
A004890,S00489,2026-08-10,Absent,0.0
A004891,S00490,2026-08-01,Present,8.3
A004892,S00490,2026-08-02,Half Day,4.4
A004893,S00490,2026-08-03,Present,7.1
A004894,S00490,2026-08-04,Present,9.4
A004895,S00490,2026-08-05,Present,9.9
A004896,S00490,2026-08-06,Present,10.0
A004897,S00490,2026-08-07,Present,7.9
A004898,S00490,2026-08-08,Present,8.5
A004899,S00490,2026-08-09,Present,7.5
A004900,S00490,2026-08-10,Present,7.8
A004901,S00491,2026-08-01,Absent,0.0
A004902,S00491,2026-08-02,Present,7.4
A004903,S00491,2026-08-03,Present,8.8
A004904,S00491,2026-08-04,Present,9.4
A004905,S00491,2026-08-05,Present,8.2
A004906,S00491,2026-08-06,Present,9.4
A004907,S00491,2026-08-07,Present,9.4
A004908,S00491,2026-08-08,Present,8.3
A004909,S00491,2026-08-09,Present,7.2
A004910,S00491,2026-08-10,Present,7.5
A004911,S00492,2026-08-01,Present,9.4
A004912,S00492,2026-08-02,Present,8.3
A004913,S00492,2026-08-03,Half Day,3.9
A004914,S00492,2026-08-04,Present,9.6
A004915,S00492,2026-08-05,Present,9.4
A004916,S00492,2026-08-06,Present,9.4
A004917,S00492,2026-08-07,Present,8.8
A004918,S00492,2026-08-08,Present,7.7
A004919,S00492,2026-08-09,Present,9.7
A004920,S00492,2026-08-10,Present,8.1
A004921,S00493,2026-08-01,Present,7.0
A004922,S00493,2026-08-02,Present,7.4
A004923,S00493,2026-08-03,Present,7.8
A004924,S00493,2026-08-04,Present,8.1
A004925,S00493,2026-08-05,Present,8.3
A004926,S00493,2026-08-06,Present,8.3
A004927,S00493,2026-08-07,Present,7.9
A004928,S00493,2026-08-08,Present,9.2
A004929,S00493,2026-08-09,Present,7.8
A004930,S00493,2026-08-10,Half Day,3.9
A004931,S00494,2026-08-01,Present,9.7
A004932,S00494,2026-08-02,Absent,0.0
A004933,S00494,2026-08-03,Absent,0.0
A004934,S00494,2026-08-04,Present,10.0
A004935,S00494,2026-08-05,Present,8.7
A004936,S00494,2026-08-06,Present,9.0
A004937,S00494,2026-08-07,Present,9.6
A004938,S00494,2026-08-08,Present,8.0
A004939,S00494,2026-08-09,Present,9.5
A004940,S00494,2026-08-10,Present,7.2
A004941,S00495,2026-08-01,Half Day,3.5
A004942,S00495,2026-08-02,Present,8.8
A004943,S00495,2026-08-03,Present,8.6
A004944,S00495,2026-08-04,Present,9.8
A004945,S00495,2026-08-05,Present,8.3
A004946,S00495,2026-08-06,Absent,0.0
A004947,S00495,2026-08-07,Present,9.7
A004948,S00495,2026-08-08,Present,8.7
A004949,S00495,2026-08-09,Present,7.1
A004950,S00495,2026-08-10,Present,8.5
A004951,S00496,2026-08-01,Present,7.2
A004952,S00496,2026-08-02,Present,8.8
A004953,S00496,2026-08-03,Half Day,4.8
A004954,S00496,2026-08-04,Present,8.6
A004955,S00496,2026-08-05,Present,8.1
A004956,S00496,2026-08-06,Present,9.6
A004957,S00496,2026-08-07,Present,7.2
A004958,S00496,2026-08-08,Present,7.0
A004959,S00496,2026-08-09,Present,8.6
A004960,S00496,2026-08-10,Present,8.7
A004961,S00497,2026-08-01,Absent,0.0
A004962,S00497,2026-08-02,Absent,0.0
A004963,S00497,2026-08-03,Absent,0.0
A004964,S00497,2026-08-04,Present,9.6
A004965,S00497,2026-08-05,Present,10.0
A004966,S00497,2026-08-06,Present,8.2
A004967,S00497,2026-08-07,Present,9.9
A004968,S00497,2026-08-08,Present,8.4
A004969,S00497,2026-08-09,Present,8.6
A004970,S00497,2026-08-10,Present,8.1
A004971,S00498,2026-08-01,Present,8.4
A004972,S00498,2026-08-02,Present,9.1
A004973,S00498,2026-08-03,Absent,0.0
A004974,S00498,2026-08-04,Present,9.3
A004975,S00498,2026-08-05,Present,8.0
A004976,S00498,2026-08-06,Present,10.0
A004977,S00498,2026-08-07,Present,9.9
A004978,S00498,2026-08-08,Half Day,3.1
A004979,S00498,2026-08-09,Present,7.4
A004980,S00498,2026-08-10,Present,9.3
A004981,S00499,2026-08-01,Present,8.2
A004982,S00499,2026-08-02,Present,8.1
A004983,S00499,2026-08-03,Present,8.1
A004984,S00499,2026-08-04,Present,9.6
A004985,S00499,2026-08-05,Present,8.3
A004986,S00499,2026-08-06,Present,8.4
A004987,S00499,2026-08-07,Present,7.9
A004988,S00499,2026-08-08,Present,7.1
A004989,S00499,2026-08-09,Present,8.6
A004990,S00499,2026-08-10,Present,7.9
A004991,S00500,2026-08-01,Present,8.8
A004992,S00500,2026-08-02,Present,9.0
A004993,S00500,2026-08-03,Present,9.4
A004994,S00500,2026-08-04,Present,7.3
A004995,S00500,2026-08-05,Present,8.1
A004996,S00500,2026-08-06,Present,7.7
A004997,S00500,2026-08-07,Present,9.5
A004998,S00500,2026-08-08,Present,8.7
A004999,S00500,2026-08-09,Present,8.2
A005000,S00500,2026-08-10,Present,9.9
A005001,S00501,2026-08-01,Present,8.3
A005002,S00501,2026-08-02,Present,7.4
A005003,S00501,2026-08-03,Absent,0.0
A005004,S00501,2026-08-04,Present,8.9
A005005,S00501,2026-08-05,Present,9.0
A005006,S00501,2026-08-06,Present,9.6
A005007,S00501,2026-08-07,Present,9.8
A005008,S00501,2026-08-08,Present,9.7
A005009,S00501,2026-08-09,Present,7.7
A005010,S00501,2026-08-10,Present,9.1
A005011,S00502,2026-08-01,Present,9.6
A005012,S00502,2026-08-02,Present,9.7
A005013,S00502,2026-08-03,Present,9.3
A005014,S00502,2026-08-04,Present,9.7
A005015,S00502,2026-08-05,Present,7.5
A005016,S00502,2026-08-06,Present,8.8
A005017,S00502,2026-08-07,Present,9.4
A005018,S00502,2026-08-08,Present,9.0
A005019,S00502,2026-08-09,Present,7.2
A005020,S00502,2026-08-10,Present,9.3
A005021,S00503,2026-08-01,Present,7.1
A005022,S00503,2026-08-02,Present,8.5
A005023,S00503,2026-08-03,Present,8.1
A005024,S00503,2026-08-04,Present,9.7
A005025,S00503,2026-08-05,Present,7.9
A005026,S00503,2026-08-06,Present,9.2
A005027,S00503,2026-08-07,Half Day,3.6
A005028,S00503,2026-08-08,Absent,0.0
A005029,S00503,2026-08-09,Present,9.8
A005030,S00503,2026-08-10,Present,8.4
A005031,S00504,2026-08-01,Present,8.0
A005032,S00504,2026-08-02,Present,8.6
A005033,S00504,2026-08-03,Absent,0.0
A005034,S00504,2026-08-04,Present,9.1
A005035,S00504,2026-08-05,Present,7.6
A005036,S00504,2026-08-06,Present,8.7
A005037,S00504,2026-08-07,Half Day,3.9
A005038,S00504,2026-08-08,Present,9.3
A005039,S00504,2026-08-09,Present,7.3
A005040,S00504,2026-08-10,Present,9.8
A005041,S00505,2026-08-01,Present,7.8
A005042,S00505,2026-08-02,Present,8.6
A005043,S00505,2026-08-03,Present,8.4
A005044,S00505,2026-08-04,Present,9.1
A005045,S00505,2026-08-05,Present,8.9
A005046,S00505,2026-08-06,Present,8.0
A005047,S00505,2026-08-07,Present,8.1
A005048,S00505,2026-08-08,Present,9.4
A005049,S00505,2026-08-09,Present,7.5
A005050,S00505,2026-08-10,Half Day,3.9
A005051,S00506,2026-08-01,Present,8.6
A005052,S00506,2026-08-02,Absent,0.0
A005053,S00506,2026-08-03,Present,8.2
A005054,S00506,2026-08-04,Present,8.9
A005055,S00506,2026-08-05,Half Day,3.2
A005056,S00506,2026-08-06,Half Day,4.2
A005057,S00506,2026-08-07,Present,9.4
A005058,S00506,2026-08-08,Present,9.8
A005059,S00506,2026-08-09,Present,8.1
A005060,S00506,2026-08-10,Present,8.9
A005061,S00507,2026-08-01,Present,9.7
A005062,S00507,2026-08-02,Absent,0.0
A005063,S00507,2026-08-03,Present,7.2
A005064,S00507,2026-08-04,Present,9.6
A005065,S00507,2026-08-05,Present,8.5
A005066,S00507,2026-08-06,Present,8.6
A005067,S00507,2026-08-07,Present,8.4
A005068,S00507,2026-08-08,Present,7.3
A005069,S00507,2026-08-09,Present,9.9
A005070,S00507,2026-08-10,Half Day,4.0
A005071,S00508,2026-08-01,Present,9.2
A005072,S00508,2026-08-02,Half Day,3.8
A005073,S00508,2026-08-03,Present,8.9
A005074,S00508,2026-08-04,Present,9.2
A005075,S00508,2026-08-05,Present,9.0
A005076,S00508,2026-08-06,Half Day,4.4
A005077,S00508,2026-08-07,Present,7.4
A005078,S00508,2026-08-08,Half Day,4.8
A005079,S00508,2026-08-09,Present,8.4
A005080,S00508,2026-08-10,Half Day,3.5
A005081,S00509,2026-08-01,Absent,0.0
A005082,S00509,2026-08-02,Present,9.9
A005083,S00509,2026-08-03,Present,9.7
A005084,S00509,2026-08-04,Present,8.9
A005085,S00509,2026-08-05,Present,7.3
A005086,S00509,2026-08-06,Half Day,3.4
A005087,S00509,2026-08-07,Present,10.0
A005088,S00509,2026-08-08,Absent,0.0
A005089,S00509,2026-08-09,Present,9.1
A005090,S00509,2026-08-10,Half Day,3.8
A005091,S00510,2026-08-01,Half Day,3.8
A005092,S00510,2026-08-02,Present,9.2
A005093,S00510,2026-08-03,Present,7.8
A005094,S00510,2026-08-04,Present,9.2
A005095,S00510,2026-08-05,Present,8.5
A005096,S00510,2026-08-06,Present,8.3
A005097,S00510,2026-08-07,Present,7.1
A005098,S00510,2026-08-08,Present,9.8
A005099,S00510,2026-08-09,Absent,0.0
A005100,S00510,2026-08-10,Present,7.1
A005101,S00511,2026-08-01,Present,7.5
A005102,S00511,2026-08-02,Absent,0.0
A005103,S00511,2026-08-03,Absent,0.0
A005104,S00511,2026-08-04,Present,7.0
A005105,S00511,2026-08-05,Present,7.9
A005106,S00511,2026-08-06,Present,9.6
A005107,S00511,2026-08-07,Present,9.3
A005108,S00511,2026-08-08,Present,8.2
A005109,S00511,2026-08-09,Present,9.9
A005110,S00511,2026-08-10,Present,8.0
A005111,S00512,2026-08-01,Present,9.5
A005112,S00512,2026-08-02,Present,9.3
A005113,S00512,2026-08-03,Absent,0.0
A005114,S00512,2026-08-04,Present,7.4
A005115,S00512,2026-08-05,Present,9.3
A005116,S00512,2026-08-06,Present,9.4
A005117,S00512,2026-08-07,Present,7.0
A005118,S00512,2026-08-08,Present,7.1
A005119,S00512,2026-08-09,Half Day,3.8
A005120,S00512,2026-08-10,Present,8.7
A005121,S00513,2026-08-01,Present,8.3
A005122,S00513,2026-08-02,Present,9.8
A005123,S00513,2026-08-03,Present,9.0
A005124,S00513,2026-08-04,Present,7.9
A005125,S00513,2026-08-05,Present,8.1
A005126,S00513,2026-08-06,Present,9.4
A005127,S00513,2026-08-07,Present,9.5
A005128,S00513,2026-08-08,Present,9.6
A005129,S00513,2026-08-09,Present,7.5
A005130,S00513,2026-08-10,Present,8.6
A005131,S00514,2026-08-01,Present,8.9
A005132,S00514,2026-08-02,Present,9.6
A005133,S00514,2026-08-03,Absent,0.0
A005134,S00514,2026-08-04,Present,8.9
A005135,S00514,2026-08-05,Present,9.4
A005136,S00514,2026-08-06,Half Day,4.9
A005137,S00514,2026-08-07,Present,7.7
A005138,S00514,2026-08-08,Absent,0.0
A005139,S00514,2026-08-09,Present,9.6
A005140,S00514,2026-08-10,Present,8.5
A005141,S00515,2026-08-01,Present,9.7
A005142,S00515,2026-08-02,Present,9.2
A005143,S00515,2026-08-03,Half Day,4.9
A005144,S00515,2026-08-04,Present,8.0
A005145,S00515,2026-08-05,Present,8.2
A005146,S00515,2026-08-06,Half Day,3.0
A005147,S00515,2026-08-07,Present,8.1
A005148,S00515,2026-08-08,Present,7.7
A005149,S00515,2026-08-09,Present,9.1
A005150,S00515,2026-08-10,Present,8.5
A005151,S00516,2026-08-01,Half Day,3.9
A005152,S00516,2026-08-02,Present,9.0
A005153,S00516,2026-08-03,Present,8.7
A005154,S00516,2026-08-04,Present,7.2
A005155,S00516,2026-08-05,Absent,0.0
A005156,S00516,2026-08-06,Present,8.0
A005157,S00516,2026-08-07,Present,8.7
A005158,S00516,2026-08-08,Present,8.0
A005159,S00516,2026-08-09,Present,8.0
A005160,S00516,2026-08-10,Present,8.9
A005161,S00517,2026-08-01,Present,9.9
A005162,S00517,2026-08-02,Absent,0.0
A005163,S00517,2026-08-03,Present,8.0
A005164,S00517,2026-08-04,Present,8.4
A005165,S00517,2026-08-05,Present,9.7
A005166,S00517,2026-08-06,Present,7.0
A005167,S00517,2026-08-07,Present,9.6
A005168,S00517,2026-08-08,Present,7.0
A005169,S00517,2026-08-09,Present,8.1
A005170,S00517,2026-08-10,Present,8.8
A005171,S00518,2026-08-01,Present,8.9
A005172,S00518,2026-08-02,Half Day,3.7
A005173,S00518,2026-08-03,Half Day,4.3
A005174,S00518,2026-08-04,Present,8.4
A005175,S00518,2026-08-05,Present,9.0
A005176,S00518,2026-08-06,Present,9.4
A005177,S00518,2026-08-07,Present,9.2
A005178,S00518,2026-08-08,Present,9.3
A005179,S00518,2026-08-09,Present,9.6
A005180,S00518,2026-08-10,Present,9.9
A005181,S00519,2026-08-01,Absent,0.0
A005182,S00519,2026-08-02,Present,9.6
A005183,S00519,2026-08-03,Half Day,3.4
A005184,S00519,2026-08-04,Present,9.2
A005185,S00519,2026-08-05,Present,8.4
A005186,S00519,2026-08-06,Present,9.3
A005187,S00519,2026-08-07,Present,7.7
A005188,S00519,2026-08-08,Present,9.7
A005189,S00519,2026-08-09,Present,9.5
A005190,S00519,2026-08-10,Present,9.9
A005191,S00520,2026-08-01,Absent,0.0
A005192,S00520,2026-08-02,Present,8.2
A005193,S00520,2026-08-03,Present,8.8
A005194,S00520,2026-08-04,Present,7.9
A005195,S00520,2026-08-05,Present,9.1
A005196,S00520,2026-08-06,Present,7.2
A005197,S00520,2026-08-07,Present,9.3
A005198,S00520,2026-08-08,Half Day,4.9
A005199,S00520,2026-08-09,Present,9.8
A005200,S00520,2026-08-10,Present,8.5
A005201,S00521,2026-08-01,Present,7.8
A005202,S00521,2026-08-02,Present,8.9
A005203,S00521,2026-08-03,Present,8.0
A005204,S00521,2026-08-04,Present,9.0
A005205,S00521,2026-08-05,Present,7.6
A005206,S00521,2026-08-06,Present,8.1
A005207,S00521,2026-08-07,Present,8.6
A005208,S00521,2026-08-08,Present,8.6
A005209,S00521,2026-08-09,Half Day,3.2
A005210,S00521,2026-08-10,Present,8.7
A005211,S00522,2026-08-01,Half Day,4.6
A005212,S00522,2026-08-02,Present,9.1
A005213,S00522,2026-08-03,Present,7.9
A005214,S00522,2026-08-04,Present,7.1
A005215,S00522,2026-08-05,Present,9.7
A005216,S00522,2026-08-06,Present,7.8
A005217,S00522,2026-08-07,Present,9.5
A005218,S00522,2026-08-08,Present,9.3
A005219,S00522,2026-08-09,Present,8.6
A005220,S00522,2026-08-10,Present,8.4
A005221,S00523,2026-08-01,Half Day,3.0
A005222,S00523,2026-08-02,Present,8.5
A005223,S00523,2026-08-03,Present,9.6
A005224,S00523,2026-08-04,Present,9.4
A005225,S00523,2026-08-05,Present,9.4
A005226,S00523,2026-08-06,Present,8.7
A005227,S00523,2026-08-07,Present,7.4
A005228,S00523,2026-08-08,Present,9.7
A005229,S00523,2026-08-09,Present,7.1
A005230,S00523,2026-08-10,Present,9.7
A005231,S00524,2026-08-01,Present,8.0
A005232,S00524,2026-08-02,Present,9.7
A005233,S00524,2026-08-03,Half Day,3.5
A005234,S00524,2026-08-04,Present,8.1
A005235,S00524,2026-08-05,Present,8.8
A005236,S00524,2026-08-06,Present,9.2
A005237,S00524,2026-08-07,Present,9.4
A005238,S00524,2026-08-08,Present,8.1
A005239,S00524,2026-08-09,Present,8.5
A005240,S00524,2026-08-10,Present,7.0
A005241,S00525,2026-08-01,Present,8.4
A005242,S00525,2026-08-02,Present,9.0
A005243,S00525,2026-08-03,Present,8.0
A005244,S00525,2026-08-04,Present,8.9
A005245,S00525,2026-08-05,Absent,0.0
A005246,S00525,2026-08-06,Present,8.0
A005247,S00525,2026-08-07,Present,8.0
A005248,S00525,2026-08-08,Present,7.6
A005249,S00525,2026-08-09,Absent,0.0
A005250,S00525,2026-08-10,Half Day,4.7
A005251,S00526,2026-08-01,Present,9.9
A005252,S00526,2026-08-02,Present,9.5
A005253,S00526,2026-08-03,Present,7.9
A005254,S00526,2026-08-04,Half Day,4.7
A005255,S00526,2026-08-05,Present,8.4
A005256,S00526,2026-08-06,Present,8.3
A005257,S00526,2026-08-07,Present,7.6
A005258,S00526,2026-08-08,Absent,0.0
A005259,S00526,2026-08-09,Present,9.8
A005260,S00526,2026-08-10,Present,8.2
A005261,S00527,2026-08-01,Present,7.5
A005262,S00527,2026-08-02,Present,9.6
A005263,S00527,2026-08-03,Present,10.0
A005264,S00527,2026-08-04,Present,9.4
A005265,S00527,2026-08-05,Present,7.6
A005266,S00527,2026-08-06,Present,7.7
A005267,S00527,2026-08-07,Present,9.9
A005268,S00527,2026-08-08,Present,7.3
A005269,S00527,2026-08-09,Present,8.8
A005270,S00527,2026-08-10,Present,8.4
A005271,S00528,2026-08-01,Present,8.5
A005272,S00528,2026-08-02,Present,8.2
A005273,S00528,2026-08-03,Present,8.2
A005274,S00528,2026-08-04,Absent,0.0
A005275,S00528,2026-08-05,Present,8.4
A005276,S00528,2026-08-06,Present,8.4
A005277,S00528,2026-08-07,Present,8.6
A005278,S00528,2026-08-08,Present,9.6
A005279,S00528,2026-08-09,Present,9.8
A005280,S00528,2026-08-10,Present,10.0
A005281,S00529,2026-08-01,Present,8.4
A005282,S00529,2026-08-02,Present,8.2
A005283,S00529,2026-08-03,Present,9.4
A005284,S00529,2026-08-04,Present,9.7
A005285,S00529,2026-08-05,Half Day,4.2
A005286,S00529,2026-08-06,Present,9.1
A005287,S00529,2026-08-07,Present,7.9
A005288,S00529,2026-08-08,Present,7.6
A005289,S00529,2026-08-09,Present,8.2
A005290,S00529,2026-08-10,Present,9.9
A005291,S00530,2026-08-01,Present,8.6
A005292,S00530,2026-08-02,Present,9.6
A005293,S00530,2026-08-03,Present,8.8
A005294,S00530,2026-08-04,Absent,0.0
A005295,S00530,2026-08-05,Present,7.3
A005296,S00530,2026-08-06,Present,7.0
A005297,S00530,2026-08-07,Present,7.9
A005298,S00530,2026-08-08,Present,7.2
A005299,S00530,2026-08-09,Absent,0.0
A005300,S00530,2026-08-10,Present,9.5
A005301,S00531,2026-08-01,Absent,0.0
A005302,S00531,2026-08-02,Present,8.8
A005303,S00531,2026-08-03,Present,8.0
A005304,S00531,2026-08-04,Present,7.6
A005305,S00531,2026-08-05,Present,9.6
A005306,S00531,2026-08-06,Present,8.5
A005307,S00531,2026-08-07,Present,7.9
A005308,S00531,2026-08-08,Present,8.6
A005309,S00531,2026-08-09,Absent,0.0
A005310,S00531,2026-08-10,Present,9.7
A005311,S00532,2026-08-01,Present,9.7
A005312,S00532,2026-08-02,Present,8.6
A005313,S00532,2026-08-03,Present,8.8
A005314,S00532,2026-08-04,Present,9.9
A005315,S00532,2026-08-05,Present,9.2
A005316,S00532,2026-08-06,Present,9.7
A005317,S00532,2026-08-07,Present,7.9
A005318,S00532,2026-08-08,Present,9.0
A005319,S00532,2026-08-09,Present,8.9
A005320,S00532,2026-08-10,Present,8.7
A005321,S00533,2026-08-01,Present,7.5
A005322,S00533,2026-08-02,Present,9.1
A005323,S00533,2026-08-03,Present,9.9
A005324,S00533,2026-08-04,Half Day,4.1
A005325,S00533,2026-08-05,Present,9.7
A005326,S00533,2026-08-06,Present,7.7
A005327,S00533,2026-08-07,Present,8.2
A005328,S00533,2026-08-08,Half Day,4.8
A005329,S00533,2026-08-09,Present,7.6
A005330,S00533,2026-08-10,Present,8.0
A005331,S00534,2026-08-01,Present,8.6
A005332,S00534,2026-08-02,Present,8.1
A005333,S00534,2026-08-03,Present,7.3
A005334,S00534,2026-08-04,Present,8.2
A005335,S00534,2026-08-05,Present,7.6
A005336,S00534,2026-08-06,Present,9.0
A005337,S00534,2026-08-07,Present,9.1
A005338,S00534,2026-08-08,Absent,0.0
A005339,S00534,2026-08-09,Present,9.6
A005340,S00534,2026-08-10,Present,8.0
A005341,S00535,2026-08-01,Present,8.9
A005342,S00535,2026-08-02,Present,7.9
A005343,S00535,2026-08-03,Present,9.8
A005344,S00535,2026-08-04,Half Day,3.5
A005345,S00535,2026-08-05,Present,7.0
A005346,S00535,2026-08-06,Present,7.2
A005347,S00535,2026-08-07,Present,8.4
A005348,S00535,2026-08-08,Half Day,3.5
A005349,S00535,2026-08-09,Present,9.3
A005350,S00535,2026-08-10,Present,9.0
A005351,S00536,2026-08-01,Half Day,5.0
A005352,S00536,2026-08-02,Present,7.9
A005353,S00536,2026-08-03,Present,9.2
A005354,S00536,2026-08-04,Present,9.9
A005355,S00536,2026-08-05,Present,7.7
A005356,S00536,2026-08-06,Present,8.8
A005357,S00536,2026-08-07,Present,8.1
A005358,S00536,2026-08-08,Present,8.8
A005359,S00536,2026-08-09,Present,9.9
A005360,S00536,2026-08-10,Present,8.2
A005361,S00537,2026-08-01,Present,9.9
A005362,S00537,2026-08-02,Absent,0.0
A005363,S00537,2026-08-03,Present,10.0
A005364,S00537,2026-08-04,Present,8.9
A005365,S00537,2026-08-05,Present,9.2
A005366,S00537,2026-08-06,Absent,0.0
A005367,S00537,2026-08-07,Present,8.6
A005368,S00537,2026-08-08,Half Day,3.2
A005369,S00537,2026-08-09,Present,9.6
A005370,S00537,2026-08-10,Present,8.7
A005371,S00538,2026-08-01,Present,7.8
A005372,S00538,2026-08-02,Present,7.6
A005373,S00538,2026-08-03,Present,9.5
A005374,S00538,2026-08-04,Present,9.2
A005375,S00538,2026-08-05,Present,8.0
A005376,S00538,2026-08-06,Half Day,4.0
A005377,S00538,2026-08-07,Present,8.2
A005378,S00538,2026-08-08,Present,7.7
A005379,S00538,2026-08-09,Present,9.0
A005380,S00538,2026-08-10,Present,8.2
A005381,S00539,2026-08-01,Present,7.1
A005382,S00539,2026-08-02,Present,7.1
A005383,S00539,2026-08-03,Present,7.5
A005384,S00539,2026-08-04,Present,7.6
A005385,S00539,2026-08-05,Present,9.2
A005386,S00539,2026-08-06,Present,7.8
A005387,S00539,2026-08-07,Present,7.8
A005388,S00539,2026-08-08,Present,9.6
A005389,S00539,2026-08-09,Half Day,4.3
A005390,S00539,2026-08-10,Present,9.8
A005391,S00540,2026-08-01,Present,8.7
A005392,S00540,2026-08-02,Present,9.8
A005393,S00540,2026-08-03,Present,9.9
A005394,S00540,2026-08-04,Present,8.1
A005395,S00540,2026-08-05,Present,8.0
A005396,S00540,2026-08-06,Present,9.0
A005397,S00540,2026-08-07,Present,9.8
A005398,S00540,2026-08-08,Present,8.5
A005399,S00540,2026-08-09,Present,7.0
A005400,S00540,2026-08-10,Present,8.8
A005401,S00541,2026-08-01,Present,9.5
A005402,S00541,2026-08-02,Present,8.5
A005403,S00541,2026-08-03,Present,9.4
A005404,S00541,2026-08-04,Present,9.0
A005405,S00541,2026-08-05,Present,9.4
A005406,S00541,2026-08-06,Present,8.7
A005407,S00541,2026-08-07,Absent,0.0
A005408,S00541,2026-08-08,Present,8.9
A005409,S00541,2026-08-09,Present,7.5
A005410,S00541,2026-08-10,Present,8.8
A005411,S00542,2026-08-01,Present,9.7
A005412,S00542,2026-08-02,Present,8.8
A005413,S00542,2026-08-03,Half Day,4.3
A005414,S00542,2026-08-04,Present,8.7
A005415,S00542,2026-08-05,Present,7.2
A005416,S00542,2026-08-06,Present,7.6
A005417,S00542,2026-08-07,Present,7.3
A005418,S00542,2026-08-08,Present,8.8
A005419,S00542,2026-08-09,Present,8.8
A005420,S00542,2026-08-10,Absent,0.0
A005421,S00543,2026-08-01,Present,9.4
A005422,S00543,2026-08-02,Present,7.6
A005423,S00543,2026-08-03,Present,7.7
A005424,S00543,2026-08-04,Present,7.1
A005425,S00543,2026-08-05,Half Day,3.1
A005426,S00543,2026-08-06,Present,8.9
A005427,S00543,2026-08-07,Present,9.1
A005428,S00543,2026-08-08,Present,10.0
A005429,S00543,2026-08-09,Present,10.0
A005430,S00543,2026-08-10,Absent,0.0
A005431,S00544,2026-08-01,Present,8.2
A005432,S00544,2026-08-02,Present,7.7
A005433,S00544,2026-08-03,Present,7.4
A005434,S00544,2026-08-04,Present,8.6
A005435,S00544,2026-08-05,Present,9.6
A005436,S00544,2026-08-06,Half Day,4.2
A005437,S00544,2026-08-07,Absent,0.0
A005438,S00544,2026-08-08,Present,8.1
A005439,S00544,2026-08-09,Present,7.1
A005440,S00544,2026-08-10,Absent,0.0
A005441,S00545,2026-08-01,Present,7.9
A005442,S00545,2026-08-02,Present,9.6
A005443,S00545,2026-08-03,Present,8.6
A005444,S00545,2026-08-04,Present,9.4
A005445,S00545,2026-08-05,Present,7.6
A005446,S00545,2026-08-06,Absent,0.0
A005447,S00545,2026-08-07,Present,9.3
A005448,S00545,2026-08-08,Present,8.6
A005449,S00545,2026-08-09,Present,7.6
A005450,S00545,2026-08-10,Present,7.2
A005451,S00546,2026-08-01,Present,9.8
A005452,S00546,2026-08-02,Present,9.9
A005453,S00546,2026-08-03,Present,7.7
A005454,S00546,2026-08-04,Present,7.6
A005455,S00546,2026-08-05,Present,8.8
A005456,S00546,2026-08-06,Present,9.2
A005457,S00546,2026-08-07,Present,9.0
A005458,S00546,2026-08-08,Half Day,3.2
A005459,S00546,2026-08-09,Absent,0.0
A005460,S00546,2026-08-10,Present,8.7
A005461,S00547,2026-08-01,Present,9.5
A005462,S00547,2026-08-02,Present,8.5
A005463,S00547,2026-08-03,Present,9.8
A005464,S00547,2026-08-04,Present,8.6
A005465,S00547,2026-08-05,Half Day,4.0
A005466,S00547,2026-08-06,Present,7.4
A005467,S00547,2026-08-07,Present,9.5
A005468,S00547,2026-08-08,Present,8.9
A005469,S00547,2026-08-09,Present,7.5
A005470,S00547,2026-08-10,Half Day,3.6
A005471,S00548,2026-08-01,Present,9.0
A005472,S00548,2026-08-02,Present,9.3
A005473,S00548,2026-08-03,Present,9.8
A005474,S00548,2026-08-04,Present,8.1
A005475,S00548,2026-08-05,Present,7.4
A005476,S00548,2026-08-06,Present,7.8
A005477,S00548,2026-08-07,Half Day,4.0
A005478,S00548,2026-08-08,Present,7.3
A005479,S00548,2026-08-09,Present,7.5
A005480,S00548,2026-08-10,Present,7.9
A005481,S00549,2026-08-01,Present,8.5
A005482,S00549,2026-08-02,Present,7.2
A005483,S00549,2026-08-03,Present,8.7
A005484,S00549,2026-08-04,Present,7.0
A005485,S00549,2026-08-05,Present,9.0
A005486,S00549,2026-08-06,Present,7.8
A005487,S00549,2026-08-07,Present,9.0
A005488,S00549,2026-08-08,Present,8.9
A005489,S00549,2026-08-09,Present,7.4
A005490,S00549,2026-08-10,Present,9.3
A005491,S00550,2026-08-01,Present,8.3
A005492,S00550,2026-08-02,Absent,0.0
A005493,S00550,2026-08-03,Present,9.8
A005494,S00550,2026-08-04,Present,9.5
A005495,S00550,2026-08-05,Absent,0.0
A005496,S00550,2026-08-06,Present,7.6
A005497,S00550,2026-08-07,Present,7.1
A005498,S00550,2026-08-08,Present,9.5
A005499,S00550,2026-08-09,Present,8.7
A005500,S00550,2026-08-10,Present,8.9
A005501,S00551,2026-08-01,Present,8.4
A005502,S00551,2026-08-02,Present,8.1
A005503,S00551,2026-08-03,Present,9.5
A005504,S00551,2026-08-04,Present,9.2
A005505,S00551,2026-08-05,Present,8.9
A005506,S00551,2026-08-06,Present,7.3
A005507,S00551,2026-08-07,Present,10.0
A005508,S00551,2026-08-08,Present,7.5
A005509,S00551,2026-08-09,Present,7.0
A005510,S00551,2026-08-10,Present,7.0
A005511,S00552,2026-08-01,Present,9.5
A005512,S00552,2026-08-02,Present,9.2
A005513,S00552,2026-08-03,Present,9.2
A005514,S00552,2026-08-04,Present,8.1
A005515,S00552,2026-08-05,Present,9.7
A005516,S00552,2026-08-06,Present,9.0
A005517,S00552,2026-08-07,Present,9.5
A005518,S00552,2026-08-08,Present,8.9
A005519,S00552,2026-08-09,Present,9.1
A005520,S00552,2026-08-10,Present,7.8
A005521,S00553,2026-08-01,Present,8.9
A005522,S00553,2026-08-02,Present,8.8
A005523,S00553,2026-08-03,Present,9.3
A005524,S00553,2026-08-04,Present,7.3
A005525,S00553,2026-08-05,Present,9.2
A005526,S00553,2026-08-06,Present,9.0
A005527,S00553,2026-08-07,Present,8.8
A005528,S00553,2026-08-08,Present,8.5
A005529,S00553,2026-08-09,Present,7.5
A005530,S00553,2026-08-10,Absent,0.0
A005531,S00554,2026-08-01,Present,8.2
A005532,S00554,2026-08-02,Present,7.0
A005533,S00554,2026-08-03,Present,8.5
A005534,S00554,2026-08-04,Present,8.9
A005535,S00554,2026-08-05,Present,9.1
A005536,S00554,2026-08-06,Present,7.4
A005537,S00554,2026-08-07,Present,9.2
A005538,S00554,2026-08-08,Present,8.5
A005539,S00554,2026-08-09,Present,8.4
A005540,S00554,2026-08-10,Present,7.1
A005541,S00555,2026-08-01,Half Day,3.4
A005542,S00555,2026-08-02,Present,10.0
A005543,S00555,2026-08-03,Present,7.1
A005544,S00555,2026-08-04,Present,7.2
A005545,S00555,2026-08-05,Present,8.1
A005546,S00555,2026-08-06,Present,9.8
A005547,S00555,2026-08-07,Present,9.8
A005548,S00555,2026-08-08,Absent,0.0
A005549,S00555,2026-08-09,Present,7.6
A005550,S00555,2026-08-10,Present,8.8
A005551,S00556,2026-08-01,Present,7.9
A005552,S00556,2026-08-02,Present,8.2
A005553,S00556,2026-08-03,Present,7.2
A005554,S00556,2026-08-04,Absent,0.0
A005555,S00556,2026-08-05,Present,8.4
A005556,S00556,2026-08-06,Half Day,3.7
A005557,S00556,2026-08-07,Half Day,4.1
A005558,S00556,2026-08-08,Present,7.6
A005559,S00556,2026-08-09,Present,9.0
A005560,S00556,2026-08-10,Present,7.5
A005561,S00557,2026-08-01,Present,8.9
A005562,S00557,2026-08-02,Present,9.7
A005563,S00557,2026-08-03,Present,9.5
A005564,S00557,2026-08-04,Present,9.2
A005565,S00557,2026-08-05,Present,8.8
A005566,S00557,2026-08-06,Present,9.7
A005567,S00557,2026-08-07,Present,8.6
A005568,S00557,2026-08-08,Present,9.0
A005569,S00557,2026-08-09,Present,8.8
A005570,S00557,2026-08-10,Present,7.0
A005571,S00558,2026-08-01,Present,9.5
A005572,S00558,2026-08-02,Present,9.3
A005573,S00558,2026-08-03,Present,10.0
A005574,S00558,2026-08-04,Present,10.0
A005575,S00558,2026-08-05,Present,9.2
A005576,S00558,2026-08-06,Half Day,4.8
A005577,S00558,2026-08-07,Present,8.5
A005578,S00558,2026-08-08,Present,7.5
A005579,S00558,2026-08-09,Present,9.5
A005580,S00558,2026-08-10,Present,7.2
A005581,S00559,2026-08-01,Present,9.0
A005582,S00559,2026-08-02,Present,8.4
A005583,S00559,2026-08-03,Present,9.1
A005584,S00559,2026-08-04,Present,7.6
A005585,S00559,2026-08-05,Absent,0.0
A005586,S00559,2026-08-06,Present,7.2
A005587,S00559,2026-08-07,Present,9.0
A005588,S00559,2026-08-08,Present,9.8
A005589,S00559,2026-08-09,Present,7.7
A005590,S00559,2026-08-10,Present,7.2
A005591,S00560,2026-08-01,Present,7.5
A005592,S00560,2026-08-02,Present,7.6
A005593,S00560,2026-08-03,Present,9.2
A005594,S00560,2026-08-04,Present,9.9
A005595,S00560,2026-08-05,Absent,0.0
A005596,S00560,2026-08-06,Present,7.1
A005597,S00560,2026-08-07,Present,8.6
A005598,S00560,2026-08-08,Present,7.1
A005599,S00560,2026-08-09,Present,8.5
A005600,S00560,2026-08-10,Present,9.5
A005601,S00561,2026-08-01,Present,9.0
A005602,S00561,2026-08-02,Present,8.7
A005603,S00561,2026-08-03,Present,8.3
A005604,S00561,2026-08-04,Present,9.3
A005605,S00561,2026-08-05,Present,7.3
A005606,S00561,2026-08-06,Present,9.2
A005607,S00561,2026-08-07,Present,8.6
A005608,S00561,2026-08-08,Present,9.5
A005609,S00561,2026-08-09,Present,8.0
A005610,S00561,2026-08-10,Absent,0.0
A005611,S00562,2026-08-01,Present,9.6
A005612,S00562,2026-08-02,Present,9.5
A005613,S00562,2026-08-03,Present,9.9
A005614,S00562,2026-08-04,Present,9.8
A005615,S00562,2026-08-05,Present,9.4
A005616,S00562,2026-08-06,Half Day,4.0
A005617,S00562,2026-08-07,Present,9.3
A005618,S00562,2026-08-08,Present,7.3
A005619,S00562,2026-08-09,Present,9.6
A005620,S00562,2026-08-10,Present,7.0
A005621,S00563,2026-08-01,Present,7.9
A005622,S00563,2026-08-02,Present,9.3
A005623,S00563,2026-08-03,Present,7.0
A005624,S00563,2026-08-04,Present,7.5
A005625,S00563,2026-08-05,Present,7.3
A005626,S00563,2026-08-06,Present,8.7
A005627,S00563,2026-08-07,Present,7.9
A005628,S00563,2026-08-08,Present,8.7
A005629,S00563,2026-08-09,Present,8.7
A005630,S00563,2026-08-10,Half Day,4.5
A005631,S00564,2026-08-01,Present,7.3
A005632,S00564,2026-08-02,Absent,0.0
A005633,S00564,2026-08-03,Absent,0.0
A005634,S00564,2026-08-04,Present,9.0
A005635,S00564,2026-08-05,Present,9.2
A005636,S00564,2026-08-06,Present,7.9
A005637,S00564,2026-08-07,Present,9.6
A005638,S00564,2026-08-08,Present,7.1
A005639,S00564,2026-08-09,Present,7.5
A005640,S00564,2026-08-10,Present,7.2
A005641,S00565,2026-08-01,Absent,0.0
A005642,S00565,2026-08-02,Present,8.3
A005643,S00565,2026-08-03,Present,9.2
A005644,S00565,2026-08-04,Present,7.9
A005645,S00565,2026-08-05,Present,8.6
A005646,S00565,2026-08-06,Present,7.6
A005647,S00565,2026-08-07,Present,8.9
A005648,S00565,2026-08-08,Present,9.5
A005649,S00565,2026-08-09,Present,8.8
A005650,S00565,2026-08-10,Present,10.0
A005651,S00566,2026-08-01,Present,7.7
A005652,S00566,2026-08-02,Present,8.7
A005653,S00566,2026-08-03,Present,9.5
A005654,S00566,2026-08-04,Absent,0.0
A005655,S00566,2026-08-05,Present,10.0
A005656,S00566,2026-08-06,Half Day,4.1
A005657,S00566,2026-08-07,Present,8.5
A005658,S00566,2026-08-08,Present,9.9
A005659,S00566,2026-08-09,Present,7.2
A005660,S00566,2026-08-10,Present,9.5
A005661,S00567,2026-08-01,Present,9.6
A005662,S00567,2026-08-02,Present,8.7
A005663,S00567,2026-08-03,Absent,0.0
A005664,S00567,2026-08-04,Present,9.4
A005665,S00567,2026-08-05,Half Day,4.8
A005666,S00567,2026-08-06,Present,8.4
A005667,S00567,2026-08-07,Present,9.6
A005668,S00567,2026-08-08,Present,8.0
A005669,S00567,2026-08-09,Present,8.9
A005670,S00567,2026-08-10,Absent,0.0
A005671,S00568,2026-08-01,Half Day,3.9
A005672,S00568,2026-08-02,Present,8.7
A005673,S00568,2026-08-03,Present,8.0
A005674,S00568,2026-08-04,Present,8.8
A005675,S00568,2026-08-05,Present,9.0
A005676,S00568,2026-08-06,Present,8.9
A005677,S00568,2026-08-07,Present,7.5
A005678,S00568,2026-08-08,Present,9.9
A005679,S00568,2026-08-09,Present,7.1
A005680,S00568,2026-08-10,Present,8.9
A005681,S00569,2026-08-01,Present,8.7
A005682,S00569,2026-08-02,Present,9.2
A005683,S00569,2026-08-03,Present,7.1
A005684,S00569,2026-08-04,Absent,0.0
A005685,S00569,2026-08-05,Present,7.7
A005686,S00569,2026-08-06,Present,7.5
A005687,S00569,2026-08-07,Absent,0.0
A005688,S00569,2026-08-08,Present,7.6
A005689,S00569,2026-08-09,Present,9.6
A005690,S00569,2026-08-10,Present,7.2
A005691,S00570,2026-08-01,Absent,0.0
A005692,S00570,2026-08-02,Half Day,4.9
A005693,S00570,2026-08-03,Half Day,3.7
A005694,S00570,2026-08-04,Present,7.8
A005695,S00570,2026-08-05,Half Day,3.6
A005696,S00570,2026-08-06,Present,7.6
A005697,S00570,2026-08-07,Present,7.7
A005698,S00570,2026-08-08,Present,8.9
A005699,S00570,2026-08-09,Present,7.1
A005700,S00570,2026-08-10,Present,7.4
A005701,S00571,2026-08-01,Present,10.0
A005702,S00571,2026-08-02,Present,7.9
A005703,S00571,2026-08-03,Present,8.1
A005704,S00571,2026-08-04,Present,9.1
A005705,S00571,2026-08-05,Present,8.4
A005706,S00571,2026-08-06,Present,9.6
A005707,S00571,2026-08-07,Present,9.7
A005708,S00571,2026-08-08,Present,9.8
A005709,S00571,2026-08-09,Present,9.2
A005710,S00571,2026-08-10,Present,9.4
A005711,S00572,2026-08-01,Present,7.9
A005712,S00572,2026-08-02,Absent,0.0
A005713,S00572,2026-08-03,Present,7.7
A005714,S00572,2026-08-04,Absent,0.0
A005715,S00572,2026-08-05,Present,9.7
A005716,S00572,2026-08-06,Present,9.3
A005717,S00572,2026-08-07,Present,9.4
A005718,S00572,2026-08-08,Present,9.0
A005719,S00572,2026-08-09,Present,9.1
A005720,S00572,2026-08-10,Present,9.3
A005721,S00573,2026-08-01,Present,8.6
A005722,S00573,2026-08-02,Present,7.1
A005723,S00573,2026-08-03,Present,7.6
A005724,S00573,2026-08-04,Present,9.9
A005725,S00573,2026-08-05,Present,7.7
A005726,S00573,2026-08-06,Present,8.5
A005727,S00573,2026-08-07,Present,7.1
A005728,S00573,2026-08-08,Half Day,4.0
A005729,S00573,2026-08-09,Present,8.0
A005730,S00573,2026-08-10,Present,9.6
A005731,S00574,2026-08-01,Present,7.1
A005732,S00574,2026-08-02,Present,9.9
A005733,S00574,2026-08-03,Present,7.1
A005734,S00574,2026-08-04,Present,9.0
A005735,S00574,2026-08-05,Present,9.0
A005736,S00574,2026-08-06,Present,7.1
A005737,S00574,2026-08-07,Present,9.7
A005738,S00574,2026-08-08,Present,7.1
A005739,S00574,2026-08-09,Present,7.4
A005740,S00574,2026-08-10,Present,9.9
A005741,S00575,2026-08-01,Present,8.5
A005742,S00575,2026-08-02,Present,7.7
A005743,S00575,2026-08-03,Present,9.2
A005744,S00575,2026-08-04,Present,8.6
A005745,S00575,2026-08-05,Present,7.4
A005746,S00575,2026-08-06,Present,7.6
A005747,S00575,2026-08-07,Present,9.8
A005748,S00575,2026-08-08,Present,9.6
A005749,S00575,2026-08-09,Present,7.9
A005750,S00575,2026-08-10,Present,7.7
A005751,S00576,2026-08-01,Present,9.1
A005752,S00576,2026-08-02,Present,8.8
A005753,S00576,2026-08-03,Present,7.8
A005754,S00576,2026-08-04,Present,7.0
A005755,S00576,2026-08-05,Absent,0.0
A005756,S00576,2026-08-06,Present,9.8
A005757,S00576,2026-08-07,Absent,0.0
A005758,S00576,2026-08-08,Present,9.7
A005759,S00576,2026-08-09,Present,9.2
A005760,S00576,2026-08-10,Present,8.4
A005761,S00577,2026-08-01,Present,8.1
A005762,S00577,2026-08-02,Present,8.0
A005763,S00577,2026-08-03,Present,9.3
A005764,S00577,2026-08-04,Present,8.9
A005765,S00577,2026-08-05,Present,7.4
A005766,S00577,2026-08-06,Present,7.1
A005767,S00577,2026-08-07,Present,7.9
A005768,S00577,2026-08-08,Present,9.9
A005769,S00577,2026-08-09,Present,9.1
A005770,S00577,2026-08-10,Present,7.0
A005771,S00578,2026-08-01,Present,9.8
A005772,S00578,2026-08-02,Present,7.8
A005773,S00578,2026-08-03,Present,8.6
A005774,S00578,2026-08-04,Present,7.5
A005775,S00578,2026-08-05,Present,9.2
A005776,S00578,2026-08-06,Present,8.3
A005777,S00578,2026-08-07,Present,8.4
A005778,S00578,2026-08-08,Present,9.1
A005779,S00578,2026-08-09,Present,9.8
A005780,S00578,2026-08-10,Present,9.6
A005781,S00579,2026-08-01,Present,9.6
A005782,S00579,2026-08-02,Present,9.6
A005783,S00579,2026-08-03,Present,7.6
A005784,S00579,2026-08-04,Present,8.5
A005785,S00579,2026-08-05,Half Day,3.3
A005786,S00579,2026-08-06,Absent,0.0
A005787,S00579,2026-08-07,Present,8.8
A005788,S00579,2026-08-08,Absent,0.0
A005789,S00579,2026-08-09,Present,7.9
A005790,S00579,2026-08-10,Present,9.3
A005791,S00580,2026-08-01,Present,9.7
A005792,S00580,2026-08-02,Absent,0.0
A005793,S00580,2026-08-03,Present,8.2
A005794,S00580,2026-08-04,Present,9.1
A005795,S00580,2026-08-05,Present,9.0
A005796,S00580,2026-08-06,Absent,0.0
A005797,S00580,2026-08-07,Present,8.7
A005798,S00580,2026-08-08,Present,8.9
A005799,S00580,2026-08-09,Present,10.0
A005800,S00580,2026-08-10,Present,8.1
A005801,S00581,2026-08-01,Present,8.7
A005802,S00581,2026-08-02,Present,8.3
A005803,S00581,2026-08-03,Present,8.8
A005804,S00581,2026-08-04,Present,9.1
A005805,S00581,2026-08-05,Present,8.4
A005806,S00581,2026-08-06,Present,8.5
A005807,S00581,2026-08-07,Present,9.0
A005808,S00581,2026-08-08,Present,8.6
A005809,S00581,2026-08-09,Present,7.5
A005810,S00581,2026-08-10,Present,8.5
A005811,S00582,2026-08-01,Present,8.5
A005812,S00582,2026-08-02,Present,7.3
A005813,S00582,2026-08-03,Present,9.4
A005814,S00582,2026-08-04,Present,8.1
A005815,S00582,2026-08-05,Present,9.8
A005816,S00582,2026-08-06,Half Day,5.0
A005817,S00582,2026-08-07,Present,9.9
A005818,S00582,2026-08-08,Present,9.1
A005819,S00582,2026-08-09,Absent,0.0
A005820,S00582,2026-08-10,Present,8.2
A005821,S00583,2026-08-01,Present,9.3
A005822,S00583,2026-08-02,Present,8.1
A005823,S00583,2026-08-03,Present,8.8
A005824,S00583,2026-08-04,Present,9.7
A005825,S00583,2026-08-05,Present,10.0
A005826,S00583,2026-08-06,Present,8.7
A005827,S00583,2026-08-07,Present,7.0
A005828,S00583,2026-08-08,Present,7.9
A005829,S00583,2026-08-09,Present,8.7
A005830,S00583,2026-08-10,Present,8.7
A005831,S00584,2026-08-01,Present,7.4
A005832,S00584,2026-08-02,Present,9.5
A005833,S00584,2026-08-03,Half Day,3.2
A005834,S00584,2026-08-04,Present,7.9
A005835,S00584,2026-08-05,Present,8.3
A005836,S00584,2026-08-06,Present,8.1
A005837,S00584,2026-08-07,Present,8.2
A005838,S00584,2026-08-08,Present,7.7
A005839,S00584,2026-08-09,Present,8.0
A005840,S00584,2026-08-10,Present,8.3
A005841,S00585,2026-08-01,Present,7.1
A005842,S00585,2026-08-02,Present,8.4
A005843,S00585,2026-08-03,Present,7.5
A005844,S00585,2026-08-04,Absent,0.0
A005845,S00585,2026-08-05,Present,8.9
A005846,S00585,2026-08-06,Present,9.3
A005847,S00585,2026-08-07,Present,7.2
A005848,S00585,2026-08-08,Present,9.6
A005849,S00585,2026-08-09,Present,7.7
A005850,S00585,2026-08-10,Present,9.6
A005851,S00586,2026-08-01,Half Day,3.2
A005852,S00586,2026-08-02,Present,8.9
A005853,S00586,2026-08-03,Present,8.4
A005854,S00586,2026-08-04,Present,8.7
A005855,S00586,2026-08-05,Present,7.1
A005856,S00586,2026-08-06,Present,8.8
A005857,S00586,2026-08-07,Half Day,4.0
A005858,S00586,2026-08-08,Present,9.5
A005859,S00586,2026-08-09,Present,7.8
A005860,S00586,2026-08-10,Half Day,3.9
A005861,S00587,2026-08-01,Half Day,4.2
A005862,S00587,2026-08-02,Present,7.0
A005863,S00587,2026-08-03,Present,7.2
A005864,S00587,2026-08-04,Present,7.1
A005865,S00587,2026-08-05,Present,8.2
A005866,S00587,2026-08-06,Present,8.8
A005867,S00587,2026-08-07,Present,9.0
A005868,S00587,2026-08-08,Present,7.6
A005869,S00587,2026-08-09,Present,8.2
A005870,S00587,2026-08-10,Present,9.7
A005871,S00588,2026-08-01,Present,8.2
A005872,S00588,2026-08-02,Present,8.7
A005873,S00588,2026-08-03,Present,8.0
A005874,S00588,2026-08-04,Present,8.4
A005875,S00588,2026-08-05,Present,9.3
A005876,S00588,2026-08-06,Present,8.2
A005877,S00588,2026-08-07,Present,7.6
A005878,S00588,2026-08-08,Present,7.1
A005879,S00588,2026-08-09,Half Day,4.0
A005880,S00588,2026-08-10,Present,8.3
A005881,S00589,2026-08-01,Present,7.1
A005882,S00589,2026-08-02,Present,7.5
A005883,S00589,2026-08-03,Present,8.9
A005884,S00589,2026-08-04,Present,8.7
A005885,S00589,2026-08-05,Present,9.5
A005886,S00589,2026-08-06,Present,8.8
A005887,S00589,2026-08-07,Present,9.8
A005888,S00589,2026-08-08,Present,8.6
A005889,S00589,2026-08-09,Present,9.3
A005890,S00589,2026-08-10,Present,7.9
A005891,S00590,2026-08-01,Half Day,4.7
A005892,S00590,2026-08-02,Present,9.0
A005893,S00590,2026-08-03,Present,7.3
A005894,S00590,2026-08-04,Absent,0.0
A005895,S00590,2026-08-05,Present,9.9
A005896,S00590,2026-08-06,Present,7.5
A005897,S00590,2026-08-07,Present,7.6
A005898,S00590,2026-08-08,Present,8.0
A005899,S00590,2026-08-09,Absent,0.0
A005900,S00590,2026-08-10,Present,7.1
A005901,S00591,2026-08-01,Present,7.4
A005902,S00591,2026-08-02,Present,8.4
A005903,S00591,2026-08-03,Absent,0.0
A005904,S00591,2026-08-04,Present,7.6
A005905,S00591,2026-08-05,Absent,0.0
A005906,S00591,2026-08-06,Present,7.0
A005907,S00591,2026-08-07,Present,8.9
A005908,S00591,2026-08-08,Present,9.0
A005909,S00591,2026-08-09,Present,8.0
A005910,S00591,2026-08-10,Present,7.7
A005911,S00592,2026-08-01,Present,9.7
A005912,S00592,2026-08-02,Present,9.8
A005913,S00592,2026-08-03,Present,9.6
A005914,S00592,2026-08-04,Present,9.0
A005915,S00592,2026-08-05,Present,8.1
A005916,S00592,2026-08-06,Present,8.9
A005917,S00592,2026-08-07,Present,9.9
A005918,S00592,2026-08-08,Half Day,3.1
A005919,S00592,2026-08-09,Present,9.9
A005920,S00592,2026-08-10,Absent,0.0
A005921,S00593,2026-08-01,Present,7.3
A005922,S00593,2026-08-02,Present,9.7
A005923,S00593,2026-08-03,Present,7.9
A005924,S00593,2026-08-04,Present,9.8
A005925,S00593,2026-08-05,Present,9.7
A005926,S00593,2026-08-06,Present,7.7
A005927,S00593,2026-08-07,Present,7.2
A005928,S00593,2026-08-08,Present,8.8
A005929,S00593,2026-08-09,Half Day,4.0
A005930,S00593,2026-08-10,Present,7.5
A005931,S00594,2026-08-01,Present,7.9
A005932,S00594,2026-08-02,Present,8.5
A005933,S00594,2026-08-03,Present,8.3
A005934,S00594,2026-08-04,Present,7.4
A005935,S00594,2026-08-05,Half Day,4.2
A005936,S00594,2026-08-06,Present,8.3
A005937,S00594,2026-08-07,Present,8.0
A005938,S00594,2026-08-08,Present,7.7
A005939,S00594,2026-08-09,Present,8.4
A005940,S00594,2026-08-10,Present,8.4
A005941,S00595,2026-08-01,Present,9.1
A005942,S00595,2026-08-02,Present,9.3
A005943,S00595,2026-08-03,Present,9.1
A005944,S00595,2026-08-04,Present,8.7
A005945,S00595,2026-08-05,Present,9.5
A005946,S00595,2026-08-06,Present,7.1
A005947,S00595,2026-08-07,Present,9.6
A005948,S00595,2026-08-08,Present,8.3
A005949,S00595,2026-08-09,Present,7.7
A005950,S00595,2026-08-10,Present,7.3
A005951,S00596,2026-08-01,Present,7.6
A005952,S00596,2026-08-02,Present,8.6
A005953,S00596,2026-08-03,Present,9.5
A005954,S00596,2026-08-04,Present,9.6
A005955,S00596,2026-08-05,Present,9.0
A005956,S00596,2026-08-06,Present,9.3
A005957,S00596,2026-08-07,Half Day,4.4
A005958,S00596,2026-08-08,Present,8.1
A005959,S00596,2026-08-09,Present,8.8
A005960,S00596,2026-08-10,Present,9.1
A005961,S00597,2026-08-01,Present,9.9
A005962,S00597,2026-08-02,Present,7.9
A005963,S00597,2026-08-03,Present,7.5
A005964,S00597,2026-08-04,Present,7.8
A005965,S00597,2026-08-05,Present,9.1
A005966,S00597,2026-08-06,Present,7.7
A005967,S00597,2026-08-07,Present,8.5
A005968,S00597,2026-08-08,Present,8.7
A005969,S00597,2026-08-09,Present,9.5
A005970,S00597,2026-08-10,Present,8.7
A005971,S00598,2026-08-01,Present,7.9
A005972,S00598,2026-08-02,Present,9.8
A005973,S00598,2026-08-03,Present,8.5
A005974,S00598,2026-08-04,Absent,0.0
A005975,S00598,2026-08-05,Absent,0.0
A005976,S00598,2026-08-06,Present,7.0
A005977,S00598,2026-08-07,Present,9.7
A005978,S00598,2026-08-08,Present,7.3
A005979,S00598,2026-08-09,Present,7.2
A005980,S00598,2026-08-10,Present,8.1
A005981,S00599,2026-08-01,Present,7.6
A005982,S00599,2026-08-02,Present,7.5
A005983,S00599,2026-08-03,Present,7.0
A005984,S00599,2026-08-04,Present,8.0
A005985,S00599,2026-08-05,Present,7.6
A005986,S00599,2026-08-06,Present,8.9
A005987,S00599,2026-08-07,Present,8.4
A005988,S00599,2026-08-08,Present,9.4
A005989,S00599,2026-08-09,Present,9.5
A005990,S00599,2026-08-10,Present,9.2
A005991,S00600,2026-08-01,Present,7.6
A005992,S00600,2026-08-02,Present,8.2
A005993,S00600,2026-08-03,Present,7.4
A005994,S00600,2026-08-04,Present,9.3
A005995,S00600,2026-08-05,Present,8.8
A005996,S00600,2026-08-06,Present,8.2
A005997,S00600,2026-08-07,Present,7.1
A005998,S00600,2026-08-08,Present,9.0
A005999,S00600,2026-08-09,Present,7.9
A006000,S00600,2026-08-10,Present,9.2
A006001,S00601,2026-08-01,Present,9.9
A006002,S00601,2026-08-02,Present,8.0
A006003,S00601,2026-08-03,Present,7.4
A006004,S00601,2026-08-04,Half Day,4.9
A006005,S00601,2026-08-05,Present,7.7
A006006,S00601,2026-08-06,Present,8.3
A006007,S00601,2026-08-07,Present,8.3
A006008,S00601,2026-08-08,Present,9.7
A006009,S00601,2026-08-09,Absent,0.0
A006010,S00601,2026-08-10,Present,8.3
A006011,S00602,2026-08-01,Absent,0.0
A006012,S00602,2026-08-02,Absent,0.0
A006013,S00602,2026-08-03,Present,8.4
A006014,S00602,2026-08-04,Present,8.0
A006015,S00602,2026-08-05,Present,9.4
A006016,S00602,2026-08-06,Present,9.5
A006017,S00602,2026-08-07,Present,7.9
A006018,S00602,2026-08-08,Present,7.9
A006019,S00602,2026-08-09,Present,8.0
A006020,S00602,2026-08-10,Present,9.0
A006021,S00603,2026-08-01,Present,8.9
A006022,S00603,2026-08-02,Present,7.3
A006023,S00603,2026-08-03,Present,8.5
A006024,S00603,2026-08-04,Present,8.7
A006025,S00603,2026-08-05,Present,7.4
A006026,S00603,2026-08-06,Present,8.3
A006027,S00603,2026-08-07,Present,7.0
A006028,S00603,2026-08-08,Present,8.2
A006029,S00603,2026-08-09,Half Day,4.3
A006030,S00603,2026-08-10,Present,9.7
A006031,S00604,2026-08-01,Present,8.4
A006032,S00604,2026-08-02,Present,7.6
A006033,S00604,2026-08-03,Present,7.6
A006034,S00604,2026-08-04,Present,7.4
A006035,S00604,2026-08-05,Half Day,3.6
A006036,S00604,2026-08-06,Present,9.5
A006037,S00604,2026-08-07,Absent,0.0
A006038,S00604,2026-08-08,Present,7.2
A006039,S00604,2026-08-09,Present,7.6
A006040,S00604,2026-08-10,Present,7.2
A006041,S00605,2026-08-01,Present,7.1
A006042,S00605,2026-08-02,Present,9.1
A006043,S00605,2026-08-03,Present,8.1
A006044,S00605,2026-08-04,Present,9.5
A006045,S00605,2026-08-05,Absent,0.0
A006046,S00605,2026-08-06,Present,9.0
A006047,S00605,2026-08-07,Present,8.0
A006048,S00605,2026-08-08,Present,7.9
A006049,S00605,2026-08-09,Present,7.1
A006050,S00605,2026-08-10,Present,8.5
A006051,S00606,2026-08-01,Present,9.9
A006052,S00606,2026-08-02,Present,9.3
A006053,S00606,2026-08-03,Present,9.3
A006054,S00606,2026-08-04,Present,9.0
A006055,S00606,2026-08-05,Half Day,4.1
A006056,S00606,2026-08-06,Absent,0.0
A006057,S00606,2026-08-07,Present,7.8
A006058,S00606,2026-08-08,Present,9.9
A006059,S00606,2026-08-09,Present,8.4
A006060,S00606,2026-08-10,Present,7.5
A006061,S00607,2026-08-01,Absent,0.0
A006062,S00607,2026-08-02,Present,9.0
A006063,S00607,2026-08-03,Present,8.3
A006064,S00607,2026-08-04,Present,8.8
A006065,S00607,2026-08-05,Absent,0.0
A006066,S00607,2026-08-06,Present,7.5
A006067,S00607,2026-08-07,Present,9.7
A006068,S00607,2026-08-08,Present,8.3
A006069,S00607,2026-08-09,Present,7.8
A006070,S00607,2026-08-10,Present,8.9
A006071,S00608,2026-08-01,Present,9.5
A006072,S00608,2026-08-02,Present,7.4
A006073,S00608,2026-08-03,Present,8.3
A006074,S00608,2026-08-04,Present,9.1
A006075,S00608,2026-08-05,Present,9.1
A006076,S00608,2026-08-06,Present,8.4
A006077,S00608,2026-08-07,Present,7.8
A006078,S00608,2026-08-08,Present,9.9
A006079,S00608,2026-08-09,Present,9.2
A006080,S00608,2026-08-10,Present,8.3
A006081,S00609,2026-08-01,Present,9.0
A006082,S00609,2026-08-02,Present,7.5
A006083,S00609,2026-08-03,Present,7.5
A006084,S00609,2026-08-04,Present,8.3
A006085,S00609,2026-08-05,Half Day,3.3
A006086,S00609,2026-08-06,Present,9.8
A006087,S00609,2026-08-07,Present,7.5
A006088,S00609,2026-08-08,Present,9.6
A006089,S00609,2026-08-09,Present,9.9
A006090,S00609,2026-08-10,Half Day,3.8
A006091,S00610,2026-08-01,Present,10.0
A006092,S00610,2026-08-02,Present,9.4
A006093,S00610,2026-08-03,Present,9.6
A006094,S00610,2026-08-04,Present,9.3
A006095,S00610,2026-08-05,Present,9.6
A006096,S00610,2026-08-06,Present,7.9
A006097,S00610,2026-08-07,Present,7.9
A006098,S00610,2026-08-08,Present,7.1
A006099,S00610,2026-08-09,Present,9.9
A006100,S00610,2026-08-10,Present,9.8
A006101,S00611,2026-08-01,Present,8.3
A006102,S00611,2026-08-02,Absent,0.0
A006103,S00611,2026-08-03,Present,7.1
A006104,S00611,2026-08-04,Present,8.6
A006105,S00611,2026-08-05,Present,10.0
A006106,S00611,2026-08-06,Present,7.2
A006107,S00611,2026-08-07,Present,9.0
A006108,S00611,2026-08-08,Present,9.8
A006109,S00611,2026-08-09,Present,8.7
A006110,S00611,2026-08-10,Half Day,3.8
A006111,S00612,2026-08-01,Present,7.2
A006112,S00612,2026-08-02,Present,7.7
A006113,S00612,2026-08-03,Present,7.7
A006114,S00612,2026-08-04,Present,9.3
A006115,S00612,2026-08-05,Absent,0.0
A006116,S00612,2026-08-06,Present,7.4
A006117,S00612,2026-08-07,Present,7.3
A006118,S00612,2026-08-08,Absent,0.0
A006119,S00612,2026-08-09,Present,8.1
A006120,S00612,2026-08-10,Present,10.0
A006121,S00613,2026-08-01,Present,8.1
A006122,S00613,2026-08-02,Present,7.1
A006123,S00613,2026-08-03,Absent,0.0
A006124,S00613,2026-08-04,Present,8.0
A006125,S00613,2026-08-05,Present,9.9
A006126,S00613,2026-08-06,Present,9.3
A006127,S00613,2026-08-07,Present,9.2
A006128,S00613,2026-08-08,Present,7.7
A006129,S00613,2026-08-09,Present,8.5
A006130,S00613,2026-08-10,Half Day,4.4
A006131,S00614,2026-08-01,Present,9.4
A006132,S00614,2026-08-02,Present,9.2
A006133,S00614,2026-08-03,Present,8.7
A006134,S00614,2026-08-04,Present,7.9
A006135,S00614,2026-08-05,Present,9.7
A006136,S00614,2026-08-06,Present,9.0
A006137,S00614,2026-08-07,Present,9.7
A006138,S00614,2026-08-08,Present,8.4
A006139,S00614,2026-08-09,Present,9.3
A006140,S00614,2026-08-10,Present,9.0
A006141,S00615,2026-08-01,Present,7.1
A006142,S00615,2026-08-02,Present,7.9
A006143,S00615,2026-08-03,Present,9.1
A006144,S00615,2026-08-04,Present,9.9
A006145,S00615,2026-08-05,Present,8.7
A006146,S00615,2026-08-06,Present,9.6
A006147,S00615,2026-08-07,Present,8.9
A006148,S00615,2026-08-08,Absent,0.0
A006149,S00615,2026-08-09,Present,7.6
A006150,S00615,2026-08-10,Present,9.0
A006151,S00616,2026-08-01,Present,8.5
A006152,S00616,2026-08-02,Absent,0.0
A006153,S00616,2026-08-03,Present,9.1
A006154,S00616,2026-08-04,Present,7.9
A006155,S00616,2026-08-05,Present,7.9
A006156,S00616,2026-08-06,Present,7.4
A006157,S00616,2026-08-07,Present,9.6
A006158,S00616,2026-08-08,Half Day,4.6
A006159,S00616,2026-08-09,Present,9.0
A006160,S00616,2026-08-10,Present,7.2
A006161,S00617,2026-08-01,Present,8.3
A006162,S00617,2026-08-02,Present,9.5
A006163,S00617,2026-08-03,Present,9.8
A006164,S00617,2026-08-04,Present,7.3
A006165,S00617,2026-08-05,Present,7.8
A006166,S00617,2026-08-06,Present,9.8
A006167,S00617,2026-08-07,Present,8.1
A006168,S00617,2026-08-08,Present,9.8
A006169,S00617,2026-08-09,Present,7.9
A006170,S00617,2026-08-10,Present,9.1
A006171,S00618,2026-08-01,Present,7.9
A006172,S00618,2026-08-02,Present,9.8
A006173,S00618,2026-08-03,Present,8.4
A006174,S00618,2026-08-04,Absent,0.0
A006175,S00618,2026-08-05,Present,9.4
A006176,S00618,2026-08-06,Present,9.7
A006177,S00618,2026-08-07,Present,9.2
A006178,S00618,2026-08-08,Present,10.0
A006179,S00618,2026-08-09,Present,8.3
A006180,S00618,2026-08-10,Present,7.2
A006181,S00619,2026-08-01,Half Day,4.5
A006182,S00619,2026-08-02,Present,8.4
A006183,S00619,2026-08-03,Present,7.1
A006184,S00619,2026-08-04,Present,9.8
A006185,S00619,2026-08-05,Present,9.9
A006186,S00619,2026-08-06,Present,7.8
A006187,S00619,2026-08-07,Present,9.6
A006188,S00619,2026-08-08,Present,8.0
A006189,S00619,2026-08-09,Present,7.9
A006190,S00619,2026-08-10,Present,7.5
A006191,S00620,2026-08-01,Present,8.8
A006192,S00620,2026-08-02,Absent,0.0
A006193,S00620,2026-08-03,Present,8.6
A006194,S00620,2026-08-04,Present,7.1
A006195,S00620,2026-08-05,Present,9.0
A006196,S00620,2026-08-06,Absent,0.0
A006197,S00620,2026-08-07,Present,9.5
A006198,S00620,2026-08-08,Present,8.9
A006199,S00620,2026-08-09,Present,7.7
A006200,S00620,2026-08-10,Present,9.0
A006201,S00621,2026-08-01,Present,7.2
A006202,S00621,2026-08-02,Present,8.1
A006203,S00621,2026-08-03,Present,9.4
A006204,S00621,2026-08-04,Present,8.2
A006205,S00621,2026-08-05,Present,7.7
A006206,S00621,2026-08-06,Present,7.5
A006207,S00621,2026-08-07,Half Day,4.0
A006208,S00621,2026-08-08,Present,9.0
A006209,S00621,2026-08-09,Present,8.7
A006210,S00621,2026-08-10,Present,9.9
A006211,S00622,2026-08-01,Present,9.7
A006212,S00622,2026-08-02,Absent,0.0
A006213,S00622,2026-08-03,Present,9.3
A006214,S00622,2026-08-04,Present,7.3
A006215,S00622,2026-08-05,Present,9.8
A006216,S00622,2026-08-06,Half Day,3.1
A006217,S00622,2026-08-07,Present,7.3
A006218,S00622,2026-08-08,Present,8.0
A006219,S00622,2026-08-09,Present,7.7
A006220,S00622,2026-08-10,Half Day,4.7
A006221,S00623,2026-08-01,Absent,0.0
A006222,S00623,2026-08-02,Present,9.3
A006223,S00623,2026-08-03,Half Day,4.4
A006224,S00623,2026-08-04,Absent,0.0
A006225,S00623,2026-08-05,Present,10.0
A006226,S00623,2026-08-06,Present,8.5
A006227,S00623,2026-08-07,Present,7.5
A006228,S00623,2026-08-08,Present,9.7
A006229,S00623,2026-08-09,Half Day,4.7
A006230,S00623,2026-08-10,Present,7.5
A006231,S00624,2026-08-01,Present,9.4
A006232,S00624,2026-08-02,Present,8.0
A006233,S00624,2026-08-03,Present,9.1
A006234,S00624,2026-08-04,Present,7.6
A006235,S00624,2026-08-05,Present,8.4
A006236,S00624,2026-08-06,Present,8.5
A006237,S00624,2026-08-07,Present,9.6
A006238,S00624,2026-08-08,Present,9.8
A006239,S00624,2026-08-09,Present,8.3
A006240,S00624,2026-08-10,Present,7.0
A006241,S00625,2026-08-01,Present,8.0
A006242,S00625,2026-08-02,Present,9.4
A006243,S00625,2026-08-03,Half Day,4.7
A006244,S00625,2026-08-04,Present,9.9
A006245,S00625,2026-08-05,Present,7.1
A006246,S00625,2026-08-06,Present,7.2
A006247,S00625,2026-08-07,Present,9.2
A006248,S00625,2026-08-08,Present,9.6
A006249,S00625,2026-08-09,Absent,0.0
A006250,S00625,2026-08-10,Present,9.9
A006251,S00626,2026-08-01,Absent,0.0
A006252,S00626,2026-08-02,Present,8.7
A006253,S00626,2026-08-03,Present,9.3
A006254,S00626,2026-08-04,Present,7.0
A006255,S00626,2026-08-05,Present,9.6
A006256,S00626,2026-08-06,Half Day,4.1
A006257,S00626,2026-08-07,Present,9.8
A006258,S00626,2026-08-08,Present,7.2
A006259,S00626,2026-08-09,Absent,0.0
A006260,S00626,2026-08-10,Present,9.4
A006261,S00627,2026-08-01,Present,8.8
A006262,S00627,2026-08-02,Present,7.3
A006263,S00627,2026-08-03,Present,9.1
A006264,S00627,2026-08-04,Present,9.9
A006265,S00627,2026-08-05,Present,8.4
A006266,S00627,2026-08-06,Present,9.4
A006267,S00627,2026-08-07,Absent,0.0
A006268,S00627,2026-08-08,Absent,0.0
A006269,S00627,2026-08-09,Present,8.7
A006270,S00627,2026-08-10,Present,9.0
A006271,S00628,2026-08-01,Present,9.2
A006272,S00628,2026-08-02,Present,8.3
A006273,S00628,2026-08-03,Absent,0.0
A006274,S00628,2026-08-04,Half Day,4.1
A006275,S00628,2026-08-05,Absent,0.0
A006276,S00628,2026-08-06,Present,8.4
A006277,S00628,2026-08-07,Present,8.2
A006278,S00628,2026-08-08,Present,8.6
A006279,S00628,2026-08-09,Present,9.9
A006280,S00628,2026-08-10,Present,8.9
A006281,S00629,2026-08-01,Present,7.4
A006282,S00629,2026-08-02,Present,7.4
A006283,S00629,2026-08-03,Present,8.0
A006284,S00629,2026-08-04,Half Day,3.8
A006285,S00629,2026-08-05,Present,8.3
A006286,S00629,2026-08-06,Absent,0.0
A006287,S00629,2026-08-07,Present,8.9
A006288,S00629,2026-08-08,Absent,0.0
A006289,S00629,2026-08-09,Present,8.1
A006290,S00629,2026-08-10,Present,9.9
A006291,S00630,2026-08-01,Present,9.3
A006292,S00630,2026-08-02,Absent,0.0
A006293,S00630,2026-08-03,Present,8.4
A006294,S00630,2026-08-04,Present,7.7
A006295,S00630,2026-08-05,Present,8.7
A006296,S00630,2026-08-06,Present,7.8
A006297,S00630,2026-08-07,Present,9.5
A006298,S00630,2026-08-08,Absent,0.0
A006299,S00630,2026-08-09,Present,9.2
A006300,S00630,2026-08-10,Present,9.2
A006301,S00631,2026-08-01,Present,7.9
A006302,S00631,2026-08-02,Present,7.1
A006303,S00631,2026-08-03,Present,9.1
A006304,S00631,2026-08-04,Present,9.3
A006305,S00631,2026-08-05,Present,7.1
A006306,S00631,2026-08-06,Present,7.7
A006307,S00631,2026-08-07,Present,7.5
A006308,S00631,2026-08-08,Present,9.3
A006309,S00631,2026-08-09,Present,9.3
A006310,S00631,2026-08-10,Present,8.6
A006311,S00632,2026-08-01,Present,9.2
A006312,S00632,2026-08-02,Present,9.3
A006313,S00632,2026-08-03,Absent,0.0
A006314,S00632,2026-08-04,Present,9.4
A006315,S00632,2026-08-05,Absent,0.0
A006316,S00632,2026-08-06,Present,8.4
A006317,S00632,2026-08-07,Present,7.1
A006318,S00632,2026-08-08,Present,7.7
A006319,S00632,2026-08-09,Present,7.5
A006320,S00632,2026-08-10,Present,9.4
A006321,S00633,2026-08-01,Half Day,4.0
A006322,S00633,2026-08-02,Present,7.8
A006323,S00633,2026-08-03,Absent,0.0
A006324,S00633,2026-08-04,Present,9.3
A006325,S00633,2026-08-05,Present,9.9
A006326,S00633,2026-08-06,Present,7.7
A006327,S00633,2026-08-07,Present,7.3
A006328,S00633,2026-08-08,Present,7.2
A006329,S00633,2026-08-09,Absent,0.0
A006330,S00633,2026-08-10,Present,8.3
A006331,S00634,2026-08-01,Present,7.8
A006332,S00634,2026-08-02,Present,7.2
A006333,S00634,2026-08-03,Present,7.4
A006334,S00634,2026-08-04,Present,8.8
A006335,S00634,2026-08-05,Present,7.3
A006336,S00634,2026-08-06,Present,9.0
A006337,S00634,2026-08-07,Present,8.2
A006338,S00634,2026-08-08,Absent,0.0
A006339,S00634,2026-08-09,Half Day,4.2
A006340,S00634,2026-08-10,Present,9.7
A006341,S00635,2026-08-01,Present,7.7
A006342,S00635,2026-08-02,Present,7.6
A006343,S00635,2026-08-03,Present,9.0
A006344,S00635,2026-08-04,Present,9.5
A006345,S00635,2026-08-05,Present,9.7
A006346,S00635,2026-08-06,Absent,0.0
A006347,S00635,2026-08-07,Present,8.2
A006348,S00635,2026-08-08,Present,7.3
A006349,S00635,2026-08-09,Present,8.4
A006350,S00635,2026-08-10,Present,8.7
A006351,S00636,2026-08-01,Present,8.4
A006352,S00636,2026-08-02,Present,7.8
A006353,S00636,2026-08-03,Half Day,3.8
A006354,S00636,2026-08-04,Present,7.3
A006355,S00636,2026-08-05,Present,9.1
A006356,S00636,2026-08-06,Present,9.2
A006357,S00636,2026-08-07,Absent,0.0
A006358,S00636,2026-08-08,Present,7.0
A006359,S00636,2026-08-09,Present,8.9
A006360,S00636,2026-08-10,Present,7.2
A006361,S00637,2026-08-01,Present,9.2
A006362,S00637,2026-08-02,Present,7.3
A006363,S00637,2026-08-03,Present,7.3
A006364,S00637,2026-08-04,Present,7.5
A006365,S00637,2026-08-05,Absent,0.0
A006366,S00637,2026-08-06,Present,7.5
A006367,S00637,2026-08-07,Half Day,4.2
A006368,S00637,2026-08-08,Present,8.4
A006369,S00637,2026-08-09,Present,9.8
A006370,S00637,2026-08-10,Half Day,4.4
A006371,S00638,2026-08-01,Absent,0.0
A006372,S00638,2026-08-02,Half Day,4.6
A006373,S00638,2026-08-03,Present,7.4
A006374,S00638,2026-08-04,Half Day,4.0
A006375,S00638,2026-08-05,Present,7.6
A006376,S00638,2026-08-06,Half Day,4.1
A006377,S00638,2026-08-07,Present,7.9
A006378,S00638,2026-08-08,Present,8.2
A006379,S00638,2026-08-09,Present,8.2
A006380,S00638,2026-08-10,Present,8.1
A006381,S00639,2026-08-01,Present,8.7
A006382,S00639,2026-08-02,Half Day,4.5
A006383,S00639,2026-08-03,Present,8.9
A006384,S00639,2026-08-04,Present,7.1
A006385,S00639,2026-08-05,Present,9.3
A006386,S00639,2026-08-06,Absent,0.0
A006387,S00639,2026-08-07,Present,8.6
A006388,S00639,2026-08-08,Present,8.0
A006389,S00639,2026-08-09,Present,9.6
A006390,S00639,2026-08-10,Present,8.1
A006391,S00640,2026-08-01,Half Day,3.1
A006392,S00640,2026-08-02,Present,9.9
A006393,S00640,2026-08-03,Present,7.2
A006394,S00640,2026-08-04,Present,7.5
A006395,S00640,2026-08-05,Half Day,4.9
A006396,S00640,2026-08-06,Present,8.3
A006397,S00640,2026-08-07,Present,8.9
A006398,S00640,2026-08-08,Present,9.9
A006399,S00640,2026-08-09,Present,8.7
A006400,S00640,2026-08-10,Half Day,4.3
A006401,S00641,2026-08-01,Present,10.0
A006402,S00641,2026-08-02,Present,9.7
A006403,S00641,2026-08-03,Present,9.1
A006404,S00641,2026-08-04,Present,8.7
A006405,S00641,2026-08-05,Present,7.0
A006406,S00641,2026-08-06,Absent,0.0
A006407,S00641,2026-08-07,Present,9.5
A006408,S00641,2026-08-08,Absent,0.0
A006409,S00641,2026-08-09,Absent,0.0
A006410,S00641,2026-08-10,Present,9.8
A006411,S00642,2026-08-01,Present,8.2
A006412,S00642,2026-08-02,Present,9.4
A006413,S00642,2026-08-03,Present,9.8
A006414,S00642,2026-08-04,Present,9.1
A006415,S00642,2026-08-05,Present,9.8
A006416,S00642,2026-08-06,Present,8.7
A006417,S00642,2026-08-07,Present,8.6
A006418,S00642,2026-08-08,Present,7.4
A006419,S00642,2026-08-09,Present,7.1
A006420,S00642,2026-08-10,Present,7.2
A006421,S00643,2026-08-01,Present,7.2
A006422,S00643,2026-08-02,Present,7.9
A006423,S00643,2026-08-03,Present,8.5
A006424,S00643,2026-08-04,Present,8.7
A006425,S00643,2026-08-05,Present,9.6
A006426,S00643,2026-08-06,Present,9.3
A006427,S00643,2026-08-07,Present,9.7
A006428,S00643,2026-08-08,Present,8.4
A006429,S00643,2026-08-09,Present,9.9
A006430,S00643,2026-08-10,Present,9.9
A006431,S00644,2026-08-01,Present,7.6
A006432,S00644,2026-08-02,Present,9.6
A006433,S00644,2026-08-03,Present,8.9
A006434,S00644,2026-08-04,Present,8.7
A006435,S00644,2026-08-05,Present,7.9
A006436,S00644,2026-08-06,Absent,0.0
A006437,S00644,2026-08-07,Half Day,4.3
A006438,S00644,2026-08-08,Present,8.4
A006439,S00644,2026-08-09,Present,7.2
A006440,S00644,2026-08-10,Present,9.6
A006441,S00645,2026-08-01,Present,9.6
A006442,S00645,2026-08-02,Present,8.4
A006443,S00645,2026-08-03,Present,8.3
A006444,S00645,2026-08-04,Present,7.1
A006445,S00645,2026-08-05,Present,9.8
A006446,S00645,2026-08-06,Present,9.1
A006447,S00645,2026-08-07,Present,7.7
A006448,S00645,2026-08-08,Absent,0.0
A006449,S00645,2026-08-09,Present,8.6
A006450,S00645,2026-08-10,Present,9.3
A006451,S00646,2026-08-01,Present,8.8
A006452,S00646,2026-08-02,Present,8.8
A006453,S00646,2026-08-03,Present,7.2
A006454,S00646,2026-08-04,Absent,0.0
A006455,S00646,2026-08-05,Present,7.4
A006456,S00646,2026-08-06,Present,9.2
A006457,S00646,2026-08-07,Present,9.8
A006458,S00646,2026-08-08,Present,7.8
A006459,S00646,2026-08-09,Half Day,4.3
A006460,S00646,2026-08-10,Present,9.6
A006461,S00647,2026-08-01,Present,9.5
A006462,S00647,2026-08-02,Present,9.1
A006463,S00647,2026-08-03,Absent,0.0
A006464,S00647,2026-08-04,Present,8.1
A006465,S00647,2026-08-05,Present,8.7
A006466,S00647,2026-08-06,Present,7.1
A006467,S00647,2026-08-07,Present,7.3
A006468,S00647,2026-08-08,Present,7.7
A006469,S00647,2026-08-09,Present,9.8
A006470,S00647,2026-08-10,Present,7.3
A006471,S00648,2026-08-01,Absent,0.0
A006472,S00648,2026-08-02,Present,8.2
A006473,S00648,2026-08-03,Present,8.0
A006474,S00648,2026-08-04,Present,8.2
A006475,S00648,2026-08-05,Present,8.0
A006476,S00648,2026-08-06,Present,7.5
A006477,S00648,2026-08-07,Present,9.4
A006478,S00648,2026-08-08,Present,9.8
A006479,S00648,2026-08-09,Present,7.7
A006480,S00648,2026-08-10,Present,8.2
A006481,S00649,2026-08-01,Present,10.0
A006482,S00649,2026-08-02,Present,7.7
A006483,S00649,2026-08-03,Present,8.8
A006484,S00649,2026-08-04,Present,9.2
A006485,S00649,2026-08-05,Present,7.2
A006486,S00649,2026-08-06,Present,9.9
A006487,S00649,2026-08-07,Present,8.2
A006488,S00649,2026-08-08,Present,9.5
A006489,S00649,2026-08-09,Present,9.9
A006490,S00649,2026-08-10,Present,9.6
A006491,S00650,2026-08-01,Present,9.7
A006492,S00650,2026-08-02,Present,10.0
A006493,S00650,2026-08-03,Present,9.5
A006494,S00650,2026-08-04,Present,7.5
A006495,S00650,2026-08-05,Present,8.0
A006496,S00650,2026-08-06,Present,8.2
A006497,S00650,2026-08-07,Present,7.4
A006498,S00650,2026-08-08,Present,9.9
A006499,S00650,2026-08-09,Present,9.3
A006500,S00650,2026-08-10,Present,9.8
A006501,S00651,2026-08-01,Present,9.5
A006502,S00651,2026-08-02,Present,9.3
A006503,S00651,2026-08-03,Present,9.9
A006504,S00651,2026-08-04,Present,9.4
A006505,S00651,2026-08-05,Present,9.1
A006506,S00651,2026-08-06,Present,7.9
A006507,S00651,2026-08-07,Present,8.9
A006508,S00651,2026-08-08,Present,7.7
A006509,S00651,2026-08-09,Present,7.6
A006510,S00651,2026-08-10,Absent,0.0
A006511,S00652,2026-08-01,Present,7.8
A006512,S00652,2026-08-02,Half Day,3.1
A006513,S00652,2026-08-03,Present,8.7
A006514,S00652,2026-08-04,Present,8.3
A006515,S00652,2026-08-05,Present,9.9
A006516,S00652,2026-08-06,Present,7.9
A006517,S00652,2026-08-07,Present,9.0
A006518,S00652,2026-08-08,Present,9.8
A006519,S00652,2026-08-09,Present,9.8
A006520,S00652,2026-08-10,Present,9.2
A006521,S00653,2026-08-01,Present,8.0
A006522,S00653,2026-08-02,Present,8.9
A006523,S00653,2026-08-03,Present,9.7
A006524,S00653,2026-08-04,Present,8.9
A006525,S00653,2026-08-05,Present,7.7
A006526,S00653,2026-08-06,Present,7.0
A006527,S00653,2026-08-07,Present,7.1
A006528,S00653,2026-08-08,Present,8.4
A006529,S00653,2026-08-09,Present,7.3
A006530,S00653,2026-08-10,Present,7.3
A006531,S00654,2026-08-01,Present,8.8
A006532,S00654,2026-08-02,Present,7.5
A006533,S00654,2026-08-03,Present,9.0
A006534,S00654,2026-08-04,Present,9.1
A006535,S00654,2026-08-05,Present,9.7
A006536,S00654,2026-08-06,Present,8.5
A006537,S00654,2026-08-07,Present,9.3
A006538,S00654,2026-08-08,Present,9.7
A006539,S00654,2026-08-09,Present,9.4
A006540,S00654,2026-08-10,Half Day,4.2
A006541,S00655,2026-08-01,Absent,0.0
A006542,S00655,2026-08-02,Present,7.3
A006543,S00655,2026-08-03,Present,10.0
A006544,S00655,2026-08-04,Present,7.2
A006545,S00655,2026-08-05,Present,8.4
A006546,S00655,2026-08-06,Present,9.6
A006547,S00655,2026-08-07,Present,9.0
A006548,S00655,2026-08-08,Present,8.1
A006549,S00655,2026-08-09,Present,7.7
A006550,S00655,2026-08-10,Present,9.5
A006551,S00656,2026-08-01,Present,9.2
A006552,S00656,2026-08-02,Present,7.7
A006553,S00656,2026-08-03,Present,7.7
A006554,S00656,2026-08-04,Present,9.2
A006555,S00656,2026-08-05,Present,7.9
A006556,S00656,2026-08-06,Present,8.7
A006557,S00656,2026-08-07,Half Day,4.1
A006558,S00656,2026-08-08,Absent,0.0
A006559,S00656,2026-08-09,Present,9.9
A006560,S00656,2026-08-10,Present,9.7
A006561,S00657,2026-08-01,Present,9.7
A006562,S00657,2026-08-02,Absent,0.0
A006563,S00657,2026-08-03,Present,8.4
A006564,S00657,2026-08-04,Half Day,4.8
A006565,S00657,2026-08-05,Present,9.1
A006566,S00657,2026-08-06,Present,8.1
A006567,S00657,2026-08-07,Present,8.3
A006568,S00657,2026-08-08,Present,8.6
A006569,S00657,2026-08-09,Absent,0.0
A006570,S00657,2026-08-10,Present,8.0
A006571,S00658,2026-08-01,Present,8.9
A006572,S00658,2026-08-02,Present,9.7
A006573,S00658,2026-08-03,Present,8.1
A006574,S00658,2026-08-04,Present,8.2
A006575,S00658,2026-08-05,Present,8.4
A006576,S00658,2026-08-06,Present,7.7
A006577,S00658,2026-08-07,Present,8.3
A006578,S00658,2026-08-08,Present,9.4
A006579,S00658,2026-08-09,Present,7.8
A006580,S00658,2026-08-10,Present,9.8
A006581,S00659,2026-08-01,Present,9.3
A006582,S00659,2026-08-02,Present,9.4
A006583,S00659,2026-08-03,Present,7.9
A006584,S00659,2026-08-04,Present,7.7
A006585,S00659,2026-08-05,Present,8.9
A006586,S00659,2026-08-06,Present,8.6
A006587,S00659,2026-08-07,Present,9.5
A006588,S00659,2026-08-08,Present,7.2
A006589,S00659,2026-08-09,Present,8.9
A006590,S00659,2026-08-10,Present,8.4
A006591,S00660,2026-08-01,Present,8.4
A006592,S00660,2026-08-02,Absent,0.0
A006593,S00660,2026-08-03,Present,7.2
A006594,S00660,2026-08-04,Present,7.1
A006595,S00660,2026-08-05,Present,8.8
A006596,S00660,2026-08-06,Present,9.1
A006597,S00660,2026-08-07,Present,7.1
A006598,S00660,2026-08-08,Present,9.8
A006599,S00660,2026-08-09,Present,8.8
A006600,S00660,2026-08-10,Half Day,4.2
A006601,S00661,2026-08-01,Present,8.3
A006602,S00661,2026-08-02,Present,8.0
A006603,S00661,2026-08-03,Present,7.1
A006604,S00661,2026-08-04,Present,7.2
A006605,S00661,2026-08-05,Present,7.8
A006606,S00661,2026-08-06,Present,8.4
A006607,S00661,2026-08-07,Present,7.6
A006608,S00661,2026-08-08,Present,9.8
A006609,S00661,2026-08-09,Present,8.1
A006610,S00661,2026-08-10,Present,8.4
A006611,S00662,2026-08-01,Present,7.1
A006612,S00662,2026-08-02,Present,7.6
A006613,S00662,2026-08-03,Present,7.7
A006614,S00662,2026-08-04,Present,9.8
A006615,S00662,2026-08-05,Present,7.4
A006616,S00662,2026-08-06,Present,9.2
A006617,S00662,2026-08-07,Present,7.2
A006618,S00662,2026-08-08,Present,7.3
A006619,S00662,2026-08-09,Present,8.5
A006620,S00662,2026-08-10,Present,9.3
A006621,S00663,2026-08-01,Present,8.9
A006622,S00663,2026-08-02,Present,8.9
A006623,S00663,2026-08-03,Present,9.3
A006624,S00663,2026-08-04,Absent,0.0
A006625,S00663,2026-08-05,Present,9.3
A006626,S00663,2026-08-06,Present,9.1
A006627,S00663,2026-08-07,Present,8.9
A006628,S00663,2026-08-08,Present,7.1
A006629,S00663,2026-08-09,Present,8.2
A006630,S00663,2026-08-10,Present,9.1
A006631,S00664,2026-08-01,Half Day,3.3
A006632,S00664,2026-08-02,Half Day,3.9
A006633,S00664,2026-08-03,Present,9.1
A006634,S00664,2026-08-04,Present,9.8
A006635,S00664,2026-08-05,Present,8.6
A006636,S00664,2026-08-06,Half Day,3.2
A006637,S00664,2026-08-07,Present,7.7
A006638,S00664,2026-08-08,Present,8.7
A006639,S00664,2026-08-09,Present,7.3
A006640,S00664,2026-08-10,Present,8.0
A006641,S00665,2026-08-01,Present,9.3
A006642,S00665,2026-08-02,Present,9.5
A006643,S00665,2026-08-03,Present,7.1
A006644,S00665,2026-08-04,Present,7.6
A006645,S00665,2026-08-05,Present,9.9
A006646,S00665,2026-08-06,Present,7.2
A006647,S00665,2026-08-07,Present,7.7
A006648,S00665,2026-08-08,Present,9.6
A006649,S00665,2026-08-09,Present,9.9
A006650,S00665,2026-08-10,Present,9.2
A006651,S00666,2026-08-01,Present,7.8
A006652,S00666,2026-08-02,Present,9.4
A006653,S00666,2026-08-03,Present,8.0
A006654,S00666,2026-08-04,Present,7.1
A006655,S00666,2026-08-05,Absent,0.0
A006656,S00666,2026-08-06,Present,7.9
A006657,S00666,2026-08-07,Absent,0.0
A006658,S00666,2026-08-08,Present,7.8
A006659,S00666,2026-08-09,Present,8.8
A006660,S00666,2026-08-10,Present,7.5
A006661,S00667,2026-08-01,Present,9.7
A006662,S00667,2026-08-02,Present,7.2
A006663,S00667,2026-08-03,Present,8.4
A006664,S00667,2026-08-04,Present,9.5
A006665,S00667,2026-08-05,Present,8.8
A006666,S00667,2026-08-06,Present,9.1
A006667,S00667,2026-08-07,Present,7.9
A006668,S00667,2026-08-08,Present,10.0
A006669,S00667,2026-08-09,Present,7.4
A006670,S00667,2026-08-10,Present,7.2
A006671,S00668,2026-08-01,Present,7.3
A006672,S00668,2026-08-02,Half Day,3.5
A006673,S00668,2026-08-03,Present,8.9
A006674,S00668,2026-08-04,Present,9.2
A006675,S00668,2026-08-05,Absent,0.0
A006676,S00668,2026-08-06,Absent,0.0
A006677,S00668,2026-08-07,Present,7.4
A006678,S00668,2026-08-08,Present,7.3
A006679,S00668,2026-08-09,Present,8.7
A006680,S00668,2026-08-10,Present,7.2
A006681,S00669,2026-08-01,Present,7.5
A006682,S00669,2026-08-02,Present,7.5
A006683,S00669,2026-08-03,Present,7.3
A006684,S00669,2026-08-04,Present,9.5
A006685,S00669,2026-08-05,Present,8.3
A006686,S00669,2026-08-06,Half Day,4.4
A006687,S00669,2026-08-07,Present,8.8
A006688,S00669,2026-08-08,Present,8.2
A006689,S00669,2026-08-09,Present,9.0
A006690,S00669,2026-08-10,Present,8.9
A006691,S00670,2026-08-01,Present,7.7
A006692,S00670,2026-08-02,Present,9.7
A006693,S00670,2026-08-03,Present,9.4
A006694,S00670,2026-08-04,Present,7.1
A006695,S00670,2026-08-05,Present,7.0
A006696,S00670,2026-08-06,Present,9.1
A006697,S00670,2026-08-07,Half Day,3.1
A006698,S00670,2026-08-08,Present,8.5
A006699,S00670,2026-08-09,Present,9.2
A006700,S00670,2026-08-10,Present,7.2
A006701,S00671,2026-08-01,Present,8.6
A006702,S00671,2026-08-02,Present,8.2
A006703,S00671,2026-08-03,Present,9.4
A006704,S00671,2026-08-04,Present,7.8
A006705,S00671,2026-08-05,Present,8.6
A006706,S00671,2026-08-06,Present,7.7
A006707,S00671,2026-08-07,Present,9.1
A006708,S00671,2026-08-08,Present,8.5
A006709,S00671,2026-08-09,Present,8.1
A006710,S00671,2026-08-10,Present,8.3
A006711,S00672,2026-08-01,Present,8.6
A006712,S00672,2026-08-02,Present,7.7
A006713,S00672,2026-08-03,Present,9.1
A006714,S00672,2026-08-04,Present,9.4
A006715,S00672,2026-08-05,Present,7.8
A006716,S00672,2026-08-06,Half Day,4.1
A006717,S00672,2026-08-07,Present,9.8
A006718,S00672,2026-08-08,Present,9.6
A006719,S00672,2026-08-09,Present,8.0
A006720,S00672,2026-08-10,Present,8.8
A006721,S00673,2026-08-01,Present,7.7
A006722,S00673,2026-08-02,Present,9.5
A006723,S00673,2026-08-03,Present,8.0
A006724,S00673,2026-08-04,Half Day,3.9
A006725,S00673,2026-08-05,Present,7.7
A006726,S00673,2026-08-06,Present,9.2
A006727,S00673,2026-08-07,Present,8.6
A006728,S00673,2026-08-08,Half Day,3.9
A006729,S00673,2026-08-09,Absent,0.0
A006730,S00673,2026-08-10,Present,9.9
A006731,S00674,2026-08-01,Present,7.8
A006732,S00674,2026-08-02,Present,8.0
A006733,S00674,2026-08-03,Present,7.0
A006734,S00674,2026-08-04,Present,9.2
A006735,S00674,2026-08-05,Half Day,3.2
A006736,S00674,2026-08-06,Absent,0.0
A006737,S00674,2026-08-07,Present,7.1
A006738,S00674,2026-08-08,Half Day,3.4
A006739,S00674,2026-08-09,Present,7.6
A006740,S00674,2026-08-10,Present,8.4
A006741,S00675,2026-08-01,Present,7.2
A006742,S00675,2026-08-02,Present,8.8
A006743,S00675,2026-08-03,Present,7.3
A006744,S00675,2026-08-04,Present,8.6
A006745,S00675,2026-08-05,Present,9.7
A006746,S00675,2026-08-06,Present,7.9
A006747,S00675,2026-08-07,Present,8.2
A006748,S00675,2026-08-08,Present,8.1
A006749,S00675,2026-08-09,Present,9.0
A006750,S00675,2026-08-10,Present,8.1
A006751,S00676,2026-08-01,Present,7.9
A006752,S00676,2026-08-02,Present,9.4
A006753,S00676,2026-08-03,Present,8.6
A006754,S00676,2026-08-04,Present,7.0
A006755,S00676,2026-08-05,Absent,0.0
A006756,S00676,2026-08-06,Present,10.0
A006757,S00676,2026-08-07,Half Day,3.0
A006758,S00676,2026-08-08,Present,8.2
A006759,S00676,2026-08-09,Absent,0.0
A006760,S00676,2026-08-10,Present,7.1
A006761,S00677,2026-08-01,Half Day,5.0
A006762,S00677,2026-08-02,Present,8.7
A006763,S00677,2026-08-03,Half Day,3.9
A006764,S00677,2026-08-04,Present,8.7
A006765,S00677,2026-08-05,Present,8.6
A006766,S00677,2026-08-06,Present,9.4
A006767,S00677,2026-08-07,Present,9.3
A006768,S00677,2026-08-08,Present,9.2
A006769,S00677,2026-08-09,Present,8.8
A006770,S00677,2026-08-10,Present,9.1
A006771,S00678,2026-08-01,Present,9.5
A006772,S00678,2026-08-02,Present,9.4
A006773,S00678,2026-08-03,Present,9.6
A006774,S00678,2026-08-04,Present,8.0
A006775,S00678,2026-08-05,Present,9.5
A006776,S00678,2026-08-06,Present,9.6
A006777,S00678,2026-08-07,Present,8.8
A006778,S00678,2026-08-08,Present,8.2
A006779,S00678,2026-08-09,Half Day,4.8
A006780,S00678,2026-08-10,Present,8.2
A006781,S00679,2026-08-01,Present,7.8
A006782,S00679,2026-08-02,Absent,0.0
A006783,S00679,2026-08-03,Present,7.4
A006784,S00679,2026-08-04,Present,7.6
A006785,S00679,2026-08-05,Present,7.6
A006786,S00679,2026-08-06,Half Day,4.1
A006787,S00679,2026-08-07,Present,7.9
A006788,S00679,2026-08-08,Present,8.6
A006789,S00679,2026-08-09,Present,7.0
A006790,S00679,2026-08-10,Present,7.6
A006791,S00680,2026-08-01,Present,9.7
A006792,S00680,2026-08-02,Present,7.3
A006793,S00680,2026-08-03,Present,9.6
A006794,S00680,2026-08-04,Present,7.0
A006795,S00680,2026-08-05,Present,8.7
A006796,S00680,2026-08-06,Present,7.9
A006797,S00680,2026-08-07,Absent,0.0
A006798,S00680,2026-08-08,Present,7.3
A006799,S00680,2026-08-09,Present,7.7
A006800,S00680,2026-08-10,Present,8.9
A006801,S00681,2026-08-01,Present,7.3
A006802,S00681,2026-08-02,Present,8.1
A006803,S00681,2026-08-03,Half Day,4.1
A006804,S00681,2026-08-04,Present,8.5
A006805,S00681,2026-08-05,Present,8.2
A006806,S00681,2026-08-06,Present,9.4
A006807,S00681,2026-08-07,Present,7.7
A006808,S00681,2026-08-08,Present,8.2
A006809,S00681,2026-08-09,Present,9.0
A006810,S00681,2026-08-10,Present,7.2
A006811,S00682,2026-08-01,Present,7.1
A006812,S00682,2026-08-02,Half Day,4.7
A006813,S00682,2026-08-03,Present,8.0
A006814,S00682,2026-08-04,Present,9.5
A006815,S00682,2026-08-05,Absent,0.0
A006816,S00682,2026-08-06,Present,9.2
A006817,S00682,2026-08-07,Present,7.8
A006818,S00682,2026-08-08,Present,8.6
A006819,S00682,2026-08-09,Present,7.0
A006820,S00682,2026-08-10,Present,8.1
A006821,S00683,2026-08-01,Present,9.9
A006822,S00683,2026-08-02,Present,9.1
A006823,S00683,2026-08-03,Present,7.8
A006824,S00683,2026-08-04,Half Day,3.2
A006825,S00683,2026-08-05,Present,7.2
A006826,S00683,2026-08-06,Present,10.0
A006827,S00683,2026-08-07,Present,7.0
A006828,S00683,2026-08-08,Present,8.7
A006829,S00683,2026-08-09,Present,8.5
A006830,S00683,2026-08-10,Present,9.6
A006831,S00684,2026-08-01,Present,7.2
A006832,S00684,2026-08-02,Half Day,3.6
A006833,S00684,2026-08-03,Present,7.9
A006834,S00684,2026-08-04,Present,7.3
A006835,S00684,2026-08-05,Present,7.4
A006836,S00684,2026-08-06,Present,7.3
A006837,S00684,2026-08-07,Present,8.6
A006838,S00684,2026-08-08,Present,9.1
A006839,S00684,2026-08-09,Present,7.8
A006840,S00684,2026-08-10,Present,7.8
A006841,S00685,2026-08-01,Present,8.9
A006842,S00685,2026-08-02,Present,9.6
A006843,S00685,2026-08-03,Present,7.2
A006844,S00685,2026-08-04,Present,8.6
A006845,S00685,2026-08-05,Present,9.0
A006846,S00685,2026-08-06,Present,9.4
A006847,S00685,2026-08-07,Half Day,3.1
A006848,S00685,2026-08-08,Present,8.8
A006849,S00685,2026-08-09,Present,8.3
A006850,S00685,2026-08-10,Present,9.3
A006851,S00686,2026-08-01,Absent,0.0
A006852,S00686,2026-08-02,Present,7.5
A006853,S00686,2026-08-03,Present,7.5
A006854,S00686,2026-08-04,Present,7.9
A006855,S00686,2026-08-05,Present,8.2
A006856,S00686,2026-08-06,Present,8.8
A006857,S00686,2026-08-07,Present,9.5
A006858,S00686,2026-08-08,Present,9.6
A006859,S00686,2026-08-09,Present,8.0
A006860,S00686,2026-08-10,Absent,0.0
A006861,S00687,2026-08-01,Present,9.2
A006862,S00687,2026-08-02,Present,7.8
A006863,S00687,2026-08-03,Absent,0.0
A006864,S00687,2026-08-04,Present,8.1
A006865,S00687,2026-08-05,Present,10.0
A006866,S00687,2026-08-06,Present,8.6
A006867,S00687,2026-08-07,Present,10.0
A006868,S00687,2026-08-08,Present,9.1
A006869,S00687,2026-08-09,Present,7.0
A006870,S00687,2026-08-10,Present,8.3
A006871,S00688,2026-08-01,Present,9.5
A006872,S00688,2026-08-02,Present,9.6
A006873,S00688,2026-08-03,Present,8.5
A006874,S00688,2026-08-04,Present,9.8
A006875,S00688,2026-08-05,Half Day,4.6
A006876,S00688,2026-08-06,Present,8.3
A006877,S00688,2026-08-07,Present,9.7
A006878,S00688,2026-08-08,Present,7.7
A006879,S00688,2026-08-09,Present,9.6
A006880,S00688,2026-08-10,Present,9.0
A006881,S00689,2026-08-01,Present,7.1
A006882,S00689,2026-08-02,Present,8.9
A006883,S00689,2026-08-03,Present,9.7
A006884,S00689,2026-08-04,Present,9.6
A006885,S00689,2026-08-05,Present,9.0
A006886,S00689,2026-08-06,Present,7.5
A006887,S00689,2026-08-07,Present,9.4
A006888,S00689,2026-08-08,Absent,0.0
A006889,S00689,2026-08-09,Half Day,4.6
A006890,S00689,2026-08-10,Absent,0.0
A006891,S00690,2026-08-01,Present,7.1
A006892,S00690,2026-08-02,Present,9.2
A006893,S00690,2026-08-03,Present,9.1
A006894,S00690,2026-08-04,Present,7.7
A006895,S00690,2026-08-05,Present,8.3
A006896,S00690,2026-08-06,Present,9.8
A006897,S00690,2026-08-07,Present,7.7
A006898,S00690,2026-08-08,Present,8.2
A006899,S00690,2026-08-09,Present,8.7
A006900,S00690,2026-08-10,Absent,0.0
A006901,S00691,2026-08-01,Present,9.4
A006902,S00691,2026-08-02,Present,9.1
A006903,S00691,2026-08-03,Present,9.8
A006904,S00691,2026-08-04,Present,7.3
A006905,S00691,2026-08-05,Present,8.4
A006906,S00691,2026-08-06,Present,9.9
A006907,S00691,2026-08-07,Present,7.3
A006908,S00691,2026-08-08,Absent,0.0
A006909,S00691,2026-08-09,Present,7.3
A006910,S00691,2026-08-10,Present,9.6
A006911,S00692,2026-08-01,Present,7.4
A006912,S00692,2026-08-02,Present,7.2
A006913,S00692,2026-08-03,Present,9.8
A006914,S00692,2026-08-04,Half Day,3.7
A006915,S00692,2026-08-05,Present,9.2
A006916,S00692,2026-08-06,Absent,0.0
A006917,S00692,2026-08-07,Present,7.5
A006918,S00692,2026-08-08,Present,9.9
A006919,S00692,2026-08-09,Present,9.5
A006920,S00692,2026-08-10,Absent,0.0
A006921,S00693,2026-08-01,Present,7.9
A006922,S00693,2026-08-02,Present,8.5
A006923,S00693,2026-08-03,Present,8.4
A006924,S00693,2026-08-04,Present,9.6
A006925,S00693,2026-08-05,Present,9.6
A006926,S00693,2026-08-06,Half Day,3.2
A006927,S00693,2026-08-07,Present,8.2
A006928,S00693,2026-08-08,Absent,0.0
A006929,S00693,2026-08-09,Present,7.4
A006930,S00693,2026-08-10,Present,7.7
A006931,S00694,2026-08-01,Present,8.7
A006932,S00694,2026-08-02,Present,9.8
A006933,S00694,2026-08-03,Present,8.9
A006934,S00694,2026-08-04,Present,8.5
A006935,S00694,2026-08-05,Half Day,4.7
A006936,S00694,2026-08-06,Present,9.5
A006937,S00694,2026-08-07,Present,9.4
A006938,S00694,2026-08-08,Present,7.8
A006939,S00694,2026-08-09,Half Day,3.8
A006940,S00694,2026-08-10,Present,8.7
A006941,S00695,2026-08-01,Present,7.5
A006942,S00695,2026-08-02,Half Day,3.1
A006943,S00695,2026-08-03,Present,7.6
A006944,S00695,2026-08-04,Half Day,3.8
A006945,S00695,2026-08-05,Present,9.8
A006946,S00695,2026-08-06,Present,9.9
A006947,S00695,2026-08-07,Present,9.5
A006948,S00695,2026-08-08,Present,7.6
A006949,S00695,2026-08-09,Present,7.1
A006950,S00695,2026-08-10,Present,9.4
A006951,S00696,2026-08-01,Present,8.3
A006952,S00696,2026-08-02,Present,9.4
A006953,S00696,2026-08-03,Absent,0.0
A006954,S00696,2026-08-04,Present,8.5
A006955,S00696,2026-08-05,Present,7.8
A006956,S00696,2026-08-06,Present,9.3
A006957,S00696,2026-08-07,Present,9.3
A006958,S00696,2026-08-08,Present,9.5
A006959,S00696,2026-08-09,Present,8.8
A006960,S00696,2026-08-10,Present,10.0
A006961,S00697,2026-08-01,Present,7.3
A006962,S00697,2026-08-02,Present,8.3
A006963,S00697,2026-08-03,Present,8.5
A006964,S00697,2026-08-04,Half Day,3.8
A006965,S00697,2026-08-05,Present,9.8
A006966,S00697,2026-08-06,Present,8.7
A006967,S00697,2026-08-07,Present,7.2
A006968,S00697,2026-08-08,Present,9.7
A006969,S00697,2026-08-09,Present,8.4
A006970,S00697,2026-08-10,Present,8.1
A006971,S00698,2026-08-01,Present,7.1
A006972,S00698,2026-08-02,Present,7.5
A006973,S00698,2026-08-03,Present,9.8
A006974,S00698,2026-08-04,Half Day,4.6
A006975,S00698,2026-08-05,Present,9.9
A006976,S00698,2026-08-06,Present,9.7
A006977,S00698,2026-08-07,Half Day,3.7
A006978,S00698,2026-08-08,Present,7.9
A006979,S00698,2026-08-09,Present,9.0
A006980,S00698,2026-08-10,Present,9.4
A006981,S00699,2026-08-01,Present,8.0
A006982,S00699,2026-08-02,Present,7.4
A006983,S00699,2026-08-03,Present,7.9
A006984,S00699,2026-08-04,Present,8.3
A006985,S00699,2026-08-05,Present,8.1
A006986,S00699,2026-08-06,Present,8.7
A006987,S00699,2026-08-07,Present,10.0
A006988,S00699,2026-08-08,Half Day,4.3
A006989,S00699,2026-08-09,Present,7.5
A006990,S00699,2026-08-10,Present,7.0
A006991,S00700,2026-08-01,Present,9.9
A006992,S00700,2026-08-02,Present,8.3
A006993,S00700,2026-08-03,Present,8.4
A006994,S00700,2026-08-04,Absent,0.0
A006995,S00700,2026-08-05,Present,9.4
A006996,S00700,2026-08-06,Present,8.4
A006997,S00700,2026-08-07,Present,9.9
A006998,S00700,2026-08-08,Present,8.9
A006999,S00700,2026-08-09,Present,8.3
A007000,S00700,2026-08-10,Present,9.4
A007001,S00701,2026-08-01,Present,8.5
A007002,S00701,2026-08-02,Present,9.8
A007003,S00701,2026-08-03,Half Day,4.4
A007004,S00701,2026-08-04,Present,8.4
A007005,S00701,2026-08-05,Present,7.7
A007006,S00701,2026-08-06,Present,7.2
A007007,S00701,2026-08-07,Present,9.8
A007008,S00701,2026-08-08,Present,8.9
A007009,S00701,2026-08-09,Present,9.4
A007010,S00701,2026-08-10,Present,7.2
A007011,S00702,2026-08-01,Present,8.7
A007012,S00702,2026-08-02,Present,7.7
A007013,S00702,2026-08-03,Absent,0.0
A007014,S00702,2026-08-04,Present,7.1
A007015,S00702,2026-08-05,Present,8.3
A007016,S00702,2026-08-06,Half Day,4.7
A007017,S00702,2026-08-07,Present,9.3
A007018,S00702,2026-08-08,Present,8.4
A007019,S00702,2026-08-09,Present,7.5
A007020,S00702,2026-08-10,Present,9.8
A007021,S00703,2026-08-01,Present,7.4
A007022,S00703,2026-08-02,Half Day,4.8
A007023,S00703,2026-08-03,Present,9.1
A007024,S00703,2026-08-04,Present,7.8
A007025,S00703,2026-08-05,Present,9.5
A007026,S00703,2026-08-06,Present,9.5
A007027,S00703,2026-08-07,Present,7.2
A007028,S00703,2026-08-08,Absent,0.0
A007029,S00703,2026-08-09,Present,7.7
A007030,S00703,2026-08-10,Present,9.9
A007031,S00704,2026-08-01,Present,7.8
A007032,S00704,2026-08-02,Present,8.8
A007033,S00704,2026-08-03,Present,8.1
A007034,S00704,2026-08-04,Present,7.7
A007035,S00704,2026-08-05,Present,9.4
A007036,S00704,2026-08-06,Present,8.2
A007037,S00704,2026-08-07,Present,9.1
A007038,S00704,2026-08-08,Present,8.7
A007039,S00704,2026-08-09,Present,8.0
A007040,S00704,2026-08-10,Present,9.7
A007041,S00705,2026-08-01,Present,9.5
A007042,S00705,2026-08-02,Present,8.6
A007043,S00705,2026-08-03,Half Day,4.3
A007044,S00705,2026-08-04,Present,7.8
A007045,S00705,2026-08-05,Present,8.5
A007046,S00705,2026-08-06,Half Day,3.2
A007047,S00705,2026-08-07,Present,9.7
A007048,S00705,2026-08-08,Present,9.0
A007049,S00705,2026-08-09,Present,9.3
A007050,S00705,2026-08-10,Present,7.3
A007051,S00706,2026-08-01,Present,8.1
A007052,S00706,2026-08-02,Present,9.9
A007053,S00706,2026-08-03,Present,7.9
A007054,S00706,2026-08-04,Present,7.8
A007055,S00706,2026-08-05,Present,9.6
A007056,S00706,2026-08-06,Present,9.4
A007057,S00706,2026-08-07,Present,10.0
A007058,S00706,2026-08-08,Present,8.2
A007059,S00706,2026-08-09,Half Day,4.5
A007060,S00706,2026-08-10,Absent,0.0
A007061,S00707,2026-08-01,Present,8.9
A007062,S00707,2026-08-02,Present,9.5
A007063,S00707,2026-08-03,Present,9.0
A007064,S00707,2026-08-04,Present,9.0
A007065,S00707,2026-08-05,Present,9.6
A007066,S00707,2026-08-06,Present,7.4
A007067,S00707,2026-08-07,Present,7.3
A007068,S00707,2026-08-08,Present,9.4
A007069,S00707,2026-08-09,Present,9.4
A007070,S00707,2026-08-10,Present,7.5
A007071,S00708,2026-08-01,Present,7.2
A007072,S00708,2026-08-02,Present,9.6
A007073,S00708,2026-08-03,Present,9.3
A007074,S00708,2026-08-04,Present,8.4
A007075,S00708,2026-08-05,Half Day,3.3
A007076,S00708,2026-08-06,Present,9.0
A007077,S00708,2026-08-07,Present,8.7
A007078,S00708,2026-08-08,Half Day,3.4
A007079,S00708,2026-08-09,Present,7.3
A007080,S00708,2026-08-10,Present,8.8
A007081,S00709,2026-08-01,Half Day,4.2
A007082,S00709,2026-08-02,Half Day,3.2
A007083,S00709,2026-08-03,Present,7.9
A007084,S00709,2026-08-04,Half Day,3.8
A007085,S00709,2026-08-05,Present,7.0
A007086,S00709,2026-08-06,Present,7.3
A007087,S00709,2026-08-07,Present,7.7
A007088,S00709,2026-08-08,Present,9.8
A007089,S00709,2026-08-09,Present,8.9
A007090,S00709,2026-08-10,Present,8.8
A007091,S00710,2026-08-01,Present,9.6
A007092,S00710,2026-08-02,Present,9.0
A007093,S00710,2026-08-03,Present,7.8
A007094,S00710,2026-08-04,Half Day,3.2
A007095,S00710,2026-08-05,Present,8.7
A007096,S00710,2026-08-06,Present,9.9
A007097,S00710,2026-08-07,Present,7.9
A007098,S00710,2026-08-08,Present,8.9
A007099,S00710,2026-08-09,Present,9.8
A007100,S00710,2026-08-10,Present,9.2
A007101,S00711,2026-08-01,Present,7.3
A007102,S00711,2026-08-02,Present,8.9
A007103,S00711,2026-08-03,Present,9.0
A007104,S00711,2026-08-04,Present,7.7
A007105,S00711,2026-08-05,Present,7.1
A007106,S00711,2026-08-06,Present,9.5
A007107,S00711,2026-08-07,Present,7.8
A007108,S00711,2026-08-08,Present,9.6
A007109,S00711,2026-08-09,Present,8.0
A007110,S00711,2026-08-10,Present,9.1
A007111,S00712,2026-08-01,Absent,0.0
A007112,S00712,2026-08-02,Present,9.9
A007113,S00712,2026-08-03,Present,7.2
A007114,S00712,2026-08-04,Present,8.4
A007115,S00712,2026-08-05,Present,8.9
A007116,S00712,2026-08-06,Present,9.2
A007117,S00712,2026-08-07,Present,7.4
A007118,S00712,2026-08-08,Present,9.5
A007119,S00712,2026-08-09,Present,7.0
A007120,S00712,2026-08-10,Present,9.7
A007121,S00713,2026-08-01,Present,7.6
A007122,S00713,2026-08-02,Present,9.4
A007123,S00713,2026-08-03,Half Day,3.4
A007124,S00713,2026-08-04,Present,7.5
A007125,S00713,2026-08-05,Present,9.1
A007126,S00713,2026-08-06,Present,7.3
A007127,S00713,2026-08-07,Present,7.7
A007128,S00713,2026-08-08,Half Day,4.9
A007129,S00713,2026-08-09,Present,7.5
A007130,S00713,2026-08-10,Present,8.4
A007131,S00714,2026-08-01,Present,8.6
A007132,S00714,2026-08-02,Present,7.3
A007133,S00714,2026-08-03,Present,8.2
A007134,S00714,2026-08-04,Present,8.5
A007135,S00714,2026-08-05,Present,8.5
A007136,S00714,2026-08-06,Present,8.9
A007137,S00714,2026-08-07,Present,7.5
A007138,S00714,2026-08-08,Present,9.0
A007139,S00714,2026-08-09,Present,8.7
A007140,S00714,2026-08-10,Present,9.2
A007141,S00715,2026-08-01,Present,8.4
A007142,S00715,2026-08-02,Present,9.7
A007143,S00715,2026-08-03,Present,8.3
A007144,S00715,2026-08-04,Present,8.6
A007145,S00715,2026-08-05,Present,7.4
A007146,S00715,2026-08-06,Present,7.4
A007147,S00715,2026-08-07,Absent,0.0
A007148,S00715,2026-08-08,Present,8.4
A007149,S00715,2026-08-09,Present,8.4
A007150,S00715,2026-08-10,Half Day,3.5
A007151,S00716,2026-08-01,Absent,0.0
A007152,S00716,2026-08-02,Half Day,4.7
A007153,S00716,2026-08-03,Present,9.3
A007154,S00716,2026-08-04,Present,9.1
A007155,S00716,2026-08-05,Present,7.0
A007156,S00716,2026-08-06,Present,8.7
A007157,S00716,2026-08-07,Present,8.9
A007158,S00716,2026-08-08,Present,9.7
A007159,S00716,2026-08-09,Present,9.2
A007160,S00716,2026-08-10,Present,8.9
A007161,S00717,2026-08-01,Present,7.3
A007162,S00717,2026-08-02,Present,8.0
A007163,S00717,2026-08-03,Present,7.8
A007164,S00717,2026-08-04,Present,7.3
A007165,S00717,2026-08-05,Half Day,4.6
A007166,S00717,2026-08-06,Present,7.3
A007167,S00717,2026-08-07,Half Day,3.1
A007168,S00717,2026-08-08,Present,8.4
A007169,S00717,2026-08-09,Present,7.1
A007170,S00717,2026-08-10,Present,9.6
A007171,S00718,2026-08-01,Present,7.7
A007172,S00718,2026-08-02,Present,7.5
A007173,S00718,2026-08-03,Half Day,5.0
A007174,S00718,2026-08-04,Half Day,4.7
A007175,S00718,2026-08-05,Present,8.9
A007176,S00718,2026-08-06,Present,7.3
A007177,S00718,2026-08-07,Present,9.3
A007178,S00718,2026-08-08,Present,7.4
A007179,S00718,2026-08-09,Present,7.8
A007180,S00718,2026-08-10,Present,9.0
A007181,S00719,2026-08-01,Present,8.8
A007182,S00719,2026-08-02,Present,8.6
A007183,S00719,2026-08-03,Present,7.8
A007184,S00719,2026-08-04,Present,8.4
A007185,S00719,2026-08-05,Half Day,3.0
A007186,S00719,2026-08-06,Present,9.0
A007187,S00719,2026-08-07,Present,7.4
A007188,S00719,2026-08-08,Present,8.9
A007189,S00719,2026-08-09,Absent,0.0
A007190,S00719,2026-08-10,Present,8.4
A007191,S00720,2026-08-01,Present,9.5
A007192,S00720,2026-08-02,Present,8.3
A007193,S00720,2026-08-03,Half Day,4.2
A007194,S00720,2026-08-04,Present,9.9
A007195,S00720,2026-08-05,Present,8.2
A007196,S00720,2026-08-06,Present,7.3
A007197,S00720,2026-08-07,Present,9.4
A007198,S00720,2026-08-08,Present,9.1
A007199,S00720,2026-08-09,Present,8.2
A007200,S00720,2026-08-10,Present,8.7
A007201,S00721,2026-08-01,Present,8.2
A007202,S00721,2026-08-02,Present,7.6
A007203,S00721,2026-08-03,Present,8.9
A007204,S00721,2026-08-04,Present,9.3
A007205,S00721,2026-08-05,Present,9.7
A007206,S00721,2026-08-06,Present,7.1
A007207,S00721,2026-08-07,Present,7.7
A007208,S00721,2026-08-08,Present,8.1
A007209,S00721,2026-08-09,Present,10.0
A007210,S00721,2026-08-10,Present,7.2
A007211,S00722,2026-08-01,Half Day,4.1
A007212,S00722,2026-08-02,Present,8.0
A007213,S00722,2026-08-03,Present,7.2
A007214,S00722,2026-08-04,Present,9.4
A007215,S00722,2026-08-05,Present,9.4
A007216,S00722,2026-08-06,Present,8.9
A007217,S00722,2026-08-07,Present,9.2
A007218,S00722,2026-08-08,Present,9.7
A007219,S00722,2026-08-09,Absent,0.0
A007220,S00722,2026-08-10,Present,7.5
A007221,S00723,2026-08-01,Present,8.6
A007222,S00723,2026-08-02,Half Day,3.3
A007223,S00723,2026-08-03,Present,9.8
A007224,S00723,2026-08-04,Present,9.1
A007225,S00723,2026-08-05,Present,8.0
A007226,S00723,2026-08-06,Present,9.9
A007227,S00723,2026-08-07,Present,8.8
A007228,S00723,2026-08-08,Absent,0.0
A007229,S00723,2026-08-09,Absent,0.0
A007230,S00723,2026-08-10,Present,7.1
A007231,S00724,2026-08-01,Present,8.4
A007232,S00724,2026-08-02,Present,9.7
A007233,S00724,2026-08-03,Present,7.3
A007234,S00724,2026-08-04,Present,7.5
A007235,S00724,2026-08-05,Half Day,4.5
A007236,S00724,2026-08-06,Half Day,4.6
A007237,S00724,2026-08-07,Present,8.8
A007238,S00724,2026-08-08,Present,8.1
A007239,S00724,2026-08-09,Present,7.8
A007240,S00724,2026-08-10,Present,8.5
A007241,S00725,2026-08-01,Half Day,3.6
A007242,S00725,2026-08-02,Present,9.1
A007243,S00725,2026-08-03,Present,8.3
A007244,S00725,2026-08-04,Present,7.3
A007245,S00725,2026-08-05,Present,8.4
A007246,S00725,2026-08-06,Present,8.4
A007247,S00725,2026-08-07,Present,7.8
A007248,S00725,2026-08-08,Present,9.2
A007249,S00725,2026-08-09,Present,9.8
A007250,S00725,2026-08-10,Present,8.8
A007251,S00726,2026-08-01,Absent,0.0
A007252,S00726,2026-08-02,Present,7.2
A007253,S00726,2026-08-03,Present,9.3
A007254,S00726,2026-08-04,Present,7.1
A007255,S00726,2026-08-05,Half Day,4.9
A007256,S00726,2026-08-06,Present,7.3
A007257,S00726,2026-08-07,Present,9.0
A007258,S00726,2026-08-08,Present,9.3
A007259,S00726,2026-08-09,Present,8.4
A007260,S00726,2026-08-10,Present,7.7
A007261,S00727,2026-08-01,Present,7.6
A007262,S00727,2026-08-02,Present,7.4
A007263,S00727,2026-08-03,Absent,0.0
A007264,S00727,2026-08-04,Present,9.6
A007265,S00727,2026-08-05,Present,9.6
A007266,S00727,2026-08-06,Present,9.4
A007267,S00727,2026-08-07,Present,7.8
A007268,S00727,2026-08-08,Present,9.6
A007269,S00727,2026-08-09,Present,9.1
A007270,S00727,2026-08-10,Present,8.2
A007271,S00728,2026-08-01,Present,7.3
A007272,S00728,2026-08-02,Present,9.2
A007273,S00728,2026-08-03,Present,7.2
A007274,S00728,2026-08-04,Half Day,3.7
A007275,S00728,2026-08-05,Half Day,3.4
A007276,S00728,2026-08-06,Present,8.5
A007277,S00728,2026-08-07,Present,9.9
A007278,S00728,2026-08-08,Present,7.5
A007279,S00728,2026-08-09,Present,7.4
A007280,S00728,2026-08-10,Present,8.2
A007281,S00729,2026-08-01,Present,9.7
A007282,S00729,2026-08-02,Absent,0.0
A007283,S00729,2026-08-03,Present,8.7
A007284,S00729,2026-08-04,Present,7.8
A007285,S00729,2026-08-05,Present,7.2
A007286,S00729,2026-08-06,Half Day,4.4
A007287,S00729,2026-08-07,Present,9.6
A007288,S00729,2026-08-08,Present,8.0
A007289,S00729,2026-08-09,Present,8.5
A007290,S00729,2026-08-10,Present,9.8
A007291,S00730,2026-08-01,Present,7.9
A007292,S00730,2026-08-02,Present,9.1
A007293,S00730,2026-08-03,Present,10.0
A007294,S00730,2026-08-04,Present,9.2
A007295,S00730,2026-08-05,Present,7.7
A007296,S00730,2026-08-06,Present,7.1
A007297,S00730,2026-08-07,Present,8.8
A007298,S00730,2026-08-08,Present,8.6
A007299,S00730,2026-08-09,Present,7.3
A007300,S00730,2026-08-10,Present,8.4
A007301,S00731,2026-08-01,Absent,0.0
A007302,S00731,2026-08-02,Present,8.5
A007303,S00731,2026-08-03,Present,9.2
A007304,S00731,2026-08-04,Present,8.4
A007305,S00731,2026-08-05,Present,7.6
A007306,S00731,2026-08-06,Half Day,3.5
A007307,S00731,2026-08-07,Present,9.9
A007308,S00731,2026-08-08,Present,8.2
A007309,S00731,2026-08-09,Half Day,4.1
A007310,S00731,2026-08-10,Present,8.9
A007311,S00732,2026-08-01,Present,7.1
A007312,S00732,2026-08-02,Present,8.6
A007313,S00732,2026-08-03,Present,9.5
A007314,S00732,2026-08-04,Present,7.8
A007315,S00732,2026-08-05,Present,8.6
A007316,S00732,2026-08-06,Present,7.9
A007317,S00732,2026-08-07,Present,9.9
A007318,S00732,2026-08-08,Present,9.5
A007319,S00732,2026-08-09,Present,9.5
A007320,S00732,2026-08-10,Present,9.3
A007321,S00733,2026-08-01,Present,9.1
A007322,S00733,2026-08-02,Present,8.1
A007323,S00733,2026-08-03,Present,9.0
A007324,S00733,2026-08-04,Present,9.9
A007325,S00733,2026-08-05,Present,9.2
A007326,S00733,2026-08-06,Present,8.7
A007327,S00733,2026-08-07,Present,7.6
A007328,S00733,2026-08-08,Present,9.8
A007329,S00733,2026-08-09,Present,8.5
A007330,S00733,2026-08-10,Present,9.6
A007331,S00734,2026-08-01,Present,9.6
A007332,S00734,2026-08-02,Absent,0.0
A007333,S00734,2026-08-03,Present,9.1
A007334,S00734,2026-08-04,Half Day,4.7
A007335,S00734,2026-08-05,Present,9.7
A007336,S00734,2026-08-06,Present,8.4
A007337,S00734,2026-08-07,Present,7.3
A007338,S00734,2026-08-08,Half Day,4.8
A007339,S00734,2026-08-09,Present,7.9
A007340,S00734,2026-08-10,Present,9.1
A007341,S00735,2026-08-01,Present,7.3
A007342,S00735,2026-08-02,Present,7.2
A007343,S00735,2026-08-03,Present,7.9
A007344,S00735,2026-08-04,Present,8.8
A007345,S00735,2026-08-05,Present,8.8
A007346,S00735,2026-08-06,Present,8.4
A007347,S00735,2026-08-07,Half Day,4.4
A007348,S00735,2026-08-08,Present,9.1
A007349,S00735,2026-08-09,Present,7.1
A007350,S00735,2026-08-10,Half Day,3.8
A007351,S00736,2026-08-01,Absent,0.0
A007352,S00736,2026-08-02,Present,8.9
A007353,S00736,2026-08-03,Present,8.7
A007354,S00736,2026-08-04,Present,8.6
A007355,S00736,2026-08-05,Present,7.4
A007356,S00736,2026-08-06,Present,7.4
A007357,S00736,2026-08-07,Half Day,4.0
A007358,S00736,2026-08-08,Present,9.3
A007359,S00736,2026-08-09,Present,7.2
A007360,S00736,2026-08-10,Present,10.0
A007361,S00737,2026-08-01,Present,9.2
A007362,S00737,2026-08-02,Present,8.5
A007363,S00737,2026-08-03,Present,8.9
A007364,S00737,2026-08-04,Present,7.4
A007365,S00737,2026-08-05,Present,7.2
A007366,S00737,2026-08-06,Present,7.6
A007367,S00737,2026-08-07,Present,8.7
A007368,S00737,2026-08-08,Present,9.2
A007369,S00737,2026-08-09,Present,8.1
A007370,S00737,2026-08-10,Absent,0.0
A007371,S00738,2026-08-01,Present,8.0
A007372,S00738,2026-08-02,Present,7.5
A007373,S00738,2026-08-03,Present,8.6
A007374,S00738,2026-08-04,Present,9.7
A007375,S00738,2026-08-05,Present,8.3
A007376,S00738,2026-08-06,Absent,0.0
A007377,S00738,2026-08-07,Present,9.1
A007378,S00738,2026-08-08,Present,9.0
A007379,S00738,2026-08-09,Present,9.8
A007380,S00738,2026-08-10,Present,7.5
A007381,S00739,2026-08-01,Half Day,4.7
A007382,S00739,2026-08-02,Present,8.4
A007383,S00739,2026-08-03,Present,7.8
A007384,S00739,2026-08-04,Present,9.8
A007385,S00739,2026-08-05,Half Day,4.1
A007386,S00739,2026-08-06,Present,9.2
A007387,S00739,2026-08-07,Half Day,4.7
A007388,S00739,2026-08-08,Present,7.1
A007389,S00739,2026-08-09,Present,8.9
A007390,S00739,2026-08-10,Present,7.3
A007391,S00740,2026-08-01,Present,8.3
A007392,S00740,2026-08-02,Present,7.8
A007393,S00740,2026-08-03,Present,7.0
A007394,S00740,2026-08-04,Present,9.3
A007395,S00740,2026-08-05,Present,7.2
A007396,S00740,2026-08-06,Present,7.8
A007397,S00740,2026-08-07,Half Day,5.0
A007398,S00740,2026-08-08,Present,7.3
A007399,S00740,2026-08-09,Present,8.9
A007400,S00740,2026-08-10,Half Day,3.5
A007401,S00741,2026-08-01,Present,8.7
A007402,S00741,2026-08-02,Present,8.9
A007403,S00741,2026-08-03,Absent,0.0
A007404,S00741,2026-08-04,Absent,0.0
A007405,S00741,2026-08-05,Present,9.1
A007406,S00741,2026-08-06,Present,9.0
A007407,S00741,2026-08-07,Present,7.4
A007408,S00741,2026-08-08,Present,7.1
A007409,S00741,2026-08-09,Present,7.3
A007410,S00741,2026-08-10,Present,8.2
A007411,S00742,2026-08-01,Present,8.6
A007412,S00742,2026-08-02,Present,9.5
A007413,S00742,2026-08-03,Present,9.3
A007414,S00742,2026-08-04,Present,8.5
A007415,S00742,2026-08-05,Present,7.5
A007416,S00742,2026-08-06,Present,7.7
A007417,S00742,2026-08-07,Present,9.7
A007418,S00742,2026-08-08,Present,8.8
A007419,S00742,2026-08-09,Present,8.1
A007420,S00742,2026-08-10,Present,7.2
A007421,S00743,2026-08-01,Present,9.9
A007422,S00743,2026-08-02,Half Day,4.2
A007423,S00743,2026-08-03,Present,7.5
A007424,S00743,2026-08-04,Present,9.7
A007425,S00743,2026-08-05,Present,9.4
A007426,S00743,2026-08-06,Present,7.5
A007427,S00743,2026-08-07,Present,8.1
A007428,S00743,2026-08-08,Present,9.8
A007429,S00743,2026-08-09,Present,7.8
A007430,S00743,2026-08-10,Present,7.7
A007431,S00744,2026-08-01,Present,8.2
A007432,S00744,2026-08-02,Present,7.4
A007433,S00744,2026-08-03,Present,7.2
A007434,S00744,2026-08-04,Present,9.3
A007435,S00744,2026-08-05,Present,7.2
A007436,S00744,2026-08-06,Present,8.5
A007437,S00744,2026-08-07,Present,9.4
A007438,S00744,2026-08-08,Present,9.2
A007439,S00744,2026-08-09,Present,9.4
A007440,S00744,2026-08-10,Present,9.6
A007441,S00745,2026-08-01,Present,8.8
A007442,S00745,2026-08-02,Present,8.3
A007443,S00745,2026-08-03,Present,8.2
A007444,S00745,2026-08-04,Present,9.2
A007445,S00745,2026-08-05,Half Day,3.4
A007446,S00745,2026-08-06,Present,7.7
A007447,S00745,2026-08-07,Present,7.7
A007448,S00745,2026-08-08,Present,9.6
A007449,S00745,2026-08-09,Present,8.1
A007450,S00745,2026-08-10,Present,7.6
A007451,S00746,2026-08-01,Present,9.7
A007452,S00746,2026-08-02,Present,8.1
A007453,S00746,2026-08-03,Absent,0.0
A007454,S00746,2026-08-04,Present,9.0
A007455,S00746,2026-08-05,Present,8.2
A007456,S00746,2026-08-06,Present,9.8
A007457,S00746,2026-08-07,Present,9.7
A007458,S00746,2026-08-08,Present,7.6
A007459,S00746,2026-08-09,Present,8.2
A007460,S00746,2026-08-10,Present,9.5
A007461,S00747,2026-08-01,Present,8.6
A007462,S00747,2026-08-02,Present,7.4
A007463,S00747,2026-08-03,Present,9.9
A007464,S00747,2026-08-04,Present,7.5
A007465,S00747,2026-08-05,Absent,0.0
A007466,S00747,2026-08-06,Present,8.1
A007467,S00747,2026-08-07,Present,9.9
A007468,S00747,2026-08-08,Absent,0.0
A007469,S00747,2026-08-09,Present,8.5
A007470,S00747,2026-08-10,Present,7.5
A007471,S00748,2026-08-01,Present,8.5
A007472,S00748,2026-08-02,Present,9.9
A007473,S00748,2026-08-03,Present,9.4
A007474,S00748,2026-08-04,Present,10.0
A007475,S00748,2026-08-05,Present,8.4
A007476,S00748,2026-08-06,Absent,0.0
A007477,S00748,2026-08-07,Present,7.8
A007478,S00748,2026-08-08,Absent,0.0
A007479,S00748,2026-08-09,Present,8.5
A007480,S00748,2026-08-10,Present,9.5
A007481,S00749,2026-08-01,Present,7.0
A007482,S00749,2026-08-02,Present,8.3
A007483,S00749,2026-08-03,Present,8.8
A007484,S00749,2026-08-04,Present,8.4
A007485,S00749,2026-08-05,Present,7.2
A007486,S00749,2026-08-06,Half Day,4.5
A007487,S00749,2026-08-07,Present,8.0
A007488,S00749,2026-08-08,Present,9.4
A007489,S00749,2026-08-09,Present,7.3
A007490,S00749,2026-08-10,Present,8.8
A007491,S00750,2026-08-01,Present,7.4
A007492,S00750,2026-08-02,Present,8.4
A007493,S00750,2026-08-03,Present,9.8
A007494,S00750,2026-08-04,Present,9.1
A007495,S00750,2026-08-05,Present,9.8
A007496,S00750,2026-08-06,Present,8.7
A007497,S00750,2026-08-07,Present,8.6
A007498,S00750,2026-08-08,Present,7.9
A007499,S00750,2026-08-09,Present,8.3
A007500,S00750,2026-08-10,Present,7.6
A007501,S00751,2026-08-01,Present,8.6
A007502,S00751,2026-08-02,Present,7.8
A007503,S00751,2026-08-03,Present,8.5
A007504,S00751,2026-08-04,Half Day,3.5
A007505,S00751,2026-08-05,Present,9.6
A007506,S00751,2026-08-06,Present,8.5
A007507,S00751,2026-08-07,Present,7.7
A007508,S00751,2026-08-08,Present,7.3
A007509,S00751,2026-08-09,Present,9.8
A007510,S00751,2026-08-10,Absent,0.0
A007511,S00752,2026-08-01,Present,7.5
A007512,S00752,2026-08-02,Half Day,3.4
A007513,S00752,2026-08-03,Absent,0.0
A007514,S00752,2026-08-04,Present,8.8
A007515,S00752,2026-08-05,Present,7.1
A007516,S00752,2026-08-06,Present,8.3
A007517,S00752,2026-08-07,Present,9.1
A007518,S00752,2026-08-08,Present,9.9
A007519,S00752,2026-08-09,Present,7.4
A007520,S00752,2026-08-10,Present,7.2
A007521,S00753,2026-08-01,Present,7.4
A007522,S00753,2026-08-02,Present,7.3
A007523,S00753,2026-08-03,Present,8.9
A007524,S00753,2026-08-04,Present,7.5
A007525,S00753,2026-08-05,Present,9.1
A007526,S00753,2026-08-06,Present,7.0
A007527,S00753,2026-08-07,Absent,0.0
A007528,S00753,2026-08-08,Present,8.1
A007529,S00753,2026-08-09,Present,9.5
A007530,S00753,2026-08-10,Present,8.4
A007531,S00754,2026-08-01,Present,10.0
A007532,S00754,2026-08-02,Present,8.3
A007533,S00754,2026-08-03,Present,9.3
A007534,S00754,2026-08-04,Absent,0.0
A007535,S00754,2026-08-05,Present,7.5
A007536,S00754,2026-08-06,Present,9.7
A007537,S00754,2026-08-07,Absent,0.0
A007538,S00754,2026-08-08,Present,7.9
A007539,S00754,2026-08-09,Present,9.9
A007540,S00754,2026-08-10,Present,9.7
A007541,S00755,2026-08-01,Present,9.2
A007542,S00755,2026-08-02,Present,9.8
A007543,S00755,2026-08-03,Present,7.5
A007544,S00755,2026-08-04,Half Day,3.7
A007545,S00755,2026-08-05,Present,9.5
A007546,S00755,2026-08-06,Present,9.9
A007547,S00755,2026-08-07,Present,9.5
A007548,S00755,2026-08-08,Present,9.2
A007549,S00755,2026-08-09,Present,7.8
A007550,S00755,2026-08-10,Present,9.5
A007551,S00756,2026-08-01,Present,9.9
A007552,S00756,2026-08-02,Present,9.2
A007553,S00756,2026-08-03,Present,8.0
A007554,S00756,2026-08-04,Half Day,4.6
A007555,S00756,2026-08-05,Present,7.6
A007556,S00756,2026-08-06,Present,9.1
A007557,S00756,2026-08-07,Present,8.3
A007558,S00756,2026-08-08,Present,9.9
A007559,S00756,2026-08-09,Present,9.9
A007560,S00756,2026-08-10,Present,9.6
A007561,S00757,2026-08-01,Present,8.8
A007562,S00757,2026-08-02,Present,7.9
A007563,S00757,2026-08-03,Present,8.1
A007564,S00757,2026-08-04,Present,8.3
A007565,S00757,2026-08-05,Present,9.6
A007566,S00757,2026-08-06,Present,9.8
A007567,S00757,2026-08-07,Present,8.5
A007568,S00757,2026-08-08,Present,8.1
A007569,S00757,2026-08-09,Present,7.0
A007570,S00757,2026-08-10,Present,9.1
A007571,S00758,2026-08-01,Present,7.1
A007572,S00758,2026-08-02,Present,7.8
A007573,S00758,2026-08-03,Present,8.8
A007574,S00758,2026-08-04,Half Day,4.4
A007575,S00758,2026-08-05,Present,7.7
A007576,S00758,2026-08-06,Present,9.8
A007577,S00758,2026-08-07,Present,8.0
A007578,S00758,2026-08-08,Present,8.4
A007579,S00758,2026-08-09,Present,8.6
A007580,S00758,2026-08-10,Present,7.7
A007581,S00759,2026-08-01,Present,9.3
A007582,S00759,2026-08-02,Present,7.9
A007583,S00759,2026-08-03,Present,9.4
A007584,S00759,2026-08-04,Present,9.8
A007585,S00759,2026-08-05,Present,7.7
A007586,S00759,2026-08-06,Present,7.4
A007587,S00759,2026-08-07,Present,9.4
A007588,S00759,2026-08-08,Present,8.7
A007589,S00759,2026-08-09,Present,8.6
A007590,S00759,2026-08-10,Present,8.4
A007591,S00760,2026-08-01,Present,7.5
A007592,S00760,2026-08-02,Half Day,3.8
A007593,S00760,2026-08-03,Present,8.5
A007594,S00760,2026-08-04,Present,9.9
A007595,S00760,2026-08-05,Present,8.4
A007596,S00760,2026-08-06,Present,9.2
A007597,S00760,2026-08-07,Present,7.9
A007598,S00760,2026-08-08,Absent,0.0
A007599,S00760,2026-08-09,Present,8.8
A007600,S00760,2026-08-10,Present,8.2
A007601,S00761,2026-08-01,Present,8.7
A007602,S00761,2026-08-02,Present,7.3
A007603,S00761,2026-08-03,Half Day,4.4
A007604,S00761,2026-08-04,Present,9.8
A007605,S00761,2026-08-05,Present,7.5
A007606,S00761,2026-08-06,Present,9.3
A007607,S00761,2026-08-07,Present,8.0
A007608,S00761,2026-08-08,Half Day,3.9
A007609,S00761,2026-08-09,Present,9.0
A007610,S00761,2026-08-10,Present,7.9
A007611,S00762,2026-08-01,Present,7.2
A007612,S00762,2026-08-02,Half Day,3.0
A007613,S00762,2026-08-03,Present,8.2
A007614,S00762,2026-08-04,Present,9.3
A007615,S00762,2026-08-05,Half Day,4.3
A007616,S00762,2026-08-06,Absent,0.0
A007617,S00762,2026-08-07,Present,9.9
A007618,S00762,2026-08-08,Present,9.9
A007619,S00762,2026-08-09,Present,7.9
A007620,S00762,2026-08-10,Absent,0.0
A007621,S00763,2026-08-01,Present,7.0
A007622,S00763,2026-08-02,Present,8.6
A007623,S00763,2026-08-03,Present,9.2
A007624,S00763,2026-08-04,Present,9.5
A007625,S00763,2026-08-05,Present,8.3
A007626,S00763,2026-08-06,Present,7.3
A007627,S00763,2026-08-07,Present,9.7
A007628,S00763,2026-08-08,Present,7.8
A007629,S00763,2026-08-09,Present,9.2
A007630,S00763,2026-08-10,Present,9.5
A007631,S00764,2026-08-01,Half Day,3.8
A007632,S00764,2026-08-02,Present,8.0
A007633,S00764,2026-08-03,Absent,0.0
A007634,S00764,2026-08-04,Present,9.0
A007635,S00764,2026-08-05,Present,7.1
A007636,S00764,2026-08-06,Present,7.8
A007637,S00764,2026-08-07,Present,8.0
A007638,S00764,2026-08-08,Present,7.4
A007639,S00764,2026-08-09,Half Day,3.1
A007640,S00764,2026-08-10,Present,9.6
A007641,S00765,2026-08-01,Present,8.7
A007642,S00765,2026-08-02,Absent,0.0
A007643,S00765,2026-08-03,Present,7.2
A007644,S00765,2026-08-04,Half Day,3.7
A007645,S00765,2026-08-05,Present,9.6
A007646,S00765,2026-08-06,Present,9.3
A007647,S00765,2026-08-07,Half Day,3.9
A007648,S00765,2026-08-08,Present,9.4
A007649,S00765,2026-08-09,Present,8.9
A007650,S00765,2026-08-10,Half Day,3.6
A007651,S00766,2026-08-01,Present,9.7
A007652,S00766,2026-08-02,Present,9.3
A007653,S00766,2026-08-03,Absent,0.0
A007654,S00766,2026-08-04,Present,9.2
A007655,S00766,2026-08-05,Present,9.7
A007656,S00766,2026-08-06,Present,8.7
A007657,S00766,2026-08-07,Present,9.9
A007658,S00766,2026-08-08,Half Day,3.1
A007659,S00766,2026-08-09,Present,9.2
A007660,S00766,2026-08-10,Present,7.6
A007661,S00767,2026-08-01,Present,7.3
A007662,S00767,2026-08-02,Absent,0.0
A007663,S00767,2026-08-03,Present,8.7
A007664,S00767,2026-08-04,Present,7.8
A007665,S00767,2026-08-05,Present,8.4
A007666,S00767,2026-08-06,Present,7.6
A007667,S00767,2026-08-07,Absent,0.0
A007668,S00767,2026-08-08,Present,9.4
A007669,S00767,2026-08-09,Present,7.0
A007670,S00767,2026-08-10,Present,8.9
A007671,S00768,2026-08-01,Present,9.6
A007672,S00768,2026-08-02,Present,7.4
A007673,S00768,2026-08-03,Half Day,4.1
A007674,S00768,2026-08-04,Present,8.6
A007675,S00768,2026-08-05,Present,7.0
A007676,S00768,2026-08-06,Present,9.6
A007677,S00768,2026-08-07,Present,9.8
A007678,S00768,2026-08-08,Present,9.0
A007679,S00768,2026-08-09,Present,7.7
A007680,S00768,2026-08-10,Present,9.2
A007681,S00769,2026-08-01,Absent,0.0
A007682,S00769,2026-08-02,Present,7.5
A007683,S00769,2026-08-03,Present,7.6
A007684,S00769,2026-08-04,Present,9.2
A007685,S00769,2026-08-05,Present,7.3
A007686,S00769,2026-08-06,Present,7.3
A007687,S00769,2026-08-07,Absent,0.0
A007688,S00769,2026-08-08,Present,9.8
A007689,S00769,2026-08-09,Present,7.2
A007690,S00769,2026-08-10,Present,9.8
A007691,S00770,2026-08-01,Present,7.4
A007692,S00770,2026-08-02,Present,8.1
A007693,S00770,2026-08-03,Present,7.5
A007694,S00770,2026-08-04,Present,7.7
A007695,S00770,2026-08-05,Present,9.2
A007696,S00770,2026-08-06,Present,8.9
A007697,S00770,2026-08-07,Present,7.0
A007698,S00770,2026-08-08,Present,8.7
A007699,S00770,2026-08-09,Present,10.0
A007700,S00770,2026-08-10,Present,9.4
A007701,S00771,2026-08-01,Present,7.4
A007702,S00771,2026-08-02,Present,8.9
A007703,S00771,2026-08-03,Present,9.7
A007704,S00771,2026-08-04,Present,9.4
A007705,S00771,2026-08-05,Present,7.8
A007706,S00771,2026-08-06,Present,9.0
A007707,S00771,2026-08-07,Present,9.7
A007708,S00771,2026-08-08,Present,9.4
A007709,S00771,2026-08-09,Present,8.5
A007710,S00771,2026-08-10,Absent,0.0
A007711,S00772,2026-08-01,Present,8.5
A007712,S00772,2026-08-02,Present,8.0
A007713,S00772,2026-08-03,Present,7.3
A007714,S00772,2026-08-04,Present,7.5
A007715,S00772,2026-08-05,Present,8.6
A007716,S00772,2026-08-06,Present,9.3
A007717,S00772,2026-08-07,Present,9.4
A007718,S00772,2026-08-08,Present,8.3
A007719,S00772,2026-08-09,Absent,0.0
A007720,S00772,2026-08-10,Present,7.5
A007721,S00773,2026-08-01,Present,7.2
A007722,S00773,2026-08-02,Present,8.0
A007723,S00773,2026-08-03,Present,8.3
A007724,S00773,2026-08-04,Present,7.6
A007725,S00773,2026-08-05,Present,9.8
A007726,S00773,2026-08-06,Present,9.7
A007727,S00773,2026-08-07,Present,9.2
A007728,S00773,2026-08-08,Present,9.5
A007729,S00773,2026-08-09,Present,7.7
A007730,S00773,2026-08-10,Present,7.2
A007731,S00774,2026-08-01,Present,9.8
A007732,S00774,2026-08-02,Absent,0.0
A007733,S00774,2026-08-03,Present,9.5
A007734,S00774,2026-08-04,Present,7.8
A007735,S00774,2026-08-05,Present,8.9
A007736,S00774,2026-08-06,Present,9.7
A007737,S00774,2026-08-07,Present,9.6
A007738,S00774,2026-08-08,Present,8.2
A007739,S00774,2026-08-09,Absent,0.0
A007740,S00774,2026-08-10,Absent,0.0
A007741,S00775,2026-08-01,Present,7.2
A007742,S00775,2026-08-02,Present,9.3
A007743,S00775,2026-08-03,Absent,0.0
A007744,S00775,2026-08-04,Present,7.2
A007745,S00775,2026-08-05,Present,7.1
A007746,S00775,2026-08-06,Present,8.4
A007747,S00775,2026-08-07,Present,8.7
A007748,S00775,2026-08-08,Present,9.2
A007749,S00775,2026-08-09,Present,8.6
A007750,S00775,2026-08-10,Present,7.5
A007751,S00776,2026-08-01,Present,7.9
A007752,S00776,2026-08-02,Present,8.6
A007753,S00776,2026-08-03,Present,8.4
A007754,S00776,2026-08-04,Present,7.3
A007755,S00776,2026-08-05,Present,7.2
A007756,S00776,2026-08-06,Present,7.6
A007757,S00776,2026-08-07,Present,9.6
A007758,S00776,2026-08-08,Present,7.1
A007759,S00776,2026-08-09,Present,9.5
A007760,S00776,2026-08-10,Present,7.7
A007761,S00777,2026-08-01,Present,7.9
A007762,S00777,2026-08-02,Present,7.2
A007763,S00777,2026-08-03,Present,8.8
A007764,S00777,2026-08-04,Present,9.0
A007765,S00777,2026-08-05,Present,9.4
A007766,S00777,2026-08-06,Present,9.9
A007767,S00777,2026-08-07,Present,7.5
A007768,S00777,2026-08-08,Present,9.4
A007769,S00777,2026-08-09,Present,7.9
A007770,S00777,2026-08-10,Present,8.8
A007771,S00778,2026-08-01,Present,8.5
A007772,S00778,2026-08-02,Absent,0.0
A007773,S00778,2026-08-03,Present,9.1
A007774,S00778,2026-08-04,Present,9.4
A007775,S00778,2026-08-05,Present,8.2
A007776,S00778,2026-08-06,Present,9.4
A007777,S00778,2026-08-07,Present,7.0
A007778,S00778,2026-08-08,Present,7.9
A007779,S00778,2026-08-09,Half Day,3.2
A007780,S00778,2026-08-10,Present,8.9
A007781,S00779,2026-08-01,Present,9.3
A007782,S00779,2026-08-02,Present,8.7
A007783,S00779,2026-08-03,Present,7.7
A007784,S00779,2026-08-04,Present,8.2
A007785,S00779,2026-08-05,Present,9.2
A007786,S00779,2026-08-06,Present,9.7
A007787,S00779,2026-08-07,Absent,0.0
A007788,S00779,2026-08-08,Present,9.2
A007789,S00779,2026-08-09,Absent,0.0
A007790,S00779,2026-08-10,Absent,0.0
A007791,S00780,2026-08-01,Present,9.3
A007792,S00780,2026-08-02,Present,7.1
A007793,S00780,2026-08-03,Present,7.2
A007794,S00780,2026-08-04,Present,7.1
A007795,S00780,2026-08-05,Present,8.8
A007796,S00780,2026-08-06,Present,9.2
A007797,S00780,2026-08-07,Present,7.1
A007798,S00780,2026-08-08,Present,9.4
A007799,S00780,2026-08-09,Present,9.1
A007800,S00780,2026-08-10,Present,7.6
A007801,S00781,2026-08-01,Half Day,3.8
A007802,S00781,2026-08-02,Present,9.4
A007803,S00781,2026-08-03,Present,9.7
A007804,S00781,2026-08-04,Present,7.3
A007805,S00781,2026-08-05,Present,9.3
A007806,S00781,2026-08-06,Present,9.9
A007807,S00781,2026-08-07,Present,9.4
A007808,S00781,2026-08-08,Present,8.7
A007809,S00781,2026-08-09,Present,8.3
A007810,S00781,2026-08-10,Present,8.1
A007811,S00782,2026-08-01,Present,7.7
A007812,S00782,2026-08-02,Present,8.1
A007813,S00782,2026-08-03,Present,9.9
A007814,S00782,2026-08-04,Present,8.7
A007815,S00782,2026-08-05,Present,8.3
A007816,S00782,2026-08-06,Present,9.3
A007817,S00782,2026-08-07,Present,9.4
A007818,S00782,2026-08-08,Present,7.8
A007819,S00782,2026-08-09,Half Day,3.3
A007820,S00782,2026-08-10,Present,7.3
A007821,S00783,2026-08-01,Present,8.9
A007822,S00783,2026-08-02,Present,9.3
A007823,S00783,2026-08-03,Present,7.3
A007824,S00783,2026-08-04,Absent,0.0
A007825,S00783,2026-08-05,Present,7.0
A007826,S00783,2026-08-06,Present,9.1
A007827,S00783,2026-08-07,Present,9.8
A007828,S00783,2026-08-08,Present,7.2
A007829,S00783,2026-08-09,Present,8.3
A007830,S00783,2026-08-10,Present,8.7
A007831,S00784,2026-08-01,Present,9.5
A007832,S00784,2026-08-02,Present,8.0
A007833,S00784,2026-08-03,Present,8.7
A007834,S00784,2026-08-04,Present,8.9
A007835,S00784,2026-08-05,Present,9.4
A007836,S00784,2026-08-06,Half Day,3.2
A007837,S00784,2026-08-07,Present,7.9
A007838,S00784,2026-08-08,Present,8.3
A007839,S00784,2026-08-09,Present,8.4
A007840,S00784,2026-08-10,Present,8.4
A007841,S00785,2026-08-01,Present,8.8
A007842,S00785,2026-08-02,Present,7.1
A007843,S00785,2026-08-03,Present,8.9
A007844,S00785,2026-08-04,Present,9.8
A007845,S00785,2026-08-05,Present,9.5
A007846,S00785,2026-08-06,Present,8.9
A007847,S00785,2026-08-07,Present,8.3
A007848,S00785,2026-08-08,Present,8.4
A007849,S00785,2026-08-09,Present,7.2
A007850,S00785,2026-08-10,Absent,0.0
A007851,S00786,2026-08-01,Present,7.5
A007852,S00786,2026-08-02,Present,8.0
A007853,S00786,2026-08-03,Half Day,3.7
A007854,S00786,2026-08-04,Present,9.7
A007855,S00786,2026-08-05,Present,8.1
A007856,S00786,2026-08-06,Present,9.3
A007857,S00786,2026-08-07,Present,8.5
A007858,S00786,2026-08-08,Present,9.8
A007859,S00786,2026-08-09,Present,9.4
A007860,S00786,2026-08-10,Absent,0.0
A007861,S00787,2026-08-01,Present,8.8
A007862,S00787,2026-08-02,Present,8.5
A007863,S00787,2026-08-03,Present,7.3
A007864,S00787,2026-08-04,Present,7.5
A007865,S00787,2026-08-05,Present,9.1
A007866,S00787,2026-08-06,Present,7.6
A007867,S00787,2026-08-07,Present,7.7
A007868,S00787,2026-08-08,Present,7.3
A007869,S00787,2026-08-09,Present,7.5
A007870,S00787,2026-08-10,Present,9.3
A007871,S00788,2026-08-01,Present,8.6
A007872,S00788,2026-08-02,Present,8.0
A007873,S00788,2026-08-03,Present,8.1
A007874,S00788,2026-08-04,Absent,0.0
A007875,S00788,2026-08-05,Half Day,4.2
A007876,S00788,2026-08-06,Present,7.9
A007877,S00788,2026-08-07,Present,8.5
A007878,S00788,2026-08-08,Present,9.6
A007879,S00788,2026-08-09,Present,8.9
A007880,S00788,2026-08-10,Present,8.4
A007881,S00789,2026-08-01,Present,8.7
A007882,S00789,2026-08-02,Present,9.7
A007883,S00789,2026-08-03,Absent,0.0
A007884,S00789,2026-08-04,Present,9.0
A007885,S00789,2026-08-05,Present,7.9
A007886,S00789,2026-08-06,Present,9.7
A007887,S00789,2026-08-07,Present,7.6
A007888,S00789,2026-08-08,Present,9.7
A007889,S00789,2026-08-09,Present,7.9
A007890,S00789,2026-08-10,Present,9.8
A007891,S00790,2026-08-01,Present,7.1
A007892,S00790,2026-08-02,Present,9.4
A007893,S00790,2026-08-03,Half Day,3.4
A007894,S00790,2026-08-04,Absent,0.0
A007895,S00790,2026-08-05,Present,9.4
A007896,S00790,2026-08-06,Present,8.5
A007897,S00790,2026-08-07,Present,8.4
A007898,S00790,2026-08-08,Present,8.1
A007899,S00790,2026-08-09,Present,8.4
A007900,S00790,2026-08-10,Present,9.5
A007901,S00791,2026-08-01,Present,7.0
A007902,S00791,2026-08-02,Present,8.0
A007903,S00791,2026-08-03,Absent,0.0
A007904,S00791,2026-08-04,Present,7.6
A007905,S00791,2026-08-05,Present,8.1
A007906,S00791,2026-08-06,Present,8.0
A007907,S00791,2026-08-07,Absent,0.0
A007908,S00791,2026-08-08,Present,8.4
A007909,S00791,2026-08-09,Absent,0.0
A007910,S00791,2026-08-10,Half Day,3.7
A007911,S00792,2026-08-01,Present,9.0
A007912,S00792,2026-08-02,Present,9.6
A007913,S00792,2026-08-03,Present,7.9
A007914,S00792,2026-08-04,Half Day,3.6
A007915,S00792,2026-08-05,Present,9.0
A007916,S00792,2026-08-06,Present,7.2
A007917,S00792,2026-08-07,Half Day,3.3
A007918,S00792,2026-08-08,Present,9.4
A007919,S00792,2026-08-09,Present,9.8
A007920,S00792,2026-08-10,Present,9.7
A007921,S00793,2026-08-01,Present,8.3
A007922,S00793,2026-08-02,Present,8.1
A007923,S00793,2026-08-03,Present,8.0
A007924,S00793,2026-08-04,Absent,0.0
A007925,S00793,2026-08-05,Present,7.1
A007926,S00793,2026-08-06,Half Day,4.5
A007927,S00793,2026-08-07,Present,9.9
A007928,S00793,2026-08-08,Present,8.5
A007929,S00793,2026-08-09,Absent,0.0
A007930,S00793,2026-08-10,Present,8.2
A007931,S00794,2026-08-01,Present,8.8
A007932,S00794,2026-08-02,Present,9.9
A007933,S00794,2026-08-03,Present,9.9
A007934,S00794,2026-08-04,Present,8.4
A007935,S00794,2026-08-05,Present,8.6
A007936,S00794,2026-08-06,Present,7.6
A007937,S00794,2026-08-07,Half Day,3.6
A007938,S00794,2026-08-08,Present,9.9
A007939,S00794,2026-08-09,Present,8.5
A007940,S00794,2026-08-10,Present,9.8
A007941,S00795,2026-08-01,Present,9.7
A007942,S00795,2026-08-02,Present,8.1
A007943,S00795,2026-08-03,Present,8.0
A007944,S00795,2026-08-04,Present,7.7
A007945,S00795,2026-08-05,Present,9.5
A007946,S00795,2026-08-06,Half Day,4.1
A007947,S00795,2026-08-07,Present,8.7
A007948,S00795,2026-08-08,Present,7.6
A007949,S00795,2026-08-09,Present,8.3
A007950,S00795,2026-08-10,Present,10.0
A007951,S00796,2026-08-01,Present,7.4
A007952,S00796,2026-08-02,Present,8.0
A007953,S00796,2026-08-03,Present,8.0
A007954,S00796,2026-08-04,Present,7.2
A007955,S00796,2026-08-05,Present,9.4
A007956,S00796,2026-08-06,Present,8.7
A007957,S00796,2026-08-07,Present,7.7
A007958,S00796,2026-08-08,Half Day,3.0
A007959,S00796,2026-08-09,Present,7.7
A007960,S00796,2026-08-10,Present,7.4
A007961,S00797,2026-08-01,Present,9.5
A007962,S00797,2026-08-02,Present,8.1
A007963,S00797,2026-08-03,Present,8.2
A007964,S00797,2026-08-04,Present,9.0
A007965,S00797,2026-08-05,Present,8.5
A007966,S00797,2026-08-06,Present,7.5
A007967,S00797,2026-08-07,Present,9.8
A007968,S00797,2026-08-08,Present,7.1
A007969,S00797,2026-08-09,Present,7.3
A007970,S00797,2026-08-10,Absent,0.0
A007971,S00798,2026-08-01,Present,9.0
A007972,S00798,2026-08-02,Present,7.9
A007973,S00798,2026-08-03,Present,9.2
A007974,S00798,2026-08-04,Present,7.0
A007975,S00798,2026-08-05,Present,9.9
A007976,S00798,2026-08-06,Present,8.3
A007977,S00798,2026-08-07,Present,8.1
A007978,S00798,2026-08-08,Present,7.9
A007979,S00798,2026-08-09,Half Day,4.3
A007980,S00798,2026-08-10,Half Day,4.7
A007981,S00799,2026-08-01,Present,9.5
A007982,S00799,2026-08-02,Present,7.5
A007983,S00799,2026-08-03,Present,7.2
A007984,S00799,2026-08-04,Present,10.0
A007985,S00799,2026-08-05,Present,8.6
A007986,S00799,2026-08-06,Present,9.7
A007987,S00799,2026-08-07,Present,8.8
A007988,S00799,2026-08-08,Half Day,4.9
A007989,S00799,2026-08-09,Present,8.1
A007990,S00799,2026-08-10,Half Day,4.6
A007991,S00800,2026-08-01,Present,8.2
A007992,S00800,2026-08-02,Present,7.3
A007993,S00800,2026-08-03,Present,9.2
A007994,S00800,2026-08-04,Present,8.0
A007995,S00800,2026-08-05,Present,8.2
A007996,S00800,2026-08-06,Present,8.8
A007997,S00800,2026-08-07,Half Day,4.9
A007998,S00800,2026-08-08,Present,8.5
A007999,S00800,2026-08-09,Half Day,4.4
A008000,S00800,2026-08-10,Present,8.7
A008001,S00801,2026-08-01,Present,7.5
A008002,S00801,2026-08-02,Present,7.7
A008003,S00801,2026-08-03,Present,9.5
A008004,S00801,2026-08-04,Present,7.7
A008005,S00801,2026-08-05,Present,7.3
A008006,S00801,2026-08-06,Present,7.5
A008007,S00801,2026-08-07,Present,8.3
A008008,S00801,2026-08-08,Present,9.6
A008009,S00801,2026-08-09,Present,7.4
A008010,S00801,2026-08-10,Present,9.1
A008011,S00802,2026-08-01,Present,9.7
A008012,S00802,2026-08-02,Absent,0.0
A008013,S00802,2026-08-03,Present,8.5
A008014,S00802,2026-08-04,Present,9.6
A008015,S00802,2026-08-05,Present,8.2
A008016,S00802,2026-08-06,Half Day,4.6
A008017,S00802,2026-08-07,Present,8.5
A008018,S00802,2026-08-08,Absent,0.0
A008019,S00802,2026-08-09,Absent,0.0
A008020,S00802,2026-08-10,Present,8.5
A008021,S00803,2026-08-01,Present,9.4
A008022,S00803,2026-08-02,Present,7.9
A008023,S00803,2026-08-03,Present,8.2
A008024,S00803,2026-08-04,Present,7.7
A008025,S00803,2026-08-05,Half Day,4.0
A008026,S00803,2026-08-06,Present,9.3
A008027,S00803,2026-08-07,Present,7.3
A008028,S00803,2026-08-08,Present,9.1
A008029,S00803,2026-08-09,Present,8.3
A008030,S00803,2026-08-10,Present,8.9
A008031,S00804,2026-08-01,Present,9.2
A008032,S00804,2026-08-02,Present,8.5
A008033,S00804,2026-08-03,Present,9.7
A008034,S00804,2026-08-04,Present,8.7
A008035,S00804,2026-08-05,Present,7.0
A008036,S00804,2026-08-06,Present,9.2
A008037,S00804,2026-08-07,Present,7.9
A008038,S00804,2026-08-08,Present,7.6
A008039,S00804,2026-08-09,Present,8.3
A008040,S00804,2026-08-10,Present,7.2
A008041,S00805,2026-08-01,Present,10.0
A008042,S00805,2026-08-02,Present,8.2
A008043,S00805,2026-08-03,Present,7.0
A008044,S00805,2026-08-04,Present,7.1
A008045,S00805,2026-08-05,Present,9.8
A008046,S00805,2026-08-06,Present,7.2
A008047,S00805,2026-08-07,Present,9.1
A008048,S00805,2026-08-08,Present,7.4
A008049,S00805,2026-08-09,Present,8.4
A008050,S00805,2026-08-10,Present,7.3
A008051,S00806,2026-08-01,Half Day,3.6
A008052,S00806,2026-08-02,Present,8.8
A008053,S00806,2026-08-03,Present,9.4
A008054,S00806,2026-08-04,Present,9.7
A008055,S00806,2026-08-05,Present,7.9
A008056,S00806,2026-08-06,Present,8.9
A008057,S00806,2026-08-07,Present,8.9
A008058,S00806,2026-08-08,Present,7.1
A008059,S00806,2026-08-09,Present,7.1
A008060,S00806,2026-08-10,Present,7.6
A008061,S00807,2026-08-01,Present,8.0
A008062,S00807,2026-08-02,Present,8.3
A008063,S00807,2026-08-03,Present,9.2
A008064,S00807,2026-08-04,Half Day,4.9
A008065,S00807,2026-08-05,Present,9.7
A008066,S00807,2026-08-06,Present,7.9
A008067,S00807,2026-08-07,Present,7.2
A008068,S00807,2026-08-08,Present,9.9
A008069,S00807,2026-08-09,Present,7.9
A008070,S00807,2026-08-10,Present,7.1
A008071,S00808,2026-08-01,Present,7.6
A008072,S00808,2026-08-02,Present,7.8
A008073,S00808,2026-08-03,Present,9.6
A008074,S00808,2026-08-04,Present,9.7
A008075,S00808,2026-08-05,Present,8.2
A008076,S00808,2026-08-06,Present,9.8
A008077,S00808,2026-08-07,Present,7.7
A008078,S00808,2026-08-08,Present,10.0
A008079,S00808,2026-08-09,Present,9.8
A008080,S00808,2026-08-10,Present,9.0
A008081,S00809,2026-08-01,Present,9.3
A008082,S00809,2026-08-02,Present,7.6
A008083,S00809,2026-08-03,Present,9.7
A008084,S00809,2026-08-04,Present,8.9
A008085,S00809,2026-08-05,Present,8.8
A008086,S00809,2026-08-06,Present,8.2
A008087,S00809,2026-08-07,Present,9.8
A008088,S00809,2026-08-08,Present,9.7
A008089,S00809,2026-08-09,Present,8.7
A008090,S00809,2026-08-10,Present,8.3
A008091,S00810,2026-08-01,Present,7.6
A008092,S00810,2026-08-02,Present,9.7
A008093,S00810,2026-08-03,Present,9.1
A008094,S00810,2026-08-04,Present,8.3
A008095,S00810,2026-08-05,Present,8.0
A008096,S00810,2026-08-06,Absent,0.0
A008097,S00810,2026-08-07,Present,9.1
A008098,S00810,2026-08-08,Present,8.7
A008099,S00810,2026-08-09,Present,9.8
A008100,S00810,2026-08-10,Present,9.4
A008101,S00811,2026-08-01,Present,7.1
A008102,S00811,2026-08-02,Present,9.5
A008103,S00811,2026-08-03,Present,9.1
A008104,S00811,2026-08-04,Present,9.9
A008105,S00811,2026-08-05,Present,9.2
A008106,S00811,2026-08-06,Present,9.4
A008107,S00811,2026-08-07,Present,9.4
A008108,S00811,2026-08-08,Present,8.5
A008109,S00811,2026-08-09,Present,9.8
A008110,S00811,2026-08-10,Present,7.2
A008111,S00812,2026-08-01,Present,9.2
A008112,S00812,2026-08-02,Present,7.3
A008113,S00812,2026-08-03,Present,9.7
A008114,S00812,2026-08-04,Present,7.9
A008115,S00812,2026-08-05,Present,7.4
A008116,S00812,2026-08-06,Half Day,3.3
A008117,S00812,2026-08-07,Present,8.4
A008118,S00812,2026-08-08,Half Day,3.7
A008119,S00812,2026-08-09,Present,9.9
A008120,S00812,2026-08-10,Present,8.3
A008121,S00813,2026-08-01,Present,10.0
A008122,S00813,2026-08-02,Half Day,3.4
A008123,S00813,2026-08-03,Present,7.6
A008124,S00813,2026-08-04,Present,9.1
A008125,S00813,2026-08-05,Present,8.4
A008126,S00813,2026-08-06,Present,7.2
A008127,S00813,2026-08-07,Present,7.2
A008128,S00813,2026-08-08,Present,10.0
A008129,S00813,2026-08-09,Present,8.2
A008130,S00813,2026-08-10,Present,7.5
A008131,S00814,2026-08-01,Present,8.6
A008132,S00814,2026-08-02,Present,9.7
A008133,S00814,2026-08-03,Present,7.3
A008134,S00814,2026-08-04,Present,7.9
A008135,S00814,2026-08-05,Present,8.3
A008136,S00814,2026-08-06,Present,9.9
A008137,S00814,2026-08-07,Present,8.0
A008138,S00814,2026-08-08,Present,8.7
A008139,S00814,2026-08-09,Present,9.7
A008140,S00814,2026-08-10,Present,9.5
A008141,S00815,2026-08-01,Present,8.9
A008142,S00815,2026-08-02,Present,7.9
A008143,S00815,2026-08-03,Present,8.4
A008144,S00815,2026-08-04,Present,9.7
A008145,S00815,2026-08-05,Present,8.9
A008146,S00815,2026-08-06,Present,7.9
A008147,S00815,2026-08-07,Present,7.1
A008148,S00815,2026-08-08,Present,9.1
A008149,S00815,2026-08-09,Present,7.2
A008150,S00815,2026-08-10,Present,7.3
A008151,S00816,2026-08-01,Present,8.4
A008152,S00816,2026-08-02,Present,9.9
A008153,S00816,2026-08-03,Present,9.6
A008154,S00816,2026-08-04,Absent,0.0
A008155,S00816,2026-08-05,Present,9.6
A008156,S00816,2026-08-06,Half Day,4.2
A008157,S00816,2026-08-07,Half Day,4.0
A008158,S00816,2026-08-08,Present,7.6
A008159,S00816,2026-08-09,Present,9.2
A008160,S00816,2026-08-10,Present,7.0
A008161,S00817,2026-08-01,Present,9.5
A008162,S00817,2026-08-02,Present,8.8
A008163,S00817,2026-08-03,Present,8.1
A008164,S00817,2026-08-04,Present,9.4
A008165,S00817,2026-08-05,Present,8.9
A008166,S00817,2026-08-06,Present,8.9
A008167,S00817,2026-08-07,Present,7.5
A008168,S00817,2026-08-08,Present,8.6
A008169,S00817,2026-08-09,Present,9.9
A008170,S00817,2026-08-10,Present,8.9
A008171,S00818,2026-08-01,Present,9.1
A008172,S00818,2026-08-02,Half Day,4.5
A008173,S00818,2026-08-03,Present,7.9
A008174,S00818,2026-08-04,Half Day,4.5
A008175,S00818,2026-08-05,Present,8.1
A008176,S00818,2026-08-06,Present,9.0
A008177,S00818,2026-08-07,Present,9.4
A008178,S00818,2026-08-08,Absent,0.0
A008179,S00818,2026-08-09,Present,8.6
A008180,S00818,2026-08-10,Present,10.0
A008181,S00819,2026-08-01,Present,8.8
A008182,S00819,2026-08-02,Present,8.1
A008183,S00819,2026-08-03,Present,7.8
A008184,S00819,2026-08-04,Present,7.7
A008185,S00819,2026-08-05,Present,8.3
A008186,S00819,2026-08-06,Present,8.8
A008187,S00819,2026-08-07,Present,7.2
A008188,S00819,2026-08-08,Present,9.5
A008189,S00819,2026-08-09,Present,7.0
A008190,S00819,2026-08-10,Present,8.8
A008191,S00820,2026-08-01,Present,7.0
A008192,S00820,2026-08-02,Present,8.1
A008193,S00820,2026-08-03,Present,9.9
A008194,S00820,2026-08-04,Present,7.4
A008195,S00820,2026-08-05,Present,8.3
A008196,S00820,2026-08-06,Present,7.3
A008197,S00820,2026-08-07,Present,9.7
A008198,S00820,2026-08-08,Present,7.9
A008199,S00820,2026-08-09,Present,7.9
A008200,S00820,2026-08-10,Present,7.6
A008201,S00821,2026-08-01,Present,8.6
A008202,S00821,2026-08-02,Present,8.0
A008203,S00821,2026-08-03,Present,7.4
A008204,S00821,2026-08-04,Present,9.5
A008205,S00821,2026-08-05,Absent,0.0
A008206,S00821,2026-08-06,Present,9.6
A008207,S00821,2026-08-07,Present,9.8
A008208,S00821,2026-08-08,Present,10.0
A008209,S00821,2026-08-09,Present,7.7
A008210,S00821,2026-08-10,Present,7.8
A008211,S00822,2026-08-01,Present,7.0
A008212,S00822,2026-08-02,Present,8.5
A008213,S00822,2026-08-03,Present,9.7
A008214,S00822,2026-08-04,Half Day,3.4
A008215,S00822,2026-08-05,Present,8.2
A008216,S00822,2026-08-06,Present,8.9
A008217,S00822,2026-08-07,Present,7.3
A008218,S00822,2026-08-08,Present,8.3
A008219,S00822,2026-08-09,Present,7.9
A008220,S00822,2026-08-10,Present,9.7
A008221,S00823,2026-08-01,Present,9.9
A008222,S00823,2026-08-02,Absent,0.0
A008223,S00823,2026-08-03,Present,7.2
A008224,S00823,2026-08-04,Half Day,4.7
A008225,S00823,2026-08-05,Present,9.8
A008226,S00823,2026-08-06,Present,9.2
A008227,S00823,2026-08-07,Present,9.2
A008228,S00823,2026-08-08,Present,8.7
A008229,S00823,2026-08-09,Present,7.1
A008230,S00823,2026-08-10,Present,7.6
A008231,S00824,2026-08-01,Present,7.1
A008232,S00824,2026-08-02,Present,7.2
A008233,S00824,2026-08-03,Present,7.9
A008234,S00824,2026-08-04,Present,9.6
A008235,S00824,2026-08-05,Present,8.9
A008236,S00824,2026-08-06,Present,9.4
A008237,S00824,2026-08-07,Present,8.6
A008238,S00824,2026-08-08,Present,8.3
A008239,S00824,2026-08-09,Half Day,3.9
A008240,S00824,2026-08-10,Present,8.0
A008241,S00825,2026-08-01,Present,9.7
A008242,S00825,2026-08-02,Present,8.2
A008243,S00825,2026-08-03,Half Day,3.8
A008244,S00825,2026-08-04,Present,7.4
A008245,S00825,2026-08-05,Half Day,3.5
A008246,S00825,2026-08-06,Present,7.3
A008247,S00825,2026-08-07,Present,7.0
A008248,S00825,2026-08-08,Present,8.9
A008249,S00825,2026-08-09,Absent,0.0
A008250,S00825,2026-08-10,Present,7.7
A008251,S00826,2026-08-01,Present,9.9
A008252,S00826,2026-08-02,Half Day,3.1
A008253,S00826,2026-08-03,Present,7.2
A008254,S00826,2026-08-04,Present,7.2
A008255,S00826,2026-08-05,Present,8.3
A008256,S00826,2026-08-06,Present,8.3
A008257,S00826,2026-08-07,Present,9.4
A008258,S00826,2026-08-08,Present,8.1
A008259,S00826,2026-08-09,Absent,0.0
A008260,S00826,2026-08-10,Present,9.6
A008261,S00827,2026-08-01,Present,8.5
A008262,S00827,2026-08-02,Present,7.7
A008263,S00827,2026-08-03,Present,8.7
A008264,S00827,2026-08-04,Present,8.4
A008265,S00827,2026-08-05,Present,9.8
A008266,S00827,2026-08-06,Absent,0.0
A008267,S00827,2026-08-07,Present,9.3
A008268,S00827,2026-08-08,Present,9.1
A008269,S00827,2026-08-09,Present,7.6
A008270,S00827,2026-08-10,Present,9.8
A008271,S00828,2026-08-01,Present,8.9
A008272,S00828,2026-08-02,Half Day,4.3
A008273,S00828,2026-08-03,Present,10.0
A008274,S00828,2026-08-04,Present,9.5
A008275,S00828,2026-08-05,Present,9.3
A008276,S00828,2026-08-06,Present,8.9
A008277,S00828,2026-08-07,Absent,0.0
A008278,S00828,2026-08-08,Present,7.7
A008279,S00828,2026-08-09,Half Day,3.2
A008280,S00828,2026-08-10,Present,8.5
A008281,S00829,2026-08-01,Present,9.2
A008282,S00829,2026-08-02,Present,7.6
A008283,S00829,2026-08-03,Present,8.1
A008284,S00829,2026-08-04,Present,10.0
A008285,S00829,2026-08-05,Present,7.9
A008286,S00829,2026-08-06,Present,8.5
A008287,S00829,2026-08-07,Present,8.4
A008288,S00829,2026-08-08,Present,9.4
A008289,S00829,2026-08-09,Present,7.7
A008290,S00829,2026-08-10,Half Day,4.1
A008291,S00830,2026-08-01,Present,8.2
A008292,S00830,2026-08-02,Present,9.4
A008293,S00830,2026-08-03,Present,9.7
A008294,S00830,2026-08-04,Present,8.5
A008295,S00830,2026-08-05,Present,7.0
A008296,S00830,2026-08-06,Present,9.0
A008297,S00830,2026-08-07,Present,7.5
A008298,S00830,2026-08-08,Present,9.8
A008299,S00830,2026-08-09,Present,9.1
A008300,S00830,2026-08-10,Present,10.0
A008301,S00831,2026-08-01,Present,8.0
A008302,S00831,2026-08-02,Present,7.4
A008303,S00831,2026-08-03,Present,7.0
A008304,S00831,2026-08-04,Present,8.8
A008305,S00831,2026-08-05,Present,9.3
A008306,S00831,2026-08-06,Absent,0.0
A008307,S00831,2026-08-07,Present,8.5
A008308,S00831,2026-08-08,Present,9.3
A008309,S00831,2026-08-09,Present,9.6
A008310,S00831,2026-08-10,Present,9.4
A008311,S00832,2026-08-01,Present,8.9
A008312,S00832,2026-08-02,Half Day,4.9
A008313,S00832,2026-08-03,Present,7.2
A008314,S00832,2026-08-04,Present,8.0
A008315,S00832,2026-08-05,Half Day,3.1
A008316,S00832,2026-08-06,Present,8.3
A008317,S00832,2026-08-07,Present,9.7
A008318,S00832,2026-08-08,Half Day,4.4
A008319,S00832,2026-08-09,Present,9.8
A008320,S00832,2026-08-10,Present,9.9
A008321,S00833,2026-08-01,Absent,0.0
A008322,S00833,2026-08-02,Present,7.8
A008323,S00833,2026-08-03,Present,7.5
A008324,S00833,2026-08-04,Present,8.9
A008325,S00833,2026-08-05,Present,8.3
A008326,S00833,2026-08-06,Present,9.9
A008327,S00833,2026-08-07,Present,9.2
A008328,S00833,2026-08-08,Present,8.0
A008329,S00833,2026-08-09,Present,9.2
A008330,S00833,2026-08-10,Present,7.6
A008331,S00834,2026-08-01,Present,8.4
A008332,S00834,2026-08-02,Present,9.9
A008333,S00834,2026-08-03,Present,7.2
A008334,S00834,2026-08-04,Present,8.3
A008335,S00834,2026-08-05,Present,7.8
A008336,S00834,2026-08-06,Present,8.5
A008337,S00834,2026-08-07,Present,8.7
A008338,S00834,2026-08-08,Half Day,4.3
A008339,S00834,2026-08-09,Present,9.0
A008340,S00834,2026-08-10,Present,7.2
A008341,S00835,2026-08-01,Present,9.5
A008342,S00835,2026-08-02,Present,7.2
A008343,S00835,2026-08-03,Present,7.6
A008344,S00835,2026-08-04,Present,8.0
A008345,S00835,2026-08-05,Half Day,4.1
A008346,S00835,2026-08-06,Half Day,3.4
A008347,S00835,2026-08-07,Present,7.5
A008348,S00835,2026-08-08,Absent,0.0
A008349,S00835,2026-08-09,Present,9.8
A008350,S00835,2026-08-10,Half Day,5.0
A008351,S00836,2026-08-01,Present,8.4
A008352,S00836,2026-08-02,Half Day,3.5
A008353,S00836,2026-08-03,Present,9.8
A008354,S00836,2026-08-04,Present,9.9
A008355,S00836,2026-08-05,Present,8.8
A008356,S00836,2026-08-06,Present,8.3
A008357,S00836,2026-08-07,Present,9.9
A008358,S00836,2026-08-08,Present,9.4
A008359,S00836,2026-08-09,Present,8.1
A008360,S00836,2026-08-10,Present,10.0
A008361,S00837,2026-08-01,Absent,0.0
A008362,S00837,2026-08-02,Present,8.7
A008363,S00837,2026-08-03,Present,7.9
A008364,S00837,2026-08-04,Present,8.3
A008365,S00837,2026-08-05,Present,9.0
A008366,S00837,2026-08-06,Present,7.9
A008367,S00837,2026-08-07,Present,8.3
A008368,S00837,2026-08-08,Present,8.9
A008369,S00837,2026-08-09,Present,8.7
A008370,S00837,2026-08-10,Absent,0.0
A008371,S00838,2026-08-01,Present,9.5
A008372,S00838,2026-08-02,Present,9.9
A008373,S00838,2026-08-03,Present,8.8
A008374,S00838,2026-08-04,Present,9.2
A008375,S00838,2026-08-05,Present,8.7
A008376,S00838,2026-08-06,Present,9.3
A008377,S00838,2026-08-07,Present,8.6
A008378,S00838,2026-08-08,Present,9.6
A008379,S00838,2026-08-09,Present,9.4
A008380,S00838,2026-08-10,Present,9.2
A008381,S00839,2026-08-01,Present,8.7
A008382,S00839,2026-08-02,Present,7.3
A008383,S00839,2026-08-03,Present,9.2
A008384,S00839,2026-08-04,Present,9.8
A008385,S00839,2026-08-05,Half Day,3.8
A008386,S00839,2026-08-06,Present,7.8
A008387,S00839,2026-08-07,Present,8.1
A008388,S00839,2026-08-08,Absent,0.0
A008389,S00839,2026-08-09,Present,7.8
A008390,S00839,2026-08-10,Half Day,3.2
A008391,S00840,2026-08-01,Half Day,3.8
A008392,S00840,2026-08-02,Present,8.2
A008393,S00840,2026-08-03,Present,8.3
A008394,S00840,2026-08-04,Present,9.3
A008395,S00840,2026-08-05,Present,8.3
A008396,S00840,2026-08-06,Absent,0.0
A008397,S00840,2026-08-07,Present,9.0
A008398,S00840,2026-08-08,Present,8.6
A008399,S00840,2026-08-09,Absent,0.0
A008400,S00840,2026-08-10,Present,7.7
A008401,S00841,2026-08-01,Present,8.0
A008402,S00841,2026-08-02,Present,8.6
A008403,S00841,2026-08-03,Present,8.3
A008404,S00841,2026-08-04,Present,7.8
A008405,S00841,2026-08-05,Present,7.8
A008406,S00841,2026-08-06,Present,7.2
A008407,S00841,2026-08-07,Present,7.3
A008408,S00841,2026-08-08,Present,9.6
A008409,S00841,2026-08-09,Present,9.5
A008410,S00841,2026-08-10,Present,7.5
A008411,S00842,2026-08-01,Present,8.2
A008412,S00842,2026-08-02,Present,9.9
A008413,S00842,2026-08-03,Present,7.2
A008414,S00842,2026-08-04,Present,8.8
A008415,S00842,2026-08-05,Present,9.9
A008416,S00842,2026-08-06,Present,7.6
A008417,S00842,2026-08-07,Present,9.7
A008418,S00842,2026-08-08,Present,9.4
A008419,S00842,2026-08-09,Present,7.8
A008420,S00842,2026-08-10,Present,7.8
A008421,S00843,2026-08-01,Absent,0.0
A008422,S00843,2026-08-02,Present,9.8
A008423,S00843,2026-08-03,Absent,0.0
A008424,S00843,2026-08-04,Present,7.6
A008425,S00843,2026-08-05,Present,7.2
A008426,S00843,2026-08-06,Present,7.8
A008427,S00843,2026-08-07,Present,9.5
A008428,S00843,2026-08-08,Present,7.8
A008429,S00843,2026-08-09,Present,7.9
A008430,S00843,2026-08-10,Present,7.6
A008431,S00844,2026-08-01,Present,8.7
A008432,S00844,2026-08-02,Present,7.1
A008433,S00844,2026-08-03,Present,7.5
A008434,S00844,2026-08-04,Present,8.6
A008435,S00844,2026-08-05,Present,8.3
A008436,S00844,2026-08-06,Present,8.9
A008437,S00844,2026-08-07,Present,7.5
A008438,S00844,2026-08-08,Present,9.0
A008439,S00844,2026-08-09,Present,8.4
A008440,S00844,2026-08-10,Present,7.7
A008441,S00845,2026-08-01,Present,7.4
A008442,S00845,2026-08-02,Present,8.3
A008443,S00845,2026-08-03,Absent,0.0
A008444,S00845,2026-08-04,Present,8.4
A008445,S00845,2026-08-05,Present,7.0
A008446,S00845,2026-08-06,Present,7.3
A008447,S00845,2026-08-07,Absent,0.0
A008448,S00845,2026-08-08,Half Day,4.2
A008449,S00845,2026-08-09,Present,8.0
A008450,S00845,2026-08-10,Present,9.8
A008451,S00846,2026-08-01,Present,9.5
A008452,S00846,2026-08-02,Present,7.8
A008453,S00846,2026-08-03,Present,9.6
A008454,S00846,2026-08-04,Present,9.2
A008455,S00846,2026-08-05,Present,7.7
A008456,S00846,2026-08-06,Present,7.4
A008457,S00846,2026-08-07,Present,9.6
A008458,S00846,2026-08-08,Present,8.6
A008459,S00846,2026-08-09,Present,7.6
A008460,S00846,2026-08-10,Present,8.4
A008461,S00847,2026-08-01,Present,9.8
A008462,S00847,2026-08-02,Half Day,4.6
A008463,S00847,2026-08-03,Absent,0.0
A008464,S00847,2026-08-04,Present,7.8
A008465,S00847,2026-08-05,Present,9.1
A008466,S00847,2026-08-06,Present,8.1
A008467,S00847,2026-08-07,Present,7.5
A008468,S00847,2026-08-08,Present,7.6
A008469,S00847,2026-08-09,Present,7.9
A008470,S00847,2026-08-10,Present,8.6
A008471,S00848,2026-08-01,Present,7.8
A008472,S00848,2026-08-02,Present,7.2
A008473,S00848,2026-08-03,Half Day,3.2
A008474,S00848,2026-08-04,Present,8.7
A008475,S00848,2026-08-05,Present,7.3
A008476,S00848,2026-08-06,Present,9.6
A008477,S00848,2026-08-07,Present,9.1
A008478,S00848,2026-08-08,Present,8.4
A008479,S00848,2026-08-09,Present,7.3
A008480,S00848,2026-08-10,Present,7.8
A008481,S00849,2026-08-01,Present,9.6
A008482,S00849,2026-08-02,Present,8.9
A008483,S00849,2026-08-03,Present,8.5
A008484,S00849,2026-08-04,Present,8.0
A008485,S00849,2026-08-05,Present,7.4
A008486,S00849,2026-08-06,Present,7.5
A008487,S00849,2026-08-07,Present,9.8
A008488,S00849,2026-08-08,Absent,0.0
A008489,S00849,2026-08-09,Present,9.3
A008490,S00849,2026-08-10,Present,9.3
A008491,S00850,2026-08-01,Present,8.7
A008492,S00850,2026-08-02,Present,9.6
A008493,S00850,2026-08-03,Present,7.8
A008494,S00850,2026-08-04,Present,9.1
A008495,S00850,2026-08-05,Present,8.0
A008496,S00850,2026-08-06,Half Day,4.7
A008497,S00850,2026-08-07,Present,9.4
A008498,S00850,2026-08-08,Present,8.9
A008499,S00850,2026-08-09,Present,8.1
A008500,S00850,2026-08-10,Present,7.7
A008501,S00851,2026-08-01,Present,9.0
A008502,S00851,2026-08-02,Present,9.4
A008503,S00851,2026-08-03,Present,7.3
A008504,S00851,2026-08-04,Present,7.3
A008505,S00851,2026-08-05,Absent,0.0
A008506,S00851,2026-08-06,Present,8.2
A008507,S00851,2026-08-07,Present,8.0
A008508,S00851,2026-08-08,Present,7.0
A008509,S00851,2026-08-09,Absent,0.0
A008510,S00851,2026-08-10,Half Day,4.5
A008511,S00852,2026-08-01,Present,7.2
A008512,S00852,2026-08-02,Present,7.1
A008513,S00852,2026-08-03,Present,9.0
A008514,S00852,2026-08-04,Absent,0.0
A008515,S00852,2026-08-05,Present,9.8
A008516,S00852,2026-08-06,Present,8.9
A008517,S00852,2026-08-07,Half Day,3.1
A008518,S00852,2026-08-08,Present,8.3
A008519,S00852,2026-08-09,Half Day,3.4
A008520,S00852,2026-08-10,Present,9.8
A008521,S00853,2026-08-01,Present,9.2
A008522,S00853,2026-08-02,Present,8.3
A008523,S00853,2026-08-03,Present,8.7
A008524,S00853,2026-08-04,Present,7.2
A008525,S00853,2026-08-05,Present,7.0
A008526,S00853,2026-08-06,Present,9.3
A008527,S00853,2026-08-07,Present,8.7
A008528,S00853,2026-08-08,Present,9.9
A008529,S00853,2026-08-09,Present,9.7
A008530,S00853,2026-08-10,Present,7.2
A008531,S00854,2026-08-01,Present,9.1
A008532,S00854,2026-08-02,Absent,0.0
A008533,S00854,2026-08-03,Present,9.9
A008534,S00854,2026-08-04,Present,8.1
A008535,S00854,2026-08-05,Present,9.9
A008536,S00854,2026-08-06,Present,9.9
A008537,S00854,2026-08-07,Present,8.5
A008538,S00854,2026-08-08,Present,9.6
A008539,S00854,2026-08-09,Present,8.1
A008540,S00854,2026-08-10,Present,9.6
A008541,S00855,2026-08-01,Absent,0.0
A008542,S00855,2026-08-02,Present,7.8
A008543,S00855,2026-08-03,Present,7.2
A008544,S00855,2026-08-04,Absent,0.0
A008545,S00855,2026-08-05,Present,10.0
A008546,S00855,2026-08-06,Present,8.9
A008547,S00855,2026-08-07,Present,7.1
A008548,S00855,2026-08-08,Present,8.3
A008549,S00855,2026-08-09,Present,8.6
A008550,S00855,2026-08-10,Present,9.7
A008551,S00856,2026-08-01,Half Day,4.2
A008552,S00856,2026-08-02,Absent,0.0
A008553,S00856,2026-08-03,Half Day,4.3
A008554,S00856,2026-08-04,Present,7.3
A008555,S00856,2026-08-05,Present,9.2
A008556,S00856,2026-08-06,Present,9.2
A008557,S00856,2026-08-07,Present,9.3
A008558,S00856,2026-08-08,Present,9.7
A008559,S00856,2026-08-09,Present,9.0
A008560,S00856,2026-08-10,Present,7.7
A008561,S00857,2026-08-01,Present,8.1
A008562,S00857,2026-08-02,Present,8.3
A008563,S00857,2026-08-03,Present,7.6
A008564,S00857,2026-08-04,Present,9.3
A008565,S00857,2026-08-05,Present,8.8
A008566,S00857,2026-08-06,Present,9.3
A008567,S00857,2026-08-07,Present,9.9
A008568,S00857,2026-08-08,Present,8.2
A008569,S00857,2026-08-09,Absent,0.0
A008570,S00857,2026-08-10,Present,9.0
A008571,S00858,2026-08-01,Present,9.2
A008572,S00858,2026-08-02,Present,9.3
A008573,S00858,2026-08-03,Present,9.9
A008574,S00858,2026-08-04,Absent,0.0
A008575,S00858,2026-08-05,Present,8.1
A008576,S00858,2026-08-06,Present,7.8
A008577,S00858,2026-08-07,Present,9.1
A008578,S00858,2026-08-08,Present,7.0
A008579,S00858,2026-08-09,Present,7.7
A008580,S00858,2026-08-10,Present,8.1
A008581,S00859,2026-08-01,Present,8.7
A008582,S00859,2026-08-02,Present,9.8
A008583,S00859,2026-08-03,Present,7.9
A008584,S00859,2026-08-04,Present,7.7
A008585,S00859,2026-08-05,Present,9.9
A008586,S00859,2026-08-06,Present,9.7
A008587,S00859,2026-08-07,Present,8.6
A008588,S00859,2026-08-08,Absent,0.0
A008589,S00859,2026-08-09,Half Day,3.5
A008590,S00859,2026-08-10,Present,10.0
A008591,S00860,2026-08-01,Present,7.4
A008592,S00860,2026-08-02,Present,9.7
A008593,S00860,2026-08-03,Present,8.4
A008594,S00860,2026-08-04,Present,9.6
A008595,S00860,2026-08-05,Present,9.8
A008596,S00860,2026-08-06,Present,7.1
A008597,S00860,2026-08-07,Present,8.9
A008598,S00860,2026-08-08,Present,8.7
A008599,S00860,2026-08-09,Absent,0.0
A008600,S00860,2026-08-10,Present,9.6
A008601,S00861,2026-08-01,Absent,0.0
A008602,S00861,2026-08-02,Half Day,4.5
A008603,S00861,2026-08-03,Present,8.1
A008604,S00861,2026-08-04,Absent,0.0
A008605,S00861,2026-08-05,Present,7.4
A008606,S00861,2026-08-06,Present,9.6
A008607,S00861,2026-08-07,Present,9.8
A008608,S00861,2026-08-08,Present,9.0
A008609,S00861,2026-08-09,Absent,0.0
A008610,S00861,2026-08-10,Present,8.3
A008611,S00862,2026-08-01,Present,7.4
A008612,S00862,2026-08-02,Present,9.8
A008613,S00862,2026-08-03,Present,9.0
A008614,S00862,2026-08-04,Half Day,4.3
A008615,S00862,2026-08-05,Present,9.9
A008616,S00862,2026-08-06,Present,9.8
A008617,S00862,2026-08-07,Present,8.8
A008618,S00862,2026-08-08,Present,7.3
A008619,S00862,2026-08-09,Present,7.1
A008620,S00862,2026-08-10,Present,7.8
A008621,S00863,2026-08-01,Present,9.2
A008622,S00863,2026-08-02,Present,7.2
A008623,S00863,2026-08-03,Present,7.8
A008624,S00863,2026-08-04,Present,9.1
A008625,S00863,2026-08-05,Present,8.4
A008626,S00863,2026-08-06,Present,9.7
A008627,S00863,2026-08-07,Absent,0.0
A008628,S00863,2026-08-08,Present,7.9
A008629,S00863,2026-08-09,Present,7.0
A008630,S00863,2026-08-10,Present,9.0
A008631,S00864,2026-08-01,Present,7.6
A008632,S00864,2026-08-02,Present,7.2
A008633,S00864,2026-08-03,Half Day,3.0
A008634,S00864,2026-08-04,Present,9.5
A008635,S00864,2026-08-05,Present,9.6
A008636,S00864,2026-08-06,Present,8.3
A008637,S00864,2026-08-07,Present,9.4
A008638,S00864,2026-08-08,Present,7.5
A008639,S00864,2026-08-09,Present,9.3
A008640,S00864,2026-08-10,Present,9.7
A008641,S00865,2026-08-01,Present,9.2
A008642,S00865,2026-08-02,Present,8.8
A008643,S00865,2026-08-03,Half Day,4.5
A008644,S00865,2026-08-04,Half Day,4.9
A008645,S00865,2026-08-05,Absent,0.0
A008646,S00865,2026-08-06,Present,8.0
A008647,S00865,2026-08-07,Present,8.5
A008648,S00865,2026-08-08,Present,8.1
A008649,S00865,2026-08-09,Present,7.9
A008650,S00865,2026-08-10,Present,9.4
A008651,S00866,2026-08-01,Present,8.0
A008652,S00866,2026-08-02,Present,7.6
A008653,S00866,2026-08-03,Present,7.9
A008654,S00866,2026-08-04,Present,8.8
A008655,S00866,2026-08-05,Present,9.1
A008656,S00866,2026-08-06,Present,9.1
A008657,S00866,2026-08-07,Absent,0.0
A008658,S00866,2026-08-08,Present,8.5
A008659,S00866,2026-08-09,Present,8.0
A008660,S00866,2026-08-10,Present,7.4
A008661,S00867,2026-08-01,Absent,0.0
A008662,S00867,2026-08-02,Present,9.1
A008663,S00867,2026-08-03,Present,8.6
A008664,S00867,2026-08-04,Present,9.2
A008665,S00867,2026-08-05,Present,9.7
A008666,S00867,2026-08-06,Present,7.2
A008667,S00867,2026-08-07,Present,9.7
A008668,S00867,2026-08-08,Present,8.6
A008669,S00867,2026-08-09,Present,7.7
A008670,S00867,2026-08-10,Present,8.1
A008671,S00868,2026-08-01,Present,8.0
A008672,S00868,2026-08-02,Present,7.4
A008673,S00868,2026-08-03,Present,7.7
A008674,S00868,2026-08-04,Present,8.8
A008675,S00868,2026-08-05,Present,7.5
A008676,S00868,2026-08-06,Absent,0.0
A008677,S00868,2026-08-07,Present,8.0
A008678,S00868,2026-08-08,Present,9.3
A008679,S00868,2026-08-09,Present,8.7
A008680,S00868,2026-08-10,Present,8.7
A008681,S00869,2026-08-01,Present,9.8
A008682,S00869,2026-08-02,Present,8.7
A008683,S00869,2026-08-03,Present,8.7
A008684,S00869,2026-08-04,Present,8.9
A008685,S00869,2026-08-05,Present,7.3
A008686,S00869,2026-08-06,Present,9.7
A008687,S00869,2026-08-07,Present,9.8
A008688,S00869,2026-08-08,Present,7.4
A008689,S00869,2026-08-09,Present,7.7
A008690,S00869,2026-08-10,Present,9.7
A008691,S00870,2026-08-01,Present,9.7
A008692,S00870,2026-08-02,Present,7.3
A008693,S00870,2026-08-03,Present,8.7
A008694,S00870,2026-08-04,Half Day,3.0
A008695,S00870,2026-08-05,Present,8.8
A008696,S00870,2026-08-06,Present,8.3
A008697,S00870,2026-08-07,Present,9.9
A008698,S00870,2026-08-08,Present,7.1
A008699,S00870,2026-08-09,Half Day,4.4
A008700,S00870,2026-08-10,Absent,0.0
A008701,S00871,2026-08-01,Present,7.6
A008702,S00871,2026-08-02,Present,9.3
A008703,S00871,2026-08-03,Half Day,3.0
A008704,S00871,2026-08-04,Present,9.2
A008705,S00871,2026-08-05,Present,8.2
A008706,S00871,2026-08-06,Half Day,4.2
A008707,S00871,2026-08-07,Present,8.3
A008708,S00871,2026-08-08,Present,8.0
A008709,S00871,2026-08-09,Present,8.1
A008710,S00871,2026-08-10,Present,8.1
A008711,S00872,2026-08-01,Present,9.6
A008712,S00872,2026-08-02,Present,8.3
A008713,S00872,2026-08-03,Present,7.7
A008714,S00872,2026-08-04,Present,8.0
A008715,S00872,2026-08-05,Present,9.6
A008716,S00872,2026-08-06,Absent,0.0
A008717,S00872,2026-08-07,Present,9.1
A008718,S00872,2026-08-08,Present,7.3
A008719,S00872,2026-08-09,Present,7.2
A008720,S00872,2026-08-10,Absent,0.0
A008721,S00873,2026-08-01,Present,8.8
A008722,S00873,2026-08-02,Present,8.5
A008723,S00873,2026-08-03,Present,8.5
A008724,S00873,2026-08-04,Present,8.9
A008725,S00873,2026-08-05,Present,9.6
A008726,S00873,2026-08-06,Present,9.7
A008727,S00873,2026-08-07,Present,9.1
A008728,S00873,2026-08-08,Present,8.0
A008729,S00873,2026-08-09,Present,8.6
A008730,S00873,2026-08-10,Present,7.5
A008731,S00874,2026-08-01,Present,9.6
A008732,S00874,2026-08-02,Present,9.6
A008733,S00874,2026-08-03,Present,8.9
A008734,S00874,2026-08-04,Present,9.4
A008735,S00874,2026-08-05,Present,7.5
A008736,S00874,2026-08-06,Present,8.5
A008737,S00874,2026-08-07,Present,8.4
A008738,S00874,2026-08-08,Present,7.1
A008739,S00874,2026-08-09,Present,9.7
A008740,S00874,2026-08-10,Absent,0.0
A008741,S00875,2026-08-01,Present,7.2
A008742,S00875,2026-08-02,Half Day,4.0
A008743,S00875,2026-08-03,Present,8.3
A008744,S00875,2026-08-04,Present,8.9
A008745,S00875,2026-08-05,Present,8.1
A008746,S00875,2026-08-06,Present,8.9
A008747,S00875,2026-08-07,Present,9.8
A008748,S00875,2026-08-08,Present,9.5
A008749,S00875,2026-08-09,Present,7.8
A008750,S00875,2026-08-10,Present,9.3
A008751,S00876,2026-08-01,Present,7.0
A008752,S00876,2026-08-02,Present,7.4
A008753,S00876,2026-08-03,Present,8.3
A008754,S00876,2026-08-04,Present,7.3
A008755,S00876,2026-08-05,Absent,0.0
A008756,S00876,2026-08-06,Present,9.7
A008757,S00876,2026-08-07,Present,9.7
A008758,S00876,2026-08-08,Present,9.9
A008759,S00876,2026-08-09,Half Day,4.4
A008760,S00876,2026-08-10,Absent,0.0
A008761,S00877,2026-08-01,Present,9.1
A008762,S00877,2026-08-02,Present,8.3
A008763,S00877,2026-08-03,Present,7.9
A008764,S00877,2026-08-04,Present,9.8
A008765,S00877,2026-08-05,Present,8.9
A008766,S00877,2026-08-06,Present,9.9
A008767,S00877,2026-08-07,Present,8.5
A008768,S00877,2026-08-08,Present,8.3
A008769,S00877,2026-08-09,Present,7.5
A008770,S00877,2026-08-10,Present,8.0
A008771,S00878,2026-08-01,Present,9.9
A008772,S00878,2026-08-02,Half Day,3.9
A008773,S00878,2026-08-03,Present,7.7
A008774,S00878,2026-08-04,Present,9.1
A008775,S00878,2026-08-05,Present,9.1
A008776,S00878,2026-08-06,Present,8.6
A008777,S00878,2026-08-07,Present,8.0
A008778,S00878,2026-08-08,Present,8.4
A008779,S00878,2026-08-09,Present,8.7
A008780,S00878,2026-08-10,Present,7.0
A008781,S00879,2026-08-01,Present,10.0
A008782,S00879,2026-08-02,Present,7.1
A008783,S00879,2026-08-03,Present,7.3
A008784,S00879,2026-08-04,Present,8.4
A008785,S00879,2026-08-05,Present,8.4
A008786,S00879,2026-08-06,Present,8.9
A008787,S00879,2026-08-07,Present,8.3
A008788,S00879,2026-08-08,Present,9.1
A008789,S00879,2026-08-09,Present,8.7
A008790,S00879,2026-08-10,Present,7.6
A008791,S00880,2026-08-01,Present,8.7
A008792,S00880,2026-08-02,Present,9.8
A008793,S00880,2026-08-03,Present,9.4
A008794,S00880,2026-08-04,Present,10.0
A008795,S00880,2026-08-05,Present,9.4
A008796,S00880,2026-08-06,Present,9.9
A008797,S00880,2026-08-07,Present,8.8
A008798,S00880,2026-08-08,Present,7.8
A008799,S00880,2026-08-09,Present,7.5
A008800,S00880,2026-08-10,Present,9.6
A008801,S00881,2026-08-01,Present,7.5
A008802,S00881,2026-08-02,Present,7.7
A008803,S00881,2026-08-03,Present,7.7
A008804,S00881,2026-08-04,Half Day,4.7
A008805,S00881,2026-08-05,Present,7.7
A008806,S00881,2026-08-06,Half Day,4.7
A008807,S00881,2026-08-07,Present,7.0
A008808,S00881,2026-08-08,Absent,0.0
A008809,S00881,2026-08-09,Present,8.4
A008810,S00881,2026-08-10,Present,7.8
A008811,S00882,2026-08-01,Half Day,5.0
A008812,S00882,2026-08-02,Present,8.7
A008813,S00882,2026-08-03,Present,7.6
A008814,S00882,2026-08-04,Absent,0.0
A008815,S00882,2026-08-05,Present,8.8
A008816,S00882,2026-08-06,Present,7.3
A008817,S00882,2026-08-07,Present,9.3
A008818,S00882,2026-08-08,Present,9.9
A008819,S00882,2026-08-09,Present,7.1
A008820,S00882,2026-08-10,Present,7.2
A008821,S00883,2026-08-01,Present,8.8
A008822,S00883,2026-08-02,Present,8.0
A008823,S00883,2026-08-03,Present,7.4
A008824,S00883,2026-08-04,Absent,0.0
A008825,S00883,2026-08-05,Present,8.2
A008826,S00883,2026-08-06,Absent,0.0
A008827,S00883,2026-08-07,Present,7.7
A008828,S00883,2026-08-08,Present,10.0
A008829,S00883,2026-08-09,Present,8.6
A008830,S00883,2026-08-10,Present,8.1
A008831,S00884,2026-08-01,Present,9.7
A008832,S00884,2026-08-02,Present,8.0
A008833,S00884,2026-08-03,Present,8.3
A008834,S00884,2026-08-04,Present,7.4
A008835,S00884,2026-08-05,Present,8.7
A008836,S00884,2026-08-06,Present,9.6
A008837,S00884,2026-08-07,Present,7.8
A008838,S00884,2026-08-08,Present,7.9
A008839,S00884,2026-08-09,Present,7.8
A008840,S00884,2026-08-10,Absent,0.0
A008841,S00885,2026-08-01,Present,9.7
A008842,S00885,2026-08-02,Absent,0.0
A008843,S00885,2026-08-03,Present,8.2
A008844,S00885,2026-08-04,Present,7.7
A008845,S00885,2026-08-05,Half Day,3.0
A008846,S00885,2026-08-06,Present,9.0
A008847,S00885,2026-08-07,Present,8.2
A008848,S00885,2026-08-08,Present,7.6
A008849,S00885,2026-08-09,Present,8.1
A008850,S00885,2026-08-10,Present,8.1
A008851,S00886,2026-08-01,Present,8.4
A008852,S00886,2026-08-02,Present,8.7
A008853,S00886,2026-08-03,Present,7.8
A008854,S00886,2026-08-04,Present,8.1
A008855,S00886,2026-08-05,Absent,0.0
A008856,S00886,2026-08-06,Present,8.7
A008857,S00886,2026-08-07,Present,9.0
A008858,S00886,2026-08-08,Present,7.6
A008859,S00886,2026-08-09,Present,8.9
A008860,S00886,2026-08-10,Absent,0.0
A008861,S00887,2026-08-01,Present,8.4
A008862,S00887,2026-08-02,Present,7.1
A008863,S00887,2026-08-03,Present,7.2
A008864,S00887,2026-08-04,Absent,0.0
A008865,S00887,2026-08-05,Present,8.1
A008866,S00887,2026-08-06,Present,7.5
A008867,S00887,2026-08-07,Present,7.4
A008868,S00887,2026-08-08,Present,9.0
A008869,S00887,2026-08-09,Present,9.6
A008870,S00887,2026-08-10,Present,7.9
A008871,S00888,2026-08-01,Present,7.0
A008872,S00888,2026-08-02,Present,7.2
A008873,S00888,2026-08-03,Half Day,3.0
A008874,S00888,2026-08-04,Present,9.3
A008875,S00888,2026-08-05,Present,9.0
A008876,S00888,2026-08-06,Present,8.4
A008877,S00888,2026-08-07,Present,9.9
A008878,S00888,2026-08-08,Half Day,5.0
A008879,S00888,2026-08-09,Present,9.9
A008880,S00888,2026-08-10,Present,9.3
A008881,S00889,2026-08-01,Present,8.4
A008882,S00889,2026-08-02,Present,8.4
A008883,S00889,2026-08-03,Present,9.1
A008884,S00889,2026-08-04,Present,7.5
A008885,S00889,2026-08-05,Present,9.7
A008886,S00889,2026-08-06,Present,8.1
A008887,S00889,2026-08-07,Present,7.2
A008888,S00889,2026-08-08,Present,7.1
A008889,S00889,2026-08-09,Half Day,3.9
A008890,S00889,2026-08-10,Present,7.6
A008891,S00890,2026-08-01,Present,7.3
A008892,S00890,2026-08-02,Present,7.0
A008893,S00890,2026-08-03,Present,9.5
A008894,S00890,2026-08-04,Present,8.0
A008895,S00890,2026-08-05,Present,8.4
A008896,S00890,2026-08-06,Present,7.1
A008897,S00890,2026-08-07,Present,7.2
A008898,S00890,2026-08-08,Half Day,3.2
A008899,S00890,2026-08-09,Present,8.7
A008900,S00890,2026-08-10,Present,7.4
A008901,S00891,2026-08-01,Present,8.3
A008902,S00891,2026-08-02,Present,7.1
A008903,S00891,2026-08-03,Present,9.8
A008904,S00891,2026-08-04,Present,8.5
A008905,S00891,2026-08-05,Present,9.7
A008906,S00891,2026-08-06,Present,7.6
A008907,S00891,2026-08-07,Present,8.2
A008908,S00891,2026-08-08,Absent,0.0
A008909,S00891,2026-08-09,Present,7.0
A008910,S00891,2026-08-10,Present,8.3
A008911,S00892,2026-08-01,Present,9.0
A008912,S00892,2026-08-02,Present,8.0
A008913,S00892,2026-08-03,Present,8.0
A008914,S00892,2026-08-04,Present,9.0
A008915,S00892,2026-08-05,Present,9.9
A008916,S00892,2026-08-06,Present,9.5
A008917,S00892,2026-08-07,Present,8.2
A008918,S00892,2026-08-08,Absent,0.0
A008919,S00892,2026-08-09,Present,7.4
A008920,S00892,2026-08-10,Present,7.2
A008921,S00893,2026-08-01,Present,8.1
A008922,S00893,2026-08-02,Half Day,4.3
A008923,S00893,2026-08-03,Present,8.2
A008924,S00893,2026-08-04,Present,8.6
A008925,S00893,2026-08-05,Present,7.8
A008926,S00893,2026-08-06,Present,8.1
A008927,S00893,2026-08-07,Present,8.6
A008928,S00893,2026-08-08,Present,9.4
A008929,S00893,2026-08-09,Present,8.6
A008930,S00893,2026-08-10,Present,8.2
A008931,S00894,2026-08-01,Present,8.3
A008932,S00894,2026-08-02,Present,9.9
A008933,S00894,2026-08-03,Present,7.5
A008934,S00894,2026-08-04,Present,7.4
A008935,S00894,2026-08-05,Absent,0.0
A008936,S00894,2026-08-06,Half Day,4.0
A008937,S00894,2026-08-07,Present,9.7
A008938,S00894,2026-08-08,Present,9.9
A008939,S00894,2026-08-09,Absent,0.0
A008940,S00894,2026-08-10,Present,8.1
A008941,S00895,2026-08-01,Present,9.2
A008942,S00895,2026-08-02,Present,9.6
A008943,S00895,2026-08-03,Present,7.8
A008944,S00895,2026-08-04,Absent,0.0
A008945,S00895,2026-08-05,Present,9.4
A008946,S00895,2026-08-06,Present,9.1
A008947,S00895,2026-08-07,Present,8.6
A008948,S00895,2026-08-08,Present,8.4
A008949,S00895,2026-08-09,Present,9.7
A008950,S00895,2026-08-10,Present,9.6
A008951,S00896,2026-08-01,Present,7.8
A008952,S00896,2026-08-02,Present,7.8
A008953,S00896,2026-08-03,Absent,0.0
A008954,S00896,2026-08-04,Present,7.1
A008955,S00896,2026-08-05,Present,7.5
A008956,S00896,2026-08-06,Present,8.8
A008957,S00896,2026-08-07,Present,9.6
A008958,S00896,2026-08-08,Present,7.2
A008959,S00896,2026-08-09,Half Day,4.0
A008960,S00896,2026-08-10,Half Day,3.6
A008961,S00897,2026-08-01,Present,9.6
A008962,S00897,2026-08-02,Present,8.8
A008963,S00897,2026-08-03,Present,9.7
A008964,S00897,2026-08-04,Present,9.2
A008965,S00897,2026-08-05,Present,7.9
A008966,S00897,2026-08-06,Present,7.2
A008967,S00897,2026-08-07,Present,8.9
A008968,S00897,2026-08-08,Present,9.2
A008969,S00897,2026-08-09,Present,7.6
A008970,S00897,2026-08-10,Present,8.1
A008971,S00898,2026-08-01,Present,8.9
A008972,S00898,2026-08-02,Present,8.6
A008973,S00898,2026-08-03,Present,7.7
A008974,S00898,2026-08-04,Half Day,3.6
A008975,S00898,2026-08-05,Present,8.6
A008976,S00898,2026-08-06,Present,7.6
A008977,S00898,2026-08-07,Present,7.6
A008978,S00898,2026-08-08,Present,9.8
A008979,S00898,2026-08-09,Present,8.3
A008980,S00898,2026-08-10,Present,7.1
A008981,S00899,2026-08-01,Present,8.3
A008982,S00899,2026-08-02,Absent,0.0
A008983,S00899,2026-08-03,Present,9.2
A008984,S00899,2026-08-04,Present,9.5
A008985,S00899,2026-08-05,Present,9.2
A008986,S00899,2026-08-06,Present,7.1
A008987,S00899,2026-08-07,Present,9.3
A008988,S00899,2026-08-08,Present,7.7
A008989,S00899,2026-08-09,Present,7.2
A008990,S00899,2026-08-10,Present,8.8
A008991,S00900,2026-08-01,Present,9.0
A008992,S00900,2026-08-02,Present,8.6
A008993,S00900,2026-08-03,Present,8.9
A008994,S00900,2026-08-04,Present,8.5
A008995,S00900,2026-08-05,Present,9.8
A008996,S00900,2026-08-06,Absent,0.0
A008997,S00900,2026-08-07,Present,8.6
A008998,S00900,2026-08-08,Present,7.6
A008999,S00900,2026-08-09,Present,7.0
A009000,S00900,2026-08-10,Present,9.2
A009001,S00901,2026-08-01,Present,8.4
A009002,S00901,2026-08-02,Present,8.7
A009003,S00901,2026-08-03,Absent,0.0
A009004,S00901,2026-08-04,Present,8.5
A009005,S00901,2026-08-05,Present,9.6
A009006,S00901,2026-08-06,Half Day,5.0
A009007,S00901,2026-08-07,Present,9.9
A009008,S00901,2026-08-08,Present,8.4
A009009,S00901,2026-08-09,Present,9.4
A009010,S00901,2026-08-10,Present,8.2
A009011,S00902,2026-08-01,Half Day,3.6
A009012,S00902,2026-08-02,Present,7.1
A009013,S00902,2026-08-03,Present,8.7
A009014,S00902,2026-08-04,Present,7.1
A009015,S00902,2026-08-05,Present,9.7
A009016,S00902,2026-08-06,Present,8.8
A009017,S00902,2026-08-07,Present,8.2
A009018,S00902,2026-08-08,Half Day,3.3
A009019,S00902,2026-08-09,Present,9.6
A009020,S00902,2026-08-10,Present,9.3
A009021,S00903,2026-08-01,Present,7.2
A009022,S00903,2026-08-02,Present,7.6
A009023,S00903,2026-08-03,Present,9.4
A009024,S00903,2026-08-04,Present,9.3
A009025,S00903,2026-08-05,Present,7.2
A009026,S00903,2026-08-06,Present,7.4
A009027,S00903,2026-08-07,Present,9.1
A009028,S00903,2026-08-08,Present,9.1
A009029,S00903,2026-08-09,Present,8.9
A009030,S00903,2026-08-10,Absent,0.0
A009031,S00904,2026-08-01,Present,9.5
A009032,S00904,2026-08-02,Present,7.4
A009033,S00904,2026-08-03,Present,8.0
A009034,S00904,2026-08-04,Present,7.3
A009035,S00904,2026-08-05,Present,10.0
A009036,S00904,2026-08-06,Absent,0.0
A009037,S00904,2026-08-07,Present,9.8
A009038,S00904,2026-08-08,Present,10.0
A009039,S00904,2026-08-09,Present,8.0
A009040,S00904,2026-08-10,Present,9.4
A009041,S00905,2026-08-01,Present,9.4
A009042,S00905,2026-08-02,Present,8.7
A009043,S00905,2026-08-03,Half Day,3.2
A009044,S00905,2026-08-04,Half Day,4.3
A009045,S00905,2026-08-05,Present,10.0
A009046,S00905,2026-08-06,Present,9.7
A009047,S00905,2026-08-07,Half Day,3.3
A009048,S00905,2026-08-08,Present,7.1
A009049,S00905,2026-08-09,Present,9.4
A009050,S00905,2026-08-10,Present,9.3
A009051,S00906,2026-08-01,Present,7.9
A009052,S00906,2026-08-02,Absent,0.0
A009053,S00906,2026-08-03,Present,7.5
A009054,S00906,2026-08-04,Present,8.5
A009055,S00906,2026-08-05,Present,8.4
A009056,S00906,2026-08-06,Present,7.6
A009057,S00906,2026-08-07,Present,7.7
A009058,S00906,2026-08-08,Absent,0.0
A009059,S00906,2026-08-09,Present,8.1
A009060,S00906,2026-08-10,Present,8.8
A009061,S00907,2026-08-01,Present,7.4
A009062,S00907,2026-08-02,Present,7.7
A009063,S00907,2026-08-03,Half Day,4.1
A009064,S00907,2026-08-04,Present,8.7
A009065,S00907,2026-08-05,Present,9.7
A009066,S00907,2026-08-06,Absent,0.0
A009067,S00907,2026-08-07,Present,8.1
A009068,S00907,2026-08-08,Present,9.8
A009069,S00907,2026-08-09,Half Day,3.2
A009070,S00907,2026-08-10,Present,9.8
A009071,S00908,2026-08-01,Present,9.4
A009072,S00908,2026-08-02,Present,7.4
A009073,S00908,2026-08-03,Present,8.7
A009074,S00908,2026-08-04,Present,7.4
A009075,S00908,2026-08-05,Absent,0.0
A009076,S00908,2026-08-06,Present,7.3
A009077,S00908,2026-08-07,Present,9.1
A009078,S00908,2026-08-08,Present,7.8
A009079,S00908,2026-08-09,Present,9.3
A009080,S00908,2026-08-10,Present,8.8
A009081,S00909,2026-08-01,Present,9.6
A009082,S00909,2026-08-02,Present,9.6
A009083,S00909,2026-08-03,Present,8.4
A009084,S00909,2026-08-04,Present,8.5
A009085,S00909,2026-08-05,Present,7.2
A009086,S00909,2026-08-06,Present,7.4
A009087,S00909,2026-08-07,Present,8.2
A009088,S00909,2026-08-08,Present,7.4
A009089,S00909,2026-08-09,Present,8.3
A009090,S00909,2026-08-10,Present,9.2
A009091,S00910,2026-08-01,Present,8.2
A009092,S00910,2026-08-02,Present,9.4
A009093,S00910,2026-08-03,Present,8.2
A009094,S00910,2026-08-04,Present,8.4
A009095,S00910,2026-08-05,Present,9.6
A009096,S00910,2026-08-06,Absent,0.0
A009097,S00910,2026-08-07,Present,7.1
A009098,S00910,2026-08-08,Present,7.2
A009099,S00910,2026-08-09,Present,8.6
A009100,S00910,2026-08-10,Absent,0.0
A009101,S00911,2026-08-01,Present,8.3
A009102,S00911,2026-08-02,Present,9.5
A009103,S00911,2026-08-03,Present,9.0
A009104,S00911,2026-08-04,Present,8.4
A009105,S00911,2026-08-05,Present,9.7
A009106,S00911,2026-08-06,Present,9.9
A009107,S00911,2026-08-07,Present,9.1
A009108,S00911,2026-08-08,Absent,0.0
A009109,S00911,2026-08-09,Present,8.6
A009110,S00911,2026-08-10,Present,9.9
A009111,S00912,2026-08-01,Half Day,4.6
A009112,S00912,2026-08-02,Present,9.7
A009113,S00912,2026-08-03,Absent,0.0
A009114,S00912,2026-08-04,Present,7.7
A009115,S00912,2026-08-05,Present,7.2
A009116,S00912,2026-08-06,Present,9.4
A009117,S00912,2026-08-07,Present,7.7
A009118,S00912,2026-08-08,Present,7.9
A009119,S00912,2026-08-09,Present,10.0
A009120,S00912,2026-08-10,Present,9.8
A009121,S00913,2026-08-01,Present,8.0
A009122,S00913,2026-08-02,Present,9.4
A009123,S00913,2026-08-03,Absent,0.0
A009124,S00913,2026-08-04,Absent,0.0
A009125,S00913,2026-08-05,Present,9.1
A009126,S00913,2026-08-06,Present,7.4
A009127,S00913,2026-08-07,Half Day,3.7
A009128,S00913,2026-08-08,Present,7.1
A009129,S00913,2026-08-09,Present,7.4
A009130,S00913,2026-08-10,Present,7.6
A009131,S00914,2026-08-01,Present,7.8
A009132,S00914,2026-08-02,Present,7.4
A009133,S00914,2026-08-03,Present,9.4
A009134,S00914,2026-08-04,Present,8.2
A009135,S00914,2026-08-05,Present,8.8
A009136,S00914,2026-08-06,Present,7.9
A009137,S00914,2026-08-07,Present,9.4
A009138,S00914,2026-08-08,Present,7.1
A009139,S00914,2026-08-09,Half Day,4.5
A009140,S00914,2026-08-10,Present,9.9
A009141,S00915,2026-08-01,Present,9.4
A009142,S00915,2026-08-02,Half Day,4.8
A009143,S00915,2026-08-03,Present,7.3
A009144,S00915,2026-08-04,Present,9.5
A009145,S00915,2026-08-05,Present,9.3
A009146,S00915,2026-08-06,Present,7.7
A009147,S00915,2026-08-07,Absent,0.0
A009148,S00915,2026-08-08,Present,7.8
A009149,S00915,2026-08-09,Present,8.8
A009150,S00915,2026-08-10,Absent,0.0
A009151,S00916,2026-08-01,Present,9.5
A009152,S00916,2026-08-02,Present,7.4
A009153,S00916,2026-08-03,Present,9.3
A009154,S00916,2026-08-04,Absent,0.0
A009155,S00916,2026-08-05,Absent,0.0
A009156,S00916,2026-08-06,Present,8.9
A009157,S00916,2026-08-07,Present,8.1
A009158,S00916,2026-08-08,Present,7.3
A009159,S00916,2026-08-09,Present,8.7
A009160,S00916,2026-08-10,Present,7.5
A009161,S00917,2026-08-01,Present,9.1
A009162,S00917,2026-08-02,Present,8.1
A009163,S00917,2026-08-03,Present,7.6
A009164,S00917,2026-08-04,Present,7.4
A009165,S00917,2026-08-05,Present,9.7
A009166,S00917,2026-08-06,Present,8.9
A009167,S00917,2026-08-07,Present,9.8
A009168,S00917,2026-08-08,Present,9.7
A009169,S00917,2026-08-09,Present,7.2
A009170,S00917,2026-08-10,Present,7.2
A009171,S00918,2026-08-01,Present,9.9
A009172,S00918,2026-08-02,Present,9.8
A009173,S00918,2026-08-03,Present,8.2
A009174,S00918,2026-08-04,Present,9.1
A009175,S00918,2026-08-05,Present,7.9
A009176,S00918,2026-08-06,Present,9.8
A009177,S00918,2026-08-07,Absent,0.0
A009178,S00918,2026-08-08,Present,7.1
A009179,S00918,2026-08-09,Present,9.0
A009180,S00918,2026-08-10,Half Day,3.2
A009181,S00919,2026-08-01,Present,7.6
A009182,S00919,2026-08-02,Present,7.6
A009183,S00919,2026-08-03,Present,9.1
A009184,S00919,2026-08-04,Present,8.0
A009185,S00919,2026-08-05,Present,7.3
A009186,S00919,2026-08-06,Present,8.4
A009187,S00919,2026-08-07,Present,10.0
A009188,S00919,2026-08-08,Absent,0.0
A009189,S00919,2026-08-09,Present,8.7
A009190,S00919,2026-08-10,Present,7.4
A009191,S00920,2026-08-01,Absent,0.0
A009192,S00920,2026-08-02,Present,9.9
A009193,S00920,2026-08-03,Present,7.2
A009194,S00920,2026-08-04,Present,8.3
A009195,S00920,2026-08-05,Present,9.6
A009196,S00920,2026-08-06,Present,8.0
A009197,S00920,2026-08-07,Present,9.3
A009198,S00920,2026-08-08,Present,9.7
A009199,S00920,2026-08-09,Present,9.0
A009200,S00920,2026-08-10,Present,9.0
A009201,S00921,2026-08-01,Present,8.0
A009202,S00921,2026-08-02,Absent,0.0
A009203,S00921,2026-08-03,Present,7.2
A009204,S00921,2026-08-04,Absent,0.0
A009205,S00921,2026-08-05,Present,8.5
A009206,S00921,2026-08-06,Present,7.2
A009207,S00921,2026-08-07,Present,9.9
A009208,S00921,2026-08-08,Absent,0.0
A009209,S00921,2026-08-09,Present,8.6
A009210,S00921,2026-08-10,Absent,0.0
A009211,S00922,2026-08-01,Present,9.4
A009212,S00922,2026-08-02,Present,7.4
A009213,S00922,2026-08-03,Present,7.3
A009214,S00922,2026-08-04,Absent,0.0
A009215,S00922,2026-08-05,Present,8.6
A009216,S00922,2026-08-06,Present,9.6
A009217,S00922,2026-08-07,Present,8.6
A009218,S00922,2026-08-08,Present,7.6
A009219,S00922,2026-08-09,Present,7.6
A009220,S00922,2026-08-10,Present,9.5
A009221,S00923,2026-08-01,Present,8.9
A009222,S00923,2026-08-02,Absent,0.0
A009223,S00923,2026-08-03,Present,9.3
A009224,S00923,2026-08-04,Present,7.5
A009225,S00923,2026-08-05,Present,7.1
A009226,S00923,2026-08-06,Present,8.1
A009227,S00923,2026-08-07,Present,8.7
A009228,S00923,2026-08-08,Present,9.5
A009229,S00923,2026-08-09,Present,8.6
A009230,S00923,2026-08-10,Present,9.1
A009231,S00924,2026-08-01,Half Day,4.0
A009232,S00924,2026-08-02,Present,8.6
A009233,S00924,2026-08-03,Present,9.4
A009234,S00924,2026-08-04,Half Day,4.6
A009235,S00924,2026-08-05,Present,8.3
A009236,S00924,2026-08-06,Half Day,4.9
A009237,S00924,2026-08-07,Absent,0.0
A009238,S00924,2026-08-08,Present,9.3
A009239,S00924,2026-08-09,Present,8.2
A009240,S00924,2026-08-10,Present,8.3
A009241,S00925,2026-08-01,Present,8.2
A009242,S00925,2026-08-02,Present,8.9
A009243,S00925,2026-08-03,Present,9.4
A009244,S00925,2026-08-04,Present,9.0
A009245,S00925,2026-08-05,Present,9.7
A009246,S00925,2026-08-06,Present,8.0
A009247,S00925,2026-08-07,Present,7.1
A009248,S00925,2026-08-08,Present,9.9
A009249,S00925,2026-08-09,Half Day,3.8
A009250,S00925,2026-08-10,Absent,0.0
A009251,S00926,2026-08-01,Present,8.5
A009252,S00926,2026-08-02,Present,9.3
A009253,S00926,2026-08-03,Present,9.9
A009254,S00926,2026-08-04,Present,9.8
A009255,S00926,2026-08-05,Present,8.2
A009256,S00926,2026-08-06,Present,7.1
A009257,S00926,2026-08-07,Present,7.6
A009258,S00926,2026-08-08,Present,7.5
A009259,S00926,2026-08-09,Present,8.1
A009260,S00926,2026-08-10,Present,7.8
A009261,S00927,2026-08-01,Present,9.2
A009262,S00927,2026-08-02,Present,9.2
A009263,S00927,2026-08-03,Present,8.4
A009264,S00927,2026-08-04,Present,7.3
A009265,S00927,2026-08-05,Present,8.8
A009266,S00927,2026-08-06,Present,8.5
A009267,S00927,2026-08-07,Present,7.9
A009268,S00927,2026-08-08,Half Day,3.5
A009269,S00927,2026-08-09,Present,9.4
A009270,S00927,2026-08-10,Present,9.9
A009271,S00928,2026-08-01,Present,7.3
A009272,S00928,2026-08-02,Absent,0.0
A009273,S00928,2026-08-03,Present,8.3
A009274,S00928,2026-08-04,Present,7.3
A009275,S00928,2026-08-05,Present,8.7
A009276,S00928,2026-08-06,Present,7.5
A009277,S00928,2026-08-07,Present,7.3
A009278,S00928,2026-08-08,Half Day,3.3
A009279,S00928,2026-08-09,Present,8.6
A009280,S00928,2026-08-10,Present,8.7
A009281,S00929,2026-08-01,Absent,0.0
A009282,S00929,2026-08-02,Present,9.4
A009283,S00929,2026-08-03,Present,7.7
A009284,S00929,2026-08-04,Present,8.7
A009285,S00929,2026-08-05,Half Day,3.2
A009286,S00929,2026-08-06,Present,8.7
A009287,S00929,2026-08-07,Absent,0.0
A009288,S00929,2026-08-08,Present,7.4
A009289,S00929,2026-08-09,Present,7.5
A009290,S00929,2026-08-10,Present,7.1
A009291,S00930,2026-08-01,Present,8.8
A009292,S00930,2026-08-02,Present,7.9
A009293,S00930,2026-08-03,Present,7.8
A009294,S00930,2026-08-04,Present,9.6
A009295,S00930,2026-08-05,Present,7.7
A009296,S00930,2026-08-06,Present,7.2
A009297,S00930,2026-08-07,Present,8.5
A009298,S00930,2026-08-08,Present,9.9
A009299,S00930,2026-08-09,Present,9.3
A009300,S00930,2026-08-10,Present,7.6
A009301,S00931,2026-08-01,Present,7.4
A009302,S00931,2026-08-02,Present,7.1
A009303,S00931,2026-08-03,Absent,0.0
A009304,S00931,2026-08-04,Present,10.0
A009305,S00931,2026-08-05,Present,8.6
A009306,S00931,2026-08-06,Present,7.5
A009307,S00931,2026-08-07,Present,9.2
A009308,S00931,2026-08-08,Half Day,3.5
A009309,S00931,2026-08-09,Present,8.0
A009310,S00931,2026-08-10,Present,7.6
A009311,S00932,2026-08-01,Present,8.0
A009312,S00932,2026-08-02,Present,10.0
A009313,S00932,2026-08-03,Present,9.4
A009314,S00932,2026-08-04,Present,9.4
A009315,S00932,2026-08-05,Present,7.8
A009316,S00932,2026-08-06,Present,8.7
A009317,S00932,2026-08-07,Present,8.4
A009318,S00932,2026-08-08,Present,7.2
A009319,S00932,2026-08-09,Present,8.2
A009320,S00932,2026-08-10,Present,7.3
A009321,S00933,2026-08-01,Present,9.5
A009322,S00933,2026-08-02,Present,9.6
A009323,S00933,2026-08-03,Present,8.7
A009324,S00933,2026-08-04,Present,8.9
A009325,S00933,2026-08-05,Present,8.2
A009326,S00933,2026-08-06,Present,7.4
A009327,S00933,2026-08-07,Present,8.7
A009328,S00933,2026-08-08,Present,9.6
A009329,S00933,2026-08-09,Present,9.4
A009330,S00933,2026-08-10,Present,8.7
A009331,S00934,2026-08-01,Present,8.9
A009332,S00934,2026-08-02,Present,8.6
A009333,S00934,2026-08-03,Present,7.3
A009334,S00934,2026-08-04,Present,8.2
A009335,S00934,2026-08-05,Absent,0.0
A009336,S00934,2026-08-06,Present,8.1
A009337,S00934,2026-08-07,Present,8.0
A009338,S00934,2026-08-08,Present,7.9
A009339,S00934,2026-08-09,Present,9.3
A009340,S00934,2026-08-10,Present,8.1
A009341,S00935,2026-08-01,Present,8.3
A009342,S00935,2026-08-02,Present,9.5
A009343,S00935,2026-08-03,Present,8.2
A009344,S00935,2026-08-04,Present,7.5
A009345,S00935,2026-08-05,Absent,0.0
A009346,S00935,2026-08-06,Present,9.2
A009347,S00935,2026-08-07,Present,9.7
A009348,S00935,2026-08-08,Absent,0.0
A009349,S00935,2026-08-09,Absent,0.0
A009350,S00935,2026-08-10,Present,9.8
A009351,S00936,2026-08-01,Present,9.3
A009352,S00936,2026-08-02,Present,8.1
A009353,S00936,2026-08-03,Present,8.3
A009354,S00936,2026-08-04,Present,9.8
A009355,S00936,2026-08-05,Present,8.1
A009356,S00936,2026-08-06,Half Day,4.1
A009357,S00936,2026-08-07,Present,8.0
A009358,S00936,2026-08-08,Present,7.5
A009359,S00936,2026-08-09,Present,7.5
A009360,S00936,2026-08-10,Present,7.2
A009361,S00937,2026-08-01,Present,7.6
A009362,S00937,2026-08-02,Absent,0.0
A009363,S00937,2026-08-03,Present,8.2
A009364,S00937,2026-08-04,Present,9.5
A009365,S00937,2026-08-05,Present,9.7
A009366,S00937,2026-08-06,Present,8.9
A009367,S00937,2026-08-07,Half Day,4.2
A009368,S00937,2026-08-08,Present,8.7
A009369,S00937,2026-08-09,Present,8.2
A009370,S00937,2026-08-10,Half Day,4.9
A009371,S00938,2026-08-01,Half Day,4.1
A009372,S00938,2026-08-02,Present,7.6
A009373,S00938,2026-08-03,Present,9.9
A009374,S00938,2026-08-04,Present,8.2
A009375,S00938,2026-08-05,Present,8.7
A009376,S00938,2026-08-06,Present,8.0
A009377,S00938,2026-08-07,Present,7.5
A009378,S00938,2026-08-08,Present,9.5
A009379,S00938,2026-08-09,Present,9.5
A009380,S00938,2026-08-10,Present,8.7
A009381,S00939,2026-08-01,Half Day,4.8
A009382,S00939,2026-08-02,Present,9.0
A009383,S00939,2026-08-03,Present,7.4
A009384,S00939,2026-08-04,Present,9.9
A009385,S00939,2026-08-05,Present,8.7
A009386,S00939,2026-08-06,Present,9.5
A009387,S00939,2026-08-07,Present,8.3
A009388,S00939,2026-08-08,Present,9.1
A009389,S00939,2026-08-09,Present,9.3
A009390,S00939,2026-08-10,Present,8.0
A009391,S00940,2026-08-01,Present,7.8
A009392,S00940,2026-08-02,Present,8.5
A009393,S00940,2026-08-03,Present,7.6
A009394,S00940,2026-08-04,Present,7.8
A009395,S00940,2026-08-05,Present,8.4
A009396,S00940,2026-08-06,Present,7.9
A009397,S00940,2026-08-07,Present,8.0
A009398,S00940,2026-08-08,Absent,0.0
A009399,S00940,2026-08-09,Present,8.5
A009400,S00940,2026-08-10,Present,9.9
A009401,S00941,2026-08-01,Present,8.9
A009402,S00941,2026-08-02,Present,9.5
A009403,S00941,2026-08-03,Half Day,5.0
A009404,S00941,2026-08-04,Present,7.1
A009405,S00941,2026-08-05,Present,7.8
A009406,S00941,2026-08-06,Present,9.1
A009407,S00941,2026-08-07,Present,7.6
A009408,S00941,2026-08-08,Present,7.7
A009409,S00941,2026-08-09,Present,7.6
A009410,S00941,2026-08-10,Present,7.3
A009411,S00942,2026-08-01,Present,9.2
A009412,S00942,2026-08-02,Present,7.5
A009413,S00942,2026-08-03,Present,9.8
A009414,S00942,2026-08-04,Present,9.7
A009415,S00942,2026-08-05,Present,8.7
A009416,S00942,2026-08-06,Present,9.9
A009417,S00942,2026-08-07,Present,9.6
A009418,S00942,2026-08-08,Absent,0.0
A009419,S00942,2026-08-09,Present,8.4
A009420,S00942,2026-08-10,Present,8.1
A009421,S00943,2026-08-01,Present,8.6
A009422,S00943,2026-08-02,Present,7.8
A009423,S00943,2026-08-03,Present,8.6
A009424,S00943,2026-08-04,Present,9.1
A009425,S00943,2026-08-05,Present,7.4
A009426,S00943,2026-08-06,Present,7.1
A009427,S00943,2026-08-07,Present,9.5
A009428,S00943,2026-08-08,Present,10.0
A009429,S00943,2026-08-09,Present,8.0
A009430,S00943,2026-08-10,Present,7.1
A009431,S00944,2026-08-01,Present,9.4
A009432,S00944,2026-08-02,Present,7.2
A009433,S00944,2026-08-03,Present,8.7
A009434,S00944,2026-08-04,Present,9.9
A009435,S00944,2026-08-05,Present,7.9
A009436,S00944,2026-08-06,Present,7.9
A009437,S00944,2026-08-07,Half Day,3.5
A009438,S00944,2026-08-08,Present,7.7
A009439,S00944,2026-08-09,Present,7.2
A009440,S00944,2026-08-10,Present,7.9
A009441,S00945,2026-08-01,Present,8.6
A009442,S00945,2026-08-02,Present,7.9
A009443,S00945,2026-08-03,Present,9.6
A009444,S00945,2026-08-04,Present,7.3
A009445,S00945,2026-08-05,Present,9.0
A009446,S00945,2026-08-06,Present,8.9
A009447,S00945,2026-08-07,Present,8.6
A009448,S00945,2026-08-08,Absent,0.0
A009449,S00945,2026-08-09,Present,8.4
A009450,S00945,2026-08-10,Present,9.1
A009451,S00946,2026-08-01,Present,7.4
A009452,S00946,2026-08-02,Present,7.2
A009453,S00946,2026-08-03,Present,8.6
A009454,S00946,2026-08-04,Present,8.9
A009455,S00946,2026-08-05,Present,7.0
A009456,S00946,2026-08-06,Present,9.3
A009457,S00946,2026-08-07,Present,7.6
A009458,S00946,2026-08-08,Present,8.6
A009459,S00946,2026-08-09,Present,8.0
A009460,S00946,2026-08-10,Present,8.0
A009461,S00947,2026-08-01,Present,8.8
A009462,S00947,2026-08-02,Present,7.5
A009463,S00947,2026-08-03,Present,8.0
A009464,S00947,2026-08-04,Present,9.2
A009465,S00947,2026-08-05,Present,8.4
A009466,S00947,2026-08-06,Present,7.1
A009467,S00947,2026-08-07,Present,8.6
A009468,S00947,2026-08-08,Present,7.4
A009469,S00947,2026-08-09,Present,8.0
A009470,S00947,2026-08-10,Present,7.4
A009471,S00948,2026-08-01,Present,8.8
A009472,S00948,2026-08-02,Present,9.5
A009473,S00948,2026-08-03,Absent,0.0
A009474,S00948,2026-08-04,Absent,0.0
A009475,S00948,2026-08-05,Present,9.3
A009476,S00948,2026-08-06,Present,7.1
A009477,S00948,2026-08-07,Present,7.8
A009478,S00948,2026-08-08,Present,9.5
A009479,S00948,2026-08-09,Present,7.2
A009480,S00948,2026-08-10,Present,7.7
A009481,S00949,2026-08-01,Present,8.9
A009482,S00949,2026-08-02,Absent,0.0
A009483,S00949,2026-08-03,Present,9.8
A009484,S00949,2026-08-04,Present,9.1
A009485,S00949,2026-08-05,Present,9.0
A009486,S00949,2026-08-06,Present,8.3
A009487,S00949,2026-08-07,Half Day,4.7
A009488,S00949,2026-08-08,Present,9.5
A009489,S00949,2026-08-09,Present,7.4
A009490,S00949,2026-08-10,Present,8.4
A009491,S00950,2026-08-01,Present,9.2
A009492,S00950,2026-08-02,Present,7.0
A009493,S00950,2026-08-03,Present,7.3
A009494,S00950,2026-08-04,Present,8.8
A009495,S00950,2026-08-05,Present,8.8
A009496,S00950,2026-08-06,Present,8.7
A009497,S00950,2026-08-07,Absent,0.0
A009498,S00950,2026-08-08,Present,8.1
A009499,S00950,2026-08-09,Absent,0.0
A009500,S00950,2026-08-10,Present,8.2
A009501,S00951,2026-08-01,Present,8.1
A009502,S00951,2026-08-02,Present,9.7
A009503,S00951,2026-08-03,Present,8.1
A009504,S00951,2026-08-04,Present,9.0
A009505,S00951,2026-08-05,Present,7.1
A009506,S00951,2026-08-06,Present,9.9
A009507,S00951,2026-08-07,Present,7.5
A009508,S00951,2026-08-08,Present,9.1
A009509,S00951,2026-08-09,Absent,0.0
A009510,S00951,2026-08-10,Present,7.7
A009511,S00952,2026-08-01,Present,8.8
A009512,S00952,2026-08-02,Present,7.9
A009513,S00952,2026-08-03,Present,7.4
A009514,S00952,2026-08-04,Present,10.0
A009515,S00952,2026-08-05,Present,8.7
A009516,S00952,2026-08-06,Present,9.9
A009517,S00952,2026-08-07,Present,7.8
A009518,S00952,2026-08-08,Present,8.0
A009519,S00952,2026-08-09,Present,7.8
A009520,S00952,2026-08-10,Present,8.2
A009521,S00953,2026-08-01,Present,9.6
A009522,S00953,2026-08-02,Half Day,4.6
A009523,S00953,2026-08-03,Present,8.5
A009524,S00953,2026-08-04,Present,7.3
A009525,S00953,2026-08-05,Present,9.6
A009526,S00953,2026-08-06,Present,7.9
A009527,S00953,2026-08-07,Present,8.4
A009528,S00953,2026-08-08,Half Day,4.8
A009529,S00953,2026-08-09,Absent,0.0
A009530,S00953,2026-08-10,Present,9.6
A009531,S00954,2026-08-01,Present,7.9
A009532,S00954,2026-08-02,Present,8.7
A009533,S00954,2026-08-03,Absent,0.0
A009534,S00954,2026-08-04,Absent,0.0
A009535,S00954,2026-08-05,Present,7.7
A009536,S00954,2026-08-06,Present,7.9
A009537,S00954,2026-08-07,Present,8.8
A009538,S00954,2026-08-08,Present,9.5
A009539,S00954,2026-08-09,Present,8.6
A009540,S00954,2026-08-10,Present,9.9
A009541,S00955,2026-08-01,Present,9.2
A009542,S00955,2026-08-02,Present,8.5
A009543,S00955,2026-08-03,Present,8.7
A009544,S00955,2026-08-04,Present,9.8
A009545,S00955,2026-08-05,Present,8.2
A009546,S00955,2026-08-06,Absent,0.0
A009547,S00955,2026-08-07,Present,9.9
A009548,S00955,2026-08-08,Present,8.7
A009549,S00955,2026-08-09,Present,7.5
A009550,S00955,2026-08-10,Present,9.2
A009551,S00956,2026-08-01,Present,8.5
A009552,S00956,2026-08-02,Present,9.4
A009553,S00956,2026-08-03,Present,8.5
A009554,S00956,2026-08-04,Half Day,4.5
A009555,S00956,2026-08-05,Present,9.2
A009556,S00956,2026-08-06,Present,8.4
A009557,S00956,2026-08-07,Present,7.5
A009558,S00956,2026-08-08,Absent,0.0
A009559,S00956,2026-08-09,Present,8.0
A009560,S00956,2026-08-10,Present,9.6
A009561,S00957,2026-08-01,Present,7.7
A009562,S00957,2026-08-02,Present,9.0
A009563,S00957,2026-08-03,Present,7.9
A009564,S00957,2026-08-04,Present,7.8
A009565,S00957,2026-08-05,Half Day,3.8
A009566,S00957,2026-08-06,Present,9.1
A009567,S00957,2026-08-07,Present,7.6
A009568,S00957,2026-08-08,Present,8.7
A009569,S00957,2026-08-09,Present,9.9
A009570,S00957,2026-08-10,Present,7.7
A009571,S00958,2026-08-01,Absent,0.0
A009572,S00958,2026-08-02,Present,7.2
A009573,S00958,2026-08-03,Present,9.2
A009574,S00958,2026-08-04,Present,8.5
A009575,S00958,2026-08-05,Present,9.7
A009576,S00958,2026-08-06,Present,7.9
A009577,S00958,2026-08-07,Half Day,3.8
A009578,S00958,2026-08-08,Present,9.5
A009579,S00958,2026-08-09,Present,8.2
A009580,S00958,2026-08-10,Present,9.6
A009581,S00959,2026-08-01,Absent,0.0
A009582,S00959,2026-08-02,Present,9.5
A009583,S00959,2026-08-03,Present,8.0
A009584,S00959,2026-08-04,Present,7.9
A009585,S00959,2026-08-05,Present,8.5
A009586,S00959,2026-08-06,Half Day,4.0
A009587,S00959,2026-08-07,Present,7.1
A009588,S00959,2026-08-08,Present,8.2
A009589,S00959,2026-08-09,Present,7.3
A009590,S00959,2026-08-10,Present,8.6
A009591,S00960,2026-08-01,Absent,0.0
A009592,S00960,2026-08-02,Present,9.5
A009593,S00960,2026-08-03,Half Day,4.1
A009594,S00960,2026-08-04,Present,8.9
A009595,S00960,2026-08-05,Present,7.6
A009596,S00960,2026-08-06,Present,7.1
A009597,S00960,2026-08-07,Present,7.4
A009598,S00960,2026-08-08,Absent,0.0
A009599,S00960,2026-08-09,Present,7.7
A009600,S00960,2026-08-10,Present,9.7
A009601,S00961,2026-08-01,Present,8.4
A009602,S00961,2026-08-02,Present,8.1
A009603,S00961,2026-08-03,Half Day,3.8
A009604,S00961,2026-08-04,Present,8.9
A009605,S00961,2026-08-05,Present,8.8
A009606,S00961,2026-08-06,Present,8.4
A009607,S00961,2026-08-07,Present,9.3
A009608,S00961,2026-08-08,Present,10.0
A009609,S00961,2026-08-09,Half Day,4.0
A009610,S00961,2026-08-10,Present,7.3
A009611,S00962,2026-08-01,Present,8.5
A009612,S00962,2026-08-02,Present,7.7
A009613,S00962,2026-08-03,Half Day,4.8
A009614,S00962,2026-08-04,Present,8.2
A009615,S00962,2026-08-05,Present,9.9
A009616,S00962,2026-08-06,Present,9.4
A009617,S00962,2026-08-07,Present,8.0
A009618,S00962,2026-08-08,Present,7.8
A009619,S00962,2026-08-09,Present,8.7
A009620,S00962,2026-08-10,Present,9.4
A009621,S00963,2026-08-01,Present,7.5
A009622,S00963,2026-08-02,Present,8.0
A009623,S00963,2026-08-03,Present,7.1
A009624,S00963,2026-08-04,Absent,0.0
A009625,S00963,2026-08-05,Present,7.8
A009626,S00963,2026-08-06,Absent,0.0
A009627,S00963,2026-08-07,Present,8.7
A009628,S00963,2026-08-08,Present,8.5
A009629,S00963,2026-08-09,Present,7.5
A009630,S00963,2026-08-10,Present,9.9
A009631,S00964,2026-08-01,Present,9.6
A009632,S00964,2026-08-02,Present,8.8
A009633,S00964,2026-08-03,Present,7.6
A009634,S00964,2026-08-04,Present,9.9
A009635,S00964,2026-08-05,Present,7.6
A009636,S00964,2026-08-06,Present,8.9
A009637,S00964,2026-08-07,Present,9.8
A009638,S00964,2026-08-08,Present,8.9
A009639,S00964,2026-08-09,Present,9.2
A009640,S00964,2026-08-10,Present,8.9
A009641,S00965,2026-08-01,Present,10.0
A009642,S00965,2026-08-02,Present,8.4
A009643,S00965,2026-08-03,Present,9.8
A009644,S00965,2026-08-04,Present,8.4
A009645,S00965,2026-08-05,Present,8.5
A009646,S00965,2026-08-06,Present,9.7
A009647,S00965,2026-08-07,Present,8.9
A009648,S00965,2026-08-08,Present,8.4
A009649,S00965,2026-08-09,Present,7.6
A009650,S00965,2026-08-10,Present,9.9
A009651,S00966,2026-08-01,Absent,0.0
A009652,S00966,2026-08-02,Present,9.0
A009653,S00966,2026-08-03,Present,9.9
A009654,S00966,2026-08-04,Present,7.9
A009655,S00966,2026-08-05,Present,8.3
A009656,S00966,2026-08-06,Absent,0.0
A009657,S00966,2026-08-07,Present,9.4
A009658,S00966,2026-08-08,Present,8.1
A009659,S00966,2026-08-09,Present,8.3
A009660,S00966,2026-08-10,Present,7.4
A009661,S00967,2026-08-01,Present,9.3
A009662,S00967,2026-08-02,Present,9.0
A009663,S00967,2026-08-03,Present,7.5
A009664,S00967,2026-08-04,Present,7.8
A009665,S00967,2026-08-05,Present,9.8
A009666,S00967,2026-08-06,Present,7.6
A009667,S00967,2026-08-07,Present,9.0
A009668,S00967,2026-08-08,Present,8.9
A009669,S00967,2026-08-09,Present,10.0
A009670,S00967,2026-08-10,Present,7.3
A009671,S00968,2026-08-01,Present,8.7
A009672,S00968,2026-08-02,Present,8.1
A009673,S00968,2026-08-03,Present,7.7
A009674,S00968,2026-08-04,Present,9.2
A009675,S00968,2026-08-05,Present,9.8
A009676,S00968,2026-08-06,Present,8.1
A009677,S00968,2026-08-07,Present,9.5
A009678,S00968,2026-08-08,Present,7.5
A009679,S00968,2026-08-09,Half Day,4.0
A009680,S00968,2026-08-10,Present,7.1
A009681,S00969,2026-08-01,Half Day,5.0
A009682,S00969,2026-08-02,Present,7.9
A009683,S00969,2026-08-03,Present,7.3
A009684,S00969,2026-08-04,Present,7.3
A009685,S00969,2026-08-05,Present,8.5
A009686,S00969,2026-08-06,Present,10.0
A009687,S00969,2026-08-07,Present,8.1
A009688,S00969,2026-08-08,Present,9.3
A009689,S00969,2026-08-09,Present,9.5
A009690,S00969,2026-08-10,Present,7.1
A009691,S00970,2026-08-01,Present,8.6
A009692,S00970,2026-08-02,Present,10.0
A009693,S00970,2026-08-03,Present,9.6
A009694,S00970,2026-08-04,Present,8.7
A009695,S00970,2026-08-05,Half Day,4.8
A009696,S00970,2026-08-06,Present,7.1
A009697,S00970,2026-08-07,Present,9.5
A009698,S00970,2026-08-08,Present,9.7
A009699,S00970,2026-08-09,Present,7.2
A009700,S00970,2026-08-10,Present,8.5
A009701,S00971,2026-08-01,Present,8.4
A009702,S00971,2026-08-02,Present,8.2
A009703,S00971,2026-08-03,Present,7.3
A009704,S00971,2026-08-04,Present,10.0
A009705,S00971,2026-08-05,Half Day,3.9
A009706,S00971,2026-08-06,Present,8.9
A009707,S00971,2026-08-07,Present,8.5
A009708,S00971,2026-08-08,Half Day,4.1
A009709,S00971,2026-08-09,Absent,0.0
A009710,S00971,2026-08-10,Present,7.3
A009711,S00972,2026-08-01,Present,9.1
A009712,S00972,2026-08-02,Present,9.9
A009713,S00972,2026-08-03,Present,8.4
A009714,S00972,2026-08-04,Present,9.8
A009715,S00972,2026-08-05,Present,7.1
A009716,S00972,2026-08-06,Half Day,4.7
A009717,S00972,2026-08-07,Present,9.7
A009718,S00972,2026-08-08,Present,9.8
A009719,S00972,2026-08-09,Present,7.6
A009720,S00972,2026-08-10,Present,8.0
A009721,S00973,2026-08-01,Present,7.9
A009722,S00973,2026-08-02,Present,7.8
A009723,S00973,2026-08-03,Present,9.0
A009724,S00973,2026-08-04,Present,9.6
A009725,S00973,2026-08-05,Present,7.9
A009726,S00973,2026-08-06,Half Day,3.6
A009727,S00973,2026-08-07,Present,7.9
A009728,S00973,2026-08-08,Present,7.4
A009729,S00973,2026-08-09,Present,8.7
A009730,S00973,2026-08-10,Present,7.2
A009731,S00974,2026-08-01,Present,8.0
A009732,S00974,2026-08-02,Present,8.7
A009733,S00974,2026-08-03,Present,8.0
A009734,S00974,2026-08-04,Absent,0.0
A009735,S00974,2026-08-05,Half Day,4.6
A009736,S00974,2026-08-06,Absent,0.0
A009737,S00974,2026-08-07,Present,9.5
A009738,S00974,2026-08-08,Present,9.3
A009739,S00974,2026-08-09,Present,7.3
A009740,S00974,2026-08-10,Absent,0.0
A009741,S00975,2026-08-01,Present,8.3
A009742,S00975,2026-08-02,Present,7.5
A009743,S00975,2026-08-03,Present,7.2
A009744,S00975,2026-08-04,Present,8.9
A009745,S00975,2026-08-05,Present,9.1
A009746,S00975,2026-08-06,Present,7.2
A009747,S00975,2026-08-07,Present,9.5
A009748,S00975,2026-08-08,Present,10.0
A009749,S00975,2026-08-09,Present,7.6
A009750,S00975,2026-08-10,Present,8.7
A009751,S00976,2026-08-01,Present,7.8
A009752,S00976,2026-08-02,Absent,0.0
A009753,S00976,2026-08-03,Present,8.9
A009754,S00976,2026-08-04,Present,9.8
A009755,S00976,2026-08-05,Present,8.8
A009756,S00976,2026-08-06,Half Day,4.7
A009757,S00976,2026-08-07,Present,9.2
A009758,S00976,2026-08-08,Present,9.5
A009759,S00976,2026-08-09,Present,7.7
A009760,S00976,2026-08-10,Present,9.3
A009761,S00977,2026-08-01,Present,7.3
A009762,S00977,2026-08-02,Present,8.4
A009763,S00977,2026-08-03,Present,9.3
A009764,S00977,2026-08-04,Present,7.7
A009765,S00977,2026-08-05,Present,10.0
A009766,S00977,2026-08-06,Half Day,4.0
A009767,S00977,2026-08-07,Present,9.9
A009768,S00977,2026-08-08,Present,9.6
A009769,S00977,2026-08-09,Present,8.2
A009770,S00977,2026-08-10,Present,9.8
A009771,S00978,2026-08-01,Present,7.5
A009772,S00978,2026-08-02,Present,9.2
A009773,S00978,2026-08-03,Present,8.3
A009774,S00978,2026-08-04,Present,10.0
A009775,S00978,2026-08-05,Present,8.2
A009776,S00978,2026-08-06,Present,7.7
A009777,S00978,2026-08-07,Present,7.2
A009778,S00978,2026-08-08,Present,9.8
A009779,S00978,2026-08-09,Present,7.9
A009780,S00978,2026-08-10,Present,9.5
A009781,S00979,2026-08-01,Present,7.5
A009782,S00979,2026-08-02,Present,8.5
A009783,S00979,2026-08-03,Absent,0.0
A009784,S00979,2026-08-04,Present,9.5
A009785,S00979,2026-08-05,Present,7.1
A009786,S00979,2026-08-06,Present,7.6
A009787,S00979,2026-08-07,Present,8.1
A009788,S00979,2026-08-08,Present,8.9
A009789,S00979,2026-08-09,Present,7.1
A009790,S00979,2026-08-10,Present,8.5
A009791,S00980,2026-08-01,Present,8.7
A009792,S00980,2026-08-02,Present,7.9
A009793,S00980,2026-08-03,Present,8.5
A009794,S00980,2026-08-04,Present,8.0
A009795,S00980,2026-08-05,Present,7.5
A009796,S00980,2026-08-06,Present,9.7
A009797,S00980,2026-08-07,Present,7.8
A009798,S00980,2026-08-08,Present,7.4
A009799,S00980,2026-08-09,Present,7.5
A009800,S00980,2026-08-10,Half Day,3.7
A009801,S00981,2026-08-01,Present,8.1
A009802,S00981,2026-08-02,Present,8.4
A009803,S00981,2026-08-03,Present,7.3
A009804,S00981,2026-08-04,Present,8.3
A009805,S00981,2026-08-05,Present,9.4
A009806,S00981,2026-08-06,Present,8.6
A009807,S00981,2026-08-07,Present,7.7
A009808,S00981,2026-08-08,Present,9.4
A009809,S00981,2026-08-09,Present,9.2
A009810,S00981,2026-08-10,Present,9.5
A009811,S00982,2026-08-01,Present,7.0
A009812,S00982,2026-08-02,Absent,0.0
A009813,S00982,2026-08-03,Present,9.5
A009814,S00982,2026-08-04,Present,8.7
A009815,S00982,2026-08-05,Present,9.4
A009816,S00982,2026-08-06,Present,7.1
A009817,S00982,2026-08-07,Present,7.6
A009818,S00982,2026-08-08,Present,7.7
A009819,S00982,2026-08-09,Present,7.4
A009820,S00982,2026-08-10,Present,7.7
A009821,S00983,2026-08-01,Present,7.3
A009822,S00983,2026-08-02,Present,8.6
A009823,S00983,2026-08-03,Half Day,4.6
A009824,S00983,2026-08-04,Present,9.7
A009825,S00983,2026-08-05,Present,7.5
A009826,S00983,2026-08-06,Present,10.0
A009827,S00983,2026-08-07,Present,7.2
A009828,S00983,2026-08-08,Present,9.8
A009829,S00983,2026-08-09,Present,8.1
A009830,S00983,2026-08-10,Absent,0.0
A009831,S00984,2026-08-01,Present,8.4
A009832,S00984,2026-08-02,Present,8.7
A009833,S00984,2026-08-03,Present,7.7
A009834,S00984,2026-08-04,Present,8.0
A009835,S00984,2026-08-05,Present,8.3
A009836,S00984,2026-08-06,Present,9.5
A009837,S00984,2026-08-07,Present,9.8
A009838,S00984,2026-08-08,Present,9.4
A009839,S00984,2026-08-09,Present,8.4
A009840,S00984,2026-08-10,Present,8.2
A009841,S00985,2026-08-01,Half Day,3.9
A009842,S00985,2026-08-02,Present,7.9
A009843,S00985,2026-08-03,Present,7.9
A009844,S00985,2026-08-04,Absent,0.0
A009845,S00985,2026-08-05,Present,8.9
A009846,S00985,2026-08-06,Present,9.1
A009847,S00985,2026-08-07,Present,8.9
A009848,S00985,2026-08-08,Half Day,4.2
A009849,S00985,2026-08-09,Present,9.5
A009850,S00985,2026-08-10,Present,8.8
A009851,S00986,2026-08-01,Present,8.5
A009852,S00986,2026-08-02,Present,7.9
A009853,S00986,2026-08-03,Present,9.1
A009854,S00986,2026-08-04,Present,7.1
A009855,S00986,2026-08-05,Present,7.1
A009856,S00986,2026-08-06,Present,7.8
A009857,S00986,2026-08-07,Absent,0.0
A009858,S00986,2026-08-08,Present,9.2
A009859,S00986,2026-08-09,Present,8.7
A009860,S00986,2026-08-10,Present,7.2
A009861,S00987,2026-08-01,Present,7.4
A009862,S00987,2026-08-02,Present,8.2
A009863,S00987,2026-08-03,Present,8.9
A009864,S00987,2026-08-04,Present,10.0
A009865,S00987,2026-08-05,Present,7.7
A009866,S00987,2026-08-06,Present,10.0
A009867,S00987,2026-08-07,Absent,0.0
A009868,S00987,2026-08-08,Present,9.6
A009869,S00987,2026-08-09,Present,9.2
A009870,S00987,2026-08-10,Present,9.2
A009871,S00988,2026-08-01,Present,8.0
A009872,S00988,2026-08-02,Present,8.4
A009873,S00988,2026-08-03,Present,7.2
A009874,S00988,2026-08-04,Present,9.4
A009875,S00988,2026-08-05,Present,7.9
A009876,S00988,2026-08-06,Present,9.9
A009877,S00988,2026-08-07,Present,7.1
A009878,S00988,2026-08-08,Present,8.8
A009879,S00988,2026-08-09,Present,8.5
A009880,S00988,2026-08-10,Half Day,3.3
A009881,S00989,2026-08-01,Present,9.2
A009882,S00989,2026-08-02,Present,7.3
A009883,S00989,2026-08-03,Present,8.3
A009884,S00989,2026-08-04,Present,8.2
A009885,S00989,2026-08-05,Present,7.5
A009886,S00989,2026-08-06,Present,8.4
A009887,S00989,2026-08-07,Present,7.5
A009888,S00989,2026-08-08,Present,8.4
A009889,S00989,2026-08-09,Present,8.4
A009890,S00989,2026-08-10,Present,8.7
A009891,S00990,2026-08-01,Present,8.3
A009892,S00990,2026-08-02,Present,7.0
A009893,S00990,2026-08-03,Present,9.1
A009894,S00990,2026-08-04,Present,7.6
A009895,S00990,2026-08-05,Present,7.5
A009896,S00990,2026-08-06,Absent,0.0
A009897,S00990,2026-08-07,Absent,0.0
A009898,S00990,2026-08-08,Present,8.9
A009899,S00990,2026-08-09,Present,8.0
A009900,S00990,2026-08-10,Present,10.0
A009901,S00991,2026-08-01,Present,8.4
A009902,S00991,2026-08-02,Present,8.3
A009903,S00991,2026-08-03,Present,9.9
A009904,S00991,2026-08-04,Present,9.9
A009905,S00991,2026-08-05,Present,7.1
A009906,S00991,2026-08-06,Present,9.1
A009907,S00991,2026-08-07,Present,7.5
A009908,S00991,2026-08-08,Absent,0.0
A009909,S00991,2026-08-09,Present,7.0
A009910,S00991,2026-08-10,Present,8.7
A009911,S00992,2026-08-01,Present,7.3
A009912,S00992,2026-08-02,Present,7.6
A009913,S00992,2026-08-03,Present,10.0
A009914,S00992,2026-08-04,Half Day,4.8
A009915,S00992,2026-08-05,Present,9.2
A009916,S00992,2026-08-06,Present,9.8
A009917,S00992,2026-08-07,Present,9.5
A009918,S00992,2026-08-08,Present,8.8
A009919,S00992,2026-08-09,Present,9.3
A009920,S00992,2026-08-10,Half Day,4.4
A009921,S00993,2026-08-01,Present,8.8
A009922,S00993,2026-08-02,Present,9.6
A009923,S00993,2026-08-03,Present,9.7
A009924,S00993,2026-08-04,Present,9.2
A009925,S00993,2026-08-05,Present,7.1
A009926,S00993,2026-08-06,Present,7.5
A009927,S00993,2026-08-07,Present,9.7
A009928,S00993,2026-08-08,Present,9.3
A009929,S00993,2026-08-09,Present,9.4
A009930,S00993,2026-08-10,Present,7.8
A009931,S00994,2026-08-01,Present,9.2
A009932,S00994,2026-08-02,Present,7.3
A009933,S00994,2026-08-03,Present,8.1
A009934,S00994,2026-08-04,Absent,0.0
A009935,S00994,2026-08-05,Present,7.7
A009936,S00994,2026-08-06,Absent,0.0
A009937,S00994,2026-08-07,Present,7.0
A009938,S00994,2026-08-08,Present,9.1
A009939,S00994,2026-08-09,Present,7.7
A009940,S00994,2026-08-10,Present,9.9
A009941,S00995,2026-08-01,Present,7.3
A009942,S00995,2026-08-02,Present,8.7
A009943,S00995,2026-08-03,Present,9.0
A009944,S00995,2026-08-04,Present,7.3
A009945,S00995,2026-08-05,Present,9.6
A009946,S00995,2026-08-06,Present,9.8
A009947,S00995,2026-08-07,Present,7.3
A009948,S00995,2026-08-08,Present,7.6
A009949,S00995,2026-08-09,Present,7.8
A009950,S00995,2026-08-10,Present,8.2
A009951,S00996,2026-08-01,Present,7.3
A009952,S00996,2026-08-02,Half Day,4.2
A009953,S00996,2026-08-03,Present,8.8
A009954,S00996,2026-08-04,Present,9.6
A009955,S00996,2026-08-05,Present,9.2
A009956,S00996,2026-08-06,Present,7.8
A009957,S00996,2026-08-07,Present,9.7
A009958,S00996,2026-08-08,Present,9.7
A009959,S00996,2026-08-09,Present,7.3
A009960,S00996,2026-08-10,Present,9.1
A009961,S00997,2026-08-01,Present,9.4
A009962,S00997,2026-08-02,Present,7.1
A009963,S00997,2026-08-03,Present,9.9
A009964,S00997,2026-08-04,Present,7.2
A009965,S00997,2026-08-05,Present,8.2
A009966,S00997,2026-08-06,Present,9.8
A009967,S00997,2026-08-07,Present,8.5
A009968,S00997,2026-08-08,Half Day,3.7
A009969,S00997,2026-08-09,Present,9.7
A009970,S00997,2026-08-10,Present,7.2
A009971,S00998,2026-08-01,Present,9.5
A009972,S00998,2026-08-02,Present,9.5
A009973,S00998,2026-08-03,Present,7.4
A009974,S00998,2026-08-04,Present,9.1
A009975,S00998,2026-08-05,Present,9.2
A009976,S00998,2026-08-06,Present,9.5
A009977,S00998,2026-08-07,Half Day,4.7
A009978,S00998,2026-08-08,Present,8.9
A009979,S00998,2026-08-09,Present,8.9
A009980,S00998,2026-08-10,Present,7.8
A009981,S00999,2026-08-01,Present,8.5
A009982,S00999,2026-08-02,Present,8.1
A009983,S00999,2026-08-03,Present,7.8
A009984,S00999,2026-08-04,Present,8.6
A009985,S00999,2026-08-05,Present,8.0
A009986,S00999,2026-08-06,Present,8.7
A009987,S00999,2026-08-07,Present,9.5
A009988,S00999,2026-08-08,Present,7.1
A009989,S00999,2026-08-09,Present,7.4
A009990,S00999,2026-08-10,Present,9.0
A009991,S01000,2026-08-01,Present,9.3
A009992,S01000,2026-08-02,Present,7.0
A009993,S01000,2026-08-03,Present,9.6
A009994,S01000,2026-08-04,Present,7.8
A009995,S01000,2026-08-05,Present,9.4
A009996,S01000,2026-08-06,Present,9.7
A009997,S01000,2026-08-07,Present,7.6
A009998,S01000,2026-08-08,Present,9.4
A009999,S01000,2026-08-09,Present,9.2
A010000,S01000,2026-08-10,Present,7.6
A010001,S01001,2026-08-01,Present,9.1
A010002,S01001,2026-08-02,Absent,0.0
A010003,S01001,2026-08-03,Half Day,4.5
A010004,S01001,2026-08-04,Absent,0.0
A010005,S01001,2026-08-05,Present,7.2
A010006,S01001,2026-08-06,Present,9.5
A010007,S01001,2026-08-07,Present,8.3
A010008,S01001,2026-08-08,Present,8.7
A010009,S01001,2026-08-09,Present,7.4
A010010,S01001,2026-08-10,Present,7.1
A010011,S01002,2026-08-01,Present,7.8
A010012,S01002,2026-08-02,Absent,0.0
A010013,S01002,2026-08-03,Present,9.4
A010014,S01002,2026-08-04,Present,7.3
A010015,S01002,2026-08-05,Present,8.7
A010016,S01002,2026-08-06,Absent,0.0
A010017,S01002,2026-08-07,Present,7.6
A010018,S01002,2026-08-08,Half Day,4.5
A010019,S01002,2026-08-09,Half Day,3.4
A010020,S01002,2026-08-10,Present,7.5
A010021,S01003,2026-08-01,Absent,0.0
A010022,S01003,2026-08-02,Present,9.9
A010023,S01003,2026-08-03,Present,9.0
A010024,S01003,2026-08-04,Present,9.9
A010025,S01003,2026-08-05,Present,7.1
A010026,S01003,2026-08-06,Present,7.5
A010027,S01003,2026-08-07,Present,7.4
A010028,S01003,2026-08-08,Present,9.9
A010029,S01003,2026-08-09,Present,8.1
A010030,S01003,2026-08-10,Present,7.9
A010031,S01004,2026-08-01,Half Day,3.7
A010032,S01004,2026-08-02,Present,7.5
A010033,S01004,2026-08-03,Present,9.1
A010034,S01004,2026-08-04,Present,7.7
A010035,S01004,2026-08-05,Half Day,3.4
A010036,S01004,2026-08-06,Present,8.6
A010037,S01004,2026-08-07,Present,9.3
A010038,S01004,2026-08-08,Present,9.2
A010039,S01004,2026-08-09,Present,7.8
A010040,S01004,2026-08-10,Present,7.5
A010041,S01005,2026-08-01,Present,9.5
A010042,S01005,2026-08-02,Present,7.7
A010043,S01005,2026-08-03,Present,7.8
A010044,S01005,2026-08-04,Present,9.0
A010045,S01005,2026-08-05,Present,9.2
A010046,S01005,2026-08-06,Present,8.9
A010047,S01005,2026-08-07,Present,8.4
A010048,S01005,2026-08-08,Present,7.3
A010049,S01005,2026-08-09,Present,9.9
A010050,S01005,2026-08-10,Present,7.8
A010051,S01006,2026-08-01,Present,8.0
A010052,S01006,2026-08-02,Present,9.0
A010053,S01006,2026-08-03,Present,8.0
A010054,S01006,2026-08-04,Present,9.3
A010055,S01006,2026-08-05,Present,7.2
A010056,S01006,2026-08-06,Absent,0.0
A010057,S01006,2026-08-07,Present,8.8
A010058,S01006,2026-08-08,Present,8.1
A010059,S01006,2026-08-09,Present,7.8
A010060,S01006,2026-08-10,Present,9.4
A010061,S01007,2026-08-01,Present,8.4
A010062,S01007,2026-08-02,Present,7.5
A010063,S01007,2026-08-03,Present,7.4
A010064,S01007,2026-08-04,Present,7.6
A010065,S01007,2026-08-05,Present,9.7
A010066,S01007,2026-08-06,Present,7.8
A010067,S01007,2026-08-07,Present,9.9
A010068,S01007,2026-08-08,Present,10.0
A010069,S01007,2026-08-09,Present,8.5
A010070,S01007,2026-08-10,Present,9.8
A010071,S01008,2026-08-01,Present,7.9
A010072,S01008,2026-08-02,Present,8.2
A010073,S01008,2026-08-03,Present,9.0
A010074,S01008,2026-08-04,Present,9.1
A010075,S01008,2026-08-05,Present,7.4
A010076,S01008,2026-08-06,Present,9.2
A010077,S01008,2026-08-07,Present,9.2
A010078,S01008,2026-08-08,Present,7.2
A010079,S01008,2026-08-09,Present,7.7
A010080,S01008,2026-08-10,Present,9.7
A010081,S01009,2026-08-01,Present,7.9
A010082,S01009,2026-08-02,Present,7.3
A010083,S01009,2026-08-03,Present,9.4
A010084,S01009,2026-08-04,Present,7.0
A010085,S01009,2026-08-05,Present,8.1
A010086,S01009,2026-08-06,Present,7.5
A010087,S01009,2026-08-07,Present,9.0
A010088,S01009,2026-08-08,Absent,0.0
A010089,S01009,2026-08-09,Present,9.7
A010090,S01009,2026-08-10,Present,9.3
A010091,S01010,2026-08-01,Present,8.1
A010092,S01010,2026-08-02,Present,7.7
A010093,S01010,2026-08-03,Present,9.6
A010094,S01010,2026-08-04,Present,7.5
A010095,S01010,2026-08-05,Present,9.7
A010096,S01010,2026-08-06,Present,8.4
A010097,S01010,2026-08-07,Present,8.9
A010098,S01010,2026-08-08,Present,7.3
A010099,S01010,2026-08-09,Present,7.0
A010100,S01010,2026-08-10,Present,8.6
A010101,S01011,2026-08-01,Present,9.4
A010102,S01011,2026-08-02,Present,7.8
A010103,S01011,2026-08-03,Half Day,3.4
A010104,S01011,2026-08-04,Present,8.8
A010105,S01011,2026-08-05,Present,7.2
A010106,S01011,2026-08-06,Present,7.9
A010107,S01011,2026-08-07,Half Day,4.1
A010108,S01011,2026-08-08,Present,8.6
A010109,S01011,2026-08-09,Present,8.8
A010110,S01011,2026-08-10,Present,7.2
A010111,S01012,2026-08-01,Absent,0.0
A010112,S01012,2026-08-02,Present,8.5
A010113,S01012,2026-08-03,Present,9.4
A010114,S01012,2026-08-04,Present,9.1
A010115,S01012,2026-08-05,Present,9.4
A010116,S01012,2026-08-06,Present,8.4
A010117,S01012,2026-08-07,Present,7.5
A010118,S01012,2026-08-08,Present,9.4
A010119,S01012,2026-08-09,Present,8.9
A010120,S01012,2026-08-10,Present,9.7
A010121,S01013,2026-08-01,Present,8.7
A010122,S01013,2026-08-02,Present,7.3
A010123,S01013,2026-08-03,Present,8.0
A010124,S01013,2026-08-04,Present,9.0
A010125,S01013,2026-08-05,Present,7.9
A010126,S01013,2026-08-06,Present,8.3
A010127,S01013,2026-08-07,Present,7.2
A010128,S01013,2026-08-08,Present,9.5
A010129,S01013,2026-08-09,Present,8.1
A010130,S01013,2026-08-10,Present,8.7
A010131,S01014,2026-08-01,Present,9.6
A010132,S01014,2026-08-02,Present,8.7
A010133,S01014,2026-08-03,Present,7.1
A010134,S01014,2026-08-04,Present,7.7
A010135,S01014,2026-08-05,Absent,0.0
A010136,S01014,2026-08-06,Absent,0.0
A010137,S01014,2026-08-07,Present,8.4
A010138,S01014,2026-08-08,Present,7.4
A010139,S01014,2026-08-09,Present,9.1
A010140,S01014,2026-08-10,Present,8.4
A010141,S01015,2026-08-01,Present,7.6
A010142,S01015,2026-08-02,Present,8.8
A010143,S01015,2026-08-03,Present,7.4
A010144,S01015,2026-08-04,Present,9.1
A010145,S01015,2026-08-05,Present,7.5
A010146,S01015,2026-08-06,Present,9.3
A010147,S01015,2026-08-07,Present,7.5
A010148,S01015,2026-08-08,Present,7.2
A010149,S01015,2026-08-09,Present,9.7
A010150,S01015,2026-08-10,Present,8.0
A010151,S01016,2026-08-01,Present,9.5
A010152,S01016,2026-08-02,Present,8.4
A010153,S01016,2026-08-03,Absent,0.0
A010154,S01016,2026-08-04,Present,7.2
A010155,S01016,2026-08-05,Half Day,3.1
A010156,S01016,2026-08-06,Present,9.9
A010157,S01016,2026-08-07,Present,8.5
A010158,S01016,2026-08-08,Present,7.2
A010159,S01016,2026-08-09,Present,9.4
A010160,S01016,2026-08-10,Absent,0.0
A010161,S01017,2026-08-01,Present,9.5
A010162,S01017,2026-08-02,Present,8.1
A010163,S01017,2026-08-03,Present,7.8
A010164,S01017,2026-08-04,Half Day,3.1
A010165,S01017,2026-08-05,Present,9.9
A010166,S01017,2026-08-06,Present,8.2
A010167,S01017,2026-08-07,Present,7.5
A010168,S01017,2026-08-08,Present,8.1
A010169,S01017,2026-08-09,Present,9.3
A010170,S01017,2026-08-10,Present,8.3
A010171,S01018,2026-08-01,Present,8.1
A010172,S01018,2026-08-02,Present,7.1
A010173,S01018,2026-08-03,Present,9.3
A010174,S01018,2026-08-04,Present,7.0
A010175,S01018,2026-08-05,Present,7.9
A010176,S01018,2026-08-06,Present,9.8
A010177,S01018,2026-08-07,Present,9.4
A010178,S01018,2026-08-08,Present,7.1
A010179,S01018,2026-08-09,Present,9.8
A010180,S01018,2026-08-10,Present,8.9
A010181,S01019,2026-08-01,Present,9.4
A010182,S01019,2026-08-02,Present,8.0
A010183,S01019,2026-08-03,Present,8.7
A010184,S01019,2026-08-04,Half Day,3.7
A010185,S01019,2026-08-05,Half Day,3.2
A010186,S01019,2026-08-06,Present,7.7
A010187,S01019,2026-08-07,Present,8.7
A010188,S01019,2026-08-08,Present,7.1
A010189,S01019,2026-08-09,Present,9.2
A010190,S01019,2026-08-10,Present,9.1
A010191,S01020,2026-08-01,Present,7.7
A010192,S01020,2026-08-02,Absent,0.0
A010193,S01020,2026-08-03,Present,9.9
A010194,S01020,2026-08-04,Present,9.9
A010195,S01020,2026-08-05,Present,7.2
A010196,S01020,2026-08-06,Present,8.4
A010197,S01020,2026-08-07,Half Day,4.6
A010198,S01020,2026-08-08,Present,7.4
A010199,S01020,2026-08-09,Present,7.7
A010200,S01020,2026-08-10,Present,8.5
A010201,S01021,2026-08-01,Present,9.2
A010202,S01021,2026-08-02,Half Day,3.3
A010203,S01021,2026-08-03,Present,9.0
A010204,S01021,2026-08-04,Present,10.0
A010205,S01021,2026-08-05,Present,7.6
A010206,S01021,2026-08-06,Present,8.2
A010207,S01021,2026-08-07,Present,9.6
A010208,S01021,2026-08-08,Present,8.9
A010209,S01021,2026-08-09,Present,8.3
A010210,S01021,2026-08-10,Present,9.6
A010211,S01022,2026-08-01,Present,8.7
A010212,S01022,2026-08-02,Present,9.3
A010213,S01022,2026-08-03,Present,7.1
A010214,S01022,2026-08-04,Present,8.7
A010215,S01022,2026-08-05,Present,9.5
A010216,S01022,2026-08-06,Absent,0.0
A010217,S01022,2026-08-07,Present,7.9
A010218,S01022,2026-08-08,Present,9.3
A010219,S01022,2026-08-09,Present,7.2
A010220,S01022,2026-08-10,Present,9.1
A010221,S01023,2026-08-01,Present,7.9
A010222,S01023,2026-08-02,Present,8.2
A010223,S01023,2026-08-03,Present,7.6
A010224,S01023,2026-08-04,Present,9.6
A010225,S01023,2026-08-05,Half Day,4.7
A010226,S01023,2026-08-06,Absent,0.0
A010227,S01023,2026-08-07,Present,8.6
A010228,S01023,2026-08-08,Present,7.6
A010229,S01023,2026-08-09,Present,8.1
A010230,S01023,2026-08-10,Present,9.6
A010231,S01024,2026-08-01,Present,9.4
A010232,S01024,2026-08-02,Present,7.3
A010233,S01024,2026-08-03,Present,7.4
A010234,S01024,2026-08-04,Absent,0.0
A010235,S01024,2026-08-05,Half Day,3.6
A010236,S01024,2026-08-06,Present,7.0
A010237,S01024,2026-08-07,Present,9.9
A010238,S01024,2026-08-08,Absent,0.0
A010239,S01024,2026-08-09,Present,7.6
A010240,S01024,2026-08-10,Present,9.7
A010241,S01025,2026-08-01,Absent,0.0
A010242,S01025,2026-08-02,Present,7.6
A010243,S01025,2026-08-03,Present,7.7
A010244,S01025,2026-08-04,Present,9.8
A010245,S01025,2026-08-05,Present,7.1
A010246,S01025,2026-08-06,Present,8.1
A010247,S01025,2026-08-07,Present,8.4
A010248,S01025,2026-08-08,Present,9.8
A010249,S01025,2026-08-09,Half Day,3.2
A010250,S01025,2026-08-10,Present,8.3
A010251,S01026,2026-08-01,Half Day,3.0
A010252,S01026,2026-08-02,Present,7.8
A010253,S01026,2026-08-03,Present,7.3
A010254,S01026,2026-08-04,Present,9.7
A010255,S01026,2026-08-05,Present,7.2
A010256,S01026,2026-08-06,Present,8.6
A010257,S01026,2026-08-07,Half Day,3.5
A010258,S01026,2026-08-08,Present,8.6
A010259,S01026,2026-08-09,Half Day,3.6
A010260,S01026,2026-08-10,Present,8.4
A010261,S01027,2026-08-01,Present,7.2
A010262,S01027,2026-08-02,Present,9.3
A010263,S01027,2026-08-03,Present,7.4
A010264,S01027,2026-08-04,Present,9.3
A010265,S01027,2026-08-05,Present,8.4
A010266,S01027,2026-08-06,Half Day,3.7
A010267,S01027,2026-08-07,Present,8.5
A010268,S01027,2026-08-08,Present,9.1
A010269,S01027,2026-08-09,Present,9.7
A010270,S01027,2026-08-10,Absent,0.0
A010271,S01028,2026-08-01,Present,8.7
A010272,S01028,2026-08-02,Half Day,3.8
A010273,S01028,2026-08-03,Absent,0.0
A010274,S01028,2026-08-04,Absent,0.0
A010275,S01028,2026-08-05,Present,8.5
A010276,S01028,2026-08-06,Absent,0.0
A010277,S01028,2026-08-07,Present,7.7
A010278,S01028,2026-08-08,Half Day,3.5
A010279,S01028,2026-08-09,Present,7.5
A010280,S01028,2026-08-10,Present,7.2
A010281,S01029,2026-08-01,Present,9.5
A010282,S01029,2026-08-02,Present,7.5
A010283,S01029,2026-08-03,Present,7.8
A010284,S01029,2026-08-04,Present,8.7
A010285,S01029,2026-08-05,Present,8.2
A010286,S01029,2026-08-06,Present,7.8
A010287,S01029,2026-08-07,Present,8.4
A010288,S01029,2026-08-08,Present,7.5
A010289,S01029,2026-08-09,Present,9.0
A010290,S01029,2026-08-10,Absent,0.0
A010291,S01030,2026-08-01,Present,7.8
A010292,S01030,2026-08-02,Present,7.3
A010293,S01030,2026-08-03,Present,7.5
A010294,S01030,2026-08-04,Present,9.7
A010295,S01030,2026-08-05,Present,9.7
A010296,S01030,2026-08-06,Half Day,4.0
A010297,S01030,2026-08-07,Present,7.2
A010298,S01030,2026-08-08,Present,8.1
A010299,S01030,2026-08-09,Present,8.3
A010300,S01030,2026-08-10,Present,8.7
A010301,S01031,2026-08-01,Present,7.2
A010302,S01031,2026-08-02,Present,9.2
A010303,S01031,2026-08-03,Absent,0.0
A010304,S01031,2026-08-04,Present,8.0
A010305,S01031,2026-08-05,Present,8.2
A010306,S01031,2026-08-06,Present,8.3
A010307,S01031,2026-08-07,Present,9.1
A010308,S01031,2026-08-08,Present,9.7
A010309,S01031,2026-08-09,Present,9.3
A010310,S01031,2026-08-10,Present,7.7
A010311,S01032,2026-08-01,Present,7.8
A010312,S01032,2026-08-02,Half Day,3.6
A010313,S01032,2026-08-03,Present,7.5
A010314,S01032,2026-08-04,Present,7.4
A010315,S01032,2026-08-05,Present,7.7
A010316,S01032,2026-08-06,Present,8.9
A010317,S01032,2026-08-07,Present,8.0
A010318,S01032,2026-08-08,Present,7.3
A010319,S01032,2026-08-09,Present,8.5
A010320,S01032,2026-08-10,Present,9.8
A010321,S01033,2026-08-01,Present,7.2
A010322,S01033,2026-08-02,Half Day,3.0
A010323,S01033,2026-08-03,Present,7.2
A010324,S01033,2026-08-04,Present,9.7
A010325,S01033,2026-08-05,Present,9.0
A010326,S01033,2026-08-06,Present,7.5
A010327,S01033,2026-08-07,Present,9.8
A010328,S01033,2026-08-08,Present,9.5
A010329,S01033,2026-08-09,Present,9.3
A010330,S01033,2026-08-10,Present,8.8
A010331,S01034,2026-08-01,Present,8.9
A010332,S01034,2026-08-02,Present,9.4
A010333,S01034,2026-08-03,Present,8.3
A010334,S01034,2026-08-04,Half Day,4.4
A010335,S01034,2026-08-05,Present,8.6
A010336,S01034,2026-08-06,Present,7.6
A010337,S01034,2026-08-07,Present,9.4
A010338,S01034,2026-08-08,Present,8.7
A010339,S01034,2026-08-09,Present,9.0
A010340,S01034,2026-08-10,Present,7.5
A010341,S01035,2026-08-01,Present,10.0
A010342,S01035,2026-08-02,Present,7.8
A010343,S01035,2026-08-03,Absent,0.0
A010344,S01035,2026-08-04,Half Day,3.2
A010345,S01035,2026-08-05,Present,7.5
A010346,S01035,2026-08-06,Present,8.4
A010347,S01035,2026-08-07,Present,8.8
A010348,S01035,2026-08-08,Present,8.8
A010349,S01035,2026-08-09,Present,9.0
A010350,S01035,2026-08-10,Present,9.6
A010351,S01036,2026-08-01,Present,9.1
A010352,S01036,2026-08-02,Present,9.8
A010353,S01036,2026-08-03,Present,7.6
A010354,S01036,2026-08-04,Present,8.9
A010355,S01036,2026-08-05,Present,8.8
A010356,S01036,2026-08-06,Half Day,3.5
A010357,S01036,2026-08-07,Absent,0.0
A010358,S01036,2026-08-08,Present,7.5
A010359,S01036,2026-08-09,Absent,0.0
A010360,S01036,2026-08-10,Present,9.6
A010361,S01037,2026-08-01,Half Day,4.9
A010362,S01037,2026-08-02,Present,9.7
A010363,S01037,2026-08-03,Present,9.9
A010364,S01037,2026-08-04,Present,7.9
A010365,S01037,2026-08-05,Present,9.4
A010366,S01037,2026-08-06,Present,8.7
A010367,S01037,2026-08-07,Present,8.8
A010368,S01037,2026-08-08,Present,8.6
A010369,S01037,2026-08-09,Present,7.1
A010370,S01037,2026-08-10,Present,7.3
A010371,S01038,2026-08-01,Present,9.7
A010372,S01038,2026-08-02,Present,9.3
A010373,S01038,2026-08-03,Present,8.7
A010374,S01038,2026-08-04,Half Day,3.2
A010375,S01038,2026-08-05,Present,9.0
A010376,S01038,2026-08-06,Present,8.8
A010377,S01038,2026-08-07,Present,8.7
A010378,S01038,2026-08-08,Present,9.8
A010379,S01038,2026-08-09,Present,7.6
A010380,S01038,2026-08-10,Present,8.6
A010381,S01039,2026-08-01,Present,7.3
A010382,S01039,2026-08-02,Absent,0.0
A010383,S01039,2026-08-03,Half Day,4.6
A010384,S01039,2026-08-04,Present,7.9
A010385,S01039,2026-08-05,Present,9.6
A010386,S01039,2026-08-06,Present,8.9
A010387,S01039,2026-08-07,Present,8.3
A010388,S01039,2026-08-08,Present,8.5
A010389,S01039,2026-08-09,Present,8.6
A010390,S01039,2026-08-10,Present,9.6
A010391,S01040,2026-08-01,Absent,0.0
A010392,S01040,2026-08-02,Present,8.0
A010393,S01040,2026-08-03,Half Day,3.6
A010394,S01040,2026-08-04,Present,8.8
A010395,S01040,2026-08-05,Present,9.9
A010396,S01040,2026-08-06,Present,8.7
A010397,S01040,2026-08-07,Present,8.1
A010398,S01040,2026-08-08,Present,8.6
A010399,S01040,2026-08-09,Present,7.1
A010400,S01040,2026-08-10,Present,9.5
A010401,S01041,2026-08-01,Present,8.7
A010402,S01041,2026-08-02,Present,8.8
A010403,S01041,2026-08-03,Present,9.7
A010404,S01041,2026-08-04,Present,9.2
A010405,S01041,2026-08-05,Present,7.8
A010406,S01041,2026-08-06,Present,9.1
A010407,S01041,2026-08-07,Present,8.2
A010408,S01041,2026-08-08,Present,7.3
A010409,S01041,2026-08-09,Present,9.0
A010410,S01041,2026-08-10,Half Day,3.0
A010411,S01042,2026-08-01,Half Day,4.3
A010412,S01042,2026-08-02,Present,9.1
A010413,S01042,2026-08-03,Absent,0.0
A010414,S01042,2026-08-04,Present,7.3
A010415,S01042,2026-08-05,Present,7.3
A010416,S01042,2026-08-06,Present,8.8
A010417,S01042,2026-08-07,Present,9.3
A010418,S01042,2026-08-08,Present,10.0
A010419,S01042,2026-08-09,Present,9.4
A010420,S01042,2026-08-10,Present,8.0
A010421,S01043,2026-08-01,Present,7.6
A010422,S01043,2026-08-02,Present,8.4
A010423,S01043,2026-08-03,Absent,0.0
A010424,S01043,2026-08-04,Present,7.8
A010425,S01043,2026-08-05,Present,9.7
A010426,S01043,2026-08-06,Present,7.8
A010427,S01043,2026-08-07,Present,7.4
A010428,S01043,2026-08-08,Present,8.2
A010429,S01043,2026-08-09,Present,9.7
A010430,S01043,2026-08-10,Present,7.5
A010431,S01044,2026-08-01,Present,8.3
A010432,S01044,2026-08-02,Present,8.0
A010433,S01044,2026-08-03,Present,9.3
A010434,S01044,2026-08-04,Absent,0.0
A010435,S01044,2026-08-05,Present,9.6
A010436,S01044,2026-08-06,Present,8.2
A010437,S01044,2026-08-07,Present,8.2
A010438,S01044,2026-08-08,Half Day,4.9
A010439,S01044,2026-08-09,Present,8.7
A010440,S01044,2026-08-10,Present,8.2
A010441,S01045,2026-08-01,Present,8.1
A010442,S01045,2026-08-02,Half Day,3.3
A010443,S01045,2026-08-03,Present,9.7
A010444,S01045,2026-08-04,Present,9.4
A010445,S01045,2026-08-05,Present,7.6
A010446,S01045,2026-08-06,Absent,0.0
A010447,S01045,2026-08-07,Present,9.0
A010448,S01045,2026-08-08,Present,10.0
A010449,S01045,2026-08-09,Absent,0.0
A010450,S01045,2026-08-10,Half Day,3.7
A010451,S01046,2026-08-01,Present,8.2
A010452,S01046,2026-08-02,Present,8.7
A010453,S01046,2026-08-03,Present,8.2
A010454,S01046,2026-08-04,Present,8.8
A010455,S01046,2026-08-05,Present,9.7
A010456,S01046,2026-08-06,Half Day,3.1
A010457,S01046,2026-08-07,Present,8.5
A010458,S01046,2026-08-08,Present,9.3
A010459,S01046,2026-08-09,Present,7.3
A010460,S01046,2026-08-10,Present,8.2
A010461,S01047,2026-08-01,Present,8.7
A010462,S01047,2026-08-02,Present,7.4
A010463,S01047,2026-08-03,Present,7.3
A010464,S01047,2026-08-04,Present,9.3
A010465,S01047,2026-08-05,Present,8.9
A010466,S01047,2026-08-06,Present,7.9
A010467,S01047,2026-08-07,Present,10.0
A010468,S01047,2026-08-08,Present,9.3
A010469,S01047,2026-08-09,Present,8.0
A010470,S01047,2026-08-10,Present,7.1
A010471,S01048,2026-08-01,Present,9.6
A010472,S01048,2026-08-02,Present,8.5
A010473,S01048,2026-08-03,Present,9.2
A010474,S01048,2026-08-04,Absent,0.0
A010475,S01048,2026-08-05,Present,8.3
A010476,S01048,2026-08-06,Present,8.6
A010477,S01048,2026-08-07,Present,9.6
A010478,S01048,2026-08-08,Present,9.8
A010479,S01048,2026-08-09,Present,10.0
A010480,S01048,2026-08-10,Present,9.4
A010481,S01049,2026-08-01,Present,8.1
A010482,S01049,2026-08-02,Present,8.6
A010483,S01049,2026-08-03,Present,8.6
A010484,S01049,2026-08-04,Present,9.1
A010485,S01049,2026-08-05,Half Day,4.5
A010486,S01049,2026-08-06,Present,8.6
A010487,S01049,2026-08-07,Present,7.6
A010488,S01049,2026-08-08,Present,9.4
A010489,S01049,2026-08-09,Present,8.3
A010490,S01049,2026-08-10,Present,8.5
A010491,S01050,2026-08-01,Present,9.2
A010492,S01050,2026-08-02,Present,9.6
A010493,S01050,2026-08-03,Present,9.1
A010494,S01050,2026-08-04,Half Day,4.7
A010495,S01050,2026-08-05,Present,9.7
A010496,S01050,2026-08-06,Present,7.5
A010497,S01050,2026-08-07,Present,7.8
A010498,S01050,2026-08-08,Present,8.6
A010499,S01050,2026-08-09,Half Day,4.5
A010500,S01050,2026-08-10,Present,8.3
A010501,S01051,2026-08-01,Present,9.4
A010502,S01051,2026-08-02,Present,9.3
A010503,S01051,2026-08-03,Present,8.7
A010504,S01051,2026-08-04,Present,8.9
A010505,S01051,2026-08-05,Present,7.3
A010506,S01051,2026-08-06,Present,7.4
A010507,S01051,2026-08-07,Present,7.6
A010508,S01051,2026-08-08,Present,9.4
A010509,S01051,2026-08-09,Present,9.3
A010510,S01051,2026-08-10,Present,7.7
A010511,S01052,2026-08-01,Present,9.4
A010512,S01052,2026-08-02,Half Day,4.7
A010513,S01052,2026-08-03,Present,9.7
A010514,S01052,2026-08-04,Present,8.2
A010515,S01052,2026-08-05,Present,7.6
A010516,S01052,2026-08-06,Present,9.5
A010517,S01052,2026-08-07,Present,9.5
A010518,S01052,2026-08-08,Present,8.7
A010519,S01052,2026-08-09,Present,8.6
A010520,S01052,2026-08-10,Present,9.0
A010521,S01053,2026-08-01,Present,7.0
A010522,S01053,2026-08-02,Present,8.7
A010523,S01053,2026-08-03,Present,8.6
A010524,S01053,2026-08-04,Absent,0.0
A010525,S01053,2026-08-05,Present,9.4
A010526,S01053,2026-08-06,Present,9.0
A010527,S01053,2026-08-07,Present,8.7
A010528,S01053,2026-08-08,Present,9.2
A010529,S01053,2026-08-09,Present,9.9
A010530,S01053,2026-08-10,Present,8.2
A010531,S01054,2026-08-01,Half Day,4.9
A010532,S01054,2026-08-02,Present,9.1
A010533,S01054,2026-08-03,Present,7.7
A010534,S01054,2026-08-04,Present,8.5
A010535,S01054,2026-08-05,Present,8.0
A010536,S01054,2026-08-06,Present,9.8
A010537,S01054,2026-08-07,Present,9.1
A010538,S01054,2026-08-08,Present,8.2
A010539,S01054,2026-08-09,Present,7.8
A010540,S01054,2026-08-10,Present,7.4
A010541,S01055,2026-08-01,Present,8.9
A010542,S01055,2026-08-02,Present,8.9
A010543,S01055,2026-08-03,Half Day,4.0
A010544,S01055,2026-08-04,Present,9.6
A010545,S01055,2026-08-05,Present,8.1
A010546,S01055,2026-08-06,Present,8.7
A010547,S01055,2026-08-07,Present,7.7
A010548,S01055,2026-08-08,Present,7.4
A010549,S01055,2026-08-09,Present,7.5
A010550,S01055,2026-08-10,Present,8.0
A010551,S01056,2026-08-01,Half Day,4.0
A010552,S01056,2026-08-02,Present,8.8
A010553,S01056,2026-08-03,Present,7.6
A010554,S01056,2026-08-04,Absent,0.0
A010555,S01056,2026-08-05,Half Day,3.4
A010556,S01056,2026-08-06,Present,9.3
A010557,S01056,2026-08-07,Present,7.1
A010558,S01056,2026-08-08,Present,8.9
A010559,S01056,2026-08-09,Absent,0.0
A010560,S01056,2026-08-10,Present,8.5
A010561,S01057,2026-08-01,Present,9.5
A010562,S01057,2026-08-02,Absent,0.0
A010563,S01057,2026-08-03,Present,8.1
A010564,S01057,2026-08-04,Present,8.1
A010565,S01057,2026-08-05,Present,9.6
A010566,S01057,2026-08-06,Present,8.8
A010567,S01057,2026-08-07,Present,8.3
A010568,S01057,2026-08-08,Present,9.5
A010569,S01057,2026-08-09,Present,9.2
A010570,S01057,2026-08-10,Present,9.6
A010571,S01058,2026-08-01,Present,9.0
A010572,S01058,2026-08-02,Present,9.0
A010573,S01058,2026-08-03,Present,8.0
A010574,S01058,2026-08-04,Present,8.3
A010575,S01058,2026-08-05,Present,8.5
A010576,S01058,2026-08-06,Present,8.3
A010577,S01058,2026-08-07,Half Day,4.2
A010578,S01058,2026-08-08,Present,9.9
A010579,S01058,2026-08-09,Present,8.3
A010580,S01058,2026-08-10,Present,8.5
A010581,S01059,2026-08-01,Present,8.7
A010582,S01059,2026-08-02,Present,9.9
A010583,S01059,2026-08-03,Present,9.6
A010584,S01059,2026-08-04,Present,7.1
A010585,S01059,2026-08-05,Present,8.9
A010586,S01059,2026-08-06,Present,7.0
A010587,S01059,2026-08-07,Absent,0.0
A010588,S01059,2026-08-08,Present,7.3
A010589,S01059,2026-08-09,Present,9.3
A010590,S01059,2026-08-10,Absent,0.0
A010591,S01060,2026-08-01,Present,9.7
A010592,S01060,2026-08-02,Present,9.9
A010593,S01060,2026-08-03,Present,9.9
A010594,S01060,2026-08-04,Present,7.3
A010595,S01060,2026-08-05,Present,7.7
A010596,S01060,2026-08-06,Present,10.0
A010597,S01060,2026-08-07,Present,9.4
A010598,S01060,2026-08-08,Present,9.7
A010599,S01060,2026-08-09,Present,7.8
A010600,S01060,2026-08-10,Present,8.8
A010601,S01061,2026-08-01,Present,9.7
A010602,S01061,2026-08-02,Present,9.4
A010603,S01061,2026-08-03,Present,8.8
A010604,S01061,2026-08-04,Present,9.5
A010605,S01061,2026-08-05,Present,7.7
A010606,S01061,2026-08-06,Present,7.0
A010607,S01061,2026-08-07,Present,9.8
A010608,S01061,2026-08-08,Present,8.8
A010609,S01061,2026-08-09,Present,7.2
A010610,S01061,2026-08-10,Present,8.8
A010611,S01062,2026-08-01,Present,7.9
A010612,S01062,2026-08-02,Present,8.1
A010613,S01062,2026-08-03,Present,9.0
A010614,S01062,2026-08-04,Present,7.1
A010615,S01062,2026-08-05,Present,7.5
A010616,S01062,2026-08-06,Absent,0.0
A010617,S01062,2026-08-07,Present,9.4
A010618,S01062,2026-08-08,Half Day,4.9
A010619,S01062,2026-08-09,Present,9.2
A010620,S01062,2026-08-10,Half Day,4.1
A010621,S01063,2026-08-01,Present,7.3
A010622,S01063,2026-08-02,Present,7.9
A010623,S01063,2026-08-03,Absent,0.0
A010624,S01063,2026-08-04,Present,9.5
A010625,S01063,2026-08-05,Present,9.6
A010626,S01063,2026-08-06,Present,9.3
A010627,S01063,2026-08-07,Present,8.6
A010628,S01063,2026-08-08,Present,8.3
A010629,S01063,2026-08-09,Present,9.2
A010630,S01063,2026-08-10,Absent,0.0
A010631,S01064,2026-08-01,Present,9.3
A010632,S01064,2026-08-02,Present,9.8
A010633,S01064,2026-08-03,Present,7.5
A010634,S01064,2026-08-04,Half Day,4.4
A010635,S01064,2026-08-05,Present,7.3
A010636,S01064,2026-08-06,Present,7.6
A010637,S01064,2026-08-07,Present,9.3
A010638,S01064,2026-08-08,Present,8.7
A010639,S01064,2026-08-09,Present,9.3
A010640,S01064,2026-08-10,Present,8.9
A010641,S01065,2026-08-01,Present,10.0
A010642,S01065,2026-08-02,Present,8.5
A010643,S01065,2026-08-03,Absent,0.0
A010644,S01065,2026-08-04,Present,9.1
A010645,S01065,2026-08-05,Present,9.4
A010646,S01065,2026-08-06,Present,8.4
A010647,S01065,2026-08-07,Present,8.1
A010648,S01065,2026-08-08,Absent,0.0
A010649,S01065,2026-08-09,Present,9.5
A010650,S01065,2026-08-10,Absent,0.0
A010651,S01066,2026-08-01,Present,9.9
A010652,S01066,2026-08-02,Present,8.1
A010653,S01066,2026-08-03,Present,8.1
A010654,S01066,2026-08-04,Present,7.9
A010655,S01066,2026-08-05,Present,8.7
A010656,S01066,2026-08-06,Half Day,4.0
A010657,S01066,2026-08-07,Present,8.2
A010658,S01066,2026-08-08,Present,8.4
A010659,S01066,2026-08-09,Half Day,3.5
A010660,S01066,2026-08-10,Present,9.4
A010661,S01067,2026-08-01,Present,9.8
A010662,S01067,2026-08-02,Present,8.4
A010663,S01067,2026-08-03,Present,8.7
A010664,S01067,2026-08-04,Half Day,4.4
A010665,S01067,2026-08-05,Half Day,4.7
A010666,S01067,2026-08-06,Present,7.2
A010667,S01067,2026-08-07,Absent,0.0
A010668,S01067,2026-08-08,Absent,0.0
A010669,S01067,2026-08-09,Present,8.1
A010670,S01067,2026-08-10,Present,10.0
A010671,S01068,2026-08-01,Present,8.7
A010672,S01068,2026-08-02,Present,7.5
A010673,S01068,2026-08-03,Present,8.4
A010674,S01068,2026-08-04,Present,8.1
A010675,S01068,2026-08-05,Present,7.8
A010676,S01068,2026-08-06,Present,8.6
A010677,S01068,2026-08-07,Present,8.4
A010678,S01068,2026-08-08,Present,7.2
A010679,S01068,2026-08-09,Present,9.8
A010680,S01068,2026-08-10,Present,9.8
A010681,S01069,2026-08-01,Present,9.5
A010682,S01069,2026-08-02,Present,8.9
A010683,S01069,2026-08-03,Present,7.2
A010684,S01069,2026-08-04,Half Day,3.4
A010685,S01069,2026-08-05,Present,9.4
A010686,S01069,2026-08-06,Present,8.6
A010687,S01069,2026-08-07,Absent,0.0
A010688,S01069,2026-08-08,Present,7.0
A010689,S01069,2026-08-09,Present,8.2
A010690,S01069,2026-08-10,Present,8.8
A010691,S01070,2026-08-01,Present,9.6
A010692,S01070,2026-08-02,Present,9.4
A010693,S01070,2026-08-03,Present,8.9
A010694,S01070,2026-08-04,Present,8.6
A010695,S01070,2026-08-05,Present,8.2
A010696,S01070,2026-08-06,Present,9.9
A010697,S01070,2026-08-07,Absent,0.0
A010698,S01070,2026-08-08,Present,8.0
A010699,S01070,2026-08-09,Present,8.2
A010700,S01070,2026-08-10,Present,8.0
A010701,S01071,2026-08-01,Present,9.8
A010702,S01071,2026-08-02,Present,9.7
A010703,S01071,2026-08-03,Present,8.0
A010704,S01071,2026-08-04,Absent,0.0
A010705,S01071,2026-08-05,Present,7.3
A010706,S01071,2026-08-06,Present,7.2
A010707,S01071,2026-08-07,Present,7.1
A010708,S01071,2026-08-08,Present,7.1
A010709,S01071,2026-08-09,Present,9.2
A010710,S01071,2026-08-10,Present,9.7
A010711,S01072,2026-08-01,Absent,0.0
A010712,S01072,2026-08-02,Present,8.3
A010713,S01072,2026-08-03,Present,9.3
A010714,S01072,2026-08-04,Half Day,3.3
A010715,S01072,2026-08-05,Absent,0.0
A010716,S01072,2026-08-06,Present,7.7
A010717,S01072,2026-08-07,Present,8.9
A010718,S01072,2026-08-08,Present,9.6
A010719,S01072,2026-08-09,Half Day,4.4
A010720,S01072,2026-08-10,Present,8.8
A010721,S01073,2026-08-01,Present,7.3
A010722,S01073,2026-08-02,Present,8.1
A010723,S01073,2026-08-03,Absent,0.0
A010724,S01073,2026-08-04,Present,8.9
A010725,S01073,2026-08-05,Present,9.7
A010726,S01073,2026-08-06,Present,7.1
A010727,S01073,2026-08-07,Present,9.3
A010728,S01073,2026-08-08,Present,8.5
A010729,S01073,2026-08-09,Present,7.6
A010730,S01073,2026-08-10,Present,8.7
A010731,S01074,2026-08-01,Present,8.0
A010732,S01074,2026-08-02,Present,9.2
A010733,S01074,2026-08-03,Half Day,3.3
A010734,S01074,2026-08-04,Present,8.4
A010735,S01074,2026-08-05,Present,7.0
A010736,S01074,2026-08-06,Present,9.8
A010737,S01074,2026-08-07,Present,7.5
A010738,S01074,2026-08-08,Present,7.8
A010739,S01074,2026-08-09,Present,8.3
A010740,S01074,2026-08-10,Absent,0.0
A010741,S01075,2026-08-01,Present,8.9
A010742,S01075,2026-08-02,Present,8.5
A010743,S01075,2026-08-03,Present,8.9
A010744,S01075,2026-08-04,Present,9.5
A010745,S01075,2026-08-05,Present,8.5
A010746,S01075,2026-08-06,Present,7.5
A010747,S01075,2026-08-07,Present,7.5
A010748,S01075,2026-08-08,Present,8.7
A010749,S01075,2026-08-09,Present,8.8
A010750,S01075,2026-08-10,Present,7.4
A010751,S01076,2026-08-01,Present,8.2
A010752,S01076,2026-08-02,Half Day,4.1
A010753,S01076,2026-08-03,Present,7.7
A010754,S01076,2026-08-04,Half Day,4.7
A010755,S01076,2026-08-05,Present,10.0
A010756,S01076,2026-08-06,Present,7.8
A010757,S01076,2026-08-07,Present,9.6
A010758,S01076,2026-08-08,Present,8.4
A010759,S01076,2026-08-09,Present,9.5
A010760,S01076,2026-08-10,Present,9.6
A010761,S01077,2026-08-01,Present,7.2
A010762,S01077,2026-08-02,Present,7.4
A010763,S01077,2026-08-03,Present,9.6
A010764,S01077,2026-08-04,Present,8.0
A010765,S01077,2026-08-05,Present,7.6
A010766,S01077,2026-08-06,Present,8.4
A010767,S01077,2026-08-07,Present,7.1
A010768,S01077,2026-08-08,Present,8.1
A010769,S01077,2026-08-09,Present,8.2
A010770,S01077,2026-08-10,Present,8.2
A010771,S01078,2026-08-01,Absent,0.0
A010772,S01078,2026-08-02,Half Day,3.0
A010773,S01078,2026-08-03,Present,7.3
A010774,S01078,2026-08-04,Present,7.0
A010775,S01078,2026-08-05,Half Day,4.7
A010776,S01078,2026-08-06,Absent,0.0
A010777,S01078,2026-08-07,Present,7.4
A010778,S01078,2026-08-08,Absent,0.0
A010779,S01078,2026-08-09,Present,9.0
A010780,S01078,2026-08-10,Half Day,3.9
A010781,S01079,2026-08-01,Half Day,4.4
A010782,S01079,2026-08-02,Present,9.2
A010783,S01079,2026-08-03,Present,8.8
A010784,S01079,2026-08-04,Present,7.3
A010785,S01079,2026-08-05,Present,7.0
A010786,S01079,2026-08-06,Present,8.0
A010787,S01079,2026-08-07,Present,9.7
A010788,S01079,2026-08-08,Present,9.6
A010789,S01079,2026-08-09,Present,8.9
A010790,S01079,2026-08-10,Present,7.3
A010791,S01080,2026-08-01,Present,9.9
A010792,S01080,2026-08-02,Present,8.4
A010793,S01080,2026-08-03,Present,9.7
A010794,S01080,2026-08-04,Present,9.7
A010795,S01080,2026-08-05,Present,8.1
A010796,S01080,2026-08-06,Present,7.5
A010797,S01080,2026-08-07,Present,7.4
A010798,S01080,2026-08-08,Present,9.4
A010799,S01080,2026-08-09,Present,9.4
A010800,S01080,2026-08-10,Present,8.3
A010801,S01081,2026-08-01,Absent,0.0
A010802,S01081,2026-08-02,Present,7.1
A010803,S01081,2026-08-03,Present,7.2
A010804,S01081,2026-08-04,Half Day,4.3
A010805,S01081,2026-08-05,Present,8.8
A010806,S01081,2026-08-06,Present,9.0
A010807,S01081,2026-08-07,Present,9.3
A010808,S01081,2026-08-08,Present,8.9
A010809,S01081,2026-08-09,Present,7.6
A010810,S01081,2026-08-10,Present,9.6
A010811,S01082,2026-08-01,Present,7.5
A010812,S01082,2026-08-02,Present,7.9
A010813,S01082,2026-08-03,Present,7.5
A010814,S01082,2026-08-04,Present,8.3
A010815,S01082,2026-08-05,Present,8.4
A010816,S01082,2026-08-06,Present,8.8
A010817,S01082,2026-08-07,Present,9.3
A010818,S01082,2026-08-08,Half Day,4.3
A010819,S01082,2026-08-09,Present,9.3
A010820,S01082,2026-08-10,Present,9.3
A010821,S01083,2026-08-01,Present,7.7
A010822,S01083,2026-08-02,Present,7.6
A010823,S01083,2026-08-03,Absent,0.0
A010824,S01083,2026-08-04,Present,9.7
A010825,S01083,2026-08-05,Present,7.2
A010826,S01083,2026-08-06,Present,7.7
A010827,S01083,2026-08-07,Present,8.5
A010828,S01083,2026-08-08,Half Day,3.5
A010829,S01083,2026-08-09,Present,8.8
A010830,S01083,2026-08-10,Present,8.4
A010831,S01084,2026-08-01,Absent,0.0
A010832,S01084,2026-08-02,Present,8.5
A010833,S01084,2026-08-03,Absent,0.0
A010834,S01084,2026-08-04,Present,9.5
A010835,S01084,2026-08-05,Present,8.0
A010836,S01084,2026-08-06,Present,9.0
A010837,S01084,2026-08-07,Present,8.1
A010838,S01084,2026-08-08,Present,9.9
A010839,S01084,2026-08-09,Present,9.0
A010840,S01084,2026-08-10,Half Day,3.3
A010841,S01085,2026-08-01,Half Day,3.6
A010842,S01085,2026-08-02,Present,7.4
A010843,S01085,2026-08-03,Present,8.6
A010844,S01085,2026-08-04,Present,8.1
A010845,S01085,2026-08-05,Present,8.6
A010846,S01085,2026-08-06,Present,9.9
A010847,S01085,2026-08-07,Present,9.4
A010848,S01085,2026-08-08,Present,10.0
A010849,S01085,2026-08-09,Present,8.5
A010850,S01085,2026-08-10,Absent,0.0
A010851,S01086,2026-08-01,Present,8.1
A010852,S01086,2026-08-02,Half Day,3.9
A010853,S01086,2026-08-03,Half Day,3.7
A010854,S01086,2026-08-04,Present,8.9
A010855,S01086,2026-08-05,Present,10.0
A010856,S01086,2026-08-06,Present,7.6
A010857,S01086,2026-08-07,Absent,0.0
A010858,S01086,2026-08-08,Present,8.2
A010859,S01086,2026-08-09,Half Day,3.8
A010860,S01086,2026-08-10,Present,9.4
A010861,S01087,2026-08-01,Absent,0.0
A010862,S01087,2026-08-02,Present,9.1
A010863,S01087,2026-08-03,Present,7.6
A010864,S01087,2026-08-04,Present,7.5
A010865,S01087,2026-08-05,Present,8.4
A010866,S01087,2026-08-06,Present,8.5
A010867,S01087,2026-08-07,Present,8.1
A010868,S01087,2026-08-08,Present,9.2
A010869,S01087,2026-08-09,Absent,0.0
A010870,S01087,2026-08-10,Present,8.0
A010871,S01088,2026-08-01,Present,8.8
A010872,S01088,2026-08-02,Present,7.1
A010873,S01088,2026-08-03,Present,9.5
A010874,S01088,2026-08-04,Absent,0.0
A010875,S01088,2026-08-05,Present,9.6
A010876,S01088,2026-08-06,Present,9.0
A010877,S01088,2026-08-07,Present,7.1
A010878,S01088,2026-08-08,Present,7.6
A010879,S01088,2026-08-09,Present,7.9
A010880,S01088,2026-08-10,Present,7.4
A010881,S01089,2026-08-01,Present,7.5
A010882,S01089,2026-08-02,Present,9.1
A010883,S01089,2026-08-03,Present,9.4
A010884,S01089,2026-08-04,Present,9.4
A010885,S01089,2026-08-05,Present,9.7
A010886,S01089,2026-08-06,Half Day,4.1
A010887,S01089,2026-08-07,Present,8.6
A010888,S01089,2026-08-08,Present,9.2
A010889,S01089,2026-08-09,Present,9.5
A010890,S01089,2026-08-10,Present,7.4
A010891,S01090,2026-08-01,Present,7.5
A010892,S01090,2026-08-02,Present,8.4
A010893,S01090,2026-08-03,Present,7.1
A010894,S01090,2026-08-04,Present,7.8
A010895,S01090,2026-08-05,Half Day,3.4
A010896,S01090,2026-08-06,Present,8.4
A010897,S01090,2026-08-07,Present,9.6
A010898,S01090,2026-08-08,Half Day,4.0
A010899,S01090,2026-08-09,Half Day,3.1
A010900,S01090,2026-08-10,Absent,0.0
A010901,S01091,2026-08-01,Present,9.6
A010902,S01091,2026-08-02,Present,7.6
A010903,S01091,2026-08-03,Present,10.0
A010904,S01091,2026-08-04,Present,9.2
A010905,S01091,2026-08-05,Present,8.8
A010906,S01091,2026-08-06,Present,8.9
A010907,S01091,2026-08-07,Present,7.8
A010908,S01091,2026-08-08,Present,9.6
A010909,S01091,2026-08-09,Present,8.3
A010910,S01091,2026-08-10,Present,8.1
A010911,S01092,2026-08-01,Present,9.5
A010912,S01092,2026-08-02,Present,9.1
A010913,S01092,2026-08-03,Present,7.3
A010914,S01092,2026-08-04,Present,8.2
A010915,S01092,2026-08-05,Present,9.2
A010916,S01092,2026-08-06,Present,8.2
A010917,S01092,2026-08-07,Present,7.7
A010918,S01092,2026-08-08,Present,7.9
A010919,S01092,2026-08-09,Present,9.4
A010920,S01092,2026-08-10,Absent,0.0
A010921,S01093,2026-08-01,Present,9.8
A010922,S01093,2026-08-02,Present,7.5
A010923,S01093,2026-08-03,Present,8.8
A010924,S01093,2026-08-04,Present,7.2
A010925,S01093,2026-08-05,Present,9.2
A010926,S01093,2026-08-06,Present,9.7
A010927,S01093,2026-08-07,Present,8.6
A010928,S01093,2026-08-08,Present,9.0
A010929,S01093,2026-08-09,Half Day,4.7
A010930,S01093,2026-08-10,Present,8.2
A010931,S01094,2026-08-01,Present,9.3
A010932,S01094,2026-08-02,Present,7.1
A010933,S01094,2026-08-03,Present,8.4
A010934,S01094,2026-08-04,Present,8.1
A010935,S01094,2026-08-05,Half Day,3.3
A010936,S01094,2026-08-06,Present,7.2
A010937,S01094,2026-08-07,Present,7.2
A010938,S01094,2026-08-08,Present,7.8
A010939,S01094,2026-08-09,Present,7.1
A010940,S01094,2026-08-10,Present,9.0
A010941,S01095,2026-08-01,Present,8.0
A010942,S01095,2026-08-02,Present,7.3
A010943,S01095,2026-08-03,Present,9.3
A010944,S01095,2026-08-04,Present,8.1
A010945,S01095,2026-08-05,Present,7.6
A010946,S01095,2026-08-06,Half Day,3.8
A010947,S01095,2026-08-07,Present,9.1
A010948,S01095,2026-08-08,Absent,0.0
A010949,S01095,2026-08-09,Half Day,3.0
A010950,S01095,2026-08-10,Present,9.1
A010951,S01096,2026-08-01,Present,7.8
A010952,S01096,2026-08-02,Present,7.6
A010953,S01096,2026-08-03,Present,7.3
A010954,S01096,2026-08-04,Present,8.4
A010955,S01096,2026-08-05,Present,8.1
A010956,S01096,2026-08-06,Present,8.2
A010957,S01096,2026-08-07,Present,8.2
A010958,S01096,2026-08-08,Present,9.3
A010959,S01096,2026-08-09,Present,9.2
A010960,S01096,2026-08-10,Present,9.4
A010961,S01097,2026-08-01,Present,10.0
A010962,S01097,2026-08-02,Present,9.9
A010963,S01097,2026-08-03,Absent,0.0
A010964,S01097,2026-08-04,Present,9.0
A010965,S01097,2026-08-05,Present,9.0
A010966,S01097,2026-08-06,Present,9.4
A010967,S01097,2026-08-07,Half Day,4.6
A010968,S01097,2026-08-08,Half Day,4.8
A010969,S01097,2026-08-09,Present,9.9
A010970,S01097,2026-08-10,Present,8.1
A010971,S01098,2026-08-01,Present,7.2
A010972,S01098,2026-08-02,Present,8.7
A010973,S01098,2026-08-03,Absent,0.0
A010974,S01098,2026-08-04,Present,9.3
A010975,S01098,2026-08-05,Present,9.6
A010976,S01098,2026-08-06,Present,7.2
A010977,S01098,2026-08-07,Present,8.5
A010978,S01098,2026-08-08,Present,7.9
A010979,S01098,2026-08-09,Absent,0.0
A010980,S01098,2026-08-10,Present,8.8
A010981,S01099,2026-08-01,Present,9.8
A010982,S01099,2026-08-02,Present,8.7
A010983,S01099,2026-08-03,Present,7.2
A010984,S01099,2026-08-04,Present,9.4
A010985,S01099,2026-08-05,Present,7.3
A010986,S01099,2026-08-06,Present,9.5
A010987,S01099,2026-08-07,Present,7.9
A010988,S01099,2026-08-08,Present,9.2
A010989,S01099,2026-08-09,Half Day,3.7
A010990,S01099,2026-08-10,Present,10.0
A010991,S01100,2026-08-01,Present,8.4
A010992,S01100,2026-08-02,Present,7.4
A010993,S01100,2026-08-03,Present,8.3
A010994,S01100,2026-08-04,Present,9.0
A010995,S01100,2026-08-05,Half Day,3.5
A010996,S01100,2026-08-06,Present,9.1
A010997,S01100,2026-08-07,Present,8.6
A010998,S01100,2026-08-08,Present,8.1
A010999,S01100,2026-08-09,Present,9.7
A011000,S01100,2026-08-10,Present,9.4
A011001,S01101,2026-08-01,Present,7.5
A011002,S01101,2026-08-02,Present,7.3
A011003,S01101,2026-08-03,Present,9.6
A011004,S01101,2026-08-04,Present,7.4
A011005,S01101,2026-08-05,Present,9.0
A011006,S01101,2026-08-06,Present,9.8
A011007,S01101,2026-08-07,Absent,0.0
A011008,S01101,2026-08-08,Absent,0.0
A011009,S01101,2026-08-09,Present,8.9
A011010,S01101,2026-08-10,Present,8.8
A011011,S01102,2026-08-01,Present,7.3
A011012,S01102,2026-08-02,Present,7.0
A011013,S01102,2026-08-03,Present,9.5
A011014,S01102,2026-08-04,Present,9.2
A011015,S01102,2026-08-05,Present,9.6
A011016,S01102,2026-08-06,Present,9.9
A011017,S01102,2026-08-07,Present,7.2
A011018,S01102,2026-08-08,Present,9.6
A011019,S01102,2026-08-09,Present,9.1
A011020,S01102,2026-08-10,Present,7.6
A011021,S01103,2026-08-01,Present,7.8
A011022,S01103,2026-08-02,Present,9.2
A011023,S01103,2026-08-03,Half Day,3.3
A011024,S01103,2026-08-04,Absent,0.0
A011025,S01103,2026-08-05,Absent,0.0
A011026,S01103,2026-08-06,Present,7.6
A011027,S01103,2026-08-07,Present,7.0
A011028,S01103,2026-08-08,Present,8.0
A011029,S01103,2026-08-09,Present,7.3
A011030,S01103,2026-08-10,Present,8.0
A011031,S01104,2026-08-01,Present,7.8
A011032,S01104,2026-08-02,Absent,0.0
A011033,S01104,2026-08-03,Present,9.6
A011034,S01104,2026-08-04,Present,9.4
A011035,S01104,2026-08-05,Present,9.5
A011036,S01104,2026-08-06,Present,9.5
A011037,S01104,2026-08-07,Present,8.3
A011038,S01104,2026-08-08,Present,9.8
A011039,S01104,2026-08-09,Present,7.1
A011040,S01104,2026-08-10,Present,8.5
A011041,S01105,2026-08-01,Present,7.4
A011042,S01105,2026-08-02,Absent,0.0
A011043,S01105,2026-08-03,Present,8.2
A011044,S01105,2026-08-04,Present,9.1
A011045,S01105,2026-08-05,Present,9.5
A011046,S01105,2026-08-06,Present,7.6
A011047,S01105,2026-08-07,Present,9.0
A011048,S01105,2026-08-08,Present,8.6
A011049,S01105,2026-08-09,Present,7.8
A011050,S01105,2026-08-10,Present,7.9
A011051,S01106,2026-08-01,Present,8.0
A011052,S01106,2026-08-02,Absent,0.0
A011053,S01106,2026-08-03,Present,7.1
A011054,S01106,2026-08-04,Present,7.1
A011055,S01106,2026-08-05,Present,9.7
A011056,S01106,2026-08-06,Present,7.0
A011057,S01106,2026-08-07,Present,8.4
A011058,S01106,2026-08-08,Present,7.9
A011059,S01106,2026-08-09,Half Day,4.8
A011060,S01106,2026-08-10,Present,8.3
A011061,S01107,2026-08-01,Half Day,3.4
A011062,S01107,2026-08-02,Present,7.8
A011063,S01107,2026-08-03,Present,8.6
A011064,S01107,2026-08-04,Present,8.1
A011065,S01107,2026-08-05,Present,9.8
A011066,S01107,2026-08-06,Present,7.1
A011067,S01107,2026-08-07,Present,9.5
A011068,S01107,2026-08-08,Absent,0.0
A011069,S01107,2026-08-09,Present,9.2
A011070,S01107,2026-08-10,Present,7.7
A011071,S01108,2026-08-01,Present,8.2
A011072,S01108,2026-08-02,Half Day,3.2
A011073,S01108,2026-08-03,Present,8.0
A011074,S01108,2026-08-04,Present,9.9
A011075,S01108,2026-08-05,Half Day,5.0
A011076,S01108,2026-08-06,Present,9.7
A011077,S01108,2026-08-07,Present,8.0
A011078,S01108,2026-08-08,Present,7.8
A011079,S01108,2026-08-09,Present,9.3
A011080,S01108,2026-08-10,Present,8.2
A011081,S01109,2026-08-01,Present,8.7
A011082,S01109,2026-08-02,Present,8.5
A011083,S01109,2026-08-03,Present,7.2
A011084,S01109,2026-08-04,Present,9.1
A011085,S01109,2026-08-05,Absent,0.0
A011086,S01109,2026-08-06,Present,8.3
A011087,S01109,2026-08-07,Present,9.6
A011088,S01109,2026-08-08,Present,7.2
A011089,S01109,2026-08-09,Present,9.8
A011090,S01109,2026-08-10,Present,7.7
A011091,S01110,2026-08-01,Present,7.0
A011092,S01110,2026-08-02,Present,8.8
A011093,S01110,2026-08-03,Present,9.6
A011094,S01110,2026-08-04,Present,9.5
A011095,S01110,2026-08-05,Present,9.6
A011096,S01110,2026-08-06,Present,9.4
A011097,S01110,2026-08-07,Present,8.5
A011098,S01110,2026-08-08,Present,8.7
A011099,S01110,2026-08-09,Present,9.1
A011100,S01110,2026-08-10,Present,7.1
A011101,S01111,2026-08-01,Present,8.2
A011102,S01111,2026-08-02,Present,7.1
A011103,S01111,2026-08-03,Present,7.9
A011104,S01111,2026-08-04,Present,8.4
A011105,S01111,2026-08-05,Present,8.7
A011106,S01111,2026-08-06,Present,8.9
A011107,S01111,2026-08-07,Present,8.0
A011108,S01111,2026-08-08,Present,8.3
A011109,S01111,2026-08-09,Present,7.0
A011110,S01111,2026-08-10,Present,9.0
A011111,S01112,2026-08-01,Present,9.0
A011112,S01112,2026-08-02,Present,7.4
A011113,S01112,2026-08-03,Present,9.6
A011114,S01112,2026-08-04,Present,7.8
A011115,S01112,2026-08-05,Present,7.7
A011116,S01112,2026-08-06,Present,8.6
A011117,S01112,2026-08-07,Present,8.4
A011118,S01112,2026-08-08,Present,9.5
A011119,S01112,2026-08-09,Present,7.3
A011120,S01112,2026-08-10,Present,9.2
A011121,S01113,2026-08-01,Present,8.0
A011122,S01113,2026-08-02,Present,9.3
A011123,S01113,2026-08-03,Present,7.4
A011124,S01113,2026-08-04,Present,8.6
A011125,S01113,2026-08-05,Present,7.5
A011126,S01113,2026-08-06,Present,7.9
A011127,S01113,2026-08-07,Present,9.2
A011128,S01113,2026-08-08,Half Day,3.8
A011129,S01113,2026-08-09,Half Day,3.2
A011130,S01113,2026-08-10,Present,8.2
A011131,S01114,2026-08-01,Present,9.8
A011132,S01114,2026-08-02,Present,9.3
A011133,S01114,2026-08-03,Present,8.3
A011134,S01114,2026-08-04,Present,9.1
A011135,S01114,2026-08-05,Present,8.5
A011136,S01114,2026-08-06,Absent,0.0
A011137,S01114,2026-08-07,Present,7.1
A011138,S01114,2026-08-08,Present,7.3
A011139,S01114,2026-08-09,Present,9.3
A011140,S01114,2026-08-10,Present,8.4
A011141,S01115,2026-08-01,Present,7.5
A011142,S01115,2026-08-02,Present,8.2
A011143,S01115,2026-08-03,Present,10.0
A011144,S01115,2026-08-04,Present,9.7
A011145,S01115,2026-08-05,Present,9.9
A011146,S01115,2026-08-06,Present,9.9
A011147,S01115,2026-08-07,Present,9.5
A011148,S01115,2026-08-08,Present,7.3
A011149,S01115,2026-08-09,Present,7.2
A011150,S01115,2026-08-10,Absent,0.0
A011151,S01116,2026-08-01,Half Day,4.3
A011152,S01116,2026-08-02,Present,8.9
A011153,S01116,2026-08-03,Present,8.2
A011154,S01116,2026-08-04,Present,7.8
A011155,S01116,2026-08-05,Present,9.9
A011156,S01116,2026-08-06,Present,9.1
A011157,S01116,2026-08-07,Present,8.1
A011158,S01116,2026-08-08,Present,7.8
A011159,S01116,2026-08-09,Present,9.6
A011160,S01116,2026-08-10,Present,8.3
A011161,S01117,2026-08-01,Present,9.6
A011162,S01117,2026-08-02,Present,9.4
A011163,S01117,2026-08-03,Present,7.6
A011164,S01117,2026-08-04,Present,7.6
A011165,S01117,2026-08-05,Present,7.3
A011166,S01117,2026-08-06,Present,7.6
A011167,S01117,2026-08-07,Present,9.0
A011168,S01117,2026-08-08,Present,8.1
A011169,S01117,2026-08-09,Present,8.2
A011170,S01117,2026-08-10,Present,7.5
A011171,S01118,2026-08-01,Present,8.7
A011172,S01118,2026-08-02,Present,7.1
A011173,S01118,2026-08-03,Present,7.9
A011174,S01118,2026-08-04,Present,7.5
A011175,S01118,2026-08-05,Present,8.8
A011176,S01118,2026-08-06,Present,9.7
A011177,S01118,2026-08-07,Half Day,3.2
A011178,S01118,2026-08-08,Present,7.4
A011179,S01118,2026-08-09,Present,8.0
A011180,S01118,2026-08-10,Present,9.6
A011181,S01119,2026-08-01,Present,9.5
A011182,S01119,2026-08-02,Present,9.0
A011183,S01119,2026-08-03,Present,8.5
A011184,S01119,2026-08-04,Present,9.1
A011185,S01119,2026-08-05,Present,8.3
A011186,S01119,2026-08-06,Present,7.7
A011187,S01119,2026-08-07,Present,7.5
A011188,S01119,2026-08-08,Half Day,4.8
A011189,S01119,2026-08-09,Present,8.9
A011190,S01119,2026-08-10,Present,10.0
A011191,S01120,2026-08-01,Half Day,4.7
A011192,S01120,2026-08-02,Present,9.2
A011193,S01120,2026-08-03,Present,8.8
A011194,S01120,2026-08-04,Absent,0.0
A011195,S01120,2026-08-05,Present,8.6
A011196,S01120,2026-08-06,Present,7.7
A011197,S01120,2026-08-07,Present,9.8
A011198,S01120,2026-08-08,Present,8.7
A011199,S01120,2026-08-09,Present,8.5
A011200,S01120,2026-08-10,Absent,0.0
A011201,S01121,2026-08-01,Present,7.1
A011202,S01121,2026-08-02,Present,8.1
A011203,S01121,2026-08-03,Present,9.5
A011204,S01121,2026-08-04,Present,8.9
A011205,S01121,2026-08-05,Absent,0.0
A011206,S01121,2026-08-06,Present,8.8
A011207,S01121,2026-08-07,Present,9.3
A011208,S01121,2026-08-08,Present,9.9
A011209,S01121,2026-08-09,Present,7.8
A011210,S01121,2026-08-10,Present,8.0
A011211,S01122,2026-08-01,Present,8.8
A011212,S01122,2026-08-02,Present,9.5
A011213,S01122,2026-08-03,Present,7.5
A011214,S01122,2026-08-04,Present,8.6
A011215,S01122,2026-08-05,Present,7.2
A011216,S01122,2026-08-06,Present,8.2
A011217,S01122,2026-08-07,Present,8.9
A011218,S01122,2026-08-08,Present,8.0
A011219,S01122,2026-08-09,Half Day,4.3
A011220,S01122,2026-08-10,Present,8.2
A011221,S01123,2026-08-01,Present,7.1
A011222,S01123,2026-08-02,Absent,0.0
A011223,S01123,2026-08-03,Half Day,4.4
A011224,S01123,2026-08-04,Absent,0.0
A011225,S01123,2026-08-05,Present,7.6
A011226,S01123,2026-08-06,Present,7.7
A011227,S01123,2026-08-07,Half Day,4.9
A011228,S01123,2026-08-08,Present,8.8
A011229,S01123,2026-08-09,Present,7.3
A011230,S01123,2026-08-10,Present,9.6
A011231,S01124,2026-08-01,Present,9.6
A011232,S01124,2026-08-02,Present,7.7
A011233,S01124,2026-08-03,Half Day,3.9
A011234,S01124,2026-08-04,Present,9.8
A011235,S01124,2026-08-05,Half Day,4.1
A011236,S01124,2026-08-06,Present,7.8
A011237,S01124,2026-08-07,Half Day,4.4
A011238,S01124,2026-08-08,Present,9.8
A011239,S01124,2026-08-09,Present,9.1
A011240,S01124,2026-08-10,Present,7.9
A011241,S01125,2026-08-01,Present,9.7
A011242,S01125,2026-08-02,Present,8.2
A011243,S01125,2026-08-03,Present,9.8
A011244,S01125,2026-08-04,Present,9.7
A011245,S01125,2026-08-05,Half Day,3.2
A011246,S01125,2026-08-06,Present,7.7
A011247,S01125,2026-08-07,Present,9.9
A011248,S01125,2026-08-08,Present,9.6
A011249,S01125,2026-08-09,Present,7.7
A011250,S01125,2026-08-10,Present,9.1
A011251,S01126,2026-08-01,Absent,0.0
A011252,S01126,2026-08-02,Present,7.8
A011253,S01126,2026-08-03,Present,7.4
A011254,S01126,2026-08-04,Present,7.5
A011255,S01126,2026-08-05,Present,7.5
A011256,S01126,2026-08-06,Present,8.3
A011257,S01126,2026-08-07,Absent,0.0
A011258,S01126,2026-08-08,Present,7.5
A011259,S01126,2026-08-09,Present,8.8
A011260,S01126,2026-08-10,Present,7.5
A011261,S01127,2026-08-01,Present,8.8
A011262,S01127,2026-08-02,Present,9.6
A011263,S01127,2026-08-03,Present,8.0
A011264,S01127,2026-08-04,Present,8.9
A011265,S01127,2026-08-05,Absent,0.0
A011266,S01127,2026-08-06,Present,7.3
A011267,S01127,2026-08-07,Present,8.1
A011268,S01127,2026-08-08,Present,7.2
A011269,S01127,2026-08-09,Present,8.7
A011270,S01127,2026-08-10,Present,8.5
A011271,S01128,2026-08-01,Present,8.2
A011272,S01128,2026-08-02,Half Day,4.2
A011273,S01128,2026-08-03,Half Day,3.0
A011274,S01128,2026-08-04,Present,9.0
A011275,S01128,2026-08-05,Present,8.9
A011276,S01128,2026-08-06,Present,8.0
A011277,S01128,2026-08-07,Half Day,3.9
A011278,S01128,2026-08-08,Present,8.2
A011279,S01128,2026-08-09,Present,9.5
A011280,S01128,2026-08-10,Absent,0.0
A011281,S01129,2026-08-01,Present,7.7
A011282,S01129,2026-08-02,Present,7.2
A011283,S01129,2026-08-03,Present,8.5
A011284,S01129,2026-08-04,Present,8.9
A011285,S01129,2026-08-05,Present,9.6
A011286,S01129,2026-08-06,Present,8.2
A011287,S01129,2026-08-07,Present,8.6
A011288,S01129,2026-08-08,Present,7.7
A011289,S01129,2026-08-09,Present,8.6
A011290,S01129,2026-08-10,Present,9.7
A011291,S01130,2026-08-01,Absent,0.0
A011292,S01130,2026-08-02,Present,8.1
A011293,S01130,2026-08-03,Half Day,3.9
A011294,S01130,2026-08-04,Present,8.6
A011295,S01130,2026-08-05,Present,9.2
A011296,S01130,2026-08-06,Absent,0.0
A011297,S01130,2026-08-07,Present,8.7
A011298,S01130,2026-08-08,Present,9.3
A011299,S01130,2026-08-09,Present,9.8
A011300,S01130,2026-08-10,Present,8.1
A011301,S01131,2026-08-01,Present,7.5
A011302,S01131,2026-08-02,Present,8.4
A011303,S01131,2026-08-03,Half Day,4.1
A011304,S01131,2026-08-04,Present,8.7
A011305,S01131,2026-08-05,Present,9.1
A011306,S01131,2026-08-06,Present,8.2
A011307,S01131,2026-08-07,Present,8.7
A011308,S01131,2026-08-08,Present,9.7
A011309,S01131,2026-08-09,Present,8.0
A011310,S01131,2026-08-10,Present,8.4
A011311,S01132,2026-08-01,Present,7.2
A011312,S01132,2026-08-02,Present,9.1
A011313,S01132,2026-08-03,Present,7.2
A011314,S01132,2026-08-04,Present,9.1
A011315,S01132,2026-08-05,Present,7.6
A011316,S01132,2026-08-06,Present,9.9
A011317,S01132,2026-08-07,Absent,0.0
A011318,S01132,2026-08-08,Present,9.3
A011319,S01132,2026-08-09,Half Day,4.2
A011320,S01132,2026-08-10,Present,9.1
A011321,S01133,2026-08-01,Half Day,4.6
A011322,S01133,2026-08-02,Present,9.8
A011323,S01133,2026-08-03,Present,9.0
A011324,S01133,2026-08-04,Present,9.7
A011325,S01133,2026-08-05,Present,7.6
A011326,S01133,2026-08-06,Half Day,3.4
A011327,S01133,2026-08-07,Present,9.7
A011328,S01133,2026-08-08,Present,8.1
A011329,S01133,2026-08-09,Half Day,3.0
A011330,S01133,2026-08-10,Present,7.7
A011331,S01134,2026-08-01,Present,9.8
A011332,S01134,2026-08-02,Present,7.3
A011333,S01134,2026-08-03,Present,9.5
A011334,S01134,2026-08-04,Present,8.1
A011335,S01134,2026-08-05,Present,9.6
A011336,S01134,2026-08-06,Present,9.9
A011337,S01134,2026-08-07,Present,9.6
A011338,S01134,2026-08-08,Present,8.6
A011339,S01134,2026-08-09,Present,8.4
A011340,S01134,2026-08-10,Present,8.4
A011341,S01135,2026-08-01,Present,9.1
A011342,S01135,2026-08-02,Present,7.7
A011343,S01135,2026-08-03,Present,9.5
A011344,S01135,2026-08-04,Present,8.1
A011345,S01135,2026-08-05,Present,7.8
A011346,S01135,2026-08-06,Present,9.3
A011347,S01135,2026-08-07,Present,8.5
A011348,S01135,2026-08-08,Present,7.2
A011349,S01135,2026-08-09,Half Day,4.7
A011350,S01135,2026-08-10,Half Day,4.2
A011351,S01136,2026-08-01,Present,7.6
A011352,S01136,2026-08-02,Present,8.7
A011353,S01136,2026-08-03,Half Day,3.2
A011354,S01136,2026-08-04,Present,7.9
A011355,S01136,2026-08-05,Present,9.5
A011356,S01136,2026-08-06,Present,7.2
A011357,S01136,2026-08-07,Present,9.2
A011358,S01136,2026-08-08,Present,9.9
A011359,S01136,2026-08-09,Present,9.3
A011360,S01136,2026-08-10,Present,7.7
A011361,S01137,2026-08-01,Present,7.5
A011362,S01137,2026-08-02,Present,9.6
A011363,S01137,2026-08-03,Absent,0.0
A011364,S01137,2026-08-04,Present,9.5
A011365,S01137,2026-08-05,Present,9.4
A011366,S01137,2026-08-06,Present,8.0
A011367,S01137,2026-08-07,Absent,0.0
A011368,S01137,2026-08-08,Present,7.3
A011369,S01137,2026-08-09,Half Day,3.3
A011370,S01137,2026-08-10,Present,8.5
A011371,S01138,2026-08-01,Present,7.2
A011372,S01138,2026-08-02,Present,8.3
A011373,S01138,2026-08-03,Present,7.2
A011374,S01138,2026-08-04,Present,7.7
A011375,S01138,2026-08-05,Half Day,3.1
A011376,S01138,2026-08-06,Present,9.9
A011377,S01138,2026-08-07,Present,9.2
A011378,S01138,2026-08-08,Present,8.0
A011379,S01138,2026-08-09,Present,9.5
A011380,S01138,2026-08-10,Present,7.8
A011381,S01139,2026-08-01,Present,8.2
A011382,S01139,2026-08-02,Present,8.3
A011383,S01139,2026-08-03,Present,9.3
A011384,S01139,2026-08-04,Present,9.8
A011385,S01139,2026-08-05,Present,7.6
A011386,S01139,2026-08-06,Present,7.6
A011387,S01139,2026-08-07,Absent,0.0
A011388,S01139,2026-08-08,Half Day,3.8
A011389,S01139,2026-08-09,Half Day,4.3
A011390,S01139,2026-08-10,Present,8.5
A011391,S01140,2026-08-01,Present,8.2
A011392,S01140,2026-08-02,Present,9.3
A011393,S01140,2026-08-03,Present,7.7
A011394,S01140,2026-08-04,Present,9.0
A011395,S01140,2026-08-05,Present,8.5
A011396,S01140,2026-08-06,Present,7.8
A011397,S01140,2026-08-07,Absent,0.0
A011398,S01140,2026-08-08,Present,9.1
A011399,S01140,2026-08-09,Present,8.9
A011400,S01140,2026-08-10,Half Day,4.0
A011401,S01141,2026-08-01,Present,7.4
A011402,S01141,2026-08-02,Present,8.1
A011403,S01141,2026-08-03,Present,9.2
A011404,S01141,2026-08-04,Present,8.2
A011405,S01141,2026-08-05,Present,7.1
A011406,S01141,2026-08-06,Present,9.9
A011407,S01141,2026-08-07,Present,7.8
A011408,S01141,2026-08-08,Present,9.3
A011409,S01141,2026-08-09,Present,9.6
A011410,S01141,2026-08-10,Present,8.9
A011411,S01142,2026-08-01,Present,8.4
A011412,S01142,2026-08-02,Present,8.3
A011413,S01142,2026-08-03,Present,9.9
A011414,S01142,2026-08-04,Absent,0.0
A011415,S01142,2026-08-05,Present,7.9
A011416,S01142,2026-08-06,Absent,0.0
A011417,S01142,2026-08-07,Present,9.4
A011418,S01142,2026-08-08,Present,10.0
A011419,S01142,2026-08-09,Present,7.2
A011420,S01142,2026-08-10,Present,9.6
A011421,S01143,2026-08-01,Present,7.6
A011422,S01143,2026-08-02,Present,8.6
A011423,S01143,2026-08-03,Present,9.6
A011424,S01143,2026-08-04,Present,8.4
A011425,S01143,2026-08-05,Present,8.2
A011426,S01143,2026-08-06,Present,9.2
A011427,S01143,2026-08-07,Present,7.0
A011428,S01143,2026-08-08,Present,9.7
A011429,S01143,2026-08-09,Present,8.9
A011430,S01143,2026-08-10,Absent,0.0
A011431,S01144,2026-08-01,Half Day,3.4
A011432,S01144,2026-08-02,Present,8.5
A011433,S01144,2026-08-03,Present,9.5
A011434,S01144,2026-08-04,Present,7.7
A011435,S01144,2026-08-05,Present,8.4
A011436,S01144,2026-08-06,Present,7.2
A011437,S01144,2026-08-07,Absent,0.0
A011438,S01144,2026-08-08,Present,9.5
A011439,S01144,2026-08-09,Present,8.6
A011440,S01144,2026-08-10,Present,8.8
A011441,S01145,2026-08-01,Present,8.8
A011442,S01145,2026-08-02,Present,9.4
A011443,S01145,2026-08-03,Absent,0.0
A011444,S01145,2026-08-04,Present,8.5
A011445,S01145,2026-08-05,Present,8.3
A011446,S01145,2026-08-06,Present,7.2
A011447,S01145,2026-08-07,Present,8.5
A011448,S01145,2026-08-08,Present,8.8
A011449,S01145,2026-08-09,Present,8.4
A011450,S01145,2026-08-10,Present,9.0
A011451,S01146,2026-08-01,Absent,0.0
A011452,S01146,2026-08-02,Present,9.6
A011453,S01146,2026-08-03,Present,7.0
A011454,S01146,2026-08-04,Present,8.1
A011455,S01146,2026-08-05,Present,7.3
A011456,S01146,2026-08-06,Present,9.8
A011457,S01146,2026-08-07,Present,7.0
A011458,S01146,2026-08-08,Present,8.6
A011459,S01146,2026-08-09,Present,10.0
A011460,S01146,2026-08-10,Present,8.0
A011461,S01147,2026-08-01,Present,7.2
A011462,S01147,2026-08-02,Present,9.2
A011463,S01147,2026-08-03,Absent,0.0
A011464,S01147,2026-08-04,Present,7.3
A011465,S01147,2026-08-05,Present,8.5
A011466,S01147,2026-08-06,Present,9.9
A011467,S01147,2026-08-07,Present,7.6
A011468,S01147,2026-08-08,Present,9.6
A011469,S01147,2026-08-09,Half Day,4.2
A011470,S01147,2026-08-10,Present,7.0
A011471,S01148,2026-08-01,Present,9.3
A011472,S01148,2026-08-02,Present,7.9
A011473,S01148,2026-08-03,Present,7.2
A011474,S01148,2026-08-04,Present,8.4
A011475,S01148,2026-08-05,Present,8.1
A011476,S01148,2026-08-06,Present,7.3
A011477,S01148,2026-08-07,Present,7.9
A011478,S01148,2026-08-08,Present,9.3
A011479,S01148,2026-08-09,Present,8.1
A011480,S01148,2026-08-10,Present,8.6
A011481,S01149,2026-08-01,Half Day,3.7
A011482,S01149,2026-08-02,Present,9.5
A011483,S01149,2026-08-03,Present,7.8
A011484,S01149,2026-08-04,Present,7.1
A011485,S01149,2026-08-05,Present,8.1
A011486,S01149,2026-08-06,Present,7.5
A011487,S01149,2026-08-07,Half Day,3.9
A011488,S01149,2026-08-08,Present,7.6
A011489,S01149,2026-08-09,Present,8.9
A011490,S01149,2026-08-10,Present,8.7
A011491,S01150,2026-08-01,Present,7.7
A011492,S01150,2026-08-02,Present,7.0
A011493,S01150,2026-08-03,Present,8.7
A011494,S01150,2026-08-04,Present,8.6
A011495,S01150,2026-08-05,Half Day,3.7
A011496,S01150,2026-08-06,Absent,0.0
A011497,S01150,2026-08-07,Present,8.2
A011498,S01150,2026-08-08,Present,9.8
A011499,S01150,2026-08-09,Present,8.4
A011500,S01150,2026-08-10,Present,8.2
A011501,S01151,2026-08-01,Present,9.8
A011502,S01151,2026-08-02,Present,8.8
A011503,S01151,2026-08-03,Present,9.5
A011504,S01151,2026-08-04,Present,7.3
A011505,S01151,2026-08-05,Present,9.4
A011506,S01151,2026-08-06,Present,7.2
A011507,S01151,2026-08-07,Present,7.3
A011508,S01151,2026-08-08,Present,7.8
A011509,S01151,2026-08-09,Present,10.0
A011510,S01151,2026-08-10,Present,7.9
A011511,S01152,2026-08-01,Absent,0.0
A011512,S01152,2026-08-02,Present,9.7
A011513,S01152,2026-08-03,Half Day,3.4
A011514,S01152,2026-08-04,Present,9.0
A011515,S01152,2026-08-05,Present,9.5
A011516,S01152,2026-08-06,Present,9.4
A011517,S01152,2026-08-07,Present,8.3
A011518,S01152,2026-08-08,Absent,0.0
A011519,S01152,2026-08-09,Present,7.5
A011520,S01152,2026-08-10,Present,8.6
A011521,S01153,2026-08-01,Absent,0.0
A011522,S01153,2026-08-02,Present,9.1
A011523,S01153,2026-08-03,Absent,0.0
A011524,S01153,2026-08-04,Present,7.6
A011525,S01153,2026-08-05,Present,9.8
A011526,S01153,2026-08-06,Absent,0.0
A011527,S01153,2026-08-07,Present,9.7
A011528,S01153,2026-08-08,Present,9.4
A011529,S01153,2026-08-09,Absent,0.0
A011530,S01153,2026-08-10,Present,7.1
A011531,S01154,2026-08-01,Present,9.3
A011532,S01154,2026-08-02,Present,7.1
A011533,S01154,2026-08-03,Half Day,3.4
A011534,S01154,2026-08-04,Present,7.8
A011535,S01154,2026-08-05,Present,9.8
A011536,S01154,2026-08-06,Present,7.5
A011537,S01154,2026-08-07,Present,9.2
A011538,S01154,2026-08-08,Present,8.6
A011539,S01154,2026-08-09,Present,7.5
A011540,S01154,2026-08-10,Present,9.0
A011541,S01155,2026-08-01,Present,8.0
A011542,S01155,2026-08-02,Half Day,4.7
A011543,S01155,2026-08-03,Present,7.3
A011544,S01155,2026-08-04,Present,7.5
A011545,S01155,2026-08-05,Present,9.7
A011546,S01155,2026-08-06,Present,7.5
A011547,S01155,2026-08-07,Present,9.5
A011548,S01155,2026-08-08,Present,8.5
A011549,S01155,2026-08-09,Present,9.7
A011550,S01155,2026-08-10,Present,7.7
A011551,S01156,2026-08-01,Present,8.0
A011552,S01156,2026-08-02,Present,9.9
A011553,S01156,2026-08-03,Present,8.8
A011554,S01156,2026-08-04,Present,9.1
A011555,S01156,2026-08-05,Present,7.2
A011556,S01156,2026-08-06,Present,9.7
A011557,S01156,2026-08-07,Present,8.7
A011558,S01156,2026-08-08,Present,9.7
A011559,S01156,2026-08-09,Present,7.5
A011560,S01156,2026-08-10,Present,9.6
A011561,S01157,2026-08-01,Present,8.6
A011562,S01157,2026-08-02,Absent,0.0
A011563,S01157,2026-08-03,Present,7.7
A011564,S01157,2026-08-04,Present,7.7
A011565,S01157,2026-08-05,Present,7.5
A011566,S01157,2026-08-06,Present,7.0
A011567,S01157,2026-08-07,Present,9.2
A011568,S01157,2026-08-08,Present,9.3
A011569,S01157,2026-08-09,Present,8.6
A011570,S01157,2026-08-10,Absent,0.0
A011571,S01158,2026-08-01,Present,9.3
A011572,S01158,2026-08-02,Present,9.3
A011573,S01158,2026-08-03,Present,7.7
A011574,S01158,2026-08-04,Present,8.5
A011575,S01158,2026-08-05,Absent,0.0
A011576,S01158,2026-08-06,Present,9.7
A011577,S01158,2026-08-07,Present,9.6
A011578,S01158,2026-08-08,Present,7.4
A011579,S01158,2026-08-09,Half Day,3.5
A011580,S01158,2026-08-10,Present,7.9
A011581,S01159,2026-08-01,Absent,0.0
A011582,S01159,2026-08-02,Present,9.5
A011583,S01159,2026-08-03,Present,9.1
A011584,S01159,2026-08-04,Present,7.6
A011585,S01159,2026-08-05,Absent,0.0
A011586,S01159,2026-08-06,Absent,0.0
A011587,S01159,2026-08-07,Present,8.3
A011588,S01159,2026-08-08,Half Day,3.2
A011589,S01159,2026-08-09,Present,7.2
A011590,S01159,2026-08-10,Present,9.1
A011591,S01160,2026-08-01,Present,8.3
A011592,S01160,2026-08-02,Present,7.9
A011593,S01160,2026-08-03,Half Day,4.4
A011594,S01160,2026-08-04,Present,7.9
A011595,S01160,2026-08-05,Present,9.0
A011596,S01160,2026-08-06,Half Day,4.8
A011597,S01160,2026-08-07,Present,7.2
A011598,S01160,2026-08-08,Present,8.6
A011599,S01160,2026-08-09,Present,7.5
A011600,S01160,2026-08-10,Present,8.5
A011601,S01161,2026-08-01,Present,10.0
A011602,S01161,2026-08-02,Present,9.4
A011603,S01161,2026-08-03,Present,9.0
A011604,S01161,2026-08-04,Present,9.5
A011605,S01161,2026-08-05,Present,8.0
A011606,S01161,2026-08-06,Present,9.4
A011607,S01161,2026-08-07,Present,7.3
A011608,S01161,2026-08-08,Absent,0.0
A011609,S01161,2026-08-09,Present,9.2
A011610,S01161,2026-08-10,Present,8.0
A011611,S01162,2026-08-01,Present,10.0
A011612,S01162,2026-08-02,Present,7.8
A011613,S01162,2026-08-03,Present,7.6
A011614,S01162,2026-08-04,Half Day,4.0
A011615,S01162,2026-08-05,Present,8.9
A011616,S01162,2026-08-06,Present,7.3
A011617,S01162,2026-08-07,Present,7.8
A011618,S01162,2026-08-08,Present,9.3
A011619,S01162,2026-08-09,Present,8.6
A011620,S01162,2026-08-10,Half Day,3.3
A011621,S01163,2026-08-01,Present,7.9
A011622,S01163,2026-08-02,Present,8.6
A011623,S01163,2026-08-03,Present,8.8
A011624,S01163,2026-08-04,Present,7.5
A011625,S01163,2026-08-05,Absent,0.0
A011626,S01163,2026-08-06,Present,7.4
A011627,S01163,2026-08-07,Present,8.7
A011628,S01163,2026-08-08,Present,8.3
A011629,S01163,2026-08-09,Absent,0.0
A011630,S01163,2026-08-10,Present,7.5
A011631,S01164,2026-08-01,Present,7.8
A011632,S01164,2026-08-02,Present,9.6
A011633,S01164,2026-08-03,Present,7.9
A011634,S01164,2026-08-04,Present,8.8
A011635,S01164,2026-08-05,Present,9.6
A011636,S01164,2026-08-06,Present,8.7
A011637,S01164,2026-08-07,Present,9.2
A011638,S01164,2026-08-08,Present,8.0
A011639,S01164,2026-08-09,Half Day,3.6
A011640,S01164,2026-08-10,Present,8.9
A011641,S01165,2026-08-01,Present,9.4
A011642,S01165,2026-08-02,Half Day,3.2
A011643,S01165,2026-08-03,Present,9.0
A011644,S01165,2026-08-04,Present,7.5
A011645,S01165,2026-08-05,Present,8.4
A011646,S01165,2026-08-06,Present,9.1
A011647,S01165,2026-08-07,Present,9.4
A011648,S01165,2026-08-08,Present,7.1
A011649,S01165,2026-08-09,Present,8.3
A011650,S01165,2026-08-10,Present,8.1
A011651,S01166,2026-08-01,Present,8.5
A011652,S01166,2026-08-02,Present,9.3
A011653,S01166,2026-08-03,Present,7.2
A011654,S01166,2026-08-04,Present,8.2
A011655,S01166,2026-08-05,Present,8.9
A011656,S01166,2026-08-06,Present,8.5
A011657,S01166,2026-08-07,Present,7.2
A011658,S01166,2026-08-08,Present,10.0
A011659,S01166,2026-08-09,Present,7.1
A011660,S01166,2026-08-10,Present,8.8
A011661,S01167,2026-08-01,Present,7.7
A011662,S01167,2026-08-02,Absent,0.0
A011663,S01167,2026-08-03,Present,7.6
A011664,S01167,2026-08-04,Present,9.8
A011665,S01167,2026-08-05,Half Day,5.0
A011666,S01167,2026-08-06,Present,9.1
A011667,S01167,2026-08-07,Present,7.7
A011668,S01167,2026-08-08,Present,8.2
A011669,S01167,2026-08-09,Present,8.0
A011670,S01167,2026-08-10,Present,9.9
A011671,S01168,2026-08-01,Present,9.5
A011672,S01168,2026-08-02,Present,7.3
A011673,S01168,2026-08-03,Present,7.9
A011674,S01168,2026-08-04,Present,7.6
A011675,S01168,2026-08-05,Present,9.3
A011676,S01168,2026-08-06,Present,9.5
A011677,S01168,2026-08-07,Present,7.6
A011678,S01168,2026-08-08,Present,7.6
A011679,S01168,2026-08-09,Present,8.4
A011680,S01168,2026-08-10,Present,9.0
A011681,S01169,2026-08-01,Present,9.6
A011682,S01169,2026-08-02,Present,7.7
A011683,S01169,2026-08-03,Present,8.4
A011684,S01169,2026-08-04,Present,8.1
A011685,S01169,2026-08-05,Present,7.4
A011686,S01169,2026-08-06,Present,9.4
A011687,S01169,2026-08-07,Half Day,3.1
A011688,S01169,2026-08-08,Present,8.1
A011689,S01169,2026-08-09,Present,9.3
A011690,S01169,2026-08-10,Present,8.2
A011691,S01170,2026-08-01,Present,8.5
A011692,S01170,2026-08-02,Present,9.3
A011693,S01170,2026-08-03,Present,9.3
A011694,S01170,2026-08-04,Present,7.8
A011695,S01170,2026-08-05,Present,9.6
A011696,S01170,2026-08-06,Present,9.5
A011697,S01170,2026-08-07,Absent,0.0
A011698,S01170,2026-08-08,Present,7.9
A011699,S01170,2026-08-09,Present,7.2
A011700,S01170,2026-08-10,Present,8.9
A011701,S01171,2026-08-01,Present,9.3
A011702,S01171,2026-08-02,Present,7.6
A011703,S01171,2026-08-03,Half Day,3.8
A011704,S01171,2026-08-04,Present,7.9
A011705,S01171,2026-08-05,Present,8.0
A011706,S01171,2026-08-06,Absent,0.0
A011707,S01171,2026-08-07,Present,7.4
A011708,S01171,2026-08-08,Present,9.7
A011709,S01171,2026-08-09,Absent,0.0
A011710,S01171,2026-08-10,Present,8.3
A011711,S01172,2026-08-01,Present,8.5
A011712,S01172,2026-08-02,Present,9.7
A011713,S01172,2026-08-03,Present,8.7
A011714,S01172,2026-08-04,Absent,0.0
A011715,S01172,2026-08-05,Present,8.7
A011716,S01172,2026-08-06,Present,8.9
A011717,S01172,2026-08-07,Present,9.9
A011718,S01172,2026-08-08,Present,9.8
A011719,S01172,2026-08-09,Present,8.1
A011720,S01172,2026-08-10,Present,9.7
A011721,S01173,2026-08-01,Present,7.5
A011722,S01173,2026-08-02,Present,8.4
A011723,S01173,2026-08-03,Present,7.7
A011724,S01173,2026-08-04,Present,8.6
A011725,S01173,2026-08-05,Present,7.5
A011726,S01173,2026-08-06,Half Day,3.2
A011727,S01173,2026-08-07,Absent,0.0
A011728,S01173,2026-08-08,Present,8.4
A011729,S01173,2026-08-09,Present,8.7
A011730,S01173,2026-08-10,Present,10.0
A011731,S01174,2026-08-01,Present,8.3
A011732,S01174,2026-08-02,Present,8.6
A011733,S01174,2026-08-03,Present,7.6
A011734,S01174,2026-08-04,Present,8.8
A011735,S01174,2026-08-05,Present,7.5
A011736,S01174,2026-08-06,Present,8.5
A011737,S01174,2026-08-07,Present,7.4
A011738,S01174,2026-08-08,Present,8.2
A011739,S01174,2026-08-09,Present,7.9
A011740,S01174,2026-08-10,Present,8.6
A011741,S01175,2026-08-01,Present,7.8
A011742,S01175,2026-08-02,Present,7.5
A011743,S01175,2026-08-03,Present,7.4
A011744,S01175,2026-08-04,Present,8.1
A011745,S01175,2026-08-05,Present,9.0
A011746,S01175,2026-08-06,Absent,0.0
A011747,S01175,2026-08-07,Present,7.6
A011748,S01175,2026-08-08,Present,7.6
A011749,S01175,2026-08-09,Present,8.7
A011750,S01175,2026-08-10,Present,8.9
A011751,S01176,2026-08-01,Present,9.7
A011752,S01176,2026-08-02,Present,7.2
A011753,S01176,2026-08-03,Absent,0.0
A011754,S01176,2026-08-04,Present,8.3
A011755,S01176,2026-08-05,Present,8.8
A011756,S01176,2026-08-06,Present,9.9
A011757,S01176,2026-08-07,Absent,0.0
A011758,S01176,2026-08-08,Present,9.2
A011759,S01176,2026-08-09,Present,9.3
A011760,S01176,2026-08-10,Absent,0.0
A011761,S01177,2026-08-01,Present,7.1
A011762,S01177,2026-08-02,Present,8.1
A011763,S01177,2026-08-03,Present,7.7
A011764,S01177,2026-08-04,Present,9.0
A011765,S01177,2026-08-05,Present,7.7
A011766,S01177,2026-08-06,Present,8.5
A011767,S01177,2026-08-07,Present,8.1
A011768,S01177,2026-08-08,Present,8.7
A011769,S01177,2026-08-09,Present,9.9
A011770,S01177,2026-08-10,Present,7.1
A011771,S01178,2026-08-01,Present,9.6
A011772,S01178,2026-08-02,Present,8.2
A011773,S01178,2026-08-03,Absent,0.0
A011774,S01178,2026-08-04,Absent,0.0
A011775,S01178,2026-08-05,Present,7.5
A011776,S01178,2026-08-06,Present,8.3
A011777,S01178,2026-08-07,Half Day,5.0
A011778,S01178,2026-08-08,Present,7.2
A011779,S01178,2026-08-09,Half Day,3.2
A011780,S01178,2026-08-10,Present,9.5
A011781,S01179,2026-08-01,Half Day,3.8
A011782,S01179,2026-08-02,Present,7.2
A011783,S01179,2026-08-03,Present,8.4
A011784,S01179,2026-08-04,Present,8.1
A011785,S01179,2026-08-05,Present,8.6
A011786,S01179,2026-08-06,Present,7.4
A011787,S01179,2026-08-07,Present,7.1
A011788,S01179,2026-08-08,Present,7.9
A011789,S01179,2026-08-09,Absent,0.0
A011790,S01179,2026-08-10,Present,9.3
A011791,S01180,2026-08-01,Present,8.7
A011792,S01180,2026-08-02,Absent,0.0
A011793,S01180,2026-08-03,Present,7.3
A011794,S01180,2026-08-04,Present,8.3
A011795,S01180,2026-08-05,Present,8.3
A011796,S01180,2026-08-06,Present,7.7
A011797,S01180,2026-08-07,Present,9.0
A011798,S01180,2026-08-08,Present,9.0
A011799,S01180,2026-08-09,Half Day,4.0
A011800,S01180,2026-08-10,Half Day,3.5
A011801,S01181,2026-08-01,Present,8.3
A011802,S01181,2026-08-02,Present,9.1
A011803,S01181,2026-08-03,Present,8.4
A011804,S01181,2026-08-04,Half Day,3.0
A011805,S01181,2026-08-05,Present,9.4
A011806,S01181,2026-08-06,Present,8.2
A011807,S01181,2026-08-07,Present,7.6
A011808,S01181,2026-08-08,Present,8.3
A011809,S01181,2026-08-09,Present,9.2
A011810,S01181,2026-08-10,Present,7.7
A011811,S01182,2026-08-01,Present,9.3
A011812,S01182,2026-08-02,Half Day,4.1
A011813,S01182,2026-08-03,Absent,0.0
A011814,S01182,2026-08-04,Present,9.2
A011815,S01182,2026-08-05,Half Day,4.6
A011816,S01182,2026-08-06,Present,7.7
A011817,S01182,2026-08-07,Present,9.0
A011818,S01182,2026-08-08,Present,7.8
A011819,S01182,2026-08-09,Present,8.7
A011820,S01182,2026-08-10,Present,9.6
A011821,S01183,2026-08-01,Present,9.6
A011822,S01183,2026-08-02,Present,8.9
A011823,S01183,2026-08-03,Present,7.0
A011824,S01183,2026-08-04,Present,9.8
A011825,S01183,2026-08-05,Present,8.3
A011826,S01183,2026-08-06,Present,8.3
A011827,S01183,2026-08-07,Absent,0.0
A011828,S01183,2026-08-08,Present,7.0
A011829,S01183,2026-08-09,Present,8.3
A011830,S01183,2026-08-10,Present,8.7
A011831,S01184,2026-08-01,Present,7.6
A011832,S01184,2026-08-02,Present,7.1
A011833,S01184,2026-08-03,Absent,0.0
A011834,S01184,2026-08-04,Present,7.9
A011835,S01184,2026-08-05,Present,9.5
A011836,S01184,2026-08-06,Present,7.1
A011837,S01184,2026-08-07,Present,9.9
A011838,S01184,2026-08-08,Present,9.8
A011839,S01184,2026-08-09,Absent,0.0
A011840,S01184,2026-08-10,Absent,0.0
A011841,S01185,2026-08-01,Absent,0.0
A011842,S01185,2026-08-02,Present,7.9
A011843,S01185,2026-08-03,Half Day,4.9
A011844,S01185,2026-08-04,Present,7.3
A011845,S01185,2026-08-05,Present,9.0
A011846,S01185,2026-08-06,Present,8.7
A011847,S01185,2026-08-07,Present,8.1
A011848,S01185,2026-08-08,Present,8.6
A011849,S01185,2026-08-09,Absent,0.0
A011850,S01185,2026-08-10,Present,7.3
A011851,S01186,2026-08-01,Present,7.7
A011852,S01186,2026-08-02,Present,9.1
A011853,S01186,2026-08-03,Present,8.2
A011854,S01186,2026-08-04,Present,7.3
A011855,S01186,2026-08-05,Present,9.4
A011856,S01186,2026-08-06,Present,9.0
A011857,S01186,2026-08-07,Present,8.9
A011858,S01186,2026-08-08,Absent,0.0
A011859,S01186,2026-08-09,Absent,0.0
A011860,S01186,2026-08-10,Present,8.4
A011861,S01187,2026-08-01,Present,7.6
A011862,S01187,2026-08-02,Present,9.6
A011863,S01187,2026-08-03,Present,8.2
A011864,S01187,2026-08-04,Present,7.1
A011865,S01187,2026-08-05,Half Day,4.8
A011866,S01187,2026-08-06,Present,8.1
A011867,S01187,2026-08-07,Present,7.3
A011868,S01187,2026-08-08,Present,8.2
A011869,S01187,2026-08-09,Present,9.7
A011870,S01187,2026-08-10,Present,7.1
A011871,S01188,2026-08-01,Present,8.2
A011872,S01188,2026-08-02,Present,8.9
A011873,S01188,2026-08-03,Present,9.9
A011874,S01188,2026-08-04,Present,7.7
A011875,S01188,2026-08-05,Present,9.1
A011876,S01188,2026-08-06,Present,9.2
A011877,S01188,2026-08-07,Present,8.7
A011878,S01188,2026-08-08,Absent,0.0
A011879,S01188,2026-08-09,Present,8.2
A011880,S01188,2026-08-10,Present,9.9
A011881,S01189,2026-08-01,Present,7.5
A011882,S01189,2026-08-02,Present,8.0
A011883,S01189,2026-08-03,Present,8.0
A011884,S01189,2026-08-04,Present,8.6
A011885,S01189,2026-08-05,Present,9.4
A011886,S01189,2026-08-06,Present,7.5
A011887,S01189,2026-08-07,Present,7.2
A011888,S01189,2026-08-08,Present,7.3
A011889,S01189,2026-08-09,Present,7.0
A011890,S01189,2026-08-10,Present,9.7
A011891,S01190,2026-08-01,Present,9.8
A011892,S01190,2026-08-02,Present,9.5
A011893,S01190,2026-08-03,Present,9.4
A011894,S01190,2026-08-04,Present,8.1
A011895,S01190,2026-08-05,Present,9.9
A011896,S01190,2026-08-06,Present,7.6
A011897,S01190,2026-08-07,Present,9.3
A011898,S01190,2026-08-08,Present,8.2
A011899,S01190,2026-08-09,Present,8.3
A011900,S01190,2026-08-10,Absent,0.0
A011901,S01191,2026-08-01,Present,7.5
A011902,S01191,2026-08-02,Present,8.1
A011903,S01191,2026-08-03,Present,9.9
A011904,S01191,2026-08-04,Half Day,4.7
A011905,S01191,2026-08-05,Present,8.4
A011906,S01191,2026-08-06,Present,7.6
A011907,S01191,2026-08-07,Present,7.5
A011908,S01191,2026-08-08,Present,7.0
A011909,S01191,2026-08-09,Present,9.9
A011910,S01191,2026-08-10,Present,8.5
A011911,S01192,2026-08-01,Present,7.2
A011912,S01192,2026-08-02,Present,8.5
A011913,S01192,2026-08-03,Present,8.1
A011914,S01192,2026-08-04,Present,8.0
A011915,S01192,2026-08-05,Absent,0.0
A011916,S01192,2026-08-06,Present,8.5
A011917,S01192,2026-08-07,Present,8.5
A011918,S01192,2026-08-08,Present,8.1
A011919,S01192,2026-08-09,Present,9.3
A011920,S01192,2026-08-10,Present,7.6
A011921,S01193,2026-08-01,Present,8.9
A011922,S01193,2026-08-02,Present,9.2
A011923,S01193,2026-08-03,Absent,0.0
A011924,S01193,2026-08-04,Absent,0.0
A011925,S01193,2026-08-05,Present,8.9
A011926,S01193,2026-08-06,Present,7.9
A011927,S01193,2026-08-07,Present,9.1
A011928,S01193,2026-08-08,Present,9.9
A011929,S01193,2026-08-09,Present,8.1
A011930,S01193,2026-08-10,Present,9.6
A011931,S01194,2026-08-01,Present,9.1
A011932,S01194,2026-08-02,Present,8.8
A011933,S01194,2026-08-03,Present,8.1
A011934,S01194,2026-08-04,Present,8.5
A011935,S01194,2026-08-05,Half Day,4.0
A011936,S01194,2026-08-06,Present,8.6
A011937,S01194,2026-08-07,Present,9.6
A011938,S01194,2026-08-08,Present,8.1
A011939,S01194,2026-08-09,Present,8.6
A011940,S01194,2026-08-10,Present,8.3
A011941,S01195,2026-08-01,Half Day,3.2
A011942,S01195,2026-08-02,Present,7.5
A011943,S01195,2026-08-03,Absent,0.0
A011944,S01195,2026-08-04,Present,9.4
A011945,S01195,2026-08-05,Present,7.7
A011946,S01195,2026-08-06,Present,9.0
A011947,S01195,2026-08-07,Present,7.2
A011948,S01195,2026-08-08,Half Day,4.7
A011949,S01195,2026-08-09,Half Day,4.4
A011950,S01195,2026-08-10,Present,9.0
A011951,S01196,2026-08-01,Present,7.3
A011952,S01196,2026-08-02,Present,8.1
A011953,S01196,2026-08-03,Absent,0.0
A011954,S01196,2026-08-04,Present,7.1
A011955,S01196,2026-08-05,Present,7.4
A011956,S01196,2026-08-06,Present,9.1
A011957,S01196,2026-08-07,Present,8.3
A011958,S01196,2026-08-08,Present,8.8
A011959,S01196,2026-08-09,Present,9.1
A011960,S01196,2026-08-10,Absent,0.0
A011961,S01197,2026-08-01,Half Day,4.8
A011962,S01197,2026-08-02,Present,8.8
A011963,S01197,2026-08-03,Present,9.3
A011964,S01197,2026-08-04,Present,9.7
A011965,S01197,2026-08-05,Present,9.2
A011966,S01197,2026-08-06,Absent,0.0
A011967,S01197,2026-08-07,Absent,0.0
A011968,S01197,2026-08-08,Present,9.9
A011969,S01197,2026-08-09,Present,7.4
A011970,S01197,2026-08-10,Present,7.5
A011971,S01198,2026-08-01,Present,8.2
A011972,S01198,2026-08-02,Present,8.5
A011973,S01198,2026-08-03,Present,9.0
A011974,S01198,2026-08-04,Absent,0.0
A011975,S01198,2026-08-05,Present,9.6
A011976,S01198,2026-08-06,Present,8.4
A011977,S01198,2026-08-07,Present,8.9
A011978,S01198,2026-08-08,Present,9.7
A011979,S01198,2026-08-09,Present,7.7
A011980,S01198,2026-08-10,Present,9.6
A011981,S01199,2026-08-01,Present,9.9
A011982,S01199,2026-08-02,Present,8.6
A011983,S01199,2026-08-03,Absent,0.0
A011984,S01199,2026-08-04,Present,8.4
A011985,S01199,2026-08-05,Half Day,3.9
A011986,S01199,2026-08-06,Present,9.3
A011987,S01199,2026-08-07,Present,8.4
A011988,S01199,2026-08-08,Present,9.3
A011989,S01199,2026-08-09,Present,7.7
A011990,S01199,2026-08-10,Present,9.7
A011991,S01200,2026-08-01,Present,9.8
A011992,S01200,2026-08-02,Present,9.6
A011993,S01200,2026-08-03,Present,9.3
A011994,S01200,2026-08-04,Present,8.5
A011995,S01200,2026-08-05,Present,7.7
A011996,S01200,2026-08-06,Present,7.5
A011997,S01200,2026-08-07,Present,9.8
A011998,S01200,2026-08-08,Present,8.3
A011999,S01200,2026-08-09,Present,8.3
A012000,S01200,2026-08-10,Present,9.9
A012001,S01201,2026-08-01,Half Day,3.1
A012002,S01201,2026-08-02,Present,9.6
A012003,S01201,2026-08-03,Present,8.9
A012004,S01201,2026-08-04,Present,7.5
A012005,S01201,2026-08-05,Present,8.4
A012006,S01201,2026-08-06,Absent,0.0
A012007,S01201,2026-08-07,Present,8.6
A012008,S01201,2026-08-08,Half Day,4.4
A012009,S01201,2026-08-09,Present,9.9
A012010,S01201,2026-08-10,Present,8.3
A012011,S01202,2026-08-01,Present,9.6
A012012,S01202,2026-08-02,Absent,0.0
A012013,S01202,2026-08-03,Present,8.5
A012014,S01202,2026-08-04,Present,8.9
A012015,S01202,2026-08-05,Present,8.7
A012016,S01202,2026-08-06,Present,9.0
A012017,S01202,2026-08-07,Present,7.3
A012018,S01202,2026-08-08,Present,8.2
A012019,S01202,2026-08-09,Present,8.1
A012020,S01202,2026-08-10,Present,7.3
A012021,S01203,2026-08-01,Present,8.8
A012022,S01203,2026-08-02,Present,9.4
A012023,S01203,2026-08-03,Half Day,4.7
A012024,S01203,2026-08-04,Present,8.0
A012025,S01203,2026-08-05,Present,8.5
A012026,S01203,2026-08-06,Present,8.7
A012027,S01203,2026-08-07,Present,9.9
A012028,S01203,2026-08-08,Absent,0.0
A012029,S01203,2026-08-09,Present,8.1
A012030,S01203,2026-08-10,Present,7.4
A012031,S01204,2026-08-01,Present,8.8
A012032,S01204,2026-08-02,Half Day,3.9
A012033,S01204,2026-08-03,Present,7.7
A012034,S01204,2026-08-04,Present,9.6
A012035,S01204,2026-08-05,Present,9.9
A012036,S01204,2026-08-06,Present,8.5
A012037,S01204,2026-08-07,Present,8.6
A012038,S01204,2026-08-08,Present,8.9
A012039,S01204,2026-08-09,Present,7.4
A012040,S01204,2026-08-10,Present,8.0
A012041,S01205,2026-08-01,Present,8.7
A012042,S01205,2026-08-02,Present,7.9
A012043,S01205,2026-08-03,Present,7.8
A012044,S01205,2026-08-04,Present,9.5
A012045,S01205,2026-08-05,Present,7.3
A012046,S01205,2026-08-06,Half Day,4.8
A012047,S01205,2026-08-07,Present,8.6
A012048,S01205,2026-08-08,Present,7.2
A012049,S01205,2026-08-09,Present,8.8
A012050,S01205,2026-08-10,Present,9.1
A012051,S01206,2026-08-01,Present,9.2
A012052,S01206,2026-08-02,Present,8.1
A012053,S01206,2026-08-03,Present,9.0
A012054,S01206,2026-08-04,Present,9.9
A012055,S01206,2026-08-05,Present,9.3
A012056,S01206,2026-08-06,Present,8.3
A012057,S01206,2026-08-07,Present,8.3
A012058,S01206,2026-08-08,Present,7.6
A012059,S01206,2026-08-09,Present,7.6
A012060,S01206,2026-08-10,Present,7.4
A012061,S01207,2026-08-01,Present,8.3
A012062,S01207,2026-08-02,Present,7.9
A012063,S01207,2026-08-03,Present,8.5
A012064,S01207,2026-08-04,Present,7.4
A012065,S01207,2026-08-05,Half Day,4.1
A012066,S01207,2026-08-06,Present,8.0
A012067,S01207,2026-08-07,Present,9.7
A012068,S01207,2026-08-08,Present,8.1
A012069,S01207,2026-08-09,Absent,0.0
A012070,S01207,2026-08-10,Half Day,3.6
A012071,S01208,2026-08-01,Present,9.3
A012072,S01208,2026-08-02,Present,8.5
A012073,S01208,2026-08-03,Present,7.5
A012074,S01208,2026-08-04,Half Day,4.0
A012075,S01208,2026-08-05,Present,7.2
A012076,S01208,2026-08-06,Present,7.3
A012077,S01208,2026-08-07,Present,7.3
A012078,S01208,2026-08-08,Present,9.5
A012079,S01208,2026-08-09,Present,7.2
A012080,S01208,2026-08-10,Present,9.7
A012081,S01209,2026-08-01,Present,8.7
A012082,S01209,2026-08-02,Present,8.9
A012083,S01209,2026-08-03,Present,7.8
A012084,S01209,2026-08-04,Present,7.9
A012085,S01209,2026-08-05,Present,8.9
A012086,S01209,2026-08-06,Present,8.0
A012087,S01209,2026-08-07,Present,7.8
A012088,S01209,2026-08-08,Half Day,4.6
A012089,S01209,2026-08-09,Present,9.1
A012090,S01209,2026-08-10,Present,7.6
A012091,S01210,2026-08-01,Present,8.6
A012092,S01210,2026-08-02,Present,7.5
A012093,S01210,2026-08-03,Present,9.1
A012094,S01210,2026-08-04,Absent,0.0
A012095,S01210,2026-08-05,Present,10.0
A012096,S01210,2026-08-06,Present,9.2
A012097,S01210,2026-08-07,Present,7.5
A012098,S01210,2026-08-08,Present,8.1
A012099,S01210,2026-08-09,Present,9.4
A012100,S01210,2026-08-10,Present,9.4
A012101,S01211,2026-08-01,Present,8.5
A012102,S01211,2026-08-02,Present,7.1
A012103,S01211,2026-08-03,Present,8.2
A012104,S01211,2026-08-04,Present,9.0
A012105,S01211,2026-08-05,Absent,0.0
A012106,S01211,2026-08-06,Present,8.6
A012107,S01211,2026-08-07,Present,9.0
A012108,S01211,2026-08-08,Half Day,3.4
A012109,S01211,2026-08-09,Absent,0.0
A012110,S01211,2026-08-10,Present,7.0
A012111,S01212,2026-08-01,Present,8.1
A012112,S01212,2026-08-02,Present,7.7
A012113,S01212,2026-08-03,Present,8.7
A012114,S01212,2026-08-04,Present,9.0
A012115,S01212,2026-08-05,Present,7.2
A012116,S01212,2026-08-06,Present,7.8
A012117,S01212,2026-08-07,Absent,0.0
A012118,S01212,2026-08-08,Present,9.5
A012119,S01212,2026-08-09,Present,8.3
A012120,S01212,2026-08-10,Present,9.4
A012121,S01213,2026-08-01,Present,8.3
A012122,S01213,2026-08-02,Present,9.0
A012123,S01213,2026-08-03,Present,9.1
A012124,S01213,2026-08-04,Present,8.0
A012125,S01213,2026-08-05,Absent,0.0
A012126,S01213,2026-08-06,Present,8.5
A012127,S01213,2026-08-07,Present,8.5
A012128,S01213,2026-08-08,Present,9.1
A012129,S01213,2026-08-09,Present,8.6
A012130,S01213,2026-08-10,Present,9.5
A012131,S01214,2026-08-01,Present,7.9
A012132,S01214,2026-08-02,Present,8.9
A012133,S01214,2026-08-03,Present,7.4
A012134,S01214,2026-08-04,Present,8.9
A012135,S01214,2026-08-05,Present,8.3
A012136,S01214,2026-08-06,Present,8.3
A012137,S01214,2026-08-07,Absent,0.0
A012138,S01214,2026-08-08,Present,7.1
A012139,S01214,2026-08-09,Present,7.7
A012140,S01214,2026-08-10,Present,8.5
A012141,S01215,2026-08-01,Present,7.1
A012142,S01215,2026-08-02,Present,8.9
A012143,S01215,2026-08-03,Absent,0.0
A012144,S01215,2026-08-04,Absent,0.0
A012145,S01215,2026-08-05,Present,7.1
A012146,S01215,2026-08-06,Present,8.3
A012147,S01215,2026-08-07,Present,9.9
A012148,S01215,2026-08-08,Present,8.6
A012149,S01215,2026-08-09,Present,9.6
A012150,S01215,2026-08-10,Present,8.2
A012151,S01216,2026-08-01,Present,9.5
A012152,S01216,2026-08-02,Present,7.8
A012153,S01216,2026-08-03,Present,7.4
A012154,S01216,2026-08-04,Half Day,3.1
A012155,S01216,2026-08-05,Present,8.2
A012156,S01216,2026-08-06,Present,9.1
A012157,S01216,2026-08-07,Present,9.1
A012158,S01216,2026-08-08,Present,9.1
A012159,S01216,2026-08-09,Present,7.6
A012160,S01216,2026-08-10,Present,8.3
A012161,S01217,2026-08-01,Present,7.2
A012162,S01217,2026-08-02,Present,7.8
A012163,S01217,2026-08-03,Present,9.1
A012164,S01217,2026-08-04,Half Day,3.9
A012165,S01217,2026-08-05,Present,9.1
A012166,S01217,2026-08-06,Present,8.0
A012167,S01217,2026-08-07,Half Day,4.0
A012168,S01217,2026-08-08,Present,9.4
A012169,S01217,2026-08-09,Present,9.2
A012170,S01217,2026-08-10,Present,9.6
A012171,S01218,2026-08-01,Present,9.8
A012172,S01218,2026-08-02,Half Day,3.2
A012173,S01218,2026-08-03,Present,8.3
A012174,S01218,2026-08-04,Present,8.9
A012175,S01218,2026-08-05,Absent,0.0
A012176,S01218,2026-08-06,Half Day,4.0
A012177,S01218,2026-08-07,Present,9.7
A012178,S01218,2026-08-08,Present,7.5
A012179,S01218,2026-08-09,Present,9.0
A012180,S01218,2026-08-10,Present,7.9
A012181,S01219,2026-08-01,Present,9.4
A012182,S01219,2026-08-02,Absent,0.0
A012183,S01219,2026-08-03,Present,8.1
A012184,S01219,2026-08-04,Present,7.3
A012185,S01219,2026-08-05,Present,8.4
A012186,S01219,2026-08-06,Present,7.3
A012187,S01219,2026-08-07,Present,9.1
A012188,S01219,2026-08-08,Present,7.8
A012189,S01219,2026-08-09,Present,9.0
A012190,S01219,2026-08-10,Present,9.6
A012191,S01220,2026-08-01,Present,9.9
A012192,S01220,2026-08-02,Present,9.1
A012193,S01220,2026-08-03,Present,7.1
A012194,S01220,2026-08-04,Present,8.8
A012195,S01220,2026-08-05,Present,7.9
A012196,S01220,2026-08-06,Present,8.9
A012197,S01220,2026-08-07,Half Day,4.4
A012198,S01220,2026-08-08,Present,8.9
A012199,S01220,2026-08-09,Present,7.9
A012200,S01220,2026-08-10,Present,7.7
A012201,S01221,2026-08-01,Present,9.7
A012202,S01221,2026-08-02,Present,7.9
A012203,S01221,2026-08-03,Present,7.1
A012204,S01221,2026-08-04,Present,7.5
A012205,S01221,2026-08-05,Present,9.3
A012206,S01221,2026-08-06,Present,9.9
A012207,S01221,2026-08-07,Present,7.4
A012208,S01221,2026-08-08,Present,7.9
A012209,S01221,2026-08-09,Half Day,3.1
A012210,S01221,2026-08-10,Present,7.1
A012211,S01222,2026-08-01,Present,7.7
A012212,S01222,2026-08-02,Present,8.3
A012213,S01222,2026-08-03,Present,8.0
A012214,S01222,2026-08-04,Present,7.2
A012215,S01222,2026-08-05,Present,8.2
A012216,S01222,2026-08-06,Present,8.7
A012217,S01222,2026-08-07,Present,9.0
A012218,S01222,2026-08-08,Present,8.9
A012219,S01222,2026-08-09,Present,8.7
A012220,S01222,2026-08-10,Present,8.3
A012221,S01223,2026-08-01,Present,9.9
A012222,S01223,2026-08-02,Present,7.7
A012223,S01223,2026-08-03,Present,7.8
A012224,S01223,2026-08-04,Present,9.5
A012225,S01223,2026-08-05,Present,9.9
A012226,S01223,2026-08-06,Present,9.6
A012227,S01223,2026-08-07,Present,7.8
A012228,S01223,2026-08-08,Present,8.1
A012229,S01223,2026-08-09,Present,8.1
A012230,S01223,2026-08-10,Present,7.1
A012231,S01224,2026-08-01,Present,8.7
A012232,S01224,2026-08-02,Present,7.8
A012233,S01224,2026-08-03,Present,7.7
A012234,S01224,2026-08-04,Present,9.6
A012235,S01224,2026-08-05,Present,7.2
A012236,S01224,2026-08-06,Present,8.8
A012237,S01224,2026-08-07,Present,9.4
A012238,S01224,2026-08-08,Present,7.3
A012239,S01224,2026-08-09,Present,9.7
A012240,S01224,2026-08-10,Present,8.8
A012241,S01225,2026-08-01,Present,9.9
A012242,S01225,2026-08-02,Present,8.6
A012243,S01225,2026-08-03,Present,9.0
A012244,S01225,2026-08-04,Present,9.8
A012245,S01225,2026-08-05,Present,8.0
A012246,S01225,2026-08-06,Present,7.3
A012247,S01225,2026-08-07,Present,7.6
A012248,S01225,2026-08-08,Present,7.7
A012249,S01225,2026-08-09,Present,7.2
A012250,S01225,2026-08-10,Present,7.7
A012251,S01226,2026-08-01,Present,7.6
A012252,S01226,2026-08-02,Present,7.2
A012253,S01226,2026-08-03,Present,9.6
A012254,S01226,2026-08-04,Present,9.7
A012255,S01226,2026-08-05,Present,7.1
A012256,S01226,2026-08-06,Half Day,4.5
A012257,S01226,2026-08-07,Half Day,3.3
A012258,S01226,2026-08-08,Present,8.2
A012259,S01226,2026-08-09,Present,10.0
A012260,S01226,2026-08-10,Present,8.2
A012261,S01227,2026-08-01,Present,7.8
A012262,S01227,2026-08-02,Present,9.2
A012263,S01227,2026-08-03,Present,9.0
A012264,S01227,2026-08-04,Present,9.3
A012265,S01227,2026-08-05,Present,7.5
A012266,S01227,2026-08-06,Half Day,4.6
A012267,S01227,2026-08-07,Present,7.3
A012268,S01227,2026-08-08,Absent,0.0
A012269,S01227,2026-08-09,Present,7.3
A012270,S01227,2026-08-10,Present,7.2
A012271,S01228,2026-08-01,Present,9.5
A012272,S01228,2026-08-02,Present,8.0
A012273,S01228,2026-08-03,Present,8.5
A012274,S01228,2026-08-04,Present,9.5
A012275,S01228,2026-08-05,Present,8.4
A012276,S01228,2026-08-06,Present,7.7
A012277,S01228,2026-08-07,Present,7.6
A012278,S01228,2026-08-08,Present,8.0
A012279,S01228,2026-08-09,Present,9.8
A012280,S01228,2026-08-10,Present,7.0
A012281,S01229,2026-08-01,Present,8.1
A012282,S01229,2026-08-02,Half Day,4.8
A012283,S01229,2026-08-03,Present,7.6
A012284,S01229,2026-08-04,Absent,0.0
A012285,S01229,2026-08-05,Present,7.1
A012286,S01229,2026-08-06,Present,8.5
A012287,S01229,2026-08-07,Present,9.1
A012288,S01229,2026-08-08,Present,9.5
A012289,S01229,2026-08-09,Present,8.3
A012290,S01229,2026-08-10,Present,9.9
A012291,S01230,2026-08-01,Present,10.0
A012292,S01230,2026-08-02,Present,7.5
A012293,S01230,2026-08-03,Present,8.7
A012294,S01230,2026-08-04,Present,7.3
A012295,S01230,2026-08-05,Absent,0.0
A012296,S01230,2026-08-06,Present,9.2
A012297,S01230,2026-08-07,Present,8.1
A012298,S01230,2026-08-08,Present,7.4
A012299,S01230,2026-08-09,Absent,0.0
A012300,S01230,2026-08-10,Present,7.2
A012301,S01231,2026-08-01,Absent,0.0
A012302,S01231,2026-08-02,Present,8.6
A012303,S01231,2026-08-03,Present,9.1
A012304,S01231,2026-08-04,Present,8.0
A012305,S01231,2026-08-05,Present,8.9
A012306,S01231,2026-08-06,Present,8.5
A012307,S01231,2026-08-07,Present,9.2
A012308,S01231,2026-08-08,Present,8.3
A012309,S01231,2026-08-09,Present,9.3
A012310,S01231,2026-08-10,Present,8.6
A012311,S01232,2026-08-01,Half Day,4.3
A012312,S01232,2026-08-02,Present,9.6
A012313,S01232,2026-08-03,Present,9.4
A012314,S01232,2026-08-04,Absent,0.0
A012315,S01232,2026-08-05,Present,7.1
A012316,S01232,2026-08-06,Present,8.8
A012317,S01232,2026-08-07,Present,8.5
A012318,S01232,2026-08-08,Present,9.7
A012319,S01232,2026-08-09,Present,8.3
A012320,S01232,2026-08-10,Present,8.5
A012321,S01233,2026-08-01,Present,7.7
A012322,S01233,2026-08-02,Present,9.7
A012323,S01233,2026-08-03,Present,7.9
A012324,S01233,2026-08-04,Present,7.3
A012325,S01233,2026-08-05,Present,7.2
A012326,S01233,2026-08-06,Present,7.8
A012327,S01233,2026-08-07,Present,7.8
A012328,S01233,2026-08-08,Present,7.2
A012329,S01233,2026-08-09,Present,9.6
A012330,S01233,2026-08-10,Present,9.1
A012331,S01234,2026-08-01,Present,7.6
A012332,S01234,2026-08-02,Present,9.8
A012333,S01234,2026-08-03,Present,8.7
A012334,S01234,2026-08-04,Present,7.7
A012335,S01234,2026-08-05,Present,9.3
A012336,S01234,2026-08-06,Present,8.0
A012337,S01234,2026-08-07,Present,8.6
A012338,S01234,2026-08-08,Present,8.4
A012339,S01234,2026-08-09,Present,9.1
A012340,S01234,2026-08-10,Present,8.2
A012341,S01235,2026-08-01,Absent,0.0
A012342,S01235,2026-08-02,Half Day,3.4
A012343,S01235,2026-08-03,Present,8.4
A012344,S01235,2026-08-04,Half Day,4.4
A012345,S01235,2026-08-05,Present,8.0
A012346,S01235,2026-08-06,Present,8.2
A012347,S01235,2026-08-07,Present,7.0
A012348,S01235,2026-08-08,Present,9.1
A012349,S01235,2026-08-09,Present,8.5
A012350,S01235,2026-08-10,Present,8.7
A012351,S01236,2026-08-01,Present,7.2
A012352,S01236,2026-08-02,Present,7.6
A012353,S01236,2026-08-03,Present,8.6
A012354,S01236,2026-08-04,Present,8.4
A012355,S01236,2026-08-05,Absent,0.0
A012356,S01236,2026-08-06,Present,8.1
A012357,S01236,2026-08-07,Present,9.6
A012358,S01236,2026-08-08,Absent,0.0
A012359,S01236,2026-08-09,Half Day,4.8
A012360,S01236,2026-08-10,Present,7.7
A012361,S01237,2026-08-01,Present,7.4
A012362,S01237,2026-08-02,Present,9.7
A012363,S01237,2026-08-03,Absent,0.0
A012364,S01237,2026-08-04,Present,9.8
A012365,S01237,2026-08-05,Present,9.7
A012366,S01237,2026-08-06,Present,7.3
A012367,S01237,2026-08-07,Present,8.2
A012368,S01237,2026-08-08,Absent,0.0
A012369,S01237,2026-08-09,Present,7.9
A012370,S01237,2026-08-10,Present,8.0
A012371,S01238,2026-08-01,Present,9.3
A012372,S01238,2026-08-02,Present,9.2
A012373,S01238,2026-08-03,Present,8.4
A012374,S01238,2026-08-04,Present,9.7
A012375,S01238,2026-08-05,Present,8.8
A012376,S01238,2026-08-06,Present,9.4
A012377,S01238,2026-08-07,Present,7.3
A012378,S01238,2026-08-08,Present,7.3
A012379,S01238,2026-08-09,Present,7.3
A012380,S01238,2026-08-10,Present,8.0
A012381,S01239,2026-08-01,Present,8.2
A012382,S01239,2026-08-02,Present,7.1
A012383,S01239,2026-08-03,Present,7.3
A012384,S01239,2026-08-04,Half Day,3.6
A012385,S01239,2026-08-05,Present,7.2
A012386,S01239,2026-08-06,Present,7.7
A012387,S01239,2026-08-07,Present,8.3
A012388,S01239,2026-08-08,Present,9.2
A012389,S01239,2026-08-09,Present,7.4
A012390,S01239,2026-08-10,Present,8.6
A012391,S01240,2026-08-01,Present,7.4
A012392,S01240,2026-08-02,Present,9.5
A012393,S01240,2026-08-03,Present,8.9
A012394,S01240,2026-08-04,Present,9.2
A012395,S01240,2026-08-05,Half Day,4.9
A012396,S01240,2026-08-06,Present,8.4
A012397,S01240,2026-08-07,Present,7.4
A012398,S01240,2026-08-08,Absent,0.0
A012399,S01240,2026-08-09,Present,8.2
A012400,S01240,2026-08-10,Present,10.0
A012401,S01241,2026-08-01,Present,7.8
A012402,S01241,2026-08-02,Present,9.7
A012403,S01241,2026-08-03,Present,10.0
A012404,S01241,2026-08-04,Present,8.0
A012405,S01241,2026-08-05,Present,8.9
A012406,S01241,2026-08-06,Present,7.1
A012407,S01241,2026-08-07,Present,9.3
A012408,S01241,2026-08-08,Present,9.1
A012409,S01241,2026-08-09,Present,7.9
A012410,S01241,2026-08-10,Present,9.9
A012411,S01242,2026-08-01,Present,9.4
A012412,S01242,2026-08-02,Present,9.8
A012413,S01242,2026-08-03,Present,7.9
A012414,S01242,2026-08-04,Present,9.6
A012415,S01242,2026-08-05,Present,7.5
A012416,S01242,2026-08-06,Present,7.6
A012417,S01242,2026-08-07,Present,9.6
A012418,S01242,2026-08-08,Present,9.1
A012419,S01242,2026-08-09,Present,8.2
A012420,S01242,2026-08-10,Half Day,3.2
A012421,S01243,2026-08-01,Present,9.3
A012422,S01243,2026-08-02,Present,7.6
A012423,S01243,2026-08-03,Present,9.1
A012424,S01243,2026-08-04,Present,7.0
A012425,S01243,2026-08-05,Present,8.6
A012426,S01243,2026-08-06,Present,8.8
A012427,S01243,2026-08-07,Present,8.4
A012428,S01243,2026-08-08,Present,7.2
A012429,S01243,2026-08-09,Present,8.7
A012430,S01243,2026-08-10,Present,8.9
A012431,S01244,2026-08-01,Present,9.5
A012432,S01244,2026-08-02,Present,9.9
A012433,S01244,2026-08-03,Present,8.1
A012434,S01244,2026-08-04,Present,8.2
A012435,S01244,2026-08-05,Present,9.8
A012436,S01244,2026-08-06,Absent,0.0
A012437,S01244,2026-08-07,Present,7.7
A012438,S01244,2026-08-08,Half Day,4.5
A012439,S01244,2026-08-09,Present,7.7
A012440,S01244,2026-08-10,Half Day,3.8
A012441,S01245,2026-08-01,Present,8.7
A012442,S01245,2026-08-02,Present,7.6
A012443,S01245,2026-08-03,Present,7.8
A012444,S01245,2026-08-04,Absent,0.0
A012445,S01245,2026-08-05,Present,8.9
A012446,S01245,2026-08-06,Present,7.1
A012447,S01245,2026-08-07,Present,8.3
A012448,S01245,2026-08-08,Present,9.2
A012449,S01245,2026-08-09,Present,9.1
A012450,S01245,2026-08-10,Present,7.3
A012451,S01246,2026-08-01,Half Day,4.9
A012452,S01246,2026-08-02,Present,7.1
A012453,S01246,2026-08-03,Present,8.7
A012454,S01246,2026-08-04,Present,9.7
A012455,S01246,2026-08-05,Present,7.2
A012456,S01246,2026-08-06,Present,8.0
A012457,S01246,2026-08-07,Present,8.0
A012458,S01246,2026-08-08,Present,8.8
A012459,S01246,2026-08-09,Half Day,4.0
A012460,S01246,2026-08-10,Present,8.1
A012461,S01247,2026-08-01,Present,7.8
A012462,S01247,2026-08-02,Present,8.0
A012463,S01247,2026-08-03,Present,7.2
A012464,S01247,2026-08-04,Present,9.3
A012465,S01247,2026-08-05,Present,8.4
A012466,S01247,2026-08-06,Present,7.3
A012467,S01247,2026-08-07,Present,9.1
A012468,S01247,2026-08-08,Present,7.3
A012469,S01247,2026-08-09,Present,8.8
A012470,S01247,2026-08-10,Present,8.7
A012471,S01248,2026-08-01,Present,8.8
A012472,S01248,2026-08-02,Present,7.6
A012473,S01248,2026-08-03,Present,7.8
A012474,S01248,2026-08-04,Present,8.4
A012475,S01248,2026-08-05,Present,9.8
A012476,S01248,2026-08-06,Present,9.5
A012477,S01248,2026-08-07,Present,8.4
A012478,S01248,2026-08-08,Present,9.0
A012479,S01248,2026-08-09,Present,8.2
A012480,S01248,2026-08-10,Half Day,4.5
A012481,S01249,2026-08-01,Present,7.9
A012482,S01249,2026-08-02,Present,7.5
A012483,S01249,2026-08-03,Half Day,3.9
A012484,S01249,2026-08-04,Present,9.7
A012485,S01249,2026-08-05,Present,9.9
A012486,S01249,2026-08-06,Absent,0.0
A012487,S01249,2026-08-07,Present,9.4
A012488,S01249,2026-08-08,Absent,0.0
A012489,S01249,2026-08-09,Present,9.8
A012490,S01249,2026-08-10,Half Day,4.5
A012491,S01250,2026-08-01,Present,7.0
A012492,S01250,2026-08-02,Absent,0.0
A012493,S01250,2026-08-03,Absent,0.0
A012494,S01250,2026-08-04,Present,7.5
A012495,S01250,2026-08-05,Present,8.1
A012496,S01250,2026-08-06,Half Day,4.2
A012497,S01250,2026-08-07,Present,9.0
A012498,S01250,2026-08-08,Present,8.9
A012499,S01250,2026-08-09,Present,7.8
A012500,S01250,2026-08-10,Present,7.5
A012501,S01251,2026-08-01,Half Day,4.0
A012502,S01251,2026-08-02,Present,9.1
A012503,S01251,2026-08-03,Present,9.6
A012504,S01251,2026-08-04,Present,9.6
A012505,S01251,2026-08-05,Present,9.0
A012506,S01251,2026-08-06,Present,8.5
A012507,S01251,2026-08-07,Present,7.4
A012508,S01251,2026-08-08,Present,8.7
A012509,S01251,2026-08-09,Present,7.7
A012510,S01251,2026-08-10,Present,8.0
A012511,S01252,2026-08-01,Present,9.6
A012512,S01252,2026-08-02,Present,8.0
A012513,S01252,2026-08-03,Absent,0.0
A012514,S01252,2026-08-04,Absent,0.0
A012515,S01252,2026-08-05,Present,9.3
A012516,S01252,2026-08-06,Present,9.7
A012517,S01252,2026-08-07,Present,9.1
A012518,S01252,2026-08-08,Present,9.2
A012519,S01252,2026-08-09,Present,9.6
A012520,S01252,2026-08-10,Absent,0.0
A012521,S01253,2026-08-01,Half Day,3.0
A012522,S01253,2026-08-02,Half Day,4.8
A012523,S01253,2026-08-03,Present,9.6
A012524,S01253,2026-08-04,Present,9.0
A012525,S01253,2026-08-05,Present,7.3
A012526,S01253,2026-08-06,Present,8.4
A012527,S01253,2026-08-07,Present,8.0
A012528,S01253,2026-08-08,Present,8.8
A012529,S01253,2026-08-09,Present,9.8
A012530,S01253,2026-08-10,Present,9.8
A012531,S01254,2026-08-01,Present,8.4
A012532,S01254,2026-08-02,Present,9.3
A012533,S01254,2026-08-03,Present,8.9
A012534,S01254,2026-08-04,Present,8.3
A012535,S01254,2026-08-05,Present,7.3
A012536,S01254,2026-08-06,Present,8.9
A012537,S01254,2026-08-07,Present,7.4
A012538,S01254,2026-08-08,Present,7.4
A012539,S01254,2026-08-09,Present,8.1
A012540,S01254,2026-08-10,Present,7.3
A012541,S01255,2026-08-01,Present,8.4
A012542,S01255,2026-08-02,Present,8.9
A012543,S01255,2026-08-03,Present,7.3
A012544,S01255,2026-08-04,Present,9.1
A012545,S01255,2026-08-05,Present,9.0
A012546,S01255,2026-08-06,Present,7.2
A012547,S01255,2026-08-07,Present,8.8
A012548,S01255,2026-08-08,Present,8.4
A012549,S01255,2026-08-09,Present,7.3
A012550,S01255,2026-08-10,Present,8.4
A012551,S01256,2026-08-01,Present,9.6
A012552,S01256,2026-08-02,Present,8.4
A012553,S01256,2026-08-03,Present,7.4
A012554,S01256,2026-08-04,Present,8.7
A012555,S01256,2026-08-05,Present,8.1
A012556,S01256,2026-08-06,Present,7.5
A012557,S01256,2026-08-07,Half Day,4.4
A012558,S01256,2026-08-08,Half Day,3.1
A012559,S01256,2026-08-09,Present,9.3
A012560,S01256,2026-08-10,Present,8.2
A012561,S01257,2026-08-01,Present,7.1
A012562,S01257,2026-08-02,Present,8.6
A012563,S01257,2026-08-03,Present,8.8
A012564,S01257,2026-08-04,Half Day,3.5
A012565,S01257,2026-08-05,Present,9.3
A012566,S01257,2026-08-06,Present,9.5
A012567,S01257,2026-08-07,Absent,0.0
A012568,S01257,2026-08-08,Present,8.2
A012569,S01257,2026-08-09,Present,8.6
A012570,S01257,2026-08-10,Present,8.2
A012571,S01258,2026-08-01,Absent,0.0
A012572,S01258,2026-08-02,Present,7.4
A012573,S01258,2026-08-03,Present,8.7
A012574,S01258,2026-08-04,Present,7.8
A012575,S01258,2026-08-05,Present,9.6
A012576,S01258,2026-08-06,Present,8.2
A012577,S01258,2026-08-07,Half Day,4.6
A012578,S01258,2026-08-08,Half Day,4.5
A012579,S01258,2026-08-09,Present,9.4
A012580,S01258,2026-08-10,Absent,0.0
A012581,S01259,2026-08-01,Half Day,3.9
A012582,S01259,2026-08-02,Present,7.2
A012583,S01259,2026-08-03,Present,7.6
A012584,S01259,2026-08-04,Present,8.0
A012585,S01259,2026-08-05,Present,7.7
A012586,S01259,2026-08-06,Present,9.9
A012587,S01259,2026-08-07,Present,8.7
A012588,S01259,2026-08-08,Present,9.9
A012589,S01259,2026-08-09,Present,7.5
A012590,S01259,2026-08-10,Present,7.4
A012591,S01260,2026-08-01,Absent,0.0
A012592,S01260,2026-08-02,Half Day,4.1
A012593,S01260,2026-08-03,Present,9.1
A012594,S01260,2026-08-04,Absent,0.0
A012595,S01260,2026-08-05,Present,9.8
A012596,S01260,2026-08-06,Present,8.8
A012597,S01260,2026-08-07,Present,9.2
A012598,S01260,2026-08-08,Present,7.2
A012599,S01260,2026-08-09,Present,9.9
A012600,S01260,2026-08-10,Present,7.0
A012601,S01261,2026-08-01,Present,7.9
A012602,S01261,2026-08-02,Present,7.6
A012603,S01261,2026-08-03,Present,9.8
A012604,S01261,2026-08-04,Present,7.3
A012605,S01261,2026-08-05,Present,9.0
A012606,S01261,2026-08-06,Present,9.8
A012607,S01261,2026-08-07,Half Day,3.5
A012608,S01261,2026-08-08,Present,9.0
A012609,S01261,2026-08-09,Present,8.5
A012610,S01261,2026-08-10,Present,8.4
A012611,S01262,2026-08-01,Present,9.8
A012612,S01262,2026-08-02,Present,7.2
A012613,S01262,2026-08-03,Present,10.0
A012614,S01262,2026-08-04,Absent,0.0
A012615,S01262,2026-08-05,Present,7.5
A012616,S01262,2026-08-06,Absent,0.0
A012617,S01262,2026-08-07,Present,7.9
A012618,S01262,2026-08-08,Present,9.6
A012619,S01262,2026-08-09,Present,8.5
A012620,S01262,2026-08-10,Present,9.3
A012621,S01263,2026-08-01,Present,9.6
A012622,S01263,2026-08-02,Absent,0.0
A012623,S01263,2026-08-03,Present,9.5
A012624,S01263,2026-08-04,Present,8.4
A012625,S01263,2026-08-05,Present,7.2
A012626,S01263,2026-08-06,Present,8.6
A012627,S01263,2026-08-07,Present,7.2
A012628,S01263,2026-08-08,Present,8.0
A012629,S01263,2026-08-09,Half Day,4.1
A012630,S01263,2026-08-10,Present,8.8
A012631,S01264,2026-08-01,Present,7.7
A012632,S01264,2026-08-02,Present,9.3
A012633,S01264,2026-08-03,Present,7.9
A012634,S01264,2026-08-04,Present,7.5
A012635,S01264,2026-08-05,Present,9.8
A012636,S01264,2026-08-06,Present,9.7
A012637,S01264,2026-08-07,Present,8.7
A012638,S01264,2026-08-08,Present,9.8
A012639,S01264,2026-08-09,Present,7.2
A012640,S01264,2026-08-10,Present,9.8
A012641,S01265,2026-08-01,Present,7.2
A012642,S01265,2026-08-02,Half Day,3.7
A012643,S01265,2026-08-03,Present,9.6
A012644,S01265,2026-08-04,Present,7.9
A012645,S01265,2026-08-05,Half Day,3.5
A012646,S01265,2026-08-06,Present,9.1
A012647,S01265,2026-08-07,Present,8.1
A012648,S01265,2026-08-08,Present,8.7
A012649,S01265,2026-08-09,Present,8.9
A012650,S01265,2026-08-10,Present,8.0
A012651,S01266,2026-08-01,Half Day,4.2
A012652,S01266,2026-08-02,Present,7.4
A012653,S01266,2026-08-03,Present,7.4
A012654,S01266,2026-08-04,Present,9.6
A012655,S01266,2026-08-05,Present,9.1
A012656,S01266,2026-08-06,Present,8.0
A012657,S01266,2026-08-07,Absent,0.0
A012658,S01266,2026-08-08,Present,9.3
A012659,S01266,2026-08-09,Present,9.7
A012660,S01266,2026-08-10,Present,7.3
A012661,S01267,2026-08-01,Present,8.7
A012662,S01267,2026-08-02,Present,9.4
A012663,S01267,2026-08-03,Half Day,4.7
A012664,S01267,2026-08-04,Present,8.4
A012665,S01267,2026-08-05,Present,9.2
A012666,S01267,2026-08-06,Present,8.2
A012667,S01267,2026-08-07,Present,9.7
A012668,S01267,2026-08-08,Present,9.1
A012669,S01267,2026-08-09,Present,9.6
A012670,S01267,2026-08-10,Present,7.0
A012671,S01268,2026-08-01,Present,7.8
A012672,S01268,2026-08-02,Present,7.6
A012673,S01268,2026-08-03,Present,9.6
A012674,S01268,2026-08-04,Absent,0.0
A012675,S01268,2026-08-05,Present,7.5
A012676,S01268,2026-08-06,Present,9.1
A012677,S01268,2026-08-07,Present,8.0
A012678,S01268,2026-08-08,Present,7.9
A012679,S01268,2026-08-09,Present,10.0
A012680,S01268,2026-08-10,Present,7.5
A012681,S01269,2026-08-01,Present,9.0
A012682,S01269,2026-08-02,Absent,0.0
A012683,S01269,2026-08-03,Present,9.5
A012684,S01269,2026-08-04,Present,7.7
A012685,S01269,2026-08-05,Present,9.9
A012686,S01269,2026-08-06,Present,8.9
A012687,S01269,2026-08-07,Present,8.6
A012688,S01269,2026-08-08,Present,7.2
A012689,S01269,2026-08-09,Present,7.9
A012690,S01269,2026-08-10,Present,8.7
A012691,S01270,2026-08-01,Absent,0.0
A012692,S01270,2026-08-02,Present,9.8
A012693,S01270,2026-08-03,Present,9.6
A012694,S01270,2026-08-04,Present,8.6
A012695,S01270,2026-08-05,Present,8.5
A012696,S01270,2026-08-06,Present,9.0
A012697,S01270,2026-08-07,Present,8.4
A012698,S01270,2026-08-08,Present,9.6
A012699,S01270,2026-08-09,Present,9.6
A012700,S01270,2026-08-10,Present,9.0
A012701,S01271,2026-08-01,Present,9.6
A012702,S01271,2026-08-02,Absent,0.0
A012703,S01271,2026-08-03,Present,9.5
A012704,S01271,2026-08-04,Present,9.4
A012705,S01271,2026-08-05,Half Day,3.2
A012706,S01271,2026-08-06,Present,7.4
A012707,S01271,2026-08-07,Present,8.0
A012708,S01271,2026-08-08,Present,7.5
A012709,S01271,2026-08-09,Present,9.8
A012710,S01271,2026-08-10,Absent,0.0
A012711,S01272,2026-08-01,Present,9.4
A012712,S01272,2026-08-02,Absent,0.0
A012713,S01272,2026-08-03,Present,9.6
A012714,S01272,2026-08-04,Present,8.9
A012715,S01272,2026-08-05,Present,8.1
A012716,S01272,2026-08-06,Present,9.6
A012717,S01272,2026-08-07,Present,8.7
A012718,S01272,2026-08-08,Present,9.6
A012719,S01272,2026-08-09,Present,9.3
A012720,S01272,2026-08-10,Present,8.6
A012721,S01273,2026-08-01,Present,9.1
A012722,S01273,2026-08-02,Half Day,3.9
A012723,S01273,2026-08-03,Present,9.3
A012724,S01273,2026-08-04,Present,8.2
A012725,S01273,2026-08-05,Present,8.1
A012726,S01273,2026-08-06,Present,7.9
A012727,S01273,2026-08-07,Present,8.4
A012728,S01273,2026-08-08,Present,8.3
A012729,S01273,2026-08-09,Absent,0.0
A012730,S01273,2026-08-10,Present,7.0
A012731,S01274,2026-08-01,Present,8.6
A012732,S01274,2026-08-02,Present,8.9
A012733,S01274,2026-08-03,Present,9.2
A012734,S01274,2026-08-04,Present,8.9
A012735,S01274,2026-08-05,Present,7.9
A012736,S01274,2026-08-06,Present,9.7
A012737,S01274,2026-08-07,Present,9.9
A012738,S01274,2026-08-08,Present,9.7
A012739,S01274,2026-08-09,Present,7.6
A012740,S01274,2026-08-10,Present,9.6
A012741,S01275,2026-08-01,Present,8.0
A012742,S01275,2026-08-02,Half Day,4.5
A012743,S01275,2026-08-03,Present,9.0
A012744,S01275,2026-08-04,Present,7.1
A012745,S01275,2026-08-05,Absent,0.0
A012746,S01275,2026-08-06,Present,9.0
A012747,S01275,2026-08-07,Present,9.3
A012748,S01275,2026-08-08,Present,8.0
A012749,S01275,2026-08-09,Present,9.7
A012750,S01275,2026-08-10,Present,9.6
A012751,S01276,2026-08-01,Present,9.1
A012752,S01276,2026-08-02,Present,8.7
A012753,S01276,2026-08-03,Present,8.4
A012754,S01276,2026-08-04,Present,9.9
A012755,S01276,2026-08-05,Present,9.1
A012756,S01276,2026-08-06,Present,8.3
A012757,S01276,2026-08-07,Present,7.7
A012758,S01276,2026-08-08,Half Day,3.0
A012759,S01276,2026-08-09,Present,7.0
A012760,S01276,2026-08-10,Present,9.6
A012761,S01277,2026-08-01,Present,8.0
A012762,S01277,2026-08-02,Present,9.5
A012763,S01277,2026-08-03,Present,7.6
A012764,S01277,2026-08-04,Present,9.4
A012765,S01277,2026-08-05,Present,8.4
A012766,S01277,2026-08-06,Present,7.0
A012767,S01277,2026-08-07,Present,9.4
A012768,S01277,2026-08-08,Present,9.2
A012769,S01277,2026-08-09,Present,7.7
A012770,S01277,2026-08-10,Half Day,3.5
A012771,S01278,2026-08-01,Present,7.8
A012772,S01278,2026-08-02,Present,8.2
A012773,S01278,2026-08-03,Absent,0.0
A012774,S01278,2026-08-04,Present,8.9
A012775,S01278,2026-08-05,Present,8.1
A012776,S01278,2026-08-06,Present,7.5
A012777,S01278,2026-08-07,Present,8.8
A012778,S01278,2026-08-08,Present,7.0
A012779,S01278,2026-08-09,Present,7.7
A012780,S01278,2026-08-10,Present,8.0
A012781,S01279,2026-08-01,Present,7.2
A012782,S01279,2026-08-02,Present,7.2
A012783,S01279,2026-08-03,Present,8.9
A012784,S01279,2026-08-04,Present,7.8
A012785,S01279,2026-08-05,Present,9.4
A012786,S01279,2026-08-06,Present,8.0
A012787,S01279,2026-08-07,Present,8.4
A012788,S01279,2026-08-08,Present,8.3
A012789,S01279,2026-08-09,Half Day,4.8
A012790,S01279,2026-08-10,Absent,0.0
A012791,S01280,2026-08-01,Half Day,4.3
A012792,S01280,2026-08-02,Present,8.5
A012793,S01280,2026-08-03,Present,7.4
A012794,S01280,2026-08-04,Present,7.6
A012795,S01280,2026-08-05,Present,8.7
A012796,S01280,2026-08-06,Present,9.0
A012797,S01280,2026-08-07,Present,7.8
A012798,S01280,2026-08-08,Present,7.6
A012799,S01280,2026-08-09,Present,8.8
A012800,S01280,2026-08-10,Present,9.6
A012801,S01281,2026-08-01,Present,8.9
A012802,S01281,2026-08-02,Present,9.3
A012803,S01281,2026-08-03,Present,7.4
A012804,S01281,2026-08-04,Present,7.7
A012805,S01281,2026-08-05,Present,7.7
A012806,S01281,2026-08-06,Present,8.8
A012807,S01281,2026-08-07,Present,7.3
A012808,S01281,2026-08-08,Present,7.3
A012809,S01281,2026-08-09,Present,9.1
A012810,S01281,2026-08-10,Present,8.1
A012811,S01282,2026-08-01,Present,9.4
A012812,S01282,2026-08-02,Present,9.1
A012813,S01282,2026-08-03,Present,7.3
A012814,S01282,2026-08-04,Present,7.1
A012815,S01282,2026-08-05,Present,7.3
A012816,S01282,2026-08-06,Absent,0.0
A012817,S01282,2026-08-07,Present,7.2
A012818,S01282,2026-08-08,Present,8.0
A012819,S01282,2026-08-09,Present,7.2
A012820,S01282,2026-08-10,Present,8.5
A012821,S01283,2026-08-01,Present,8.9
A012822,S01283,2026-08-02,Absent,0.0
A012823,S01283,2026-08-03,Present,8.8
A012824,S01283,2026-08-04,Present,8.2
A012825,S01283,2026-08-05,Present,8.3
A012826,S01283,2026-08-06,Present,7.0
A012827,S01283,2026-08-07,Present,7.1
A012828,S01283,2026-08-08,Present,9.1
A012829,S01283,2026-08-09,Present,9.2
A012830,S01283,2026-08-10,Present,9.7
A012831,S01284,2026-08-01,Present,8.2
A012832,S01284,2026-08-02,Present,7.7
A012833,S01284,2026-08-03,Half Day,4.9
A012834,S01284,2026-08-04,Present,8.7
A012835,S01284,2026-08-05,Present,7.5
A012836,S01284,2026-08-06,Present,9.3
A012837,S01284,2026-08-07,Present,9.6
A012838,S01284,2026-08-08,Present,8.0
A012839,S01284,2026-08-09,Present,7.0
A012840,S01284,2026-08-10,Present,8.0
A012841,S01285,2026-08-01,Half Day,3.8
A012842,S01285,2026-08-02,Present,9.8
A012843,S01285,2026-08-03,Present,9.5
A012844,S01285,2026-08-04,Present,9.4
A012845,S01285,2026-08-05,Present,7.4
A012846,S01285,2026-08-06,Present,9.9
A012847,S01285,2026-08-07,Present,7.9
A012848,S01285,2026-08-08,Present,7.1
A012849,S01285,2026-08-09,Present,7.4
A012850,S01285,2026-08-10,Present,7.5
A012851,S01286,2026-08-01,Half Day,4.1
A012852,S01286,2026-08-02,Present,7.7
A012853,S01286,2026-08-03,Absent,0.0
A012854,S01286,2026-08-04,Half Day,4.2
A012855,S01286,2026-08-05,Present,9.4
A012856,S01286,2026-08-06,Present,8.0
A012857,S01286,2026-08-07,Present,9.3
A012858,S01286,2026-08-08,Present,7.1
A012859,S01286,2026-08-09,Present,8.5
A012860,S01286,2026-08-10,Present,7.8
A012861,S01287,2026-08-01,Present,8.2
A012862,S01287,2026-08-02,Present,8.2
A012863,S01287,2026-08-03,Present,10.0
A012864,S01287,2026-08-04,Present,9.8
A012865,S01287,2026-08-05,Present,8.9
A012866,S01287,2026-08-06,Present,8.5
A012867,S01287,2026-08-07,Present,7.9
A012868,S01287,2026-08-08,Present,9.5
A012869,S01287,2026-08-09,Present,7.1
A012870,S01287,2026-08-10,Absent,0.0
A012871,S01288,2026-08-01,Present,8.9
A012872,S01288,2026-08-02,Present,9.1
A012873,S01288,2026-08-03,Absent,0.0
A012874,S01288,2026-08-04,Present,7.0
A012875,S01288,2026-08-05,Absent,0.0
A012876,S01288,2026-08-06,Present,7.8
A012877,S01288,2026-08-07,Present,7.7
A012878,S01288,2026-08-08,Present,7.5
A012879,S01288,2026-08-09,Present,7.9
A012880,S01288,2026-08-10,Present,8.4
A012881,S01289,2026-08-01,Present,7.4
A012882,S01289,2026-08-02,Present,9.4
A012883,S01289,2026-08-03,Present,9.4
A012884,S01289,2026-08-04,Present,7.3
A012885,S01289,2026-08-05,Half Day,3.9
A012886,S01289,2026-08-06,Present,8.2
A012887,S01289,2026-08-07,Half Day,3.5
A012888,S01289,2026-08-08,Present,7.0
A012889,S01289,2026-08-09,Present,9.7
A012890,S01289,2026-08-10,Present,7.8
A012891,S01290,2026-08-01,Present,9.4
A012892,S01290,2026-08-02,Present,8.1
A012893,S01290,2026-08-03,Present,8.5
A012894,S01290,2026-08-04,Present,7.8
A012895,S01290,2026-08-05,Absent,0.0
A012896,S01290,2026-08-06,Present,9.9
A012897,S01290,2026-08-07,Present,8.2
A012898,S01290,2026-08-08,Present,7.7
A012899,S01290,2026-08-09,Present,9.2
A012900,S01290,2026-08-10,Present,8.1
A012901,S01291,2026-08-01,Present,8.5
A012902,S01291,2026-08-02,Present,7.4
A012903,S01291,2026-08-03,Present,8.0
A012904,S01291,2026-08-04,Present,8.6
A012905,S01291,2026-08-05,Present,9.8
A012906,S01291,2026-08-06,Present,8.1
A012907,S01291,2026-08-07,Present,9.5
A012908,S01291,2026-08-08,Present,8.7
A012909,S01291,2026-08-09,Present,8.3
A012910,S01291,2026-08-10,Present,7.3
A012911,S01292,2026-08-01,Absent,0.0
A012912,S01292,2026-08-02,Present,7.8
A012913,S01292,2026-08-03,Present,9.1
A012914,S01292,2026-08-04,Present,9.4
A012915,S01292,2026-08-05,Present,8.0
A012916,S01292,2026-08-06,Present,7.8
A012917,S01292,2026-08-07,Present,9.5
A012918,S01292,2026-08-08,Present,9.7
A012919,S01292,2026-08-09,Present,8.5
A012920,S01292,2026-08-10,Present,8.3
A012921,S01293,2026-08-01,Present,9.5
A012922,S01293,2026-08-02,Present,9.0
A012923,S01293,2026-08-03,Present,8.5
A012924,S01293,2026-08-04,Present,8.5
A012925,S01293,2026-08-05,Present,7.6
A012926,S01293,2026-08-06,Absent,0.0
A012927,S01293,2026-08-07,Present,8.9
A012928,S01293,2026-08-08,Present,8.0
A012929,S01293,2026-08-09,Present,7.8
A012930,S01293,2026-08-10,Present,8.1
A012931,S01294,2026-08-01,Present,8.0
A012932,S01294,2026-08-02,Present,7.4
A012933,S01294,2026-08-03,Present,10.0
A012934,S01294,2026-08-04,Present,7.4
A012935,S01294,2026-08-05,Present,7.8
A012936,S01294,2026-08-06,Present,7.4
A012937,S01294,2026-08-07,Present,9.6
A012938,S01294,2026-08-08,Present,7.4
A012939,S01294,2026-08-09,Present,8.0
A012940,S01294,2026-08-10,Present,8.3
A012941,S01295,2026-08-01,Half Day,4.3
A012942,S01295,2026-08-02,Present,7.6
A012943,S01295,2026-08-03,Present,8.7
A012944,S01295,2026-08-04,Present,7.0
A012945,S01295,2026-08-05,Present,7.3
A012946,S01295,2026-08-06,Present,7.9
A012947,S01295,2026-08-07,Present,9.4
A012948,S01295,2026-08-08,Present,7.2
A012949,S01295,2026-08-09,Absent,0.0
A012950,S01295,2026-08-10,Half Day,3.7
A012951,S01296,2026-08-01,Present,8.7
A012952,S01296,2026-08-02,Present,7.1
A012953,S01296,2026-08-03,Present,7.1
A012954,S01296,2026-08-04,Present,8.0
A012955,S01296,2026-08-05,Half Day,3.3
A012956,S01296,2026-08-06,Present,9.5
A012957,S01296,2026-08-07,Present,7.3
A012958,S01296,2026-08-08,Present,8.1
A012959,S01296,2026-08-09,Absent,0.0
A012960,S01296,2026-08-10,Present,8.4
A012961,S01297,2026-08-01,Present,8.9
A012962,S01297,2026-08-02,Present,10.0
A012963,S01297,2026-08-03,Present,8.1
A012964,S01297,2026-08-04,Present,8.7
A012965,S01297,2026-08-05,Absent,0.0
A012966,S01297,2026-08-06,Present,9.0
A012967,S01297,2026-08-07,Half Day,3.1
A012968,S01297,2026-08-08,Present,9.3
A012969,S01297,2026-08-09,Present,8.8
A012970,S01297,2026-08-10,Present,9.4
A012971,S01298,2026-08-01,Present,9.5
A012972,S01298,2026-08-02,Present,10.0
A012973,S01298,2026-08-03,Present,7.4
A012974,S01298,2026-08-04,Present,9.0
A012975,S01298,2026-08-05,Present,9.4
A012976,S01298,2026-08-06,Present,7.1
A012977,S01298,2026-08-07,Present,9.4
A012978,S01298,2026-08-08,Present,7.2
A012979,S01298,2026-08-09,Half Day,4.3
A012980,S01298,2026-08-10,Present,8.6
A012981,S01299,2026-08-01,Present,7.6
A012982,S01299,2026-08-02,Present,8.0
A012983,S01299,2026-08-03,Present,8.8
A012984,S01299,2026-08-04,Present,7.4
A012985,S01299,2026-08-05,Present,8.2
A012986,S01299,2026-08-06,Present,8.9
A012987,S01299,2026-08-07,Present,7.6
A012988,S01299,2026-08-08,Present,7.1
A012989,S01299,2026-08-09,Present,8.6
A012990,S01299,2026-08-10,Present,7.1
A012991,S01300,2026-08-01,Present,8.5
A012992,S01300,2026-08-02,Present,7.3
A012993,S01300,2026-08-03,Present,8.1
A012994,S01300,2026-08-04,Present,8.8
A012995,S01300,2026-08-05,Present,9.4
A012996,S01300,2026-08-06,Absent,0.0
A012997,S01300,2026-08-07,Present,9.0
A012998,S01300,2026-08-08,Present,9.9
A012999,S01300,2026-08-09,Present,7.1
A013000,S01300,2026-08-10,Present,8.0
A013001,S01301,2026-08-01,Present,8.6
A013002,S01301,2026-08-02,Present,8.3
A013003,S01301,2026-08-03,Present,8.8
A013004,S01301,2026-08-04,Present,8.4
A013005,S01301,2026-08-05,Present,7.2
A013006,S01301,2026-08-06,Present,10.0
A013007,S01301,2026-08-07,Present,7.7
A013008,S01301,2026-08-08,Present,8.3
A013009,S01301,2026-08-09,Present,8.6
A013010,S01301,2026-08-10,Present,7.2
A013011,S01302,2026-08-01,Present,7.1
A013012,S01302,2026-08-02,Present,8.3
A013013,S01302,2026-08-03,Half Day,3.0
A013014,S01302,2026-08-04,Present,9.7
A013015,S01302,2026-08-05,Present,7.6
A013016,S01302,2026-08-06,Present,7.7
A013017,S01302,2026-08-07,Present,7.3
A013018,S01302,2026-08-08,Present,8.5
A013019,S01302,2026-08-09,Present,9.2
A013020,S01302,2026-08-10,Half Day,4.4
A013021,S01303,2026-08-01,Half Day,4.7
A013022,S01303,2026-08-02,Present,7.5
A013023,S01303,2026-08-03,Present,8.6
A013024,S01303,2026-08-04,Present,7.4
A013025,S01303,2026-08-05,Present,7.0
A013026,S01303,2026-08-06,Present,8.7
A013027,S01303,2026-08-07,Present,7.3
A013028,S01303,2026-08-08,Present,7.5
A013029,S01303,2026-08-09,Present,9.7
A013030,S01303,2026-08-10,Half Day,4.0
A013031,S01304,2026-08-01,Present,7.7
A013032,S01304,2026-08-02,Absent,0.0
A013033,S01304,2026-08-03,Half Day,4.7
A013034,S01304,2026-08-04,Present,8.9
A013035,S01304,2026-08-05,Present,9.2
A013036,S01304,2026-08-06,Present,7.3
A013037,S01304,2026-08-07,Present,8.1
A013038,S01304,2026-08-08,Present,7.6
A013039,S01304,2026-08-09,Present,9.6
A013040,S01304,2026-08-10,Present,9.5
A013041,S01305,2026-08-01,Present,9.7
A013042,S01305,2026-08-02,Present,7.8
A013043,S01305,2026-08-03,Present,9.8
A013044,S01305,2026-08-04,Half Day,3.8
A013045,S01305,2026-08-05,Half Day,3.5
A013046,S01305,2026-08-06,Absent,0.0
A013047,S01305,2026-08-07,Present,7.4
A013048,S01305,2026-08-08,Present,7.2
A013049,S01305,2026-08-09,Half Day,4.6
A013050,S01305,2026-08-10,Present,8.3
A013051,S01306,2026-08-01,Present,8.3
A013052,S01306,2026-08-02,Half Day,4.7
A013053,S01306,2026-08-03,Present,8.4
A013054,S01306,2026-08-04,Absent,0.0
A013055,S01306,2026-08-05,Present,7.4
A013056,S01306,2026-08-06,Half Day,3.8
A013057,S01306,2026-08-07,Present,9.3
A013058,S01306,2026-08-08,Present,7.9
A013059,S01306,2026-08-09,Present,9.0
A013060,S01306,2026-08-10,Present,8.1
A013061,S01307,2026-08-01,Present,9.4
A013062,S01307,2026-08-02,Present,7.0
A013063,S01307,2026-08-03,Present,8.8
A013064,S01307,2026-08-04,Present,8.5
A013065,S01307,2026-08-05,Present,9.9
A013066,S01307,2026-08-06,Present,9.4
A013067,S01307,2026-08-07,Half Day,4.6
A013068,S01307,2026-08-08,Present,7.5
A013069,S01307,2026-08-09,Present,8.4
A013070,S01307,2026-08-10,Present,7.2
A013071,S01308,2026-08-01,Present,8.0
A013072,S01308,2026-08-02,Present,8.4
A013073,S01308,2026-08-03,Present,8.8
A013074,S01308,2026-08-04,Present,9.7
A013075,S01308,2026-08-05,Present,7.3
A013076,S01308,2026-08-06,Present,9.6
A013077,S01308,2026-08-07,Half Day,3.1
A013078,S01308,2026-08-08,Half Day,3.8
A013079,S01308,2026-08-09,Present,8.2
A013080,S01308,2026-08-10,Present,8.7
A013081,S01309,2026-08-01,Present,9.2
A013082,S01309,2026-08-02,Present,8.1
A013083,S01309,2026-08-03,Present,8.4
A013084,S01309,2026-08-04,Present,9.6
A013085,S01309,2026-08-05,Present,8.7
A013086,S01309,2026-08-06,Present,8.7
A013087,S01309,2026-08-07,Present,9.5
A013088,S01309,2026-08-08,Present,9.9
A013089,S01309,2026-08-09,Present,8.7
A013090,S01309,2026-08-10,Present,7.2
A013091,S01310,2026-08-01,Present,9.9
A013092,S01310,2026-08-02,Present,7.4
A013093,S01310,2026-08-03,Present,8.9
A013094,S01310,2026-08-04,Present,8.2
A013095,S01310,2026-08-05,Present,8.4
A013096,S01310,2026-08-06,Present,9.7
A013097,S01310,2026-08-07,Present,8.7
A013098,S01310,2026-08-08,Present,9.5
A013099,S01310,2026-08-09,Present,8.9
A013100,S01310,2026-08-10,Present,9.3
A013101,S01311,2026-08-01,Present,7.3
A013102,S01311,2026-08-02,Present,8.2
A013103,S01311,2026-08-03,Present,8.3
A013104,S01311,2026-08-04,Present,9.2
A013105,S01311,2026-08-05,Present,9.5
A013106,S01311,2026-08-06,Present,7.5
A013107,S01311,2026-08-07,Present,7.3
A013108,S01311,2026-08-08,Present,9.8
A013109,S01311,2026-08-09,Present,9.7
A013110,S01311,2026-08-10,Present,9.4
A013111,S01312,2026-08-01,Present,7.3
A013112,S01312,2026-08-02,Present,7.2
A013113,S01312,2026-08-03,Present,9.1
A013114,S01312,2026-08-04,Present,7.8
A013115,S01312,2026-08-05,Present,8.5
A013116,S01312,2026-08-06,Present,9.9
A013117,S01312,2026-08-07,Present,7.5
A013118,S01312,2026-08-08,Present,8.9
A013119,S01312,2026-08-09,Absent,0.0
A013120,S01312,2026-08-10,Present,7.6
A013121,S01313,2026-08-01,Absent,0.0
A013122,S01313,2026-08-02,Present,8.7
A013123,S01313,2026-08-03,Present,9.9
A013124,S01313,2026-08-04,Half Day,4.5
A013125,S01313,2026-08-05,Present,8.6
A013126,S01313,2026-08-06,Present,7.9
A013127,S01313,2026-08-07,Present,7.9
A013128,S01313,2026-08-08,Present,9.6
A013129,S01313,2026-08-09,Present,9.7
A013130,S01313,2026-08-10,Present,7.1
A013131,S01314,2026-08-01,Present,9.1
A013132,S01314,2026-08-02,Present,8.9
A013133,S01314,2026-08-03,Present,9.1
A013134,S01314,2026-08-04,Present,9.2
A013135,S01314,2026-08-05,Present,9.8
A013136,S01314,2026-08-06,Present,7.1
A013137,S01314,2026-08-07,Present,7.9
A013138,S01314,2026-08-08,Absent,0.0
A013139,S01314,2026-08-09,Absent,0.0
A013140,S01314,2026-08-10,Absent,0.0
A013141,S01315,2026-08-01,Present,7.7
A013142,S01315,2026-08-02,Present,9.0
A013143,S01315,2026-08-03,Present,7.3
A013144,S01315,2026-08-04,Present,9.1
A013145,S01315,2026-08-05,Present,8.6
A013146,S01315,2026-08-06,Half Day,3.6
A013147,S01315,2026-08-07,Present,9.8
A013148,S01315,2026-08-08,Present,7.4
A013149,S01315,2026-08-09,Present,8.5
A013150,S01315,2026-08-10,Half Day,4.7
A013151,S01316,2026-08-01,Present,8.3
A013152,S01316,2026-08-02,Present,8.0
A013153,S01316,2026-08-03,Present,7.8
A013154,S01316,2026-08-04,Present,8.6
A013155,S01316,2026-08-05,Present,8.3
A013156,S01316,2026-08-06,Present,9.9
A013157,S01316,2026-08-07,Present,9.9
A013158,S01316,2026-08-08,Present,8.3
A013159,S01316,2026-08-09,Present,10.0
A013160,S01316,2026-08-10,Present,9.0
A013161,S01317,2026-08-01,Present,7.4
A013162,S01317,2026-08-02,Present,8.1
A013163,S01317,2026-08-03,Present,8.0
A013164,S01317,2026-08-04,Present,8.5
A013165,S01317,2026-08-05,Present,9.9
A013166,S01317,2026-08-06,Present,7.7
A013167,S01317,2026-08-07,Present,9.5
A013168,S01317,2026-08-08,Present,8.7
A013169,S01317,2026-08-09,Present,9.2
A013170,S01317,2026-08-10,Present,8.7
A013171,S01318,2026-08-01,Present,8.0
A013172,S01318,2026-08-02,Present,8.8
A013173,S01318,2026-08-03,Present,10.0
A013174,S01318,2026-08-04,Present,8.2
A013175,S01318,2026-08-05,Present,8.6
A013176,S01318,2026-08-06,Present,9.6
A013177,S01318,2026-08-07,Present,10.0
A013178,S01318,2026-08-08,Present,7.6
A013179,S01318,2026-08-09,Present,7.8
A013180,S01318,2026-08-10,Present,7.7
A013181,S01319,2026-08-01,Present,8.1
A013182,S01319,2026-08-02,Present,9.9
A013183,S01319,2026-08-03,Present,9.4
A013184,S01319,2026-08-04,Present,9.2
A013185,S01319,2026-08-05,Present,7.9
A013186,S01319,2026-08-06,Present,9.7
A013187,S01319,2026-08-07,Present,8.0
A013188,S01319,2026-08-08,Present,8.3
A013189,S01319,2026-08-09,Present,7.5
A013190,S01319,2026-08-10,Present,8.2
A013191,S01320,2026-08-01,Present,9.1
A013192,S01320,2026-08-02,Present,8.6
A013193,S01320,2026-08-03,Present,9.6
A013194,S01320,2026-08-04,Present,7.4
A013195,S01320,2026-08-05,Present,9.4
A013196,S01320,2026-08-06,Half Day,3.5
A013197,S01320,2026-08-07,Present,7.9
A013198,S01320,2026-08-08,Absent,0.0
A013199,S01320,2026-08-09,Present,9.4
A013200,S01320,2026-08-10,Present,9.9
A013201,S01321,2026-08-01,Present,9.0
A013202,S01321,2026-08-02,Present,7.2
A013203,S01321,2026-08-03,Half Day,4.3
A013204,S01321,2026-08-04,Present,10.0
A013205,S01321,2026-08-05,Present,8.4
A013206,S01321,2026-08-06,Present,8.0
A013207,S01321,2026-08-07,Half Day,3.3
A013208,S01321,2026-08-08,Present,7.7
A013209,S01321,2026-08-09,Present,9.2
A013210,S01321,2026-08-10,Present,7.7
A013211,S01322,2026-08-01,Present,8.5
A013212,S01322,2026-08-02,Present,8.2
A013213,S01322,2026-08-03,Present,8.2
A013214,S01322,2026-08-04,Present,8.9
A013215,S01322,2026-08-05,Present,7.2
A013216,S01322,2026-08-06,Present,7.6
A013217,S01322,2026-08-07,Present,8.0
A013218,S01322,2026-08-08,Present,9.6
A013219,S01322,2026-08-09,Present,9.0
A013220,S01322,2026-08-10,Present,7.9
A013221,S01323,2026-08-01,Present,9.8
A013222,S01323,2026-08-02,Present,7.3
A013223,S01323,2026-08-03,Half Day,3.0
A013224,S01323,2026-08-04,Present,7.5
A013225,S01323,2026-08-05,Present,9.0
A013226,S01323,2026-08-06,Half Day,3.1
A013227,S01323,2026-08-07,Present,8.6
A013228,S01323,2026-08-08,Present,9.7
A013229,S01323,2026-08-09,Present,9.3
A013230,S01323,2026-08-10,Present,9.4
A013231,S01324,2026-08-01,Present,9.3
A013232,S01324,2026-08-02,Present,8.3
A013233,S01324,2026-08-03,Present,8.2
A013234,S01324,2026-08-04,Present,7.0
A013235,S01324,2026-08-05,Absent,0.0
A013236,S01324,2026-08-06,Present,8.9
A013237,S01324,2026-08-07,Present,9.9
A013238,S01324,2026-08-08,Present,7.7
A013239,S01324,2026-08-09,Present,9.3
A013240,S01324,2026-08-10,Present,9.0
A013241,S01325,2026-08-01,Present,8.5
A013242,S01325,2026-08-02,Absent,0.0
A013243,S01325,2026-08-03,Present,7.9
A013244,S01325,2026-08-04,Present,9.0
A013245,S01325,2026-08-05,Present,8.4
A013246,S01325,2026-08-06,Present,7.6
A013247,S01325,2026-08-07,Present,8.2
A013248,S01325,2026-08-08,Present,8.7
A013249,S01325,2026-08-09,Present,9.2
A013250,S01325,2026-08-10,Present,8.4
A013251,S01326,2026-08-01,Half Day,4.2
A013252,S01326,2026-08-02,Half Day,3.6
A013253,S01326,2026-08-03,Half Day,3.4
A013254,S01326,2026-08-04,Present,7.9
A013255,S01326,2026-08-05,Present,8.7
A013256,S01326,2026-08-06,Present,9.2
A013257,S01326,2026-08-07,Present,9.0
A013258,S01326,2026-08-08,Present,8.7
A013259,S01326,2026-08-09,Present,9.6
A013260,S01326,2026-08-10,Half Day,4.1
A013261,S01327,2026-08-01,Present,8.2
A013262,S01327,2026-08-02,Present,8.9
A013263,S01327,2026-08-03,Present,7.2
A013264,S01327,2026-08-04,Present,8.3
A013265,S01327,2026-08-05,Half Day,3.2
A013266,S01327,2026-08-06,Present,9.4
A013267,S01327,2026-08-07,Present,7.1
A013268,S01327,2026-08-08,Present,7.7
A013269,S01327,2026-08-09,Present,9.4
A013270,S01327,2026-08-10,Present,9.9
A013271,S01328,2026-08-01,Present,7.3
A013272,S01328,2026-08-02,Present,8.4
A013273,S01328,2026-08-03,Present,8.7
A013274,S01328,2026-08-04,Present,8.9
A013275,S01328,2026-08-05,Absent,0.0
A013276,S01328,2026-08-06,Present,9.6
A013277,S01328,2026-08-07,Present,7.3
A013278,S01328,2026-08-08,Half Day,3.3
A013279,S01328,2026-08-09,Half Day,4.5
A013280,S01328,2026-08-10,Present,8.9
A013281,S01329,2026-08-01,Present,9.8
A013282,S01329,2026-08-02,Present,9.8
A013283,S01329,2026-08-03,Half Day,3.0
A013284,S01329,2026-08-04,Present,9.6
A013285,S01329,2026-08-05,Present,7.6
A013286,S01329,2026-08-06,Present,8.7
A013287,S01329,2026-08-07,Present,8.0
A013288,S01329,2026-08-08,Present,8.0
A013289,S01329,2026-08-09,Present,9.0
A013290,S01329,2026-08-10,Present,8.1
A013291,S01330,2026-08-01,Present,8.2
A013292,S01330,2026-08-02,Present,8.0
A013293,S01330,2026-08-03,Present,9.8
A013294,S01330,2026-08-04,Present,10.0
A013295,S01330,2026-08-05,Present,9.6
A013296,S01330,2026-08-06,Present,9.6
A013297,S01330,2026-08-07,Present,9.7
A013298,S01330,2026-08-08,Present,8.0
A013299,S01330,2026-08-09,Present,9.9
A013300,S01330,2026-08-10,Present,9.2
A013301,S01331,2026-08-01,Present,7.6
A013302,S01331,2026-08-02,Present,9.5
A013303,S01331,2026-08-03,Present,7.4
A013304,S01331,2026-08-04,Absent,0.0
A013305,S01331,2026-08-05,Absent,0.0
A013306,S01331,2026-08-06,Present,8.6
A013307,S01331,2026-08-07,Present,7.2
A013308,S01331,2026-08-08,Present,8.8
A013309,S01331,2026-08-09,Present,9.2
A013310,S01331,2026-08-10,Present,7.7
A013311,S01332,2026-08-01,Present,8.1
A013312,S01332,2026-08-02,Present,7.1
A013313,S01332,2026-08-03,Present,7.9
A013314,S01332,2026-08-04,Present,7.6
A013315,S01332,2026-08-05,Present,8.8
A013316,S01332,2026-08-06,Present,8.0
A013317,S01332,2026-08-07,Present,7.6
A013318,S01332,2026-08-08,Present,7.7
A013319,S01332,2026-08-09,Present,8.3
A013320,S01332,2026-08-10,Present,9.4
A013321,S01333,2026-08-01,Present,8.8
A013322,S01333,2026-08-02,Present,8.8
A013323,S01333,2026-08-03,Present,9.3
A013324,S01333,2026-08-04,Present,9.9
A013325,S01333,2026-08-05,Present,7.9
A013326,S01333,2026-08-06,Present,9.0
A013327,S01333,2026-08-07,Present,8.9
A013328,S01333,2026-08-08,Present,8.8
A013329,S01333,2026-08-09,Present,9.0
A013330,S01333,2026-08-10,Present,7.9
A013331,S01334,2026-08-01,Half Day,4.8
A013332,S01334,2026-08-02,Present,8.0
A013333,S01334,2026-08-03,Absent,0.0
A013334,S01334,2026-08-04,Present,7.2
A013335,S01334,2026-08-05,Present,8.8
A013336,S01334,2026-08-06,Present,7.3
A013337,S01334,2026-08-07,Present,8.6
A013338,S01334,2026-08-08,Present,8.5
A013339,S01334,2026-08-09,Present,8.2
A013340,S01334,2026-08-10,Present,9.5
A013341,S01335,2026-08-01,Absent,0.0
A013342,S01335,2026-08-02,Present,7.5
A013343,S01335,2026-08-03,Present,8.0
A013344,S01335,2026-08-04,Present,8.5
A013345,S01335,2026-08-05,Present,7.0
A013346,S01335,2026-08-06,Present,7.7
A013347,S01335,2026-08-07,Present,9.6
A013348,S01335,2026-08-08,Absent,0.0
A013349,S01335,2026-08-09,Present,9.2
A013350,S01335,2026-08-10,Absent,0.0
A013351,S01336,2026-08-01,Present,8.1
A013352,S01336,2026-08-02,Present,10.0
A013353,S01336,2026-08-03,Present,7.7
A013354,S01336,2026-08-04,Present,9.3
A013355,S01336,2026-08-05,Present,9.5
A013356,S01336,2026-08-06,Present,9.5
A013357,S01336,2026-08-07,Present,7.1
A013358,S01336,2026-08-08,Absent,0.0
A013359,S01336,2026-08-09,Present,9.5
A013360,S01336,2026-08-10,Present,9.0
A013361,S01337,2026-08-01,Present,8.0
A013362,S01337,2026-08-02,Present,7.9
A013363,S01337,2026-08-03,Present,7.2
A013364,S01337,2026-08-04,Present,7.9
A013365,S01337,2026-08-05,Present,9.0
A013366,S01337,2026-08-06,Half Day,3.5
A013367,S01337,2026-08-07,Present,9.8
A013368,S01337,2026-08-08,Absent,0.0
A013369,S01337,2026-08-09,Present,9.0
A013370,S01337,2026-08-10,Present,7.4
A013371,S01338,2026-08-01,Present,7.1
A013372,S01338,2026-08-02,Absent,0.0
A013373,S01338,2026-08-03,Present,7.2
A013374,S01338,2026-08-04,Present,7.9
A013375,S01338,2026-08-05,Present,7.7
A013376,S01338,2026-08-06,Present,9.3
A013377,S01338,2026-08-07,Present,8.5
A013378,S01338,2026-08-08,Present,9.5
A013379,S01338,2026-08-09,Present,8.3
A013380,S01338,2026-08-10,Present,9.8
A013381,S01339,2026-08-01,Present,7.4
A013382,S01339,2026-08-02,Half Day,4.9
A013383,S01339,2026-08-03,Present,9.1
A013384,S01339,2026-08-04,Present,9.9
A013385,S01339,2026-08-05,Present,7.4
A013386,S01339,2026-08-06,Present,9.4
A013387,S01339,2026-08-07,Present,8.7
A013388,S01339,2026-08-08,Present,8.2
A013389,S01339,2026-08-09,Present,8.7
A013390,S01339,2026-08-10,Half Day,3.0
A013391,S01340,2026-08-01,Present,9.2
A013392,S01340,2026-08-02,Present,7.2
A013393,S01340,2026-08-03,Present,7.3
A013394,S01340,2026-08-04,Present,9.8
A013395,S01340,2026-08-05,Present,9.3
A013396,S01340,2026-08-06,Present,9.9
A013397,S01340,2026-08-07,Present,9.2
A013398,S01340,2026-08-08,Present,7.4
A013399,S01340,2026-08-09,Present,7.7
A013400,S01340,2026-08-10,Present,9.7
A013401,S01341,2026-08-01,Present,8.4
A013402,S01341,2026-08-02,Present,7.9
A013403,S01341,2026-08-03,Present,9.7
A013404,S01341,2026-08-04,Present,7.8
A013405,S01341,2026-08-05,Present,7.4
A013406,S01341,2026-08-06,Present,8.8
A013407,S01341,2026-08-07,Present,9.1
A013408,S01341,2026-08-08,Present,9.6
A013409,S01341,2026-08-09,Present,7.6
A013410,S01341,2026-08-10,Present,9.2
A013411,S01342,2026-08-01,Present,9.7
A013412,S01342,2026-08-02,Present,8.3
A013413,S01342,2026-08-03,Present,9.8
A013414,S01342,2026-08-04,Present,7.6
A013415,S01342,2026-08-05,Present,8.6
A013416,S01342,2026-08-06,Present,9.0
A013417,S01342,2026-08-07,Present,8.5
A013418,S01342,2026-08-08,Present,7.5
A013419,S01342,2026-08-09,Half Day,4.8
A013420,S01342,2026-08-10,Present,8.2
A013421,S01343,2026-08-01,Present,7.9
A013422,S01343,2026-08-02,Present,9.0
A013423,S01343,2026-08-03,Present,9.1
A013424,S01343,2026-08-04,Present,7.4
A013425,S01343,2026-08-05,Present,9.6
A013426,S01343,2026-08-06,Present,9.0
A013427,S01343,2026-08-07,Present,8.6
A013428,S01343,2026-08-08,Present,9.4
A013429,S01343,2026-08-09,Present,7.3
A013430,S01343,2026-08-10,Present,8.2
A013431,S01344,2026-08-01,Present,8.1
A013432,S01344,2026-08-02,Present,8.9
A013433,S01344,2026-08-03,Present,7.2
A013434,S01344,2026-08-04,Present,8.3
A013435,S01344,2026-08-05,Present,7.8
A013436,S01344,2026-08-06,Present,8.0
A013437,S01344,2026-08-07,Present,8.6
A013438,S01344,2026-08-08,Present,9.2
A013439,S01344,2026-08-09,Present,9.6
A013440,S01344,2026-08-10,Present,8.3
A013441,S01345,2026-08-01,Present,7.7
A013442,S01345,2026-08-02,Present,8.1
A013443,S01345,2026-08-03,Half Day,4.2
A013444,S01345,2026-08-04,Present,9.9
A013445,S01345,2026-08-05,Present,8.4
A013446,S01345,2026-08-06,Present,7.8
A013447,S01345,2026-08-07,Present,7.5
A013448,S01345,2026-08-08,Present,9.1
A013449,S01345,2026-08-09,Present,8.2
A013450,S01345,2026-08-10,Absent,0.0
A013451,S01346,2026-08-01,Present,9.6
A013452,S01346,2026-08-02,Present,9.2
A013453,S01346,2026-08-03,Absent,0.0
A013454,S01346,2026-08-04,Present,8.3
A013455,S01346,2026-08-05,Present,7.1
A013456,S01346,2026-08-06,Present,7.9
A013457,S01346,2026-08-07,Present,8.0
A013458,S01346,2026-08-08,Present,9.9
A013459,S01346,2026-08-09,Present,8.3
A013460,S01346,2026-08-10,Present,7.5
A013461,S01347,2026-08-01,Present,7.2
A013462,S01347,2026-08-02,Present,10.0
A013463,S01347,2026-08-03,Present,9.2
A013464,S01347,2026-08-04,Present,9.4
A013465,S01347,2026-08-05,Present,8.5
A013466,S01347,2026-08-06,Present,9.1
A013467,S01347,2026-08-07,Present,8.1
A013468,S01347,2026-08-08,Absent,0.0
A013469,S01347,2026-08-09,Present,8.9
A013470,S01347,2026-08-10,Present,9.3
A013471,S01348,2026-08-01,Present,8.3
A013472,S01348,2026-08-02,Present,8.1
A013473,S01348,2026-08-03,Present,8.5
A013474,S01348,2026-08-04,Present,7.8
A013475,S01348,2026-08-05,Present,8.7
A013476,S01348,2026-08-06,Present,10.0
A013477,S01348,2026-08-07,Half Day,4.6
A013478,S01348,2026-08-08,Present,7.4
A013479,S01348,2026-08-09,Present,8.0
A013480,S01348,2026-08-10,Present,7.6
A013481,S01349,2026-08-01,Present,9.8
A013482,S01349,2026-08-02,Present,8.0
A013483,S01349,2026-08-03,Present,9.1
A013484,S01349,2026-08-04,Present,8.6
A013485,S01349,2026-08-05,Present,9.2
A013486,S01349,2026-08-06,Present,8.2
A013487,S01349,2026-08-07,Half Day,3.8
A013488,S01349,2026-08-08,Present,7.3
A013489,S01349,2026-08-09,Half Day,3.8
A013490,S01349,2026-08-10,Present,9.6
A013491,S01350,2026-08-01,Present,8.8
A013492,S01350,2026-08-02,Present,8.0
A013493,S01350,2026-08-03,Present,9.5
A013494,S01350,2026-08-04,Absent,0.0
A013495,S01350,2026-08-05,Present,8.8
A013496,S01350,2026-08-06,Present,8.0
A013497,S01350,2026-08-07,Present,7.1
A013498,S01350,2026-08-08,Present,9.2
A013499,S01350,2026-08-09,Present,8.1
A013500,S01350,2026-08-10,Half Day,4.5
A013501,S01351,2026-08-01,Present,9.5
A013502,S01351,2026-08-02,Present,8.1
A013503,S01351,2026-08-03,Present,9.0
A013504,S01351,2026-08-04,Present,9.5
A013505,S01351,2026-08-05,Absent,0.0
A013506,S01351,2026-08-06,Present,7.4
A013507,S01351,2026-08-07,Present,7.8
A013508,S01351,2026-08-08,Present,8.2
A013509,S01351,2026-08-09,Present,8.9
A013510,S01351,2026-08-10,Present,8.3
A013511,S01352,2026-08-01,Present,8.2
A013512,S01352,2026-08-02,Present,8.7
A013513,S01352,2026-08-03,Present,8.1
A013514,S01352,2026-08-04,Present,9.9
A013515,S01352,2026-08-05,Present,8.7
A013516,S01352,2026-08-06,Present,8.4
A013517,S01352,2026-08-07,Present,9.0
A013518,S01352,2026-08-08,Present,7.8
A013519,S01352,2026-08-09,Present,9.3
A013520,S01352,2026-08-10,Present,9.3
A013521,S01353,2026-08-01,Present,9.0
A013522,S01353,2026-08-02,Present,8.2
A013523,S01353,2026-08-03,Present,9.0
A013524,S01353,2026-08-04,Present,8.4
A013525,S01353,2026-08-05,Present,8.5
A013526,S01353,2026-08-06,Absent,0.0
A013527,S01353,2026-08-07,Present,8.8
A013528,S01353,2026-08-08,Present,9.8
A013529,S01353,2026-08-09,Present,9.3
A013530,S01353,2026-08-10,Present,7.3
A013531,S01354,2026-08-01,Present,8.9
A013532,S01354,2026-08-02,Half Day,3.0
A013533,S01354,2026-08-03,Absent,0.0
A013534,S01354,2026-08-04,Present,7.9
A013535,S01354,2026-08-05,Present,7.7
A013536,S01354,2026-08-06,Present,7.4
A013537,S01354,2026-08-07,Present,9.5
A013538,S01354,2026-08-08,Present,9.0
A013539,S01354,2026-08-09,Present,9.9
A013540,S01354,2026-08-10,Present,9.8
A013541,S01355,2026-08-01,Present,8.2
A013542,S01355,2026-08-02,Present,7.6
A013543,S01355,2026-08-03,Present,8.5
A013544,S01355,2026-08-04,Present,7.6
A013545,S01355,2026-08-05,Present,8.8
A013546,S01355,2026-08-06,Present,9.3
A013547,S01355,2026-08-07,Present,9.4
A013548,S01355,2026-08-08,Present,8.8
A013549,S01355,2026-08-09,Present,7.0
A013550,S01355,2026-08-10,Half Day,4.9
A013551,S01356,2026-08-01,Present,7.7
A013552,S01356,2026-08-02,Present,9.2
A013553,S01356,2026-08-03,Present,9.0
A013554,S01356,2026-08-04,Present,9.1
A013555,S01356,2026-08-05,Present,8.6
A013556,S01356,2026-08-06,Present,9.4
A013557,S01356,2026-08-07,Present,7.3
A013558,S01356,2026-08-08,Present,9.1
A013559,S01356,2026-08-09,Present,9.9
A013560,S01356,2026-08-10,Present,8.9
A013561,S01357,2026-08-01,Present,7.3
A013562,S01357,2026-08-02,Absent,0.0
A013563,S01357,2026-08-03,Present,7.7
A013564,S01357,2026-08-04,Half Day,4.4
A013565,S01357,2026-08-05,Present,8.2
A013566,S01357,2026-08-06,Half Day,4.7
A013567,S01357,2026-08-07,Present,8.7
A013568,S01357,2026-08-08,Present,9.4
A013569,S01357,2026-08-09,Present,8.8
A013570,S01357,2026-08-10,Present,8.7
A013571,S01358,2026-08-01,Absent,0.0
A013572,S01358,2026-08-02,Present,8.7
A013573,S01358,2026-08-03,Present,7.7
A013574,S01358,2026-08-04,Present,9.2
A013575,S01358,2026-08-05,Present,8.0
A013576,S01358,2026-08-06,Present,9.3
A013577,S01358,2026-08-07,Present,8.4
A013578,S01358,2026-08-08,Present,7.9
A013579,S01358,2026-08-09,Absent,0.0
A013580,S01358,2026-08-10,Absent,0.0
A013581,S01359,2026-08-01,Absent,0.0
A013582,S01359,2026-08-02,Present,8.2
A013583,S01359,2026-08-03,Present,7.8
A013584,S01359,2026-08-04,Absent,0.0
A013585,S01359,2026-08-05,Present,8.5
A013586,S01359,2026-08-06,Present,9.0
A013587,S01359,2026-08-07,Present,7.4
A013588,S01359,2026-08-08,Present,8.5
A013589,S01359,2026-08-09,Present,9.7
A013590,S01359,2026-08-10,Present,7.2
A013591,S01360,2026-08-01,Present,9.7
A013592,S01360,2026-08-02,Present,8.7
A013593,S01360,2026-08-03,Present,8.2
A013594,S01360,2026-08-04,Present,8.8
A013595,S01360,2026-08-05,Present,7.1
A013596,S01360,2026-08-06,Present,8.7
A013597,S01360,2026-08-07,Present,7.0
A013598,S01360,2026-08-08,Present,7.1
A013599,S01360,2026-08-09,Present,8.6
A013600,S01360,2026-08-10,Present,9.3
A013601,S01361,2026-08-01,Present,7.0
A013602,S01361,2026-08-02,Present,8.8
A013603,S01361,2026-08-03,Present,8.7
A013604,S01361,2026-08-04,Present,8.6
A013605,S01361,2026-08-05,Present,7.6
A013606,S01361,2026-08-06,Present,7.5
A013607,S01361,2026-08-07,Half Day,4.9
A013608,S01361,2026-08-08,Present,10.0
A013609,S01361,2026-08-09,Present,8.1
A013610,S01361,2026-08-10,Present,9.0
A013611,S01362,2026-08-01,Present,9.4
A013612,S01362,2026-08-02,Half Day,3.0
A013613,S01362,2026-08-03,Present,7.6
A013614,S01362,2026-08-04,Present,7.2
A013615,S01362,2026-08-05,Present,10.0
A013616,S01362,2026-08-06,Present,7.9
A013617,S01362,2026-08-07,Absent,0.0
A013618,S01362,2026-08-08,Present,7.9
A013619,S01362,2026-08-09,Present,7.4
A013620,S01362,2026-08-10,Present,7.4
A013621,S01363,2026-08-01,Present,9.4
A013622,S01363,2026-08-02,Present,8.5
A013623,S01363,2026-08-03,Present,8.8
A013624,S01363,2026-08-04,Present,8.8
A013625,S01363,2026-08-05,Present,8.9
A013626,S01363,2026-08-06,Present,7.5
A013627,S01363,2026-08-07,Present,8.3
A013628,S01363,2026-08-08,Present,7.4
A013629,S01363,2026-08-09,Present,7.7
A013630,S01363,2026-08-10,Absent,0.0
A013631,S01364,2026-08-01,Absent,0.0
A013632,S01364,2026-08-02,Present,8.0
A013633,S01364,2026-08-03,Present,8.6
A013634,S01364,2026-08-04,Present,9.3
A013635,S01364,2026-08-05,Present,9.5
A013636,S01364,2026-08-06,Present,7.5
A013637,S01364,2026-08-07,Present,8.7
A013638,S01364,2026-08-08,Present,9.3
A013639,S01364,2026-08-09,Present,9.8
A013640,S01364,2026-08-10,Present,7.8
A013641,S01365,2026-08-01,Present,7.2
A013642,S01365,2026-08-02,Present,7.0
A013643,S01365,2026-08-03,Present,7.5
A013644,S01365,2026-08-04,Present,9.1
A013645,S01365,2026-08-05,Present,7.1
A013646,S01365,2026-08-06,Present,8.0
A013647,S01365,2026-08-07,Present,7.5
A013648,S01365,2026-08-08,Present,8.9
A013649,S01365,2026-08-09,Present,7.4
A013650,S01365,2026-08-10,Absent,0.0
A013651,S01366,2026-08-01,Present,8.6
A013652,S01366,2026-08-02,Present,7.4
A013653,S01366,2026-08-03,Present,9.4
A013654,S01366,2026-08-04,Present,8.3
A013655,S01366,2026-08-05,Present,8.6
A013656,S01366,2026-08-06,Present,8.2
A013657,S01366,2026-08-07,Present,8.8
A013658,S01366,2026-08-08,Half Day,3.6
A013659,S01366,2026-08-09,Absent,0.0
A013660,S01366,2026-08-10,Present,9.2
A013661,S01367,2026-08-01,Absent,0.0
A013662,S01367,2026-08-02,Present,7.2
A013663,S01367,2026-08-03,Present,8.8
A013664,S01367,2026-08-04,Present,7.6
A013665,S01367,2026-08-05,Present,9.9
A013666,S01367,2026-08-06,Present,8.4
A013667,S01367,2026-08-07,Present,9.0
A013668,S01367,2026-08-08,Half Day,3.2
A013669,S01367,2026-08-09,Present,8.9
A013670,S01367,2026-08-10,Present,8.5
A013671,S01368,2026-08-01,Present,9.0
A013672,S01368,2026-08-02,Present,9.9
A013673,S01368,2026-08-03,Present,7.5
A013674,S01368,2026-08-04,Present,7.9
A013675,S01368,2026-08-05,Present,7.8
A013676,S01368,2026-08-06,Present,8.9
A013677,S01368,2026-08-07,Present,8.0
A013678,S01368,2026-08-08,Present,8.4
A013679,S01368,2026-08-09,Half Day,4.9
A013680,S01368,2026-08-10,Present,7.3
A013681,S01369,2026-08-01,Present,7.3
A013682,S01369,2026-08-02,Absent,0.0
A013683,S01369,2026-08-03,Present,9.7
A013684,S01369,2026-08-04,Present,9.3
A013685,S01369,2026-08-05,Present,9.7
A013686,S01369,2026-08-06,Present,8.7
A013687,S01369,2026-08-07,Present,9.6
A013688,S01369,2026-08-08,Present,9.3
A013689,S01369,2026-08-09,Present,8.5
A013690,S01369,2026-08-10,Present,9.0
A013691,S01370,2026-08-01,Present,9.1
A013692,S01370,2026-08-02,Present,9.9
A013693,S01370,2026-08-03,Present,8.2
A013694,S01370,2026-08-04,Present,8.5
A013695,S01370,2026-08-05,Present,8.0
A013696,S01370,2026-08-06,Present,8.5
A013697,S01370,2026-08-07,Present,9.1
A013698,S01370,2026-08-08,Half Day,4.5
A013699,S01370,2026-08-09,Present,8.5
A013700,S01370,2026-08-10,Present,8.8
A013701,S01371,2026-08-01,Present,9.6
A013702,S01371,2026-08-02,Present,7.8
A013703,S01371,2026-08-03,Present,8.1
A013704,S01371,2026-08-04,Present,7.7
A013705,S01371,2026-08-05,Half Day,3.2
A013706,S01371,2026-08-06,Present,8.9
A013707,S01371,2026-08-07,Half Day,4.4
A013708,S01371,2026-08-08,Present,7.2
A013709,S01371,2026-08-09,Present,8.9
A013710,S01371,2026-08-10,Present,8.4
A013711,S01372,2026-08-01,Present,9.0
A013712,S01372,2026-08-02,Present,9.4
A013713,S01372,2026-08-03,Present,9.3
A013714,S01372,2026-08-04,Half Day,4.9
A013715,S01372,2026-08-05,Half Day,4.3
A013716,S01372,2026-08-06,Present,9.8
A013717,S01372,2026-08-07,Present,7.1
A013718,S01372,2026-08-08,Present,9.5
A013719,S01372,2026-08-09,Present,9.2
A013720,S01372,2026-08-10,Present,9.6
A013721,S01373,2026-08-01,Present,9.0
A013722,S01373,2026-08-02,Present,7.9
A013723,S01373,2026-08-03,Present,9.5
A013724,S01373,2026-08-04,Present,8.4
A013725,S01373,2026-08-05,Present,7.6
A013726,S01373,2026-08-06,Present,8.2
A013727,S01373,2026-08-07,Present,7.9
A013728,S01373,2026-08-08,Present,9.3
A013729,S01373,2026-08-09,Present,7.3
A013730,S01373,2026-08-10,Half Day,3.1
A013731,S01374,2026-08-01,Present,9.9
A013732,S01374,2026-08-02,Present,9.1
A013733,S01374,2026-08-03,Present,9.5
A013734,S01374,2026-08-04,Present,7.6
A013735,S01374,2026-08-05,Present,9.2
A013736,S01374,2026-08-06,Present,9.4
A013737,S01374,2026-08-07,Present,8.2
A013738,S01374,2026-08-08,Present,8.7
A013739,S01374,2026-08-09,Present,8.6
A013740,S01374,2026-08-10,Absent,0.0
A013741,S01375,2026-08-01,Present,9.3
A013742,S01375,2026-08-02,Present,7.8
A013743,S01375,2026-08-03,Present,7.2
A013744,S01375,2026-08-04,Present,8.3
A013745,S01375,2026-08-05,Present,9.1
A013746,S01375,2026-08-06,Present,9.3
A013747,S01375,2026-08-07,Present,7.6
A013748,S01375,2026-08-08,Present,8.9
A013749,S01375,2026-08-09,Present,8.0
A013750,S01375,2026-08-10,Present,8.9
A013751,S01376,2026-08-01,Present,8.9
A013752,S01376,2026-08-02,Present,7.8
A013753,S01376,2026-08-03,Present,10.0
A013754,S01376,2026-08-04,Present,9.7
A013755,S01376,2026-08-05,Absent,0.0
A013756,S01376,2026-08-06,Present,7.8
A013757,S01376,2026-08-07,Present,8.9
A013758,S01376,2026-08-08,Present,7.6
A013759,S01376,2026-08-09,Present,9.9
A013760,S01376,2026-08-10,Present,8.7
A013761,S01377,2026-08-01,Present,7.1
A013762,S01377,2026-08-02,Half Day,3.8
A013763,S01377,2026-08-03,Present,9.6
A013764,S01377,2026-08-04,Present,9.3
A013765,S01377,2026-08-05,Present,8.3
A013766,S01377,2026-08-06,Present,7.8
A013767,S01377,2026-08-07,Present,8.3
A013768,S01377,2026-08-08,Present,7.1
A013769,S01377,2026-08-09,Present,9.4
A013770,S01377,2026-08-10,Present,7.8
A013771,S01378,2026-08-01,Absent,0.0
A013772,S01378,2026-08-02,Present,8.0
A013773,S01378,2026-08-03,Present,9.8
A013774,S01378,2026-08-04,Present,9.0
A013775,S01378,2026-08-05,Present,7.2
A013776,S01378,2026-08-06,Present,9.1
A013777,S01378,2026-08-07,Present,8.0
A013778,S01378,2026-08-08,Present,7.6
A013779,S01378,2026-08-09,Present,9.7
A013780,S01378,2026-08-10,Present,9.0
A013781,S01379,2026-08-01,Present,9.4
A013782,S01379,2026-08-02,Absent,0.0
A013783,S01379,2026-08-03,Present,7.2
A013784,S01379,2026-08-04,Present,7.5
A013785,S01379,2026-08-05,Present,7.0
A013786,S01379,2026-08-06,Present,9.6
A013787,S01379,2026-08-07,Present,8.0
A013788,S01379,2026-08-08,Absent,0.0
A013789,S01379,2026-08-09,Present,9.6
A013790,S01379,2026-08-10,Present,9.3
A013791,S01380,2026-08-01,Half Day,4.1
A013792,S01380,2026-08-02,Present,9.4
A013793,S01380,2026-08-03,Present,9.7
A013794,S01380,2026-08-04,Present,9.0
A013795,S01380,2026-08-05,Present,9.6
A013796,S01380,2026-08-06,Absent,0.0
A013797,S01380,2026-08-07,Present,8.2
A013798,S01380,2026-08-08,Present,7.1
A013799,S01380,2026-08-09,Present,9.2
A013800,S01380,2026-08-10,Present,9.8
A013801,S01381,2026-08-01,Present,8.2
A013802,S01381,2026-08-02,Present,8.3
A013803,S01381,2026-08-03,Present,9.2
A013804,S01381,2026-08-04,Half Day,3.7
A013805,S01381,2026-08-05,Present,9.9
A013806,S01381,2026-08-06,Present,7.6
A013807,S01381,2026-08-07,Present,8.2
A013808,S01381,2026-08-08,Present,8.9
A013809,S01381,2026-08-09,Present,8.3
A013810,S01381,2026-08-10,Present,8.7
A013811,S01382,2026-08-01,Present,8.3
A013812,S01382,2026-08-02,Half Day,4.5
A013813,S01382,2026-08-03,Present,7.6
A013814,S01382,2026-08-04,Present,7.6
A013815,S01382,2026-08-05,Present,8.1
A013816,S01382,2026-08-06,Present,9.5
A013817,S01382,2026-08-07,Present,8.4
A013818,S01382,2026-08-08,Present,9.7
A013819,S01382,2026-08-09,Present,8.5
A013820,S01382,2026-08-10,Present,9.0
A013821,S01383,2026-08-01,Present,7.6
A013822,S01383,2026-08-02,Present,8.8
A013823,S01383,2026-08-03,Present,8.9
A013824,S01383,2026-08-04,Present,9.8
A013825,S01383,2026-08-05,Present,9.3
A013826,S01383,2026-08-06,Present,8.1
A013827,S01383,2026-08-07,Present,8.5
A013828,S01383,2026-08-08,Present,9.5
A013829,S01383,2026-08-09,Present,9.5
A013830,S01383,2026-08-10,Present,7.8
A013831,S01384,2026-08-01,Present,9.5
A013832,S01384,2026-08-02,Present,7.8
A013833,S01384,2026-08-03,Present,7.6
A013834,S01384,2026-08-04,Present,7.4
A013835,S01384,2026-08-05,Present,9.2
A013836,S01384,2026-08-06,Absent,0.0
A013837,S01384,2026-08-07,Present,8.2
A013838,S01384,2026-08-08,Absent,0.0
A013839,S01384,2026-08-09,Present,8.7
A013840,S01384,2026-08-10,Present,9.5
A013841,S01385,2026-08-01,Present,7.3
A013842,S01385,2026-08-02,Present,10.0
A013843,S01385,2026-08-03,Present,8.0
A013844,S01385,2026-08-04,Present,8.5
A013845,S01385,2026-08-05,Absent,0.0
A013846,S01385,2026-08-06,Present,8.7
A013847,S01385,2026-08-07,Present,8.3
A013848,S01385,2026-08-08,Present,9.5
A013849,S01385,2026-08-09,Present,8.8
A013850,S01385,2026-08-10,Present,9.4
A013851,S01386,2026-08-01,Present,9.3
A013852,S01386,2026-08-02,Present,7.2
A013853,S01386,2026-08-03,Present,8.4
A013854,S01386,2026-08-04,Present,8.3
A013855,S01386,2026-08-05,Present,7.3
A013856,S01386,2026-08-06,Present,9.3
A013857,S01386,2026-08-07,Present,8.6
A013858,S01386,2026-08-08,Absent,0.0
A013859,S01386,2026-08-09,Present,8.9
A013860,S01386,2026-08-10,Present,9.1
A013861,S01387,2026-08-01,Present,9.0
A013862,S01387,2026-08-02,Present,9.5
A013863,S01387,2026-08-03,Absent,0.0
A013864,S01387,2026-08-04,Present,7.7
A013865,S01387,2026-08-05,Present,10.0
A013866,S01387,2026-08-06,Present,8.0
A013867,S01387,2026-08-07,Present,9.1
A013868,S01387,2026-08-08,Present,7.1
A013869,S01387,2026-08-09,Present,9.9
A013870,S01387,2026-08-10,Present,8.6
A013871,S01388,2026-08-01,Absent,0.0
A013872,S01388,2026-08-02,Present,8.0
A013873,S01388,2026-08-03,Present,8.0
A013874,S01388,2026-08-04,Absent,0.0
A013875,S01388,2026-08-05,Present,8.0
A013876,S01388,2026-08-06,Half Day,4.8
A013877,S01388,2026-08-07,Absent,0.0
A013878,S01388,2026-08-08,Present,9.9
A013879,S01388,2026-08-09,Present,9.5
A013880,S01388,2026-08-10,Present,7.3
A013881,S01389,2026-08-01,Absent,0.0
A013882,S01389,2026-08-02,Present,9.0
A013883,S01389,2026-08-03,Present,7.5
A013884,S01389,2026-08-04,Absent,0.0
A013885,S01389,2026-08-05,Present,7.0
A013886,S01389,2026-08-06,Present,9.6
A013887,S01389,2026-08-07,Present,8.3
A013888,S01389,2026-08-08,Present,7.9
A013889,S01389,2026-08-09,Present,8.2
A013890,S01389,2026-08-10,Present,7.6
A013891,S01390,2026-08-01,Present,7.7
A013892,S01390,2026-08-02,Present,8.9
A013893,S01390,2026-08-03,Present,9.8
A013894,S01390,2026-08-04,Present,7.4
A013895,S01390,2026-08-05,Present,9.5
A013896,S01390,2026-08-06,Half Day,3.8
A013897,S01390,2026-08-07,Present,7.7
A013898,S01390,2026-08-08,Half Day,4.4
A013899,S01390,2026-08-09,Present,7.2
A013900,S01390,2026-08-10,Present,7.3
A013901,S01391,2026-08-01,Present,8.2
A013902,S01391,2026-08-02,Present,9.9
A013903,S01391,2026-08-03,Present,9.5
A013904,S01391,2026-08-04,Present,9.3
A013905,S01391,2026-08-05,Present,8.1
A013906,S01391,2026-08-06,Present,9.0
A013907,S01391,2026-08-07,Present,7.0
A013908,S01391,2026-08-08,Absent,0.0
A013909,S01391,2026-08-09,Present,7.1
A013910,S01391,2026-08-10,Present,9.4
A013911,S01392,2026-08-01,Present,7.7
A013912,S01392,2026-08-02,Present,8.8
A013913,S01392,2026-08-03,Present,9.3
A013914,S01392,2026-08-04,Present,7.9
A013915,S01392,2026-08-05,Present,8.5
A013916,S01392,2026-08-06,Present,7.1
A013917,S01392,2026-08-07,Present,8.3
A013918,S01392,2026-08-08,Present,7.3
A013919,S01392,2026-08-09,Present,9.5
A013920,S01392,2026-08-10,Present,9.9
A013921,S01393,2026-08-01,Present,7.3
A013922,S01393,2026-08-02,Present,7.3
A013923,S01393,2026-08-03,Present,8.1
A013924,S01393,2026-08-04,Half Day,3.1
A013925,S01393,2026-08-05,Present,9.2
A013926,S01393,2026-08-06,Present,9.2
A013927,S01393,2026-08-07,Absent,0.0
A013928,S01393,2026-08-08,Present,9.8
A013929,S01393,2026-08-09,Present,8.6
A013930,S01393,2026-08-10,Present,8.5
A013931,S01394,2026-08-01,Present,8.2
A013932,S01394,2026-08-02,Present,8.1
A013933,S01394,2026-08-03,Present,7.6
A013934,S01394,2026-08-04,Present,10.0
A013935,S01394,2026-08-05,Present,9.5
A013936,S01394,2026-08-06,Present,7.0
A013937,S01394,2026-08-07,Present,9.0
A013938,S01394,2026-08-08,Present,9.1
A013939,S01394,2026-08-09,Present,9.7
A013940,S01394,2026-08-10,Present,7.7
A013941,S01395,2026-08-01,Present,9.0
A013942,S01395,2026-08-02,Present,7.0
A013943,S01395,2026-08-03,Present,8.3
A013944,S01395,2026-08-04,Present,10.0
A013945,S01395,2026-08-05,Present,8.5
A013946,S01395,2026-08-06,Present,7.2
A013947,S01395,2026-08-07,Half Day,3.4
A013948,S01395,2026-08-08,Half Day,4.9
A013949,S01395,2026-08-09,Present,7.1
A013950,S01395,2026-08-10,Absent,0.0
A013951,S01396,2026-08-01,Present,9.3
A013952,S01396,2026-08-02,Present,7.6
A013953,S01396,2026-08-03,Present,7.1
A013954,S01396,2026-08-04,Present,9.2
A013955,S01396,2026-08-05,Half Day,3.3
A013956,S01396,2026-08-06,Present,8.6
A013957,S01396,2026-08-07,Present,9.5
A013958,S01396,2026-08-08,Present,9.7
A013959,S01396,2026-08-09,Half Day,3.6
A013960,S01396,2026-08-10,Present,7.8
A013961,S01397,2026-08-01,Present,9.1
A013962,S01397,2026-08-02,Absent,0.0
A013963,S01397,2026-08-03,Present,8.2
A013964,S01397,2026-08-04,Present,8.5
A013965,S01397,2026-08-05,Present,10.0
A013966,S01397,2026-08-06,Present,9.8
A013967,S01397,2026-08-07,Present,9.3
A013968,S01397,2026-08-08,Present,8.7
A013969,S01397,2026-08-09,Present,7.6
A013970,S01397,2026-08-10,Present,7.2
A013971,S01398,2026-08-01,Present,9.2
A013972,S01398,2026-08-02,Present,7.2
A013973,S01398,2026-08-03,Present,9.7
A013974,S01398,2026-08-04,Present,7.4
A013975,S01398,2026-08-05,Present,9.2
A013976,S01398,2026-08-06,Half Day,4.7
A013977,S01398,2026-08-07,Present,10.0
A013978,S01398,2026-08-08,Present,8.9
A013979,S01398,2026-08-09,Present,9.9
A013980,S01398,2026-08-10,Present,7.0
A013981,S01399,2026-08-01,Present,7.2
A013982,S01399,2026-08-02,Present,8.1
A013983,S01399,2026-08-03,Present,7.2
A013984,S01399,2026-08-04,Absent,0.0
A013985,S01399,2026-08-05,Present,7.8
A013986,S01399,2026-08-06,Present,7.2
A013987,S01399,2026-08-07,Present,7.1
A013988,S01399,2026-08-08,Present,9.5
A013989,S01399,2026-08-09,Present,9.0
A013990,S01399,2026-08-10,Present,8.6
A013991,S01400,2026-08-01,Present,8.3
A013992,S01400,2026-08-02,Present,10.0
A013993,S01400,2026-08-03,Present,8.9
A013994,S01400,2026-08-04,Half Day,3.7
A013995,S01400,2026-08-05,Present,7.6
A013996,S01400,2026-08-06,Present,9.5
A013997,S01400,2026-08-07,Present,8.0
A013998,S01400,2026-08-08,Present,7.8
A013999,S01400,2026-08-09,Present,8.9
A014000,S01400,2026-08-10,Present,9.9
A014001,S01401,2026-08-01,Present,7.6
A014002,S01401,2026-08-02,Present,7.0
A014003,S01401,2026-08-03,Present,9.7
A014004,S01401,2026-08-04,Present,9.8
A014005,S01401,2026-08-05,Present,9.5
A014006,S01401,2026-08-06,Present,7.2
A014007,S01401,2026-08-07,Present,7.6
A014008,S01401,2026-08-08,Absent,0.0
A014009,S01401,2026-08-09,Present,9.3
A014010,S01401,2026-08-10,Present,9.9
A014011,S01402,2026-08-01,Present,7.1
A014012,S01402,2026-08-02,Half Day,3.3
A014013,S01402,2026-08-03,Present,9.5
A014014,S01402,2026-08-04,Present,8.2
A014015,S01402,2026-08-05,Present,7.3
A014016,S01402,2026-08-06,Present,8.4
A014017,S01402,2026-08-07,Present,9.5
A014018,S01402,2026-08-08,Absent,0.0
A014019,S01402,2026-08-09,Present,9.4
A014020,S01402,2026-08-10,Present,7.4
A014021,S01403,2026-08-01,Present,8.9
A014022,S01403,2026-08-02,Present,9.0
A014023,S01403,2026-08-03,Present,7.9
A014024,S01403,2026-08-04,Present,7.3
A014025,S01403,2026-08-05,Present,8.6
A014026,S01403,2026-08-06,Present,7.8
A014027,S01403,2026-08-07,Present,7.3
A014028,S01403,2026-08-08,Present,9.8
A014029,S01403,2026-08-09,Present,7.0
A014030,S01403,2026-08-10,Present,8.9
A014031,S01404,2026-08-01,Present,7.6
A014032,S01404,2026-08-02,Present,8.6
A014033,S01404,2026-08-03,Half Day,3.6
A014034,S01404,2026-08-04,Present,7.4
A014035,S01404,2026-08-05,Present,9.9
A014036,S01404,2026-08-06,Present,9.3
A014037,S01404,2026-08-07,Present,7.2
A014038,S01404,2026-08-08,Half Day,3.6
A014039,S01404,2026-08-09,Present,7.1
A014040,S01404,2026-08-10,Present,8.7
A014041,S01405,2026-08-01,Present,7.0
A014042,S01405,2026-08-02,Present,7.3
A014043,S01405,2026-08-03,Present,9.9
A014044,S01405,2026-08-04,Present,7.2
A014045,S01405,2026-08-05,Present,7.4
A014046,S01405,2026-08-06,Present,9.5
A014047,S01405,2026-08-07,Present,9.5
A014048,S01405,2026-08-08,Present,9.7
A014049,S01405,2026-08-09,Present,9.7
A014050,S01405,2026-08-10,Present,8.0
A014051,S01406,2026-08-01,Present,7.4
A014052,S01406,2026-08-02,Present,9.1
A014053,S01406,2026-08-03,Present,8.1
A014054,S01406,2026-08-04,Present,9.3
A014055,S01406,2026-08-05,Absent,0.0
A014056,S01406,2026-08-06,Half Day,4.5
A014057,S01406,2026-08-07,Present,7.9
A014058,S01406,2026-08-08,Present,7.2
A014059,S01406,2026-08-09,Present,7.6
A014060,S01406,2026-08-10,Absent,0.0
A014061,S01407,2026-08-01,Present,8.8
A014062,S01407,2026-08-02,Present,7.1
A014063,S01407,2026-08-03,Present,8.8
A014064,S01407,2026-08-04,Present,8.7
A014065,S01407,2026-08-05,Half Day,4.2
A014066,S01407,2026-08-06,Present,8.2
A014067,S01407,2026-08-07,Present,7.7
A014068,S01407,2026-08-08,Present,8.8
A014069,S01407,2026-08-09,Absent,0.0
A014070,S01407,2026-08-10,Present,7.6
A014071,S01408,2026-08-01,Present,9.5
A014072,S01408,2026-08-02,Present,8.0
A014073,S01408,2026-08-03,Present,8.6
A014074,S01408,2026-08-04,Absent,0.0
A014075,S01408,2026-08-05,Present,8.9
A014076,S01408,2026-08-06,Present,9.2
A014077,S01408,2026-08-07,Present,9.7
A014078,S01408,2026-08-08,Half Day,3.5
A014079,S01408,2026-08-09,Present,7.1
A014080,S01408,2026-08-10,Present,9.2
A014081,S01409,2026-08-01,Present,9.5
A014082,S01409,2026-08-02,Present,8.6
A014083,S01409,2026-08-03,Present,7.3
A014084,S01409,2026-08-04,Present,7.7
A014085,S01409,2026-08-05,Present,8.2
A014086,S01409,2026-08-06,Present,7.8
A014087,S01409,2026-08-07,Half Day,4.5
A014088,S01409,2026-08-08,Present,8.5
A014089,S01409,2026-08-09,Present,7.6
A014090,S01409,2026-08-10,Present,7.4
A014091,S01410,2026-08-01,Present,7.5
A014092,S01410,2026-08-02,Absent,0.0
A014093,S01410,2026-08-03,Present,8.6
A014094,S01410,2026-08-04,Present,9.0
A014095,S01410,2026-08-05,Half Day,3.5
A014096,S01410,2026-08-06,Present,9.0
A014097,S01410,2026-08-07,Present,8.4
A014098,S01410,2026-08-08,Present,9.5
A014099,S01410,2026-08-09,Present,9.4
A014100,S01410,2026-08-10,Present,10.0
A014101,S01411,2026-08-01,Present,7.3
A014102,S01411,2026-08-02,Present,7.2
A014103,S01411,2026-08-03,Absent,0.0
A014104,S01411,2026-08-04,Present,8.2
A014105,S01411,2026-08-05,Half Day,3.1
A014106,S01411,2026-08-06,Present,9.8
A014107,S01411,2026-08-07,Half Day,3.8
A014108,S01411,2026-08-08,Present,7.0
A014109,S01411,2026-08-09,Absent,0.0
A014110,S01411,2026-08-10,Present,8.7
A014111,S01412,2026-08-01,Present,9.1
A014112,S01412,2026-08-02,Present,9.3
A014113,S01412,2026-08-03,Present,8.6
A014114,S01412,2026-08-04,Present,9.7
A014115,S01412,2026-08-05,Present,8.4
A014116,S01412,2026-08-06,Present,7.8
A014117,S01412,2026-08-07,Present,8.0
A014118,S01412,2026-08-08,Present,8.9
A014119,S01412,2026-08-09,Present,8.6
A014120,S01412,2026-08-10,Present,8.6
A014121,S01413,2026-08-01,Present,8.4
A014122,S01413,2026-08-02,Present,7.4
A014123,S01413,2026-08-03,Present,7.7
A014124,S01413,2026-08-04,Absent,0.0
A014125,S01413,2026-08-05,Present,9.6
A014126,S01413,2026-08-06,Present,9.2
A014127,S01413,2026-08-07,Present,7.5
A014128,S01413,2026-08-08,Present,7.1
A014129,S01413,2026-08-09,Half Day,3.1
A014130,S01413,2026-08-10,Present,9.1
A014131,S01414,2026-08-01,Present,7.6
A014132,S01414,2026-08-02,Present,9.8
A014133,S01414,2026-08-03,Present,8.3
A014134,S01414,2026-08-04,Present,7.6
A014135,S01414,2026-08-05,Present,9.2
A014136,S01414,2026-08-06,Absent,0.0
A014137,S01414,2026-08-07,Present,8.9
A014138,S01414,2026-08-08,Present,8.4
A014139,S01414,2026-08-09,Present,8.4
A014140,S01414,2026-08-10,Present,7.9
A014141,S01415,2026-08-01,Present,9.7
A014142,S01415,2026-08-02,Present,8.3
A014143,S01415,2026-08-03,Present,8.9
A014144,S01415,2026-08-04,Present,7.4
A014145,S01415,2026-08-05,Present,8.4
A014146,S01415,2026-08-06,Absent,0.0
A014147,S01415,2026-08-07,Present,8.5
A014148,S01415,2026-08-08,Present,7.6
A014149,S01415,2026-08-09,Present,7.9
A014150,S01415,2026-08-10,Present,9.6
A014151,S01416,2026-08-01,Present,9.1
A014152,S01416,2026-08-02,Present,9.9
A014153,S01416,2026-08-03,Present,8.4
A014154,S01416,2026-08-04,Present,7.8
A014155,S01416,2026-08-05,Present,7.2
A014156,S01416,2026-08-06,Present,9.2
A014157,S01416,2026-08-07,Present,8.4
A014158,S01416,2026-08-08,Absent,0.0
A014159,S01416,2026-08-09,Present,8.3
A014160,S01416,2026-08-10,Half Day,4.3
A014161,S01417,2026-08-01,Present,8.6
A014162,S01417,2026-08-02,Present,8.4
A014163,S01417,2026-08-03,Present,9.1
A014164,S01417,2026-08-04,Present,7.6
A014165,S01417,2026-08-05,Half Day,3.3
A014166,S01417,2026-08-06,Present,8.1
A014167,S01417,2026-08-07,Present,8.3
A014168,S01417,2026-08-08,Present,9.0
A014169,S01417,2026-08-09,Present,9.6
A014170,S01417,2026-08-10,Present,9.9
A014171,S01418,2026-08-01,Present,9.1
A014172,S01418,2026-08-02,Present,9.3
A014173,S01418,2026-08-03,Present,8.5
A014174,S01418,2026-08-04,Present,8.2
A014175,S01418,2026-08-05,Present,8.9
A014176,S01418,2026-08-06,Present,7.2
A014177,S01418,2026-08-07,Present,8.5
A014178,S01418,2026-08-08,Present,7.0
A014179,S01418,2026-08-09,Present,9.1
A014180,S01418,2026-08-10,Present,9.8
A014181,S01419,2026-08-01,Present,8.5
A014182,S01419,2026-08-02,Present,8.8
A014183,S01419,2026-08-03,Absent,0.0
A014184,S01419,2026-08-04,Half Day,4.0
A014185,S01419,2026-08-05,Present,7.7
A014186,S01419,2026-08-06,Present,9.0
A014187,S01419,2026-08-07,Present,7.1
A014188,S01419,2026-08-08,Present,7.9
A014189,S01419,2026-08-09,Present,7.2
A014190,S01419,2026-08-10,Present,7.3
A014191,S01420,2026-08-01,Present,9.5
A014192,S01420,2026-08-02,Present,7.6
A014193,S01420,2026-08-03,Present,9.9
A014194,S01420,2026-08-04,Present,7.2
A014195,S01420,2026-08-05,Present,8.7
A014196,S01420,2026-08-06,Present,10.0
A014197,S01420,2026-08-07,Present,9.9
A014198,S01420,2026-08-08,Absent,0.0
A014199,S01420,2026-08-09,Present,9.2
A014200,S01420,2026-08-10,Present,9.9
A014201,S01421,2026-08-01,Present,7.9
A014202,S01421,2026-08-02,Present,9.2
A014203,S01421,2026-08-03,Present,8.3
A014204,S01421,2026-08-04,Present,8.2
A014205,S01421,2026-08-05,Present,7.3
A014206,S01421,2026-08-06,Present,9.5
A014207,S01421,2026-08-07,Present,7.6
A014208,S01421,2026-08-08,Present,7.5
A014209,S01421,2026-08-09,Present,9.6
A014210,S01421,2026-08-10,Present,9.1
A014211,S01422,2026-08-01,Present,8.6
A014212,S01422,2026-08-02,Present,9.4
A014213,S01422,2026-08-03,Present,7.4
A014214,S01422,2026-08-04,Present,8.6
A014215,S01422,2026-08-05,Present,7.6
A014216,S01422,2026-08-06,Present,8.8
A014217,S01422,2026-08-07,Present,9.2
A014218,S01422,2026-08-08,Present,8.0
A014219,S01422,2026-08-09,Present,8.9
A014220,S01422,2026-08-10,Absent,0.0
A014221,S01423,2026-08-01,Present,7.1
A014222,S01423,2026-08-02,Present,8.9
A014223,S01423,2026-08-03,Present,7.3
A014224,S01423,2026-08-04,Present,7.5
A014225,S01423,2026-08-05,Present,9.6
A014226,S01423,2026-08-06,Present,7.3
A014227,S01423,2026-08-07,Present,7.0
A014228,S01423,2026-08-08,Present,8.6
A014229,S01423,2026-08-09,Present,7.3
A014230,S01423,2026-08-10,Present,8.3
A014231,S01424,2026-08-01,Present,7.1
A014232,S01424,2026-08-02,Half Day,3.7
A014233,S01424,2026-08-03,Half Day,4.2
A014234,S01424,2026-08-04,Present,8.5
A014235,S01424,2026-08-05,Present,8.6
A014236,S01424,2026-08-06,Half Day,4.7
A014237,S01424,2026-08-07,Present,8.9
A014238,S01424,2026-08-08,Present,7.6
A014239,S01424,2026-08-09,Present,9.9
A014240,S01424,2026-08-10,Half Day,4.5
A014241,S01425,2026-08-01,Present,9.9
A014242,S01425,2026-08-02,Present,8.0
A014243,S01425,2026-08-03,Present,8.6
A014244,S01425,2026-08-04,Present,8.7
A014245,S01425,2026-08-05,Present,9.2
A014246,S01425,2026-08-06,Absent,0.0
A014247,S01425,2026-08-07,Present,9.2
A014248,S01425,2026-08-08,Present,9.1
A014249,S01425,2026-08-09,Absent,0.0
A014250,S01425,2026-08-10,Present,7.0
A014251,S01426,2026-08-01,Present,8.8
A014252,S01426,2026-08-02,Present,8.3
A014253,S01426,2026-08-03,Present,7.3
A014254,S01426,2026-08-04,Present,9.4
A014255,S01426,2026-08-05,Present,7.2
A014256,S01426,2026-08-06,Half Day,3.2
A014257,S01426,2026-08-07,Present,7.6
A014258,S01426,2026-08-08,Present,7.3
A014259,S01426,2026-08-09,Present,7.1
A014260,S01426,2026-08-10,Present,8.2
A014261,S01427,2026-08-01,Present,8.3
A014262,S01427,2026-08-02,Present,8.7
A014263,S01427,2026-08-03,Present,8.9
A014264,S01427,2026-08-04,Present,9.8
A014265,S01427,2026-08-05,Present,9.5
A014266,S01427,2026-08-06,Present,7.7
A014267,S01427,2026-08-07,Present,9.2
A014268,S01427,2026-08-08,Present,7.6
A014269,S01427,2026-08-09,Present,9.7
A014270,S01427,2026-08-10,Present,9.8
A014271,S01428,2026-08-01,Present,8.8
A014272,S01428,2026-08-02,Present,9.7
A014273,S01428,2026-08-03,Present,8.8
A014274,S01428,2026-08-04,Present,8.5
A014275,S01428,2026-08-05,Half Day,4.3
A014276,S01428,2026-08-06,Present,8.2
A014277,S01428,2026-08-07,Present,7.4
A014278,S01428,2026-08-08,Present,7.9
A014279,S01428,2026-08-09,Half Day,4.5
A014280,S01428,2026-08-10,Present,7.5
A014281,S01429,2026-08-01,Present,7.0
A014282,S01429,2026-08-02,Half Day,3.9
A014283,S01429,2026-08-03,Present,7.2
A014284,S01429,2026-08-04,Present,8.8
A014285,S01429,2026-08-05,Present,9.5
A014286,S01429,2026-08-06,Present,8.0
A014287,S01429,2026-08-07,Present,9.5
A014288,S01429,2026-08-08,Present,8.7
A014289,S01429,2026-08-09,Present,7.7
A014290,S01429,2026-08-10,Present,8.9
A014291,S01430,2026-08-01,Present,8.1
A014292,S01430,2026-08-02,Present,7.9
A014293,S01430,2026-08-03,Absent,0.0
A014294,S01430,2026-08-04,Present,9.8
A014295,S01430,2026-08-05,Half Day,3.1
A014296,S01430,2026-08-06,Present,7.8
A014297,S01430,2026-08-07,Half Day,4.2
A014298,S01430,2026-08-08,Present,8.1
A014299,S01430,2026-08-09,Present,8.8
A014300,S01430,2026-08-10,Present,8.7
A014301,S01431,2026-08-01,Present,7.0
A014302,S01431,2026-08-02,Present,8.0
A014303,S01431,2026-08-03,Present,8.3
A014304,S01431,2026-08-04,Present,7.3
A014305,S01431,2026-08-05,Half Day,3.2
A014306,S01431,2026-08-06,Present,9.9
A014307,S01431,2026-08-07,Present,8.4
A014308,S01431,2026-08-08,Present,8.0
A014309,S01431,2026-08-09,Present,7.4
A014310,S01431,2026-08-10,Present,9.9
A014311,S01432,2026-08-01,Present,8.4
A014312,S01432,2026-08-02,Present,8.1
A014313,S01432,2026-08-03,Present,8.0
A014314,S01432,2026-08-04,Present,8.5
A014315,S01432,2026-08-05,Present,9.3
A014316,S01432,2026-08-06,Present,7.3
A014317,S01432,2026-08-07,Present,7.6
A014318,S01432,2026-08-08,Half Day,4.8
A014319,S01432,2026-08-09,Present,8.0
A014320,S01432,2026-08-10,Present,9.5
A014321,S01433,2026-08-01,Present,9.7
A014322,S01433,2026-08-02,Present,7.2
A014323,S01433,2026-08-03,Absent,0.0
A014324,S01433,2026-08-04,Present,8.7
A014325,S01433,2026-08-05,Present,8.2
A014326,S01433,2026-08-06,Present,8.4
A014327,S01433,2026-08-07,Present,8.1
A014328,S01433,2026-08-08,Present,9.8
A014329,S01433,2026-08-09,Present,9.1
A014330,S01433,2026-08-10,Present,10.0
A014331,S01434,2026-08-01,Half Day,3.4
A014332,S01434,2026-08-02,Present,9.2
A014333,S01434,2026-08-03,Present,9.2
A014334,S01434,2026-08-04,Present,8.5
A014335,S01434,2026-08-05,Present,9.5
A014336,S01434,2026-08-06,Present,9.5
A014337,S01434,2026-08-07,Present,9.4
A014338,S01434,2026-08-08,Present,8.3
A014339,S01434,2026-08-09,Present,7.7
A014340,S01434,2026-08-10,Present,7.6
A014341,S01435,2026-08-01,Present,8.0
A014342,S01435,2026-08-02,Present,8.1
A014343,S01435,2026-08-03,Absent,0.0
A014344,S01435,2026-08-04,Present,7.1
A014345,S01435,2026-08-05,Present,9.2
A014346,S01435,2026-08-06,Present,7.9
A014347,S01435,2026-08-07,Absent,0.0
A014348,S01435,2026-08-08,Present,7.5
A014349,S01435,2026-08-09,Half Day,4.7
A014350,S01435,2026-08-10,Present,7.8
A014351,S01436,2026-08-01,Present,9.4
A014352,S01436,2026-08-02,Present,7.6
A014353,S01436,2026-08-03,Present,8.2
A014354,S01436,2026-08-04,Present,8.1
A014355,S01436,2026-08-05,Half Day,4.9
A014356,S01436,2026-08-06,Present,7.5
A014357,S01436,2026-08-07,Half Day,3.7
A014358,S01436,2026-08-08,Present,7.5
A014359,S01436,2026-08-09,Present,8.0
A014360,S01436,2026-08-10,Present,8.7
A014361,S01437,2026-08-01,Present,8.0
A014362,S01437,2026-08-02,Present,8.7
A014363,S01437,2026-08-03,Present,9.4
A014364,S01437,2026-08-04,Present,9.9
A014365,S01437,2026-08-05,Present,8.2
A014366,S01437,2026-08-06,Half Day,5.0
A014367,S01437,2026-08-07,Present,8.4
A014368,S01437,2026-08-08,Present,9.6
A014369,S01437,2026-08-09,Present,7.9
A014370,S01437,2026-08-10,Present,9.9
A014371,S01438,2026-08-01,Present,7.8
A014372,S01438,2026-08-02,Present,9.3
A014373,S01438,2026-08-03,Present,8.2
A014374,S01438,2026-08-04,Absent,0.0
A014375,S01438,2026-08-05,Present,9.5
A014376,S01438,2026-08-06,Present,8.3
A014377,S01438,2026-08-07,Present,9.7
A014378,S01438,2026-08-08,Present,8.0
A014379,S01438,2026-08-09,Present,9.9
A014380,S01438,2026-08-10,Half Day,3.7
A014381,S01439,2026-08-01,Half Day,3.2
A014382,S01439,2026-08-02,Present,9.2
A014383,S01439,2026-08-03,Present,9.6
A014384,S01439,2026-08-04,Half Day,3.9
A014385,S01439,2026-08-05,Present,8.0
A014386,S01439,2026-08-06,Present,8.2
A014387,S01439,2026-08-07,Half Day,4.7
A014388,S01439,2026-08-08,Present,9.5
A014389,S01439,2026-08-09,Present,8.9
A014390,S01439,2026-08-10,Present,9.9
A014391,S01440,2026-08-01,Half Day,3.1
A014392,S01440,2026-08-02,Present,8.1
A014393,S01440,2026-08-03,Present,8.0
A014394,S01440,2026-08-04,Present,8.0
A014395,S01440,2026-08-05,Present,7.7
A014396,S01440,2026-08-06,Present,7.0
A014397,S01440,2026-08-07,Half Day,3.4
A014398,S01440,2026-08-08,Present,9.7
A014399,S01440,2026-08-09,Present,8.4
A014400,S01440,2026-08-10,Present,8.5
A014401,S01441,2026-08-01,Present,10.0
A014402,S01441,2026-08-02,Present,9.2
A014403,S01441,2026-08-03,Present,8.2
A014404,S01441,2026-08-04,Present,8.4
A014405,S01441,2026-08-05,Present,9.7
A014406,S01441,2026-08-06,Present,8.0
A014407,S01441,2026-08-07,Absent,0.0
A014408,S01441,2026-08-08,Present,8.2
A014409,S01441,2026-08-09,Present,8.3
A014410,S01441,2026-08-10,Present,9.3
A014411,S01442,2026-08-01,Present,8.1
A014412,S01442,2026-08-02,Present,7.5
A014413,S01442,2026-08-03,Present,7.9
A014414,S01442,2026-08-04,Present,8.5
A014415,S01442,2026-08-05,Present,7.2
A014416,S01442,2026-08-06,Present,7.5
A014417,S01442,2026-08-07,Present,7.7
A014418,S01442,2026-08-08,Present,9.1
A014419,S01442,2026-08-09,Present,9.4
A014420,S01442,2026-08-10,Present,7.0
A014421,S01443,2026-08-01,Present,9.3
A014422,S01443,2026-08-02,Present,9.0
A014423,S01443,2026-08-03,Present,7.0
A014424,S01443,2026-08-04,Present,7.6
A014425,S01443,2026-08-05,Present,8.1
A014426,S01443,2026-08-06,Present,9.5
A014427,S01443,2026-08-07,Present,7.4
A014428,S01443,2026-08-08,Present,7.6
A014429,S01443,2026-08-09,Present,9.9
A014430,S01443,2026-08-10,Present,9.4
A014431,S01444,2026-08-01,Present,9.3
A014432,S01444,2026-08-02,Present,8.3
A014433,S01444,2026-08-03,Present,8.5
A014434,S01444,2026-08-04,Present,7.2
A014435,S01444,2026-08-05,Half Day,3.7
A014436,S01444,2026-08-06,Present,8.5
A014437,S01444,2026-08-07,Present,8.6
A014438,S01444,2026-08-08,Present,7.5
A014439,S01444,2026-08-09,Present,7.8
A014440,S01444,2026-08-10,Present,8.8
A014441,S01445,2026-08-01,Present,7.3
A014442,S01445,2026-08-02,Present,8.0
A014443,S01445,2026-08-03,Present,8.3
A014444,S01445,2026-08-04,Present,9.9
A014445,S01445,2026-08-05,Present,7.1
A014446,S01445,2026-08-06,Present,8.4
A014447,S01445,2026-08-07,Present,8.5
A014448,S01445,2026-08-08,Absent,0.0
A014449,S01445,2026-08-09,Present,9.2
A014450,S01445,2026-08-10,Present,7.3
A014451,S01446,2026-08-01,Present,7.6
A014452,S01446,2026-08-02,Present,9.4
A014453,S01446,2026-08-03,Absent,0.0
A014454,S01446,2026-08-04,Present,9.1
A014455,S01446,2026-08-05,Present,9.3
A014456,S01446,2026-08-06,Present,8.4
A014457,S01446,2026-08-07,Present,8.7
A014458,S01446,2026-08-08,Present,9.4
A014459,S01446,2026-08-09,Present,8.3
A014460,S01446,2026-08-10,Present,7.7
A014461,S01447,2026-08-01,Present,7.4
A014462,S01447,2026-08-02,Present,9.7
A014463,S01447,2026-08-03,Present,9.1
A014464,S01447,2026-08-04,Present,9.3
A014465,S01447,2026-08-05,Present,8.4
A014466,S01447,2026-08-06,Present,9.1
A014467,S01447,2026-08-07,Absent,0.0
A014468,S01447,2026-08-08,Present,8.5
A014469,S01447,2026-08-09,Half Day,4.7
A014470,S01447,2026-08-10,Present,9.5
A014471,S01448,2026-08-01,Present,8.3
A014472,S01448,2026-08-02,Absent,0.0
A014473,S01448,2026-08-03,Present,9.7
A014474,S01448,2026-08-04,Present,9.9
A014475,S01448,2026-08-05,Present,8.4
A014476,S01448,2026-08-06,Present,9.7
A014477,S01448,2026-08-07,Present,9.7
A014478,S01448,2026-08-08,Present,9.5
A014479,S01448,2026-08-09,Present,8.1
A014480,S01448,2026-08-10,Present,7.4
A014481,S01449,2026-08-01,Present,8.3
A014482,S01449,2026-08-02,Present,8.1
A014483,S01449,2026-08-03,Present,9.9
A014484,S01449,2026-08-04,Absent,0.0
A014485,S01449,2026-08-05,Present,7.3
A014486,S01449,2026-08-06,Present,7.2
A014487,S01449,2026-08-07,Absent,0.0
A014488,S01449,2026-08-08,Present,9.9
A014489,S01449,2026-08-09,Present,10.0
A014490,S01449,2026-08-10,Present,7.3
A014491,S01450,2026-08-01,Present,7.3
A014492,S01450,2026-08-02,Present,8.1
A014493,S01450,2026-08-03,Present,7.7
A014494,S01450,2026-08-04,Present,7.4
A014495,S01450,2026-08-05,Present,7.6
A014496,S01450,2026-08-06,Present,8.1
A014497,S01450,2026-08-07,Present,8.5
A014498,S01450,2026-08-08,Half Day,4.5
A014499,S01450,2026-08-09,Present,9.0
A014500,S01450,2026-08-10,Absent,0.0
A014501,S01451,2026-08-01,Present,9.3
A014502,S01451,2026-08-02,Present,7.6
A014503,S01451,2026-08-03,Present,9.7
A014504,S01451,2026-08-04,Half Day,4.5
A014505,S01451,2026-08-05,Half Day,3.8
A014506,S01451,2026-08-06,Present,9.1
A014507,S01451,2026-08-07,Present,8.5
A014508,S01451,2026-08-08,Half Day,3.6
A014509,S01451,2026-08-09,Present,7.4
A014510,S01451,2026-08-10,Present,7.5
A014511,S01452,2026-08-01,Present,9.1
A014512,S01452,2026-08-02,Present,7.1
A014513,S01452,2026-08-03,Present,7.7
A014514,S01452,2026-08-04,Present,7.6
A014515,S01452,2026-08-05,Present,9.0
A014516,S01452,2026-08-06,Present,9.4
A014517,S01452,2026-08-07,Present,9.5
A014518,S01452,2026-08-08,Present,8.0
A014519,S01452,2026-08-09,Present,9.8
A014520,S01452,2026-08-10,Present,9.3
A014521,S01453,2026-08-01,Present,9.8
A014522,S01453,2026-08-02,Present,7.8
A014523,S01453,2026-08-03,Present,7.6
A014524,S01453,2026-08-04,Present,7.8
A014525,S01453,2026-08-05,Present,8.3
A014526,S01453,2026-08-06,Present,8.3
A014527,S01453,2026-08-07,Present,7.8
A014528,S01453,2026-08-08,Present,7.5
A014529,S01453,2026-08-09,Present,7.0
A014530,S01453,2026-08-10,Present,7.1
A014531,S01454,2026-08-01,Present,7.6
A014532,S01454,2026-08-02,Half Day,4.0
A014533,S01454,2026-08-03,Present,8.6
A014534,S01454,2026-08-04,Present,9.8
A014535,S01454,2026-08-05,Present,7.5
A014536,S01454,2026-08-06,Present,7.8
A014537,S01454,2026-08-07,Present,9.9
A014538,S01454,2026-08-08,Present,7.9
A014539,S01454,2026-08-09,Present,9.5
A014540,S01454,2026-08-10,Present,9.6
A014541,S01455,2026-08-01,Present,8.3
A014542,S01455,2026-08-02,Present,7.9
A014543,S01455,2026-08-03,Present,8.5
A014544,S01455,2026-08-04,Absent,0.0
A014545,S01455,2026-08-05,Present,8.0
A014546,S01455,2026-08-06,Present,8.4
A014547,S01455,2026-08-07,Present,9.6
A014548,S01455,2026-08-08,Present,8.0
A014549,S01455,2026-08-09,Present,9.5
A014550,S01455,2026-08-10,Present,7.4
A014551,S01456,2026-08-01,Present,7.1
A014552,S01456,2026-08-02,Present,8.2
A014553,S01456,2026-08-03,Present,8.3
A014554,S01456,2026-08-04,Present,8.6
A014555,S01456,2026-08-05,Present,8.1
A014556,S01456,2026-08-06,Present,7.6
A014557,S01456,2026-08-07,Present,7.9
A014558,S01456,2026-08-08,Present,7.5
A014559,S01456,2026-08-09,Present,7.1
A014560,S01456,2026-08-10,Present,9.0
A014561,S01457,2026-08-01,Present,7.9
A014562,S01457,2026-08-02,Present,9.2
A014563,S01457,2026-08-03,Half Day,4.3
A014564,S01457,2026-08-04,Present,7.4
A014565,S01457,2026-08-05,Absent,0.0
A014566,S01457,2026-08-06,Present,8.8
A014567,S01457,2026-08-07,Half Day,4.3
A014568,S01457,2026-08-08,Present,8.2
A014569,S01457,2026-08-09,Present,8.7
A014570,S01457,2026-08-10,Present,8.0
A014571,S01458,2026-08-01,Present,8.4
A014572,S01458,2026-08-02,Present,9.8
A014573,S01458,2026-08-03,Present,7.1
A014574,S01458,2026-08-04,Absent,0.0
A014575,S01458,2026-08-05,Half Day,4.2
A014576,S01458,2026-08-06,Absent,0.0
A014577,S01458,2026-08-07,Present,7.2
A014578,S01458,2026-08-08,Present,9.8
A014579,S01458,2026-08-09,Present,7.7
A014580,S01458,2026-08-10,Present,9.7
A014581,S01459,2026-08-01,Present,8.2
A014582,S01459,2026-08-02,Present,8.2
A014583,S01459,2026-08-03,Present,7.6
A014584,S01459,2026-08-04,Present,7.4
A014585,S01459,2026-08-05,Present,9.6
A014586,S01459,2026-08-06,Present,7.3
A014587,S01459,2026-08-07,Present,7.6
A014588,S01459,2026-08-08,Present,8.6
A014589,S01459,2026-08-09,Present,8.6
A014590,S01459,2026-08-10,Present,8.2
A014591,S01460,2026-08-01,Present,8.4
A014592,S01460,2026-08-02,Present,7.1
A014593,S01460,2026-08-03,Present,9.5
A014594,S01460,2026-08-04,Present,7.2
A014595,S01460,2026-08-05,Present,7.9
A014596,S01460,2026-08-06,Present,9.6
A014597,S01460,2026-08-07,Present,9.4
A014598,S01460,2026-08-08,Present,8.9
A014599,S01460,2026-08-09,Present,8.7
A014600,S01460,2026-08-10,Present,8.0
A014601,S01461,2026-08-01,Present,8.5
A014602,S01461,2026-08-02,Present,8.2
A014603,S01461,2026-08-03,Present,9.3
A014604,S01461,2026-08-04,Present,7.3
A014605,S01461,2026-08-05,Present,8.0
A014606,S01461,2026-08-06,Present,7.8
A014607,S01461,2026-08-07,Present,8.3
A014608,S01461,2026-08-08,Present,7.5
A014609,S01461,2026-08-09,Present,7.7
A014610,S01461,2026-08-10,Present,7.8
A014611,S01462,2026-08-01,Present,7.5
A014612,S01462,2026-08-02,Present,7.4
A014613,S01462,2026-08-03,Present,7.6
A014614,S01462,2026-08-04,Present,9.0
A014615,S01462,2026-08-05,Absent,0.0
A014616,S01462,2026-08-06,Present,8.5
A014617,S01462,2026-08-07,Present,9.0
A014618,S01462,2026-08-08,Present,7.4
A014619,S01462,2026-08-09,Half Day,3.6
A014620,S01462,2026-08-10,Present,8.4
A014621,S01463,2026-08-01,Present,7.1
A014622,S01463,2026-08-02,Present,8.7
A014623,S01463,2026-08-03,Present,8.6
A014624,S01463,2026-08-04,Present,7.4
A014625,S01463,2026-08-05,Present,8.0
A014626,S01463,2026-08-06,Present,9.3
A014627,S01463,2026-08-07,Present,9.6
A014628,S01463,2026-08-08,Present,9.3
A014629,S01463,2026-08-09,Present,9.5
A014630,S01463,2026-08-10,Present,7.9
A014631,S01464,2026-08-01,Present,9.3
A014632,S01464,2026-08-02,Present,8.4
A014633,S01464,2026-08-03,Present,7.9
A014634,S01464,2026-08-04,Present,9.5
A014635,S01464,2026-08-05,Present,8.9
A014636,S01464,2026-08-06,Present,9.5
A014637,S01464,2026-08-07,Present,7.1
A014638,S01464,2026-08-08,Present,7.4
A014639,S01464,2026-08-09,Present,7.6
A014640,S01464,2026-08-10,Present,7.8
A014641,S01465,2026-08-01,Present,9.1
A014642,S01465,2026-08-02,Present,8.1
A014643,S01465,2026-08-03,Present,8.6
A014644,S01465,2026-08-04,Absent,0.0
A014645,S01465,2026-08-05,Absent,0.0
A014646,S01465,2026-08-06,Absent,0.0
A014647,S01465,2026-08-07,Present,8.2
A014648,S01465,2026-08-08,Present,9.9
A014649,S01465,2026-08-09,Present,9.5
A014650,S01465,2026-08-10,Half Day,3.9
A014651,S01466,2026-08-01,Present,9.9
A014652,S01466,2026-08-02,Present,9.8
A014653,S01466,2026-08-03,Present,8.2
A014654,S01466,2026-08-04,Present,7.1
A014655,S01466,2026-08-05,Present,8.1
A014656,S01466,2026-08-06,Present,8.4
A014657,S01466,2026-08-07,Present,8.1
A014658,S01466,2026-08-08,Present,9.3
A014659,S01466,2026-08-09,Present,7.2
A014660,S01466,2026-08-10,Present,9.1
A014661,S01467,2026-08-01,Present,7.3
A014662,S01467,2026-08-02,Present,9.4
A014663,S01467,2026-08-03,Half Day,4.0
A014664,S01467,2026-08-04,Present,9.4
A014665,S01467,2026-08-05,Present,8.5
A014666,S01467,2026-08-06,Present,8.3
A014667,S01467,2026-08-07,Present,8.7
A014668,S01467,2026-08-08,Present,8.8
A014669,S01467,2026-08-09,Present,7.4
A014670,S01467,2026-08-10,Present,8.7
A014671,S01468,2026-08-01,Present,8.2
A014672,S01468,2026-08-02,Absent,0.0
A014673,S01468,2026-08-03,Present,9.5
A014674,S01468,2026-08-04,Present,7.9
A014675,S01468,2026-08-05,Present,8.1
A014676,S01468,2026-08-06,Present,9.5
A014677,S01468,2026-08-07,Present,9.8
A014678,S01468,2026-08-08,Present,9.3
A014679,S01468,2026-08-09,Present,8.4
A014680,S01468,2026-08-10,Half Day,3.5
A014681,S01469,2026-08-01,Present,9.8
A014682,S01469,2026-08-02,Present,8.2
A014683,S01469,2026-08-03,Present,9.2
A014684,S01469,2026-08-04,Present,8.0
A014685,S01469,2026-08-05,Present,10.0
A014686,S01469,2026-08-06,Present,9.6
A014687,S01469,2026-08-07,Present,9.2
A014688,S01469,2026-08-08,Present,8.1
A014689,S01469,2026-08-09,Present,7.6
A014690,S01469,2026-08-10,Present,7.7
A014691,S01470,2026-08-01,Present,8.1
A014692,S01470,2026-08-02,Present,9.2
A014693,S01470,2026-08-03,Present,8.8
A014694,S01470,2026-08-04,Present,9.2
A014695,S01470,2026-08-05,Present,8.4
A014696,S01470,2026-08-06,Present,9.1
A014697,S01470,2026-08-07,Present,8.8
A014698,S01470,2026-08-08,Present,8.8
A014699,S01470,2026-08-09,Present,8.1
A014700,S01470,2026-08-10,Present,7.4
A014701,S01471,2026-08-01,Present,8.2
A014702,S01471,2026-08-02,Present,8.7
A014703,S01471,2026-08-03,Present,9.4
A014704,S01471,2026-08-04,Present,8.8
A014705,S01471,2026-08-05,Present,9.5
A014706,S01471,2026-08-06,Present,8.6
A014707,S01471,2026-08-07,Present,7.7
A014708,S01471,2026-08-08,Present,8.0
A014709,S01471,2026-08-09,Absent,0.0
A014710,S01471,2026-08-10,Present,8.8
A014711,S01472,2026-08-01,Absent,0.0
A014712,S01472,2026-08-02,Present,7.8
A014713,S01472,2026-08-03,Present,8.1
A014714,S01472,2026-08-04,Present,8.5
A014715,S01472,2026-08-05,Present,8.9
A014716,S01472,2026-08-06,Present,9.7
A014717,S01472,2026-08-07,Present,8.1
A014718,S01472,2026-08-08,Present,9.0
A014719,S01472,2026-08-09,Half Day,3.4
A014720,S01472,2026-08-10,Present,7.5
A014721,S01473,2026-08-01,Absent,0.0
A014722,S01473,2026-08-02,Present,9.4
A014723,S01473,2026-08-03,Present,8.5
A014724,S01473,2026-08-04,Present,7.8
A014725,S01473,2026-08-05,Present,9.0
A014726,S01473,2026-08-06,Present,7.3
A014727,S01473,2026-08-07,Present,8.1
A014728,S01473,2026-08-08,Present,8.5
A014729,S01473,2026-08-09,Present,9.0
A014730,S01473,2026-08-10,Present,9.4
A014731,S01474,2026-08-01,Present,7.1
A014732,S01474,2026-08-02,Present,8.2
A014733,S01474,2026-08-03,Present,8.8
A014734,S01474,2026-08-04,Present,9.4
A014735,S01474,2026-08-05,Present,8.9
A014736,S01474,2026-08-06,Present,9.8
A014737,S01474,2026-08-07,Present,8.8
A014738,S01474,2026-08-08,Half Day,4.6
A014739,S01474,2026-08-09,Present,9.4
A014740,S01474,2026-08-10,Present,9.8
A014741,S01475,2026-08-01,Present,7.7
A014742,S01475,2026-08-02,Present,9.9
A014743,S01475,2026-08-03,Present,9.9
A014744,S01475,2026-08-04,Present,9.8
A014745,S01475,2026-08-05,Present,8.6
A014746,S01475,2026-08-06,Present,7.7
A014747,S01475,2026-08-07,Present,9.6
A014748,S01475,2026-08-08,Absent,0.0
A014749,S01475,2026-08-09,Present,9.2
A014750,S01475,2026-08-10,Present,8.0
A014751,S01476,2026-08-01,Present,8.1
A014752,S01476,2026-08-02,Present,10.0
A014753,S01476,2026-08-03,Present,7.6
A014754,S01476,2026-08-04,Present,7.1
A014755,S01476,2026-08-05,Present,8.8
A014756,S01476,2026-08-06,Present,8.6
A014757,S01476,2026-08-07,Present,8.1
A014758,S01476,2026-08-08,Present,7.3
A014759,S01476,2026-08-09,Present,7.1
A014760,S01476,2026-08-10,Present,7.5
A014761,S01477,2026-08-01,Present,9.0
A014762,S01477,2026-08-02,Present,8.5
A014763,S01477,2026-08-03,Absent,0.0
A014764,S01477,2026-08-04,Present,9.9
A014765,S01477,2026-08-05,Present,8.6
A014766,S01477,2026-08-06,Present,8.7
A014767,S01477,2026-08-07,Present,7.0
A014768,S01477,2026-08-08,Present,9.7
A014769,S01477,2026-08-09,Present,8.7
A014770,S01477,2026-08-10,Present,9.8
A014771,S01478,2026-08-01,Present,8.3
A014772,S01478,2026-08-02,Absent,0.0
A014773,S01478,2026-08-03,Present,9.6
A014774,S01478,2026-08-04,Half Day,4.6
A014775,S01478,2026-08-05,Present,7.1
A014776,S01478,2026-08-06,Present,9.6
A014777,S01478,2026-08-07,Present,8.6
A014778,S01478,2026-08-08,Absent,0.0
A014779,S01478,2026-08-09,Present,7.2
A014780,S01478,2026-08-10,Present,8.6
A014781,S01479,2026-08-01,Present,9.1
A014782,S01479,2026-08-02,Present,9.1
A014783,S01479,2026-08-03,Present,7.9
A014784,S01479,2026-08-04,Present,8.7
A014785,S01479,2026-08-05,Present,8.0
A014786,S01479,2026-08-06,Present,7.5
A014787,S01479,2026-08-07,Present,8.4
A014788,S01479,2026-08-08,Present,7.7
A014789,S01479,2026-08-09,Present,7.5
A014790,S01479,2026-08-10,Present,9.6
A014791,S01480,2026-08-01,Present,7.5
A014792,S01480,2026-08-02,Present,7.3
A014793,S01480,2026-08-03,Present,8.9
A014794,S01480,2026-08-04,Present,8.1
A014795,S01480,2026-08-05,Half Day,3.3
A014796,S01480,2026-08-06,Absent,0.0
A014797,S01480,2026-08-07,Absent,0.0
A014798,S01480,2026-08-08,Present,9.0
A014799,S01480,2026-08-09,Present,8.0
A014800,S01480,2026-08-10,Present,7.6
A014801,S01481,2026-08-01,Present,9.8
A014802,S01481,2026-08-02,Present,7.5
A014803,S01481,2026-08-03,Present,8.8
A014804,S01481,2026-08-04,Present,9.5
A014805,S01481,2026-08-05,Present,8.2
A014806,S01481,2026-08-06,Half Day,3.2
A014807,S01481,2026-08-07,Present,9.0
A014808,S01481,2026-08-08,Present,9.5
A014809,S01481,2026-08-09,Present,9.6
A014810,S01481,2026-08-10,Present,9.3
A014811,S01482,2026-08-01,Present,8.2
A014812,S01482,2026-08-02,Present,8.8
A014813,S01482,2026-08-03,Present,7.6
A014814,S01482,2026-08-04,Half Day,4.1
A014815,S01482,2026-08-05,Present,7.8
A014816,S01482,2026-08-06,Present,8.7
A014817,S01482,2026-08-07,Present,9.6
A014818,S01482,2026-08-08,Present,9.1
A014819,S01482,2026-08-09,Present,7.8
A014820,S01482,2026-08-10,Present,8.7
A014821,S01483,2026-08-01,Present,8.9
A014822,S01483,2026-08-02,Present,9.3
A014823,S01483,2026-08-03,Present,7.9
A014824,S01483,2026-08-04,Present,7.6
A014825,S01483,2026-08-05,Present,9.1
A014826,S01483,2026-08-06,Absent,0.0
A014827,S01483,2026-08-07,Present,9.3
A014828,S01483,2026-08-08,Absent,0.0
A014829,S01483,2026-08-09,Present,9.7
A014830,S01483,2026-08-10,Present,8.7
A014831,S01484,2026-08-01,Absent,0.0
A014832,S01484,2026-08-02,Present,9.4
A014833,S01484,2026-08-03,Present,8.4
A014834,S01484,2026-08-04,Present,8.7
A014835,S01484,2026-08-05,Half Day,3.3
A014836,S01484,2026-08-06,Present,7.8
A014837,S01484,2026-08-07,Present,9.2
A014838,S01484,2026-08-08,Present,9.0
A014839,S01484,2026-08-09,Present,9.2
A014840,S01484,2026-08-10,Present,9.7
A014841,S01485,2026-08-01,Present,7.0
A014842,S01485,2026-08-02,Present,8.8
A014843,S01485,2026-08-03,Present,7.8
A014844,S01485,2026-08-04,Present,7.9
A014845,S01485,2026-08-05,Absent,0.0
A014846,S01485,2026-08-06,Present,8.9
A014847,S01485,2026-08-07,Present,7.2
A014848,S01485,2026-08-08,Present,8.4
A014849,S01485,2026-08-09,Present,8.4
A014850,S01485,2026-08-10,Present,9.4
A014851,S01486,2026-08-01,Present,7.5
A014852,S01486,2026-08-02,Present,8.5
A014853,S01486,2026-08-03,Present,9.8
A014854,S01486,2026-08-04,Present,9.9
A014855,S01486,2026-08-05,Present,7.8
A014856,S01486,2026-08-06,Present,7.0
A014857,S01486,2026-08-07,Present,9.8
A014858,S01486,2026-08-08,Present,9.7
A014859,S01486,2026-08-09,Present,9.8
A014860,S01486,2026-08-10,Present,9.8
A014861,S01487,2026-08-01,Present,10.0
A014862,S01487,2026-08-02,Present,9.8
A014863,S01487,2026-08-03,Present,9.9
A014864,S01487,2026-08-04,Present,7.0
A014865,S01487,2026-08-05,Present,7.8
A014866,S01487,2026-08-06,Present,9.3
A014867,S01487,2026-08-07,Present,8.9
A014868,S01487,2026-08-08,Half Day,3.4
A014869,S01487,2026-08-09,Present,8.4
A014870,S01487,2026-08-10,Present,9.3
A014871,S01488,2026-08-01,Present,7.6
A014872,S01488,2026-08-02,Half Day,4.9
A014873,S01488,2026-08-03,Present,7.7
A014874,S01488,2026-08-04,Present,7.8
A014875,S01488,2026-08-05,Present,7.5
A014876,S01488,2026-08-06,Present,8.2
A014877,S01488,2026-08-07,Present,9.0
A014878,S01488,2026-08-08,Present,7.7
A014879,S01488,2026-08-09,Present,8.3
A014880,S01488,2026-08-10,Present,9.4
A014881,S01489,2026-08-01,Present,9.6
A014882,S01489,2026-08-02,Present,9.1
A014883,S01489,2026-08-03,Present,9.9
A014884,S01489,2026-08-04,Absent,0.0
A014885,S01489,2026-08-05,Present,7.5
A014886,S01489,2026-08-06,Present,9.2
A014887,S01489,2026-08-07,Present,8.1
A014888,S01489,2026-08-08,Present,8.7
A014889,S01489,2026-08-09,Present,9.3
A014890,S01489,2026-08-10,Present,9.9
A014891,S01490,2026-08-01,Present,9.8
A014892,S01490,2026-08-02,Present,8.5
A014893,S01490,2026-08-03,Present,7.3
A014894,S01490,2026-08-04,Half Day,4.5
A014895,S01490,2026-08-05,Present,8.4
A014896,S01490,2026-08-06,Present,8.8
A014897,S01490,2026-08-07,Present,8.3
A014898,S01490,2026-08-08,Present,7.8
A014899,S01490,2026-08-09,Absent,0.0
A014900,S01490,2026-08-10,Present,7.5
A014901,S01491,2026-08-01,Present,9.5
A014902,S01491,2026-08-02,Present,9.1
A014903,S01491,2026-08-03,Present,9.2
A014904,S01491,2026-08-04,Half Day,3.2
A014905,S01491,2026-08-05,Present,8.4
A014906,S01491,2026-08-06,Present,7.6
A014907,S01491,2026-08-07,Present,9.8
A014908,S01491,2026-08-08,Present,7.1
A014909,S01491,2026-08-09,Present,8.8
A014910,S01491,2026-08-10,Half Day,4.6
A014911,S01492,2026-08-01,Present,9.1
A014912,S01492,2026-08-02,Present,8.8
A014913,S01492,2026-08-03,Absent,0.0
A014914,S01492,2026-08-04,Present,7.9
A014915,S01492,2026-08-05,Present,7.8
A014916,S01492,2026-08-06,Present,8.6
A014917,S01492,2026-08-07,Present,7.5
A014918,S01492,2026-08-08,Half Day,3.9
A014919,S01492,2026-08-09,Present,9.8
A014920,S01492,2026-08-10,Present,7.3
A014921,S01493,2026-08-01,Present,8.2
A014922,S01493,2026-08-02,Present,7.1
A014923,S01493,2026-08-03,Present,9.7
A014924,S01493,2026-08-04,Present,9.7
A014925,S01493,2026-08-05,Present,7.3
A014926,S01493,2026-08-06,Absent,0.0
A014927,S01493,2026-08-07,Present,9.6
A014928,S01493,2026-08-08,Present,8.8
A014929,S01493,2026-08-09,Present,7.7
A014930,S01493,2026-08-10,Half Day,4.7
A014931,S01494,2026-08-01,Present,7.6
A014932,S01494,2026-08-02,Half Day,4.7
A014933,S01494,2026-08-03,Present,8.6
A014934,S01494,2026-08-04,Present,8.3
A014935,S01494,2026-08-05,Present,7.2
A014936,S01494,2026-08-06,Present,8.2
A014937,S01494,2026-08-07,Present,8.6
A014938,S01494,2026-08-08,Present,8.9
A014939,S01494,2026-08-09,Present,9.0
A014940,S01494,2026-08-10,Present,9.4
A014941,S01495,2026-08-01,Absent,0.0
A014942,S01495,2026-08-02,Present,9.2
A014943,S01495,2026-08-03,Present,8.2
A014944,S01495,2026-08-04,Present,7.4
A014945,S01495,2026-08-05,Present,9.3
A014946,S01495,2026-08-06,Present,8.8
A014947,S01495,2026-08-07,Present,9.9
A014948,S01495,2026-08-08,Half Day,4.3
A014949,S01495,2026-08-09,Present,9.8
A014950,S01495,2026-08-10,Present,9.2
A014951,S01496,2026-08-01,Present,7.6
A014952,S01496,2026-08-02,Present,9.9
A014953,S01496,2026-08-03,Present,9.9
A014954,S01496,2026-08-04,Present,8.0
A014955,S01496,2026-08-05,Present,7.2
A014956,S01496,2026-08-06,Present,7.3
A014957,S01496,2026-08-07,Present,8.6
A014958,S01496,2026-08-08,Present,9.8
A014959,S01496,2026-08-09,Present,7.7
A014960,S01496,2026-08-10,Present,8.7
A014961,S01497,2026-08-01,Absent,0.0
A014962,S01497,2026-08-02,Present,7.1
A014963,S01497,2026-08-03,Present,8.9
A014964,S01497,2026-08-04,Present,9.0
A014965,S01497,2026-08-05,Present,7.6
A014966,S01497,2026-08-06,Absent,0.0
A014967,S01497,2026-08-07,Present,8.9
A014968,S01497,2026-08-08,Present,7.0
A014969,S01497,2026-08-09,Present,9.2
A014970,S01497,2026-08-10,Present,7.7
A014971,S01498,2026-08-01,Present,10.0
A014972,S01498,2026-08-02,Absent,0.0
A014973,S01498,2026-08-03,Present,7.5
A014974,S01498,2026-08-04,Present,9.7
A014975,S01498,2026-08-05,Present,7.1
A014976,S01498,2026-08-06,Present,8.7
A014977,S01498,2026-08-07,Present,9.1
A014978,S01498,2026-08-08,Present,8.2
A014979,S01498,2026-08-09,Present,7.9
A014980,S01498,2026-08-10,Present,8.6
A014981,S01499,2026-08-01,Present,8.0
A014982,S01499,2026-08-02,Present,8.1
A014983,S01499,2026-08-03,Present,8.3
A014984,S01499,2026-08-04,Present,8.3
A014985,S01499,2026-08-05,Present,8.8
A014986,S01499,2026-08-06,Present,9.3
A014987,S01499,2026-08-07,Present,8.1
A014988,S01499,2026-08-08,Present,9.2
A014989,S01499,2026-08-09,Present,8.2
A014990,S01499,2026-08-10,Present,7.2
A014991,S01500,2026-08-01,Half Day,3.3
A014992,S01500,2026-08-02,Present,7.5
A014993,S01500,2026-08-03,Present,7.8
A014994,S01500,2026-08-04,Present,7.9
A014995,S01500,2026-08-05,Present,7.7
A014996,S01500,2026-08-06,Present,7.2
A014997,S01500,2026-08-07,Present,8.6
A014998,S01500,2026-08-08,Half Day,3.6
A014999,S01500,2026-08-09,Present,8.8
A015000,S01500,2026-08-10,Present,8.6
A015001,S01501,2026-08-01,Present,9.5
A015002,S01501,2026-08-02,Present,7.6
A015003,S01501,2026-08-03,Present,8.3
A015004,S01501,2026-08-04,Present,8.2
A015005,S01501,2026-08-05,Present,8.3
A015006,S01501,2026-08-06,Present,8.4
A015007,S01501,2026-08-07,Present,7.8
A015008,S01501,2026-08-08,Present,8.3
A015009,S01501,2026-08-09,Absent,0.0
A015010,S01501,2026-08-10,Present,9.9
A015011,S01502,2026-08-01,Present,8.8
A015012,S01502,2026-08-02,Present,8.3
A015013,S01502,2026-08-03,Present,8.2
A015014,S01502,2026-08-04,Present,9.5
A015015,S01502,2026-08-05,Present,7.2
A015016,S01502,2026-08-06,Present,7.6
A015017,S01502,2026-08-07,Half Day,3.4
A015018,S01502,2026-08-08,Present,8.2
A015019,S01502,2026-08-09,Present,8.9
A015020,S01502,2026-08-10,Absent,0.0
A015021,S01503,2026-08-01,Present,8.1
A015022,S01503,2026-08-02,Present,8.3
A015023,S01503,2026-08-03,Present,8.8
A015024,S01503,2026-08-04,Present,9.4
A015025,S01503,2026-08-05,Present,9.5
A015026,S01503,2026-08-06,Present,9.1
A015027,S01503,2026-08-07,Present,7.7
A015028,S01503,2026-08-08,Present,9.4
A015029,S01503,2026-08-09,Present,9.9
A015030,S01503,2026-08-10,Present,9.5
A015031,S01504,2026-08-01,Present,9.4
A015032,S01504,2026-08-02,Present,8.5
A015033,S01504,2026-08-03,Present,8.5
A015034,S01504,2026-08-04,Absent,0.0
A015035,S01504,2026-08-05,Present,8.0
A015036,S01504,2026-08-06,Present,7.2
A015037,S01504,2026-08-07,Present,7.5
A015038,S01504,2026-08-08,Present,9.9
A015039,S01504,2026-08-09,Present,9.8
A015040,S01504,2026-08-10,Present,7.1
A015041,S01505,2026-08-01,Present,7.7
A015042,S01505,2026-08-02,Present,9.1
A015043,S01505,2026-08-03,Present,9.6
A015044,S01505,2026-08-04,Absent,0.0
A015045,S01505,2026-08-05,Absent,0.0
A015046,S01505,2026-08-06,Present,9.4
A015047,S01505,2026-08-07,Present,9.0
A015048,S01505,2026-08-08,Present,8.9
A015049,S01505,2026-08-09,Present,9.5
A015050,S01505,2026-08-10,Present,7.5
A015051,S01506,2026-08-01,Present,8.8
A015052,S01506,2026-08-02,Present,9.4
A015053,S01506,2026-08-03,Present,8.4
A015054,S01506,2026-08-04,Present,9.2
A015055,S01506,2026-08-05,Present,9.8
A015056,S01506,2026-08-06,Present,8.3
A015057,S01506,2026-08-07,Present,9.6
A015058,S01506,2026-08-08,Present,8.8
A015059,S01506,2026-08-09,Present,7.9
A015060,S01506,2026-08-10,Present,8.0
A015061,S01507,2026-08-01,Present,8.4
A015062,S01507,2026-08-02,Present,9.5
A015063,S01507,2026-08-03,Present,8.9
A015064,S01507,2026-08-04,Present,9.3
A015065,S01507,2026-08-05,Present,9.2
A015066,S01507,2026-08-06,Present,7.9
A015067,S01507,2026-08-07,Half Day,4.8
A015068,S01507,2026-08-08,Present,9.7
A015069,S01507,2026-08-09,Present,9.4
A015070,S01507,2026-08-10,Present,10.0
A015071,S01508,2026-08-01,Present,8.8
A015072,S01508,2026-08-02,Present,9.3
A015073,S01508,2026-08-03,Present,9.6
A015074,S01508,2026-08-04,Present,7.3
A015075,S01508,2026-08-05,Absent,0.0
A015076,S01508,2026-08-06,Present,8.5
A015077,S01508,2026-08-07,Present,8.3
A015078,S01508,2026-08-08,Present,9.1
A015079,S01508,2026-08-09,Present,10.0
A015080,S01508,2026-08-10,Present,9.4
A015081,S01509,2026-08-01,Present,7.5
A015082,S01509,2026-08-02,Present,7.9
A015083,S01509,2026-08-03,Present,9.5
A015084,S01509,2026-08-04,Present,9.5
A015085,S01509,2026-08-05,Present,8.5
A015086,S01509,2026-08-06,Absent,0.0
A015087,S01509,2026-08-07,Present,8.1
A015088,S01509,2026-08-08,Present,8.1
A015089,S01509,2026-08-09,Present,7.1
A015090,S01509,2026-08-10,Present,9.1
A015091,S01510,2026-08-01,Present,9.9
A015092,S01510,2026-08-02,Present,9.5
A015093,S01510,2026-08-03,Present,7.8
A015094,S01510,2026-08-04,Present,8.3
A015095,S01510,2026-08-05,Present,9.2
A015096,S01510,2026-08-06,Present,7.1
A015097,S01510,2026-08-07,Present,9.3
A015098,S01510,2026-08-08,Present,7.7
A015099,S01510,2026-08-09,Present,8.9
A015100,S01510,2026-08-10,Present,7.2
A015101,S01511,2026-08-01,Present,9.3
A015102,S01511,2026-08-02,Present,7.5
A015103,S01511,2026-08-03,Present,8.2
A015104,S01511,2026-08-04,Absent,0.0
A015105,S01511,2026-08-05,Present,9.3
A015106,S01511,2026-08-06,Present,7.6
A015107,S01511,2026-08-07,Present,7.4
A015108,S01511,2026-08-08,Absent,0.0
A015109,S01511,2026-08-09,Present,8.9
A015110,S01511,2026-08-10,Present,9.9
A015111,S01512,2026-08-01,Present,9.2
A015112,S01512,2026-08-02,Present,8.9
A015113,S01512,2026-08-03,Present,9.1
A015114,S01512,2026-08-04,Present,9.6
A015115,S01512,2026-08-05,Present,7.4
A015116,S01512,2026-08-06,Present,8.4
A015117,S01512,2026-08-07,Present,7.1
A015118,S01512,2026-08-08,Present,9.1
A015119,S01512,2026-08-09,Present,7.0
A015120,S01512,2026-08-10,Present,7.9
A015121,S01513,2026-08-01,Present,8.8
A015122,S01513,2026-08-02,Present,7.4
A015123,S01513,2026-08-03,Present,7.0
A015124,S01513,2026-08-04,Absent,0.0
A015125,S01513,2026-08-05,Present,8.8
A015126,S01513,2026-08-06,Present,7.9
A015127,S01513,2026-08-07,Present,8.9
A015128,S01513,2026-08-08,Present,9.3
A015129,S01513,2026-08-09,Present,9.6
A015130,S01513,2026-08-10,Present,9.8
A015131,S01514,2026-08-01,Present,9.3
A015132,S01514,2026-08-02,Present,7.9
A015133,S01514,2026-08-03,Present,8.6
A015134,S01514,2026-08-04,Present,8.6
A015135,S01514,2026-08-05,Present,8.4
A015136,S01514,2026-08-06,Present,9.0
A015137,S01514,2026-08-07,Present,7.1
A015138,S01514,2026-08-08,Present,8.1
A015139,S01514,2026-08-09,Present,8.7
A015140,S01514,2026-08-10,Present,9.8
A015141,S01515,2026-08-01,Present,9.1
A015142,S01515,2026-08-02,Present,8.2
A015143,S01515,2026-08-03,Half Day,3.4
A015144,S01515,2026-08-04,Present,9.9
A015145,S01515,2026-08-05,Present,8.7
A015146,S01515,2026-08-06,Present,7.8
A015147,S01515,2026-08-07,Present,8.7
A015148,S01515,2026-08-08,Present,8.3
A015149,S01515,2026-08-09,Absent,0.0
A015150,S01515,2026-08-10,Present,9.2
A015151,S01516,2026-08-01,Present,9.0
A015152,S01516,2026-08-02,Absent,0.0
A015153,S01516,2026-08-03,Present,9.6
A015154,S01516,2026-08-04,Present,9.0
A015155,S01516,2026-08-05,Absent,0.0
A015156,S01516,2026-08-06,Present,9.3
A015157,S01516,2026-08-07,Present,7.2
A015158,S01516,2026-08-08,Present,8.8
A015159,S01516,2026-08-09,Half Day,4.9
A015160,S01516,2026-08-10,Present,9.5
A015161,S01517,2026-08-01,Present,8.8
A015162,S01517,2026-08-02,Present,7.7
A015163,S01517,2026-08-03,Present,10.0
A015164,S01517,2026-08-04,Present,7.3
A015165,S01517,2026-08-05,Present,8.8
A015166,S01517,2026-08-06,Present,8.3
A015167,S01517,2026-08-07,Half Day,3.5
A015168,S01517,2026-08-08,Present,9.6
A015169,S01517,2026-08-09,Present,9.1
A015170,S01517,2026-08-10,Absent,0.0
A015171,S01518,2026-08-01,Absent,0.0
A015172,S01518,2026-08-02,Present,7.2
A015173,S01518,2026-08-03,Present,8.5
A015174,S01518,2026-08-04,Present,9.2
A015175,S01518,2026-08-05,Present,7.8
A015176,S01518,2026-08-06,Present,9.1
A015177,S01518,2026-08-07,Absent,0.0
A015178,S01518,2026-08-08,Present,7.8
A015179,S01518,2026-08-09,Present,7.5
A015180,S01518,2026-08-10,Present,9.3
A015181,S01519,2026-08-01,Present,7.1
A015182,S01519,2026-08-02,Half Day,4.5
A015183,S01519,2026-08-03,Present,9.3
A015184,S01519,2026-08-04,Half Day,4.6
A015185,S01519,2026-08-05,Half Day,3.3
A015186,S01519,2026-08-06,Present,7.1
A015187,S01519,2026-08-07,Present,9.8
A015188,S01519,2026-08-08,Present,8.4
A015189,S01519,2026-08-09,Present,8.7
A015190,S01519,2026-08-10,Half Day,4.2
A015191,S01520,2026-08-01,Present,7.9
A015192,S01520,2026-08-02,Present,8.0
A015193,S01520,2026-08-03,Present,7.1
A015194,S01520,2026-08-04,Present,8.3
A015195,S01520,2026-08-05,Present,8.7
A015196,S01520,2026-08-06,Present,7.4
A015197,S01520,2026-08-07,Present,8.3
A015198,S01520,2026-08-08,Present,8.4
A015199,S01520,2026-08-09,Present,8.2
A015200,S01520,2026-08-10,Present,8.5
A015201,S01521,2026-08-01,Present,8.1
A015202,S01521,2026-08-02,Present,9.0
A015203,S01521,2026-08-03,Present,7.1
A015204,S01521,2026-08-04,Half Day,3.9
A015205,S01521,2026-08-05,Present,9.8
A015206,S01521,2026-08-06,Present,7.2
A015207,S01521,2026-08-07,Present,8.9
A015208,S01521,2026-08-08,Present,9.9
A015209,S01521,2026-08-09,Present,8.7
A015210,S01521,2026-08-10,Present,7.2
A015211,S01522,2026-08-01,Present,8.1
A015212,S01522,2026-08-02,Present,7.4
A015213,S01522,2026-08-03,Present,9.1
A015214,S01522,2026-08-04,Present,9.4
A015215,S01522,2026-08-05,Present,9.2
A015216,S01522,2026-08-06,Present,8.8
A015217,S01522,2026-08-07,Present,8.8
A015218,S01522,2026-08-08,Present,9.9
A015219,S01522,2026-08-09,Present,7.6
A015220,S01522,2026-08-10,Present,9.2
A015221,S01523,2026-08-01,Present,9.9
A015222,S01523,2026-08-02,Absent,0.0
A015223,S01523,2026-08-03,Present,9.1
A015224,S01523,2026-08-04,Present,7.1
A015225,S01523,2026-08-05,Present,8.2
A015226,S01523,2026-08-06,Present,8.6
A015227,S01523,2026-08-07,Present,9.1
A015228,S01523,2026-08-08,Half Day,3.9
A015229,S01523,2026-08-09,Present,9.7
A015230,S01523,2026-08-10,Present,9.7
A015231,S01524,2026-08-01,Present,7.3
A015232,S01524,2026-08-02,Present,8.1
A015233,S01524,2026-08-03,Present,10.0
A015234,S01524,2026-08-04,Absent,0.0
A015235,S01524,2026-08-05,Present,8.7
A015236,S01524,2026-08-06,Present,7.0
A015237,S01524,2026-08-07,Present,8.8
A015238,S01524,2026-08-08,Present,8.2
A015239,S01524,2026-08-09,Present,7.5
A015240,S01524,2026-08-10,Present,9.0
A015241,S01525,2026-08-01,Absent,0.0
A015242,S01525,2026-08-02,Present,7.2
A015243,S01525,2026-08-03,Absent,0.0
A015244,S01525,2026-08-04,Present,7.3
A015245,S01525,2026-08-05,Present,7.7
A015246,S01525,2026-08-06,Present,8.8
A015247,S01525,2026-08-07,Present,8.7
A015248,S01525,2026-08-08,Half Day,4.2
A015249,S01525,2026-08-09,Present,7.2
A015250,S01525,2026-08-10,Present,9.5
A015251,S01526,2026-08-01,Present,9.0
A015252,S01526,2026-08-02,Half Day,4.3
A015253,S01526,2026-08-03,Present,9.3
A015254,S01526,2026-08-04,Absent,0.0
A015255,S01526,2026-08-05,Present,9.6
A015256,S01526,2026-08-06,Present,9.1
A015257,S01526,2026-08-07,Present,7.8
A015258,S01526,2026-08-08,Present,9.1
A015259,S01526,2026-08-09,Present,8.4
A015260,S01526,2026-08-10,Present,8.0
A015261,S01527,2026-08-01,Present,7.1
A015262,S01527,2026-08-02,Present,9.0
A015263,S01527,2026-08-03,Present,8.0
A015264,S01527,2026-08-04,Absent,0.0
A015265,S01527,2026-08-05,Half Day,4.9
A015266,S01527,2026-08-06,Absent,0.0
A015267,S01527,2026-08-07,Half Day,3.6
A015268,S01527,2026-08-08,Present,9.9
A015269,S01527,2026-08-09,Present,9.0
A015270,S01527,2026-08-10,Present,8.7
A015271,S01528,2026-08-01,Present,7.6
A015272,S01528,2026-08-02,Half Day,3.0
A015273,S01528,2026-08-03,Present,7.2
A015274,S01528,2026-08-04,Present,7.6
A015275,S01528,2026-08-05,Present,8.2
A015276,S01528,2026-08-06,Present,7.4
A015277,S01528,2026-08-07,Present,8.1
A015278,S01528,2026-08-08,Present,7.9
A015279,S01528,2026-08-09,Present,7.7
A015280,S01528,2026-08-10,Present,9.5
A015281,S01529,2026-08-01,Present,7.3
A015282,S01529,2026-08-02,Present,7.1
A015283,S01529,2026-08-03,Present,8.2
A015284,S01529,2026-08-04,Present,7.1
A015285,S01529,2026-08-05,Present,7.7
A015286,S01529,2026-08-06,Present,7.7
A015287,S01529,2026-08-07,Present,7.3
A015288,S01529,2026-08-08,Present,7.4
A015289,S01529,2026-08-09,Present,7.4
A015290,S01529,2026-08-10,Present,9.0
A015291,S01530,2026-08-01,Present,8.4
A015292,S01530,2026-08-02,Present,8.3
A015293,S01530,2026-08-03,Present,9.7
A015294,S01530,2026-08-04,Present,9.8
A015295,S01530,2026-08-05,Present,8.4
A015296,S01530,2026-08-06,Absent,0.0
A015297,S01530,2026-08-07,Present,8.4
A015298,S01530,2026-08-08,Present,7.2
A015299,S01530,2026-08-09,Present,8.2
A015300,S01530,2026-08-10,Present,10.0
A015301,S01531,2026-08-01,Present,7.2
A015302,S01531,2026-08-02,Present,8.1
A015303,S01531,2026-08-03,Present,8.0
A015304,S01531,2026-08-04,Present,7.7
A015305,S01531,2026-08-05,Present,8.0
A015306,S01531,2026-08-06,Present,8.0
A015307,S01531,2026-08-07,Present,8.4
A015308,S01531,2026-08-08,Present,9.5
A015309,S01531,2026-08-09,Present,7.8
A015310,S01531,2026-08-10,Half Day,3.7
A015311,S01532,2026-08-01,Present,7.4
A015312,S01532,2026-08-02,Present,9.8
A015313,S01532,2026-08-03,Present,7.3
A015314,S01532,2026-08-04,Present,8.6
A015315,S01532,2026-08-05,Half Day,3.7
A015316,S01532,2026-08-06,Present,7.4
A015317,S01532,2026-08-07,Absent,0.0
A015318,S01532,2026-08-08,Present,10.0
A015319,S01532,2026-08-09,Present,7.1
A015320,S01532,2026-08-10,Present,7.8
A015321,S01533,2026-08-01,Present,7.6
A015322,S01533,2026-08-02,Present,9.6
A015323,S01533,2026-08-03,Present,9.3
A015324,S01533,2026-08-04,Present,7.1
A015325,S01533,2026-08-05,Present,7.7
A015326,S01533,2026-08-06,Present,7.1
A015327,S01533,2026-08-07,Present,9.9
A015328,S01533,2026-08-08,Half Day,4.5
A015329,S01533,2026-08-09,Present,9.3
A015330,S01533,2026-08-10,Present,8.0
A015331,S01534,2026-08-01,Present,9.0
A015332,S01534,2026-08-02,Present,9.3
A015333,S01534,2026-08-03,Present,9.5
A015334,S01534,2026-08-04,Present,8.1
A015335,S01534,2026-08-05,Present,8.1
A015336,S01534,2026-08-06,Present,8.0
A015337,S01534,2026-08-07,Present,7.2
A015338,S01534,2026-08-08,Present,8.8
A015339,S01534,2026-08-09,Present,7.7
A015340,S01534,2026-08-10,Absent,0.0
A015341,S01535,2026-08-01,Absent,0.0
A015342,S01535,2026-08-02,Present,9.3
A015343,S01535,2026-08-03,Half Day,4.1
A015344,S01535,2026-08-04,Present,8.0
A015345,S01535,2026-08-05,Present,7.9
A015346,S01535,2026-08-06,Absent,0.0
A015347,S01535,2026-08-07,Present,7.2
A015348,S01535,2026-08-08,Present,8.0
A015349,S01535,2026-08-09,Present,9.7
A015350,S01535,2026-08-10,Absent,0.0
A015351,S01536,2026-08-01,Present,7.7
A015352,S01536,2026-08-02,Present,8.3
A015353,S01536,2026-08-03,Present,8.0
A015354,S01536,2026-08-04,Absent,0.0
A015355,S01536,2026-08-05,Present,7.8
A015356,S01536,2026-08-06,Present,7.2
A015357,S01536,2026-08-07,Present,9.2
A015358,S01536,2026-08-08,Present,8.6
A015359,S01536,2026-08-09,Present,7.7
A015360,S01536,2026-08-10,Present,7.2
A015361,S01537,2026-08-01,Present,9.3
A015362,S01537,2026-08-02,Present,7.1
A015363,S01537,2026-08-03,Present,7.9
A015364,S01537,2026-08-04,Present,9.3
A015365,S01537,2026-08-05,Present,9.3
A015366,S01537,2026-08-06,Present,9.8
A015367,S01537,2026-08-07,Half Day,4.4
A015368,S01537,2026-08-08,Present,9.6
A015369,S01537,2026-08-09,Present,7.6
A015370,S01537,2026-08-10,Present,7.7
A015371,S01538,2026-08-01,Present,7.5
A015372,S01538,2026-08-02,Present,9.5
A015373,S01538,2026-08-03,Absent,0.0
A015374,S01538,2026-08-04,Present,9.5
A015375,S01538,2026-08-05,Present,9.3
A015376,S01538,2026-08-06,Present,9.0
A015377,S01538,2026-08-07,Present,7.9
A015378,S01538,2026-08-08,Half Day,4.3
A015379,S01538,2026-08-09,Present,9.1
A015380,S01538,2026-08-10,Present,7.8
A015381,S01539,2026-08-01,Present,7.2
A015382,S01539,2026-08-02,Present,9.7
A015383,S01539,2026-08-03,Present,8.7
A015384,S01539,2026-08-04,Present,9.4
A015385,S01539,2026-08-05,Present,7.8
A015386,S01539,2026-08-06,Present,10.0
A015387,S01539,2026-08-07,Present,7.9
A015388,S01539,2026-08-08,Present,9.0
A015389,S01539,2026-08-09,Present,9.9
A015390,S01539,2026-08-10,Present,9.6
A015391,S01540,2026-08-01,Present,8.1
A015392,S01540,2026-08-02,Present,8.8
A015393,S01540,2026-08-03,Present,9.7
A015394,S01540,2026-08-04,Present,8.4
A015395,S01540,2026-08-05,Present,9.8
A015396,S01540,2026-08-06,Present,9.6
A015397,S01540,2026-08-07,Present,7.4
A015398,S01540,2026-08-08,Present,8.2
A015399,S01540,2026-08-09,Present,7.9
A015400,S01540,2026-08-10,Present,8.8
A015401,S01541,2026-08-01,Present,7.9
A015402,S01541,2026-08-02,Present,9.4
A015403,S01541,2026-08-03,Present,9.6
A015404,S01541,2026-08-04,Present,7.9
A015405,S01541,2026-08-05,Present,9.5
A015406,S01541,2026-08-06,Present,9.5
A015407,S01541,2026-08-07,Present,7.4
A015408,S01541,2026-08-08,Present,8.2
A015409,S01541,2026-08-09,Present,9.1
A015410,S01541,2026-08-10,Present,7.9
A015411,S01542,2026-08-01,Present,7.5
A015412,S01542,2026-08-02,Present,10.0
A015413,S01542,2026-08-03,Half Day,4.1
A015414,S01542,2026-08-04,Present,7.8
A015415,S01542,2026-08-05,Present,8.1
A015416,S01542,2026-08-06,Present,9.6
A015417,S01542,2026-08-07,Present,8.9
A015418,S01542,2026-08-08,Present,7.9
A015419,S01542,2026-08-09,Present,7.9
A015420,S01542,2026-08-10,Absent,0.0
A015421,S01543,2026-08-01,Present,9.4
A015422,S01543,2026-08-02,Present,8.3
A015423,S01543,2026-08-03,Present,8.0
A015424,S01543,2026-08-04,Present,9.9
A015425,S01543,2026-08-05,Present,7.2
A015426,S01543,2026-08-06,Present,7.1
A015427,S01543,2026-08-07,Present,8.7
A015428,S01543,2026-08-08,Present,7.0
A015429,S01543,2026-08-09,Present,8.1
A015430,S01543,2026-08-10,Present,7.1
A015431,S01544,2026-08-01,Present,9.2
A015432,S01544,2026-08-02,Present,8.1
A015433,S01544,2026-08-03,Present,8.8
A015434,S01544,2026-08-04,Present,8.2
A015435,S01544,2026-08-05,Present,8.6
A015436,S01544,2026-08-06,Half Day,3.8
A015437,S01544,2026-08-07,Present,7.5
A015438,S01544,2026-08-08,Present,8.1
A015439,S01544,2026-08-09,Present,8.3
A015440,S01544,2026-08-10,Present,8.7
A015441,S01545,2026-08-01,Present,8.1
A015442,S01545,2026-08-02,Present,7.3
A015443,S01545,2026-08-03,Present,9.4
A015444,S01545,2026-08-04,Present,8.2
A015445,S01545,2026-08-05,Present,8.8
A015446,S01545,2026-08-06,Present,8.6
A015447,S01545,2026-08-07,Present,7.2
A015448,S01545,2026-08-08,Present,9.6
A015449,S01545,2026-08-09,Present,9.5
A015450,S01545,2026-08-10,Absent,0.0
A015451,S01546,2026-08-01,Present,8.3
A015452,S01546,2026-08-02,Present,7.2
A015453,S01546,2026-08-03,Present,9.9
A015454,S01546,2026-08-04,Present,8.2
A015455,S01546,2026-08-05,Present,7.1
A015456,S01546,2026-08-06,Present,7.1
A015457,S01546,2026-08-07,Present,8.8
A015458,S01546,2026-08-08,Present,8.0
A015459,S01546,2026-08-09,Present,8.1
A015460,S01546,2026-08-10,Absent,0.0
A015461,S01547,2026-08-01,Present,9.8
A015462,S01547,2026-08-02,Present,7.7
A015463,S01547,2026-08-03,Present,8.1
A015464,S01547,2026-08-04,Present,8.4
A015465,S01547,2026-08-05,Present,8.6
A015466,S01547,2026-08-06,Present,8.1
A015467,S01547,2026-08-07,Present,7.3
A015468,S01547,2026-08-08,Present,9.6
A015469,S01547,2026-08-09,Present,9.4
A015470,S01547,2026-08-10,Present,7.6
A015471,S01548,2026-08-01,Present,9.1
A015472,S01548,2026-08-02,Present,8.3
A015473,S01548,2026-08-03,Present,8.8
A015474,S01548,2026-08-04,Present,8.8
A015475,S01548,2026-08-05,Present,7.1
A015476,S01548,2026-08-06,Present,7.5
A015477,S01548,2026-08-07,Present,9.2
A015478,S01548,2026-08-08,Present,9.6
A015479,S01548,2026-08-09,Present,7.4
A015480,S01548,2026-08-10,Present,7.4
A015481,S01549,2026-08-01,Absent,0.0
A015482,S01549,2026-08-02,Present,7.8
A015483,S01549,2026-08-03,Present,8.1
A015484,S01549,2026-08-04,Present,8.5
A015485,S01549,2026-08-05,Present,9.6
A015486,S01549,2026-08-06,Present,8.6
A015487,S01549,2026-08-07,Present,8.9
A015488,S01549,2026-08-08,Present,8.2
A015489,S01549,2026-08-09,Present,8.4
A015490,S01549,2026-08-10,Half Day,3.8
A015491,S01550,2026-08-01,Present,7.5
A015492,S01550,2026-08-02,Half Day,3.6
A015493,S01550,2026-08-03,Present,9.5
A015494,S01550,2026-08-04,Present,7.2
A015495,S01550,2026-08-05,Present,9.1
A015496,S01550,2026-08-06,Present,9.6
A015497,S01550,2026-08-07,Present,9.3
A015498,S01550,2026-08-08,Present,9.2
A015499,S01550,2026-08-09,Present,9.7
A015500,S01550,2026-08-10,Absent,0.0
A015501,S01551,2026-08-01,Present,8.5
A015502,S01551,2026-08-02,Present,8.9
A015503,S01551,2026-08-03,Present,7.2
A015504,S01551,2026-08-04,Present,7.8
A015505,S01551,2026-08-05,Present,9.3
A015506,S01551,2026-08-06,Present,7.2
A015507,S01551,2026-08-07,Present,7.5
A015508,S01551,2026-08-08,Present,8.3
A015509,S01551,2026-08-09,Present,8.2
A015510,S01551,2026-08-10,Present,7.1
A015511,S01552,2026-08-01,Present,7.7
A015512,S01552,2026-08-02,Present,9.6
A015513,S01552,2026-08-03,Present,9.1
A015514,S01552,2026-08-04,Present,8.7
A015515,S01552,2026-08-05,Present,9.3
A015516,S01552,2026-08-06,Present,7.5
A015517,S01552,2026-08-07,Present,8.3
A015518,S01552,2026-08-08,Absent,0.0
A015519,S01552,2026-08-09,Present,8.2
A015520,S01552,2026-08-10,Absent,0.0
A015521,S01553,2026-08-01,Present,8.0
A015522,S01553,2026-08-02,Present,9.8
A015523,S01553,2026-08-03,Present,8.4
A015524,S01553,2026-08-04,Half Day,3.9
A015525,S01553,2026-08-05,Present,9.7
A015526,S01553,2026-08-06,Present,9.2
A015527,S01553,2026-08-07,Present,9.7
A015528,S01553,2026-08-08,Absent,0.0
A015529,S01553,2026-08-09,Present,9.5
A015530,S01553,2026-08-10,Present,7.6
A015531,S01554,2026-08-01,Present,7.0
A015532,S01554,2026-08-02,Present,8.1
A015533,S01554,2026-08-03,Present,9.4
A015534,S01554,2026-08-04,Present,8.8
A015535,S01554,2026-08-05,Present,9.3
A015536,S01554,2026-08-06,Present,8.4
A015537,S01554,2026-08-07,Present,7.0
A015538,S01554,2026-08-08,Present,7.6
A015539,S01554,2026-08-09,Present,8.5
A015540,S01554,2026-08-10,Present,7.8
A015541,S01555,2026-08-01,Present,8.4
A015542,S01555,2026-08-02,Present,9.8
A015543,S01555,2026-08-03,Present,9.4
A015544,S01555,2026-08-04,Absent,0.0
A015545,S01555,2026-08-05,Present,8.3
A015546,S01555,2026-08-06,Present,7.2
A015547,S01555,2026-08-07,Present,8.5
A015548,S01555,2026-08-08,Present,8.7
A015549,S01555,2026-08-09,Present,8.3
A015550,S01555,2026-08-10,Half Day,4.2
A015551,S01556,2026-08-01,Present,7.9
A015552,S01556,2026-08-02,Present,8.1
A015553,S01556,2026-08-03,Present,7.2
A015554,S01556,2026-08-04,Present,9.9
A015555,S01556,2026-08-05,Present,7.2
A015556,S01556,2026-08-06,Present,9.6
A015557,S01556,2026-08-07,Present,9.5
A015558,S01556,2026-08-08,Present,8.7
A015559,S01556,2026-08-09,Present,7.3
A015560,S01556,2026-08-10,Present,8.2
A015561,S01557,2026-08-01,Absent,0.0
A015562,S01557,2026-08-02,Present,9.5
A015563,S01557,2026-08-03,Present,9.0
A015564,S01557,2026-08-04,Present,8.3
A015565,S01557,2026-08-05,Present,8.2
A015566,S01557,2026-08-06,Present,8.6
A015567,S01557,2026-08-07,Present,8.0
A015568,S01557,2026-08-08,Present,7.5
A015569,S01557,2026-08-09,Present,8.5
A015570,S01557,2026-08-10,Half Day,3.8
A015571,S01558,2026-08-01,Present,8.2
A015572,S01558,2026-08-02,Present,7.2
A015573,S01558,2026-08-03,Present,8.5
A015574,S01558,2026-08-04,Present,8.6
A015575,S01558,2026-08-05,Present,7.3
A015576,S01558,2026-08-06,Present,7.4
A015577,S01558,2026-08-07,Present,9.7
A015578,S01558,2026-08-08,Present,7.1
A015579,S01558,2026-08-09,Present,8.0
A015580,S01558,2026-08-10,Absent,0.0
A015581,S01559,2026-08-01,Absent,0.0
A015582,S01559,2026-08-02,Present,10.0
A015583,S01559,2026-08-03,Present,10.0
A015584,S01559,2026-08-04,Present,8.6
A015585,S01559,2026-08-05,Present,8.4
A015586,S01559,2026-08-06,Present,7.4
A015587,S01559,2026-08-07,Half Day,5.0
A015588,S01559,2026-08-08,Absent,0.0
A015589,S01559,2026-08-09,Present,9.3
A015590,S01559,2026-08-10,Present,9.9
A015591,S01560,2026-08-01,Present,9.0
A015592,S01560,2026-08-02,Present,8.3
A015593,S01560,2026-08-03,Present,9.4
A015594,S01560,2026-08-04,Present,7.4
A015595,S01560,2026-08-05,Present,8.2
A015596,S01560,2026-08-06,Absent,0.0
A015597,S01560,2026-08-07,Present,7.3
A015598,S01560,2026-08-08,Present,7.3
A015599,S01560,2026-08-09,Present,7.8
A015600,S01560,2026-08-10,Present,9.7
A015601,S01561,2026-08-01,Present,7.4
A015602,S01561,2026-08-02,Half Day,3.7
A015603,S01561,2026-08-03,Present,7.8
A015604,S01561,2026-08-04,Absent,0.0
A015605,S01561,2026-08-05,Present,9.2
A015606,S01561,2026-08-06,Present,7.8
A015607,S01561,2026-08-07,Present,7.1
A015608,S01561,2026-08-08,Present,7.7
A015609,S01561,2026-08-09,Present,7.6
A015610,S01561,2026-08-10,Present,9.5
A015611,S01562,2026-08-01,Present,8.3
A015612,S01562,2026-08-02,Present,8.5
A015613,S01562,2026-08-03,Present,8.9
A015614,S01562,2026-08-04,Present,8.8
A015615,S01562,2026-08-05,Present,7.7
A015616,S01562,2026-08-06,Absent,0.0
A015617,S01562,2026-08-07,Present,9.3
A015618,S01562,2026-08-08,Present,7.7
A015619,S01562,2026-08-09,Present,8.1
A015620,S01562,2026-08-10,Present,8.9
A015621,S01563,2026-08-01,Present,9.4
A015622,S01563,2026-08-02,Present,7.9
A015623,S01563,2026-08-03,Present,7.8
A015624,S01563,2026-08-04,Present,7.1
A015625,S01563,2026-08-05,Present,8.4
A015626,S01563,2026-08-06,Present,7.9
A015627,S01563,2026-08-07,Present,8.6
A015628,S01563,2026-08-08,Half Day,3.7
A015629,S01563,2026-08-09,Present,8.5
A015630,S01563,2026-08-10,Present,9.3
A015631,S01564,2026-08-01,Present,8.9
A015632,S01564,2026-08-02,Present,9.9
A015633,S01564,2026-08-03,Present,7.2
A015634,S01564,2026-08-04,Present,9.3
A015635,S01564,2026-08-05,Present,9.8
A015636,S01564,2026-08-06,Present,8.9
A015637,S01564,2026-08-07,Present,7.4
A015638,S01564,2026-08-08,Present,9.6
A015639,S01564,2026-08-09,Absent,0.0
A015640,S01564,2026-08-10,Present,7.8
A015641,S01565,2026-08-01,Present,7.5
A015642,S01565,2026-08-02,Present,8.4
A015643,S01565,2026-08-03,Present,9.9
A015644,S01565,2026-08-04,Present,9.9
A015645,S01565,2026-08-05,Present,8.4
A015646,S01565,2026-08-06,Present,8.1
A015647,S01565,2026-08-07,Present,8.0
A015648,S01565,2026-08-08,Present,9.0
A015649,S01565,2026-08-09,Present,8.5
A015650,S01565,2026-08-10,Present,9.6
A015651,S01566,2026-08-01,Present,9.0
A015652,S01566,2026-08-02,Absent,0.0
A015653,S01566,2026-08-03,Present,7.4
A015654,S01566,2026-08-04,Present,8.1
A015655,S01566,2026-08-05,Present,9.8
A015656,S01566,2026-08-06,Present,9.1
A015657,S01566,2026-08-07,Present,9.5
A015658,S01566,2026-08-08,Present,8.6
A015659,S01566,2026-08-09,Present,8.4
A015660,S01566,2026-08-10,Present,7.6
A015661,S01567,2026-08-01,Absent,0.0
A015662,S01567,2026-08-02,Present,8.4
A015663,S01567,2026-08-03,Present,9.1
A015664,S01567,2026-08-04,Present,7.1
A015665,S01567,2026-08-05,Half Day,4.3
A015666,S01567,2026-08-06,Present,8.9
A015667,S01567,2026-08-07,Present,9.5
A015668,S01567,2026-08-08,Present,9.1
A015669,S01567,2026-08-09,Present,9.4
A015670,S01567,2026-08-10,Present,8.9
A015671,S01568,2026-08-01,Present,7.0
A015672,S01568,2026-08-02,Present,8.3
A015673,S01568,2026-08-03,Present,8.4
A015674,S01568,2026-08-04,Present,8.1
A015675,S01568,2026-08-05,Present,8.4
A015676,S01568,2026-08-06,Present,9.9
A015677,S01568,2026-08-07,Present,9.1
A015678,S01568,2026-08-08,Present,9.7
A015679,S01568,2026-08-09,Present,9.7
A015680,S01568,2026-08-10,Present,7.9
A015681,S01569,2026-08-01,Present,8.4
A015682,S01569,2026-08-02,Present,8.3
A015683,S01569,2026-08-03,Absent,0.0
A015684,S01569,2026-08-04,Present,7.7
A015685,S01569,2026-08-05,Present,9.6
A015686,S01569,2026-08-06,Half Day,4.0
A015687,S01569,2026-08-07,Present,7.6
A015688,S01569,2026-08-08,Present,7.5
A015689,S01569,2026-08-09,Present,7.9
A015690,S01569,2026-08-10,Present,9.4
A015691,S01570,2026-08-01,Present,8.5
A015692,S01570,2026-08-02,Present,7.5
A015693,S01570,2026-08-03,Absent,0.0
A015694,S01570,2026-08-04,Absent,0.0
A015695,S01570,2026-08-05,Present,7.2
A015696,S01570,2026-08-06,Present,8.5
A015697,S01570,2026-08-07,Present,8.3
A015698,S01570,2026-08-08,Present,7.3
A015699,S01570,2026-08-09,Present,9.9
A015700,S01570,2026-08-10,Absent,0.0
A015701,S01571,2026-08-01,Present,8.2
A015702,S01571,2026-08-02,Half Day,3.7
A015703,S01571,2026-08-03,Present,8.4
A015704,S01571,2026-08-04,Present,8.8
A015705,S01571,2026-08-05,Absent,0.0
A015706,S01571,2026-08-06,Present,9.9
A015707,S01571,2026-08-07,Present,8.3
A015708,S01571,2026-08-08,Half Day,3.7
A015709,S01571,2026-08-09,Present,7.1
A015710,S01571,2026-08-10,Half Day,3.5
A015711,S01572,2026-08-01,Present,8.0
A015712,S01572,2026-08-02,Present,8.4
A015713,S01572,2026-08-03,Present,7.3
A015714,S01572,2026-08-04,Present,8.5
A015715,S01572,2026-08-05,Present,8.2
A015716,S01572,2026-08-06,Present,8.6
A015717,S01572,2026-08-07,Present,9.3
A015718,S01572,2026-08-08,Present,8.8
A015719,S01572,2026-08-09,Present,9.4
A015720,S01572,2026-08-10,Present,8.5
A015721,S01573,2026-08-01,Present,7.5
A015722,S01573,2026-08-02,Present,7.3
A015723,S01573,2026-08-03,Present,7.2
A015724,S01573,2026-08-04,Present,8.2
A015725,S01573,2026-08-05,Half Day,5.0
A015726,S01573,2026-08-06,Present,7.4
A015727,S01573,2026-08-07,Present,7.3
A015728,S01573,2026-08-08,Present,9.3
A015729,S01573,2026-08-09,Present,9.6
A015730,S01573,2026-08-10,Present,8.6
A015731,S01574,2026-08-01,Present,9.6
A015732,S01574,2026-08-02,Absent,0.0
A015733,S01574,2026-08-03,Present,8.7
A015734,S01574,2026-08-04,Present,8.6
A015735,S01574,2026-08-05,Absent,0.0
A015736,S01574,2026-08-06,Present,8.1
A015737,S01574,2026-08-07,Present,9.5
A015738,S01574,2026-08-08,Present,7.6
A015739,S01574,2026-08-09,Present,7.3
A015740,S01574,2026-08-10,Present,8.0
A015741,S01575,2026-08-01,Present,9.3
A015742,S01575,2026-08-02,Present,9.4
A015743,S01575,2026-08-03,Present,8.2
A015744,S01575,2026-08-04,Present,7.2
A015745,S01575,2026-08-05,Present,9.4
A015746,S01575,2026-08-06,Present,7.5
A015747,S01575,2026-08-07,Present,8.7
A015748,S01575,2026-08-08,Present,8.7
A015749,S01575,2026-08-09,Present,7.9
A015750,S01575,2026-08-10,Present,8.9
A015751,S01576,2026-08-01,Present,9.5
A015752,S01576,2026-08-02,Present,9.9
A015753,S01576,2026-08-03,Present,8.3
A015754,S01576,2026-08-04,Present,7.8
A015755,S01576,2026-08-05,Present,8.6
A015756,S01576,2026-08-06,Present,8.5
A015757,S01576,2026-08-07,Present,8.5
A015758,S01576,2026-08-08,Present,8.9
A015759,S01576,2026-08-09,Present,7.7
A015760,S01576,2026-08-10,Present,8.0
A015761,S01577,2026-08-01,Present,7.9
A015762,S01577,2026-08-02,Present,8.1
A015763,S01577,2026-08-03,Present,7.2
A015764,S01577,2026-08-04,Present,9.6
A015765,S01577,2026-08-05,Present,7.4
A015766,S01577,2026-08-06,Present,9.9
A015767,S01577,2026-08-07,Present,7.8
A015768,S01577,2026-08-08,Present,7.4
A015769,S01577,2026-08-09,Present,7.4
A015770,S01577,2026-08-10,Present,8.9
A015771,S01578,2026-08-01,Present,8.3
A015772,S01578,2026-08-02,Present,9.0
A015773,S01578,2026-08-03,Half Day,3.5
A015774,S01578,2026-08-04,Half Day,4.0
A015775,S01578,2026-08-05,Present,7.1
A015776,S01578,2026-08-06,Absent,0.0
A015777,S01578,2026-08-07,Absent,0.0
A015778,S01578,2026-08-08,Present,9.8
A015779,S01578,2026-08-09,Present,7.6
A015780,S01578,2026-08-10,Present,8.8
A015781,S01579,2026-08-01,Present,7.1
A015782,S01579,2026-08-02,Present,9.5
A015783,S01579,2026-08-03,Present,8.5
A015784,S01579,2026-08-04,Present,7.3
A015785,S01579,2026-08-05,Present,7.8
A015786,S01579,2026-08-06,Present,8.1
A015787,S01579,2026-08-07,Present,8.4
A015788,S01579,2026-08-08,Absent,0.0
A015789,S01579,2026-08-09,Present,7.9
A015790,S01579,2026-08-10,Present,8.9
A015791,S01580,2026-08-01,Present,10.0
A015792,S01580,2026-08-02,Present,7.2
A015793,S01580,2026-08-03,Absent,0.0
A015794,S01580,2026-08-04,Present,8.0
A015795,S01580,2026-08-05,Present,8.8
A015796,S01580,2026-08-06,Present,8.5
A015797,S01580,2026-08-07,Present,7.0
A015798,S01580,2026-08-08,Present,9.9
A015799,S01580,2026-08-09,Present,8.8
A015800,S01580,2026-08-10,Present,8.9
A015801,S01581,2026-08-01,Present,9.4
A015802,S01581,2026-08-02,Present,9.8
A015803,S01581,2026-08-03,Absent,0.0
A015804,S01581,2026-08-04,Half Day,3.2
A015805,S01581,2026-08-05,Present,9.7
A015806,S01581,2026-08-06,Half Day,4.3
A015807,S01581,2026-08-07,Present,7.8
A015808,S01581,2026-08-08,Present,9.3
A015809,S01581,2026-08-09,Present,7.9
A015810,S01581,2026-08-10,Present,7.5
A015811,S01582,2026-08-01,Absent,0.0
A015812,S01582,2026-08-02,Absent,0.0
A015813,S01582,2026-08-03,Present,8.2
A015814,S01582,2026-08-04,Present,9.7
A015815,S01582,2026-08-05,Present,7.4
A015816,S01582,2026-08-06,Present,8.5
A015817,S01582,2026-08-07,Present,7.5
A015818,S01582,2026-08-08,Present,9.8
A015819,S01582,2026-08-09,Present,7.5
A015820,S01582,2026-08-10,Present,9.0
A015821,S01583,2026-08-01,Present,7.8
A015822,S01583,2026-08-02,Present,9.0
A015823,S01583,2026-08-03,Present,8.0
A015824,S01583,2026-08-04,Present,8.4
A015825,S01583,2026-08-05,Present,9.7
A015826,S01583,2026-08-06,Present,7.1
A015827,S01583,2026-08-07,Present,9.5
A015828,S01583,2026-08-08,Present,8.9
A015829,S01583,2026-08-09,Half Day,3.2
A015830,S01583,2026-08-10,Half Day,3.3
A015831,S01584,2026-08-01,Present,8.2
A015832,S01584,2026-08-02,Absent,0.0
A015833,S01584,2026-08-03,Present,7.4
A015834,S01584,2026-08-04,Present,9.7
A015835,S01584,2026-08-05,Present,7.6
A015836,S01584,2026-08-06,Present,9.1
A015837,S01584,2026-08-07,Present,7.9
A015838,S01584,2026-08-08,Present,7.9
A015839,S01584,2026-08-09,Half Day,4.9
A015840,S01584,2026-08-10,Present,8.1
A015841,S01585,2026-08-01,Half Day,4.5
A015842,S01585,2026-08-02,Absent,0.0
A015843,S01585,2026-08-03,Present,7.7
A015844,S01585,2026-08-04,Present,7.3
A015845,S01585,2026-08-05,Present,8.3
A015846,S01585,2026-08-06,Present,7.5
A015847,S01585,2026-08-07,Present,7.1
A015848,S01585,2026-08-08,Absent,0.0
A015849,S01585,2026-08-09,Present,9.5
A015850,S01585,2026-08-10,Half Day,3.6
A015851,S01586,2026-08-01,Present,7.3
A015852,S01586,2026-08-02,Present,9.2
A015853,S01586,2026-08-03,Present,9.3
A015854,S01586,2026-08-04,Present,9.8
A015855,S01586,2026-08-05,Present,9.7
A015856,S01586,2026-08-06,Present,8.7
A015857,S01586,2026-08-07,Present,9.8
A015858,S01586,2026-08-08,Present,7.6
A015859,S01586,2026-08-09,Present,7.1
A015860,S01586,2026-08-10,Present,9.5
A015861,S01587,2026-08-01,Present,8.5
A015862,S01587,2026-08-02,Present,9.8
A015863,S01587,2026-08-03,Present,9.3
A015864,S01587,2026-08-04,Present,7.8
A015865,S01587,2026-08-05,Present,7.6
A015866,S01587,2026-08-06,Present,9.7
A015867,S01587,2026-08-07,Present,9.0
A015868,S01587,2026-08-08,Present,7.6
A015869,S01587,2026-08-09,Present,7.5
A015870,S01587,2026-08-10,Present,7.5
A015871,S01588,2026-08-01,Present,8.6
A015872,S01588,2026-08-02,Half Day,4.4
A015873,S01588,2026-08-03,Present,9.4
A015874,S01588,2026-08-04,Present,7.5
A015875,S01588,2026-08-05,Present,7.4
A015876,S01588,2026-08-06,Present,8.5
A015877,S01588,2026-08-07,Present,9.5
A015878,S01588,2026-08-08,Present,8.9
A015879,S01588,2026-08-09,Present,7.9
A015880,S01588,2026-08-10,Present,7.5
A015881,S01589,2026-08-01,Present,7.3
A015882,S01589,2026-08-02,Absent,0.0
A015883,S01589,2026-08-03,Present,8.9
A015884,S01589,2026-08-04,Present,8.8
A015885,S01589,2026-08-05,Present,7.5
A015886,S01589,2026-08-06,Absent,0.0
A015887,S01589,2026-08-07,Present,7.7
A015888,S01589,2026-08-08,Present,8.8
A015889,S01589,2026-08-09,Present,8.6
A015890,S01589,2026-08-10,Absent,0.0
A015891,S01590,2026-08-01,Half Day,3.4
A015892,S01590,2026-08-02,Present,8.9
A015893,S01590,2026-08-03,Present,9.4
A015894,S01590,2026-08-04,Absent,0.0
A015895,S01590,2026-08-05,Present,8.3
A015896,S01590,2026-08-06,Absent,0.0
A015897,S01590,2026-08-07,Present,7.0
A015898,S01590,2026-08-08,Present,9.7
A015899,S01590,2026-08-09,Present,7.7
A015900,S01590,2026-08-10,Present,9.1
A015901,S01591,2026-08-01,Present,8.7
A015902,S01591,2026-08-02,Present,7.1
A015903,S01591,2026-08-03,Present,9.0
A015904,S01591,2026-08-04,Present,9.0
A015905,S01591,2026-08-05,Present,8.0
A015906,S01591,2026-08-06,Present,8.6
A015907,S01591,2026-08-07,Present,9.4
A015908,S01591,2026-08-08,Half Day,3.7
A015909,S01591,2026-08-09,Present,8.4
A015910,S01591,2026-08-10,Present,7.3
A015911,S01592,2026-08-01,Present,9.8
A015912,S01592,2026-08-02,Absent,0.0
A015913,S01592,2026-08-03,Absent,0.0
A015914,S01592,2026-08-04,Present,9.0
A015915,S01592,2026-08-05,Present,9.1
A015916,S01592,2026-08-06,Present,8.1
A015917,S01592,2026-08-07,Present,8.2
A015918,S01592,2026-08-08,Present,7.2
A015919,S01592,2026-08-09,Present,9.1
A015920,S01592,2026-08-10,Present,9.1
A015921,S01593,2026-08-01,Half Day,5.0
A015922,S01593,2026-08-02,Present,9.4
A015923,S01593,2026-08-03,Present,7.7
A015924,S01593,2026-08-04,Present,8.5
A015925,S01593,2026-08-05,Half Day,5.0
A015926,S01593,2026-08-06,Present,9.0
A015927,S01593,2026-08-07,Present,8.2
A015928,S01593,2026-08-08,Present,8.7
A015929,S01593,2026-08-09,Present,7.4
A015930,S01593,2026-08-10,Present,8.6
A015931,S01594,2026-08-01,Present,7.0
A015932,S01594,2026-08-02,Present,9.6
A015933,S01594,2026-08-03,Present,8.0
A015934,S01594,2026-08-04,Present,7.0
A015935,S01594,2026-08-05,Present,8.5
A015936,S01594,2026-08-06,Present,8.3
A015937,S01594,2026-08-07,Present,8.2
A015938,S01594,2026-08-08,Present,9.1
A015939,S01594,2026-08-09,Present,9.8
A015940,S01594,2026-08-10,Present,7.2
A015941,S01595,2026-08-01,Present,8.9
A015942,S01595,2026-08-02,Absent,0.0
A015943,S01595,2026-08-03,Present,7.2
A015944,S01595,2026-08-04,Present,8.8
A015945,S01595,2026-08-05,Absent,0.0
A015946,S01595,2026-08-06,Present,9.6
A015947,S01595,2026-08-07,Present,7.7
A015948,S01595,2026-08-08,Present,8.8
A015949,S01595,2026-08-09,Present,8.4
A015950,S01595,2026-08-10,Present,8.1
A015951,S01596,2026-08-01,Present,8.1
A015952,S01596,2026-08-02,Present,9.0
A015953,S01596,2026-08-03,Present,9.8
A015954,S01596,2026-08-04,Present,9.6
A015955,S01596,2026-08-05,Present,7.1
A015956,S01596,2026-08-06,Present,8.1
A015957,S01596,2026-08-07,Present,8.9
A015958,S01596,2026-08-08,Present,9.2
A015959,S01596,2026-08-09,Present,7.7
A015960,S01596,2026-08-10,Present,9.2
A015961,S01597,2026-08-01,Present,9.7
A015962,S01597,2026-08-02,Present,9.7
A015963,S01597,2026-08-03,Present,9.6
A015964,S01597,2026-08-04,Present,8.5
A015965,S01597,2026-08-05,Present,9.4
A015966,S01597,2026-08-06,Present,7.7
A015967,S01597,2026-08-07,Present,9.2
A015968,S01597,2026-08-08,Present,7.6
A015969,S01597,2026-08-09,Present,9.6
A015970,S01597,2026-08-10,Present,9.0
A015971,S01598,2026-08-01,Present,9.5
A015972,S01598,2026-08-02,Present,7.5
A015973,S01598,2026-08-03,Present,8.8
A015974,S01598,2026-08-04,Present,9.8
A015975,S01598,2026-08-05,Present,7.4
A015976,S01598,2026-08-06,Present,7.0
A015977,S01598,2026-08-07,Present,9.3
A015978,S01598,2026-08-08,Present,8.3
A015979,S01598,2026-08-09,Present,7.3
A015980,S01598,2026-08-10,Present,8.2
A015981,S01599,2026-08-01,Present,8.8
A015982,S01599,2026-08-02,Present,8.3
A015983,S01599,2026-08-03,Present,8.8
A015984,S01599,2026-08-04,Half Day,3.2
A015985,S01599,2026-08-05,Present,7.7
A015986,S01599,2026-08-06,Present,9.4
A015987,S01599,2026-08-07,Present,7.4
A015988,S01599,2026-08-08,Present,8.0
A015989,S01599,2026-08-09,Present,8.6
A015990,S01599,2026-08-10,Present,8.1
A015991,S01600,2026-08-01,Present,8.5
A015992,S01600,2026-08-02,Present,8.1
A015993,S01600,2026-08-03,Present,8.8
A015994,S01600,2026-08-04,Present,8.1
A015995,S01600,2026-08-05,Present,9.7
A015996,S01600,2026-08-06,Present,8.8
A015997,S01600,2026-08-07,Half Day,3.1
A015998,S01600,2026-08-08,Present,9.8
A015999,S01600,2026-08-09,Half Day,4.7
A016000,S01600,2026-08-10,Present,9.2
A016001,S01601,2026-08-01,Present,8.8
A016002,S01601,2026-08-02,Present,8.3
A016003,S01601,2026-08-03,Present,9.3
A016004,S01601,2026-08-04,Present,8.2
A016005,S01601,2026-08-05,Present,8.8
A016006,S01601,2026-08-06,Present,7.8
A016007,S01601,2026-08-07,Present,8.1
A016008,S01601,2026-08-08,Present,8.0
A016009,S01601,2026-08-09,Present,7.2
A016010,S01601,2026-08-10,Present,8.3
A016011,S01602,2026-08-01,Present,8.4
A016012,S01602,2026-08-02,Present,7.9
A016013,S01602,2026-08-03,Present,9.3
A016014,S01602,2026-08-04,Absent,0.0
A016015,S01602,2026-08-05,Present,8.5
A016016,S01602,2026-08-06,Half Day,4.2
A016017,S01602,2026-08-07,Present,7.3
A016018,S01602,2026-08-08,Present,8.5
A016019,S01602,2026-08-09,Present,9.4
A016020,S01602,2026-08-10,Present,9.6
A016021,S01603,2026-08-01,Present,7.8
A016022,S01603,2026-08-02,Present,7.9
A016023,S01603,2026-08-03,Absent,0.0
A016024,S01603,2026-08-04,Present,7.2
A016025,S01603,2026-08-05,Present,10.0
A016026,S01603,2026-08-06,Present,9.8
A016027,S01603,2026-08-07,Present,7.4
A016028,S01603,2026-08-08,Present,8.2
A016029,S01603,2026-08-09,Half Day,3.2
A016030,S01603,2026-08-10,Present,8.1
A016031,S01604,2026-08-01,Present,9.5
A016032,S01604,2026-08-02,Present,8.2
A016033,S01604,2026-08-03,Present,7.9
A016034,S01604,2026-08-04,Present,8.1
A016035,S01604,2026-08-05,Present,8.7
A016036,S01604,2026-08-06,Present,8.9
A016037,S01604,2026-08-07,Present,9.7
A016038,S01604,2026-08-08,Present,7.0
A016039,S01604,2026-08-09,Present,9.3
A016040,S01604,2026-08-10,Present,8.5
A016041,S01605,2026-08-01,Present,9.0
A016042,S01605,2026-08-02,Present,9.9
A016043,S01605,2026-08-03,Present,9.7
A016044,S01605,2026-08-04,Absent,0.0
A016045,S01605,2026-08-05,Present,9.8
A016046,S01605,2026-08-06,Present,9.2
A016047,S01605,2026-08-07,Present,8.4
A016048,S01605,2026-08-08,Present,8.0
A016049,S01605,2026-08-09,Present,8.8
A016050,S01605,2026-08-10,Present,7.3
A016051,S01606,2026-08-01,Present,8.4
A016052,S01606,2026-08-02,Absent,0.0
A016053,S01606,2026-08-03,Present,9.3
A016054,S01606,2026-08-04,Present,8.3
A016055,S01606,2026-08-05,Absent,0.0
A016056,S01606,2026-08-06,Present,9.8
A016057,S01606,2026-08-07,Present,9.2
A016058,S01606,2026-08-08,Present,8.3
A016059,S01606,2026-08-09,Present,7.8
A016060,S01606,2026-08-10,Present,9.1
A016061,S01607,2026-08-01,Present,7.5
A016062,S01607,2026-08-02,Present,7.2
A016063,S01607,2026-08-03,Half Day,4.0
A016064,S01607,2026-08-04,Present,9.9
A016065,S01607,2026-08-05,Present,8.6
A016066,S01607,2026-08-06,Half Day,4.0
A016067,S01607,2026-08-07,Present,9.4
A016068,S01607,2026-08-08,Present,7.2
A016069,S01607,2026-08-09,Present,8.3
A016070,S01607,2026-08-10,Present,9.6
A016071,S01608,2026-08-01,Present,7.1
A016072,S01608,2026-08-02,Half Day,4.3
A016073,S01608,2026-08-03,Present,8.0
A016074,S01608,2026-08-04,Present,7.2
A016075,S01608,2026-08-05,Present,8.0
A016076,S01608,2026-08-06,Present,8.0
A016077,S01608,2026-08-07,Present,9.8
A016078,S01608,2026-08-08,Present,8.9
A016079,S01608,2026-08-09,Present,8.5
A016080,S01608,2026-08-10,Present,8.4
A016081,S01609,2026-08-01,Present,7.9
A016082,S01609,2026-08-02,Present,7.4
A016083,S01609,2026-08-03,Present,9.9
A016084,S01609,2026-08-04,Present,9.8
A016085,S01609,2026-08-05,Present,8.8
A016086,S01609,2026-08-06,Present,7.1
A016087,S01609,2026-08-07,Half Day,4.7
A016088,S01609,2026-08-08,Present,8.1
A016089,S01609,2026-08-09,Present,8.7
A016090,S01609,2026-08-10,Present,8.4
A016091,S01610,2026-08-01,Present,9.8
A016092,S01610,2026-08-02,Present,7.8
A016093,S01610,2026-08-03,Present,8.3
A016094,S01610,2026-08-04,Present,7.1
A016095,S01610,2026-08-05,Present,9.2
A016096,S01610,2026-08-06,Present,8.8
A016097,S01610,2026-08-07,Present,9.5
A016098,S01610,2026-08-08,Present,8.4
A016099,S01610,2026-08-09,Present,8.0
A016100,S01610,2026-08-10,Present,7.6
A016101,S01611,2026-08-01,Present,7.8
A016102,S01611,2026-08-02,Present,9.1
A016103,S01611,2026-08-03,Present,8.0
A016104,S01611,2026-08-04,Present,7.8
A016105,S01611,2026-08-05,Present,7.5
A016106,S01611,2026-08-06,Present,7.1
A016107,S01611,2026-08-07,Half Day,3.5
A016108,S01611,2026-08-08,Present,9.1
A016109,S01611,2026-08-09,Present,9.2
A016110,S01611,2026-08-10,Present,8.9
A016111,S01612,2026-08-01,Present,8.2
A016112,S01612,2026-08-02,Present,9.1
A016113,S01612,2026-08-03,Present,7.0
A016114,S01612,2026-08-04,Present,7.4
A016115,S01612,2026-08-05,Present,9.2
A016116,S01612,2026-08-06,Present,9.6
A016117,S01612,2026-08-07,Present,8.8
A016118,S01612,2026-08-08,Half Day,3.8
A016119,S01612,2026-08-09,Absent,0.0
A016120,S01612,2026-08-10,Present,9.3
A016121,S01613,2026-08-01,Present,7.4
A016122,S01613,2026-08-02,Present,7.5
A016123,S01613,2026-08-03,Present,8.0
A016124,S01613,2026-08-04,Present,8.4
A016125,S01613,2026-08-05,Present,8.7
A016126,S01613,2026-08-06,Present,9.8
A016127,S01613,2026-08-07,Present,8.0
A016128,S01613,2026-08-08,Absent,0.0
A016129,S01613,2026-08-09,Present,9.7
A016130,S01613,2026-08-10,Present,8.7
A016131,S01614,2026-08-01,Half Day,3.5
A016132,S01614,2026-08-02,Present,9.6
A016133,S01614,2026-08-03,Half Day,5.0
A016134,S01614,2026-08-04,Present,9.0
A016135,S01614,2026-08-05,Present,8.2
A016136,S01614,2026-08-06,Present,9.3
A016137,S01614,2026-08-07,Present,7.5
A016138,S01614,2026-08-08,Present,8.4
A016139,S01614,2026-08-09,Half Day,3.8
A016140,S01614,2026-08-10,Present,9.2
A016141,S01615,2026-08-01,Present,10.0
A016142,S01615,2026-08-02,Present,7.6
A016143,S01615,2026-08-03,Present,8.3
A016144,S01615,2026-08-04,Absent,0.0
A016145,S01615,2026-08-05,Present,7.8
A016146,S01615,2026-08-06,Half Day,3.3
A016147,S01615,2026-08-07,Absent,0.0
A016148,S01615,2026-08-08,Present,7.4
A016149,S01615,2026-08-09,Present,7.7
A016150,S01615,2026-08-10,Present,7.5
A016151,S01616,2026-08-01,Present,7.4
A016152,S01616,2026-08-02,Present,9.7
A016153,S01616,2026-08-03,Present,9.9
A016154,S01616,2026-08-04,Present,8.6
A016155,S01616,2026-08-05,Present,9.7
A016156,S01616,2026-08-06,Half Day,3.5
A016157,S01616,2026-08-07,Present,8.4
A016158,S01616,2026-08-08,Present,8.8
A016159,S01616,2026-08-09,Present,9.2
A016160,S01616,2026-08-10,Present,8.4
A016161,S01617,2026-08-01,Present,7.2
A016162,S01617,2026-08-02,Present,8.6
A016163,S01617,2026-08-03,Present,9.5
A016164,S01617,2026-08-04,Present,9.3
A016165,S01617,2026-08-05,Present,8.7
A016166,S01617,2026-08-06,Present,7.2
A016167,S01617,2026-08-07,Present,8.4
A016168,S01617,2026-08-08,Present,7.3
A016169,S01617,2026-08-09,Half Day,3.7
A016170,S01617,2026-08-10,Present,9.0
A016171,S01618,2026-08-01,Absent,0.0
A016172,S01618,2026-08-02,Present,8.5
A016173,S01618,2026-08-03,Present,7.1
A016174,S01618,2026-08-04,Present,7.2
A016175,S01618,2026-08-05,Present,7.8
A016176,S01618,2026-08-06,Present,8.1
A016177,S01618,2026-08-07,Present,8.1
A016178,S01618,2026-08-08,Absent,0.0
A016179,S01618,2026-08-09,Present,7.0
A016180,S01618,2026-08-10,Present,8.3
A016181,S01619,2026-08-01,Present,7.9
A016182,S01619,2026-08-02,Present,9.4
A016183,S01619,2026-08-03,Present,9.9
A016184,S01619,2026-08-04,Present,8.2
A016185,S01619,2026-08-05,Present,8.8
A016186,S01619,2026-08-06,Present,9.4
A016187,S01619,2026-08-07,Present,10.0
A016188,S01619,2026-08-08,Present,7.7
A016189,S01619,2026-08-09,Present,8.4
A016190,S01619,2026-08-10,Absent,0.0
A016191,S01620,2026-08-01,Present,8.4
A016192,S01620,2026-08-02,Present,8.1
A016193,S01620,2026-08-03,Half Day,4.6
A016194,S01620,2026-08-04,Present,7.9
A016195,S01620,2026-08-05,Present,7.7
A016196,S01620,2026-08-06,Present,7.3
A016197,S01620,2026-08-07,Present,8.3
A016198,S01620,2026-08-08,Present,9.7
A016199,S01620,2026-08-09,Present,9.8
A016200,S01620,2026-08-10,Present,8.1
A016201,S01621,2026-08-01,Present,8.7
A016202,S01621,2026-08-02,Present,9.5
A016203,S01621,2026-08-03,Present,7.8
A016204,S01621,2026-08-04,Present,8.7
A016205,S01621,2026-08-05,Present,8.1
A016206,S01621,2026-08-06,Present,9.7
A016207,S01621,2026-08-07,Present,9.3
A016208,S01621,2026-08-08,Present,8.1
A016209,S01621,2026-08-09,Present,9.1
A016210,S01621,2026-08-10,Half Day,4.9
A016211,S01622,2026-08-01,Present,8.9
A016212,S01622,2026-08-02,Absent,0.0
A016213,S01622,2026-08-03,Present,9.9
A016214,S01622,2026-08-04,Present,8.5
A016215,S01622,2026-08-05,Present,7.3
A016216,S01622,2026-08-06,Present,7.3
A016217,S01622,2026-08-07,Half Day,4.7
A016218,S01622,2026-08-08,Present,9.7
A016219,S01622,2026-08-09,Present,8.5
A016220,S01622,2026-08-10,Present,9.5
A016221,S01623,2026-08-01,Present,7.6
A016222,S01623,2026-08-02,Present,7.4
A016223,S01623,2026-08-03,Present,8.3
A016224,S01623,2026-08-04,Present,9.1
A016225,S01623,2026-08-05,Present,9.0
A016226,S01623,2026-08-06,Present,9.3
A016227,S01623,2026-08-07,Present,7.4
A016228,S01623,2026-08-08,Present,8.1
A016229,S01623,2026-08-09,Present,7.5
A016230,S01623,2026-08-10,Present,8.4
A016231,S01624,2026-08-01,Half Day,4.3
A016232,S01624,2026-08-02,Present,9.1
A016233,S01624,2026-08-03,Present,9.3
A016234,S01624,2026-08-04,Present,8.3
A016235,S01624,2026-08-05,Present,7.4
A016236,S01624,2026-08-06,Present,9.8
A016237,S01624,2026-08-07,Present,8.0
A016238,S01624,2026-08-08,Absent,0.0
A016239,S01624,2026-08-09,Present,9.9
A016240,S01624,2026-08-10,Present,7.9
A016241,S01625,2026-08-01,Present,9.4
A016242,S01625,2026-08-02,Half Day,3.9
A016243,S01625,2026-08-03,Present,8.8
A016244,S01625,2026-08-04,Present,9.8
A016245,S01625,2026-08-05,Half Day,3.1
A016246,S01625,2026-08-06,Present,9.9
A016247,S01625,2026-08-07,Present,7.8
A016248,S01625,2026-08-08,Present,9.1
A016249,S01625,2026-08-09,Present,9.7
A016250,S01625,2026-08-10,Present,7.1
A016251,S01626,2026-08-01,Present,8.0
A016252,S01626,2026-08-02,Present,7.0
A016253,S01626,2026-08-03,Present,9.7
A016254,S01626,2026-08-04,Present,9.5
A016255,S01626,2026-08-05,Present,7.9
A016256,S01626,2026-08-06,Present,8.7
A016257,S01626,2026-08-07,Present,8.9
A016258,S01626,2026-08-08,Present,7.9
A016259,S01626,2026-08-09,Present,9.6
A016260,S01626,2026-08-10,Present,8.9
A016261,S01627,2026-08-01,Present,9.6
A016262,S01627,2026-08-02,Present,8.2
A016263,S01627,2026-08-03,Present,8.4
A016264,S01627,2026-08-04,Present,8.9
A016265,S01627,2026-08-05,Present,7.5
A016266,S01627,2026-08-06,Present,7.1
A016267,S01627,2026-08-07,Present,7.9
A016268,S01627,2026-08-08,Present,7.0
A016269,S01627,2026-08-09,Present,7.8
A016270,S01627,2026-08-10,Absent,0.0
A016271,S01628,2026-08-01,Present,7.9
A016272,S01628,2026-08-02,Present,7.9
A016273,S01628,2026-08-03,Present,7.1
A016274,S01628,2026-08-04,Present,9.1
A016275,S01628,2026-08-05,Present,8.3
A016276,S01628,2026-08-06,Present,9.3
A016277,S01628,2026-08-07,Present,9.5
A016278,S01628,2026-08-08,Present,9.0
A016279,S01628,2026-08-09,Present,9.5
A016280,S01628,2026-08-10,Present,8.7
A016281,S01629,2026-08-01,Present,7.9
A016282,S01629,2026-08-02,Present,8.0
A016283,S01629,2026-08-03,Present,8.2
A016284,S01629,2026-08-04,Present,7.3
A016285,S01629,2026-08-05,Absent,0.0
A016286,S01629,2026-08-06,Present,7.0
A016287,S01629,2026-08-07,Present,8.1
A016288,S01629,2026-08-08,Present,9.3
A016289,S01629,2026-08-09,Present,7.7
A016290,S01629,2026-08-10,Present,9.3
A016291,S01630,2026-08-01,Present,7.5
A016292,S01630,2026-08-02,Present,9.8
A016293,S01630,2026-08-03,Present,7.7
A016294,S01630,2026-08-04,Present,9.1
A016295,S01630,2026-08-05,Present,8.9
A016296,S01630,2026-08-06,Present,8.0
A016297,S01630,2026-08-07,Present,8.8
A016298,S01630,2026-08-08,Present,9.6
A016299,S01630,2026-08-09,Present,9.3
A016300,S01630,2026-08-10,Present,8.4
A016301,S01631,2026-08-01,Half Day,4.2
A016302,S01631,2026-08-02,Absent,0.0
A016303,S01631,2026-08-03,Present,7.4
A016304,S01631,2026-08-04,Present,7.4
A016305,S01631,2026-08-05,Present,8.4
A016306,S01631,2026-08-06,Present,8.6
A016307,S01631,2026-08-07,Present,8.8
A016308,S01631,2026-08-08,Present,8.1
A016309,S01631,2026-08-09,Present,8.1
A016310,S01631,2026-08-10,Present,8.1
A016311,S01632,2026-08-01,Present,9.9
A016312,S01632,2026-08-02,Absent,0.0
A016313,S01632,2026-08-03,Present,8.9
A016314,S01632,2026-08-04,Present,7.7
A016315,S01632,2026-08-05,Present,8.6
A016316,S01632,2026-08-06,Present,9.4
A016317,S01632,2026-08-07,Present,9.9
A016318,S01632,2026-08-08,Present,8.5
A016319,S01632,2026-08-09,Present,8.5
A016320,S01632,2026-08-10,Present,8.7
A016321,S01633,2026-08-01,Present,8.7
A016322,S01633,2026-08-02,Present,9.9
A016323,S01633,2026-08-03,Present,7.8
A016324,S01633,2026-08-04,Present,7.4
A016325,S01633,2026-08-05,Present,8.7
A016326,S01633,2026-08-06,Present,9.1
A016327,S01633,2026-08-07,Present,8.2
A016328,S01633,2026-08-08,Present,9.4
A016329,S01633,2026-08-09,Absent,0.0
A016330,S01633,2026-08-10,Present,7.6
A016331,S01634,2026-08-01,Present,9.8
A016332,S01634,2026-08-02,Present,7.2
A016333,S01634,2026-08-03,Present,9.0
A016334,S01634,2026-08-04,Present,7.6
A016335,S01634,2026-08-05,Present,9.8
A016336,S01634,2026-08-06,Present,9.6
A016337,S01634,2026-08-07,Present,7.9
A016338,S01634,2026-08-08,Present,9.3
A016339,S01634,2026-08-09,Present,8.0
A016340,S01634,2026-08-10,Half Day,4.9
A016341,S01635,2026-08-01,Present,7.4
A016342,S01635,2026-08-02,Present,9.4
A016343,S01635,2026-08-03,Present,7.9
A016344,S01635,2026-08-04,Present,8.8
A016345,S01635,2026-08-05,Present,8.4
A016346,S01635,2026-08-06,Half Day,3.5
A016347,S01635,2026-08-07,Present,9.1
A016348,S01635,2026-08-08,Present,8.9
A016349,S01635,2026-08-09,Present,9.8
A016350,S01635,2026-08-10,Present,8.0
A016351,S01636,2026-08-01,Present,9.8
A016352,S01636,2026-08-02,Present,7.5
A016353,S01636,2026-08-03,Present,7.0
A016354,S01636,2026-08-04,Present,8.8
A016355,S01636,2026-08-05,Present,7.7
A016356,S01636,2026-08-06,Present,8.9
A016357,S01636,2026-08-07,Present,9.6
A016358,S01636,2026-08-08,Present,7.5
A016359,S01636,2026-08-09,Present,9.9
A016360,S01636,2026-08-10,Present,9.9
A016361,S01637,2026-08-01,Present,7.6
A016362,S01637,2026-08-02,Present,8.6
A016363,S01637,2026-08-03,Present,7.4
A016364,S01637,2026-08-04,Half Day,3.8
A016365,S01637,2026-08-05,Present,9.6
A016366,S01637,2026-08-06,Present,8.5
A016367,S01637,2026-08-07,Half Day,3.6
A016368,S01637,2026-08-08,Present,8.7
A016369,S01637,2026-08-09,Present,8.6
A016370,S01637,2026-08-10,Absent,0.0
A016371,S01638,2026-08-01,Present,7.0
A016372,S01638,2026-08-02,Present,8.1
A016373,S01638,2026-08-03,Present,9.5
A016374,S01638,2026-08-04,Present,7.8
A016375,S01638,2026-08-05,Present,7.5
A016376,S01638,2026-08-06,Present,9.2
A016377,S01638,2026-08-07,Present,8.7
A016378,S01638,2026-08-08,Present,7.1
A016379,S01638,2026-08-09,Present,7.6
A016380,S01638,2026-08-10,Present,7.7
A016381,S01639,2026-08-01,Present,9.8
A016382,S01639,2026-08-02,Present,7.9
A016383,S01639,2026-08-03,Present,8.9
A016384,S01639,2026-08-04,Absent,0.0
A016385,S01639,2026-08-05,Present,9.2
A016386,S01639,2026-08-06,Present,8.6
A016387,S01639,2026-08-07,Present,9.2
A016388,S01639,2026-08-08,Present,9.1
A016389,S01639,2026-08-09,Present,9.4
A016390,S01639,2026-08-10,Present,9.9
A016391,S01640,2026-08-01,Present,9.4
A016392,S01640,2026-08-02,Present,9.3
A016393,S01640,2026-08-03,Present,8.8
A016394,S01640,2026-08-04,Present,9.1
A016395,S01640,2026-08-05,Present,8.9
A016396,S01640,2026-08-06,Absent,0.0
A016397,S01640,2026-08-07,Present,7.3
A016398,S01640,2026-08-08,Present,7.7
A016399,S01640,2026-08-09,Present,9.5
A016400,S01640,2026-08-10,Absent,0.0
A016401,S01641,2026-08-01,Present,8.9
A016402,S01641,2026-08-02,Present,9.4
A016403,S01641,2026-08-03,Present,7.0
A016404,S01641,2026-08-04,Present,7.8
A016405,S01641,2026-08-05,Present,7.3
A016406,S01641,2026-08-06,Present,9.9
A016407,S01641,2026-08-07,Present,9.7
A016408,S01641,2026-08-08,Present,8.6
A016409,S01641,2026-08-09,Present,8.9
A016410,S01641,2026-08-10,Present,8.6
A016411,S01642,2026-08-01,Present,7.9
A016412,S01642,2026-08-02,Present,8.5
A016413,S01642,2026-08-03,Present,8.7
A016414,S01642,2026-08-04,Present,8.6
A016415,S01642,2026-08-05,Present,8.5
A016416,S01642,2026-08-06,Present,8.9
A016417,S01642,2026-08-07,Present,8.1
A016418,S01642,2026-08-08,Present,8.2
A016419,S01642,2026-08-09,Present,7.7
A016420,S01642,2026-08-10,Present,9.6
A016421,S01643,2026-08-01,Present,8.3
A016422,S01643,2026-08-02,Present,9.8
A016423,S01643,2026-08-03,Present,9.8
A016424,S01643,2026-08-04,Present,8.7
A016425,S01643,2026-08-05,Present,7.7
A016426,S01643,2026-08-06,Present,9.3
A016427,S01643,2026-08-07,Present,7.5
A016428,S01643,2026-08-08,Half Day,3.1
A016429,S01643,2026-08-09,Present,7.4
A016430,S01643,2026-08-10,Present,9.3
A016431,S01644,2026-08-01,Present,9.4
A016432,S01644,2026-08-02,Present,8.4
A016433,S01644,2026-08-03,Present,7.7
A016434,S01644,2026-08-04,Present,9.1
A016435,S01644,2026-08-05,Present,8.4
A016436,S01644,2026-08-06,Present,9.9
A016437,S01644,2026-08-07,Present,8.5
A016438,S01644,2026-08-08,Absent,0.0
A016439,S01644,2026-08-09,Present,7.6
A016440,S01644,2026-08-10,Present,7.8
A016441,S01645,2026-08-01,Present,9.3
A016442,S01645,2026-08-02,Absent,0.0
A016443,S01645,2026-08-03,Present,7.8
A016444,S01645,2026-08-04,Present,8.1
A016445,S01645,2026-08-05,Present,9.8
A016446,S01645,2026-08-06,Present,9.8
A016447,S01645,2026-08-07,Absent,0.0
A016448,S01645,2026-08-08,Present,7.0
A016449,S01645,2026-08-09,Present,9.9
A016450,S01645,2026-08-10,Half Day,3.8
A016451,S01646,2026-08-01,Present,8.1
A016452,S01646,2026-08-02,Absent,0.0
A016453,S01646,2026-08-03,Present,7.6
A016454,S01646,2026-08-04,Present,7.6
A016455,S01646,2026-08-05,Present,8.1
A016456,S01646,2026-08-06,Present,8.7
A016457,S01646,2026-08-07,Present,8.2
A016458,S01646,2026-08-08,Present,8.3
A016459,S01646,2026-08-09,Present,9.7
A016460,S01646,2026-08-10,Absent,0.0
A016461,S01647,2026-08-01,Present,8.5
A016462,S01647,2026-08-02,Present,8.4
A016463,S01647,2026-08-03,Present,9.0
A016464,S01647,2026-08-04,Present,9.2
A016465,S01647,2026-08-05,Present,8.8
A016466,S01647,2026-08-06,Present,7.8
A016467,S01647,2026-08-07,Present,7.8
A016468,S01647,2026-08-08,Present,8.6
A016469,S01647,2026-08-09,Present,7.2
A016470,S01647,2026-08-10,Absent,0.0
A016471,S01648,2026-08-01,Present,7.7
A016472,S01648,2026-08-02,Present,8.2
A016473,S01648,2026-08-03,Present,9.8
A016474,S01648,2026-08-04,Present,7.4
A016475,S01648,2026-08-05,Present,9.4
A016476,S01648,2026-08-06,Present,9.0
A016477,S01648,2026-08-07,Present,8.4
A016478,S01648,2026-08-08,Present,7.1
A016479,S01648,2026-08-09,Absent,0.0
A016480,S01648,2026-08-10,Present,9.9
A016481,S01649,2026-08-01,Present,7.0
A016482,S01649,2026-08-02,Half Day,4.5
A016483,S01649,2026-08-03,Present,7.6
A016484,S01649,2026-08-04,Present,7.1
A016485,S01649,2026-08-05,Present,10.0
A016486,S01649,2026-08-06,Present,8.9
A016487,S01649,2026-08-07,Present,9.1
A016488,S01649,2026-08-08,Present,7.5
A016489,S01649,2026-08-09,Present,7.7
A016490,S01649,2026-08-10,Present,9.1
A016491,S01650,2026-08-01,Present,9.0
A016492,S01650,2026-08-02,Present,8.7
A016493,S01650,2026-08-03,Present,9.9
A016494,S01650,2026-08-04,Present,7.8
A016495,S01650,2026-08-05,Absent,0.0
A016496,S01650,2026-08-06,Present,8.0
A016497,S01650,2026-08-07,Present,9.2
A016498,S01650,2026-08-08,Present,8.7
A016499,S01650,2026-08-09,Present,7.1
A016500,S01650,2026-08-10,Present,9.4
A016501,S01651,2026-08-01,Present,8.9
A016502,S01651,2026-08-02,Present,8.4
A016503,S01651,2026-08-03,Present,7.7
A016504,S01651,2026-08-04,Present,8.0
A016505,S01651,2026-08-05,Present,7.6
A016506,S01651,2026-08-06,Present,7.4
A016507,S01651,2026-08-07,Present,7.4
A016508,S01651,2026-08-08,Present,8.6
A016509,S01651,2026-08-09,Present,7.0
A016510,S01651,2026-08-10,Present,9.0
A016511,S01652,2026-08-01,Present,9.8
A016512,S01652,2026-08-02,Present,9.6
A016513,S01652,2026-08-03,Present,7.3
A016514,S01652,2026-08-04,Absent,0.0
A016515,S01652,2026-08-05,Present,9.6
A016516,S01652,2026-08-06,Present,8.4
A016517,S01652,2026-08-07,Present,9.9
A016518,S01652,2026-08-08,Present,7.2
A016519,S01652,2026-08-09,Absent,0.0
A016520,S01652,2026-08-10,Present,9.3
A016521,S01653,2026-08-01,Half Day,3.1
A016522,S01653,2026-08-02,Present,8.7
A016523,S01653,2026-08-03,Present,7.6
A016524,S01653,2026-08-04,Present,7.5
A016525,S01653,2026-08-05,Present,7.5
A016526,S01653,2026-08-06,Present,8.0
A016527,S01653,2026-08-07,Present,7.7
A016528,S01653,2026-08-08,Present,8.3
A016529,S01653,2026-08-09,Present,8.7
A016530,S01653,2026-08-10,Present,8.3
A016531,S01654,2026-08-01,Present,7.3
A016532,S01654,2026-08-02,Present,7.6
A016533,S01654,2026-08-03,Present,8.7
A016534,S01654,2026-08-04,Present,7.4
A016535,S01654,2026-08-05,Present,7.8
A016536,S01654,2026-08-06,Present,8.9
A016537,S01654,2026-08-07,Present,9.5
A016538,S01654,2026-08-08,Present,8.1
A016539,S01654,2026-08-09,Present,7.8
A016540,S01654,2026-08-10,Half Day,3.5
A016541,S01655,2026-08-01,Present,8.1
A016542,S01655,2026-08-02,Present,9.1
A016543,S01655,2026-08-03,Half Day,4.3
A016544,S01655,2026-08-04,Present,9.8
A016545,S01655,2026-08-05,Present,9.9
A016546,S01655,2026-08-06,Present,9.4
A016547,S01655,2026-08-07,Present,9.9
A016548,S01655,2026-08-08,Half Day,4.9
A016549,S01655,2026-08-09,Present,7.0
A016550,S01655,2026-08-10,Present,7.2
A016551,S01656,2026-08-01,Present,9.1
A016552,S01656,2026-08-02,Present,9.0
A016553,S01656,2026-08-03,Present,8.6
A016554,S01656,2026-08-04,Present,7.1
A016555,S01656,2026-08-05,Absent,0.0
A016556,S01656,2026-08-06,Present,9.9
A016557,S01656,2026-08-07,Present,8.7
A016558,S01656,2026-08-08,Present,8.0
A016559,S01656,2026-08-09,Present,7.2
A016560,S01656,2026-08-10,Present,8.5
A016561,S01657,2026-08-01,Present,8.6
A016562,S01657,2026-08-02,Present,9.8
A016563,S01657,2026-08-03,Present,7.8
A016564,S01657,2026-08-04,Present,9.4
A016565,S01657,2026-08-05,Present,8.7
A016566,S01657,2026-08-06,Present,9.4
A016567,S01657,2026-08-07,Present,9.8
A016568,S01657,2026-08-08,Present,8.9
A016569,S01657,2026-08-09,Absent,0.0
A016570,S01657,2026-08-10,Present,8.6
A016571,S01658,2026-08-01,Half Day,3.1
A016572,S01658,2026-08-02,Present,7.2
A016573,S01658,2026-08-03,Present,7.9
A016574,S01658,2026-08-04,Absent,0.0
A016575,S01658,2026-08-05,Present,7.2
A016576,S01658,2026-08-06,Present,7.6
A016577,S01658,2026-08-07,Present,7.6
A016578,S01658,2026-08-08,Absent,0.0
A016579,S01658,2026-08-09,Present,9.9
A016580,S01658,2026-08-10,Present,9.8
A016581,S01659,2026-08-01,Half Day,4.7
A016582,S01659,2026-08-02,Present,7.9
A016583,S01659,2026-08-03,Present,7.3
A016584,S01659,2026-08-04,Present,9.5
A016585,S01659,2026-08-05,Absent,0.0
A016586,S01659,2026-08-06,Absent,0.0
A016587,S01659,2026-08-07,Present,7.1
A016588,S01659,2026-08-08,Present,10.0
A016589,S01659,2026-08-09,Present,8.1
A016590,S01659,2026-08-10,Present,9.0
A016591,S01660,2026-08-01,Present,7.1
A016592,S01660,2026-08-02,Present,8.7
A016593,S01660,2026-08-03,Present,7.0
A016594,S01660,2026-08-04,Present,8.3
A016595,S01660,2026-08-05,Present,8.7
A016596,S01660,2026-08-06,Present,7.2
A016597,S01660,2026-08-07,Present,8.5
A016598,S01660,2026-08-08,Absent,0.0
A016599,S01660,2026-08-09,Present,8.1
A016600,S01660,2026-08-10,Present,9.1
A016601,S01661,2026-08-01,Half Day,3.5
A016602,S01661,2026-08-02,Present,8.2
A016603,S01661,2026-08-03,Absent,0.0
A016604,S01661,2026-08-04,Present,7.1
A016605,S01661,2026-08-05,Present,7.8
A016606,S01661,2026-08-06,Present,8.1
A016607,S01661,2026-08-07,Present,8.3
A016608,S01661,2026-08-08,Absent,0.0
A016609,S01661,2026-08-09,Present,7.1
A016610,S01661,2026-08-10,Present,8.9
A016611,S01662,2026-08-01,Present,7.2
A016612,S01662,2026-08-02,Present,8.9
A016613,S01662,2026-08-03,Present,7.0
A016614,S01662,2026-08-04,Present,7.4
A016615,S01662,2026-08-05,Present,7.1
A016616,S01662,2026-08-06,Present,9.8
A016617,S01662,2026-08-07,Present,9.9
A016618,S01662,2026-08-08,Present,8.4
A016619,S01662,2026-08-09,Present,7.7
A016620,S01662,2026-08-10,Present,7.2
A016621,S01663,2026-08-01,Present,9.9
A016622,S01663,2026-08-02,Present,7.1
A016623,S01663,2026-08-03,Present,7.1
A016624,S01663,2026-08-04,Present,7.7
A016625,S01663,2026-08-05,Present,9.6
A016626,S01663,2026-08-06,Present,8.0
A016627,S01663,2026-08-07,Half Day,4.8
A016628,S01663,2026-08-08,Present,7.5
A016629,S01663,2026-08-09,Absent,0.0
A016630,S01663,2026-08-10,Present,9.2
A016631,S01664,2026-08-01,Present,8.8
A016632,S01664,2026-08-02,Present,7.1
A016633,S01664,2026-08-03,Present,7.4
A016634,S01664,2026-08-04,Present,7.5
A016635,S01664,2026-08-05,Half Day,3.6
A016636,S01664,2026-08-06,Present,9.1
A016637,S01664,2026-08-07,Present,9.2
A016638,S01664,2026-08-08,Absent,0.0
A016639,S01664,2026-08-09,Present,8.5
A016640,S01664,2026-08-10,Present,7.7
A016641,S01665,2026-08-01,Present,8.6
A016642,S01665,2026-08-02,Present,7.8
A016643,S01665,2026-08-03,Present,9.8
A016644,S01665,2026-08-04,Present,9.6
A016645,S01665,2026-08-05,Present,9.1
A016646,S01665,2026-08-06,Present,9.2
A016647,S01665,2026-08-07,Present,9.7
A016648,S01665,2026-08-08,Present,9.8
A016649,S01665,2026-08-09,Present,7.3
A016650,S01665,2026-08-10,Half Day,5.0
A016651,S01666,2026-08-01,Absent,0.0
A016652,S01666,2026-08-02,Present,9.1
A016653,S01666,2026-08-03,Present,7.7
A016654,S01666,2026-08-04,Present,8.0
A016655,S01666,2026-08-05,Present,7.7
A016656,S01666,2026-08-06,Present,8.6
A016657,S01666,2026-08-07,Present,8.4
A016658,S01666,2026-08-08,Absent,0.0
A016659,S01666,2026-08-09,Present,9.2
A016660,S01666,2026-08-10,Present,7.9
A016661,S01667,2026-08-01,Half Day,4.7
A016662,S01667,2026-08-02,Half Day,4.1
A016663,S01667,2026-08-03,Present,9.1
A016664,S01667,2026-08-04,Present,9.9
A016665,S01667,2026-08-05,Present,8.9
A016666,S01667,2026-08-06,Half Day,5.0
A016667,S01667,2026-08-07,Half Day,3.5
A016668,S01667,2026-08-08,Present,9.9
A016669,S01667,2026-08-09,Present,9.4
A016670,S01667,2026-08-10,Present,8.5
A016671,S01668,2026-08-01,Present,9.1
A016672,S01668,2026-08-02,Present,7.5
A016673,S01668,2026-08-03,Present,9.4
A016674,S01668,2026-08-04,Present,7.5
A016675,S01668,2026-08-05,Present,8.3
A016676,S01668,2026-08-06,Present,8.8
A016677,S01668,2026-08-07,Present,9.8
A016678,S01668,2026-08-08,Present,7.9
A016679,S01668,2026-08-09,Present,8.7
A016680,S01668,2026-08-10,Present,7.2
A016681,S01669,2026-08-01,Present,7.4
A016682,S01669,2026-08-02,Present,9.1
A016683,S01669,2026-08-03,Present,7.1
A016684,S01669,2026-08-04,Absent,0.0
A016685,S01669,2026-08-05,Present,9.1
A016686,S01669,2026-08-06,Absent,0.0
A016687,S01669,2026-08-07,Present,8.0
A016688,S01669,2026-08-08,Present,8.4
A016689,S01669,2026-08-09,Present,7.3
A016690,S01669,2026-08-10,Present,8.5
A016691,S01670,2026-08-01,Present,9.6
A016692,S01670,2026-08-02,Present,8.2
A016693,S01670,2026-08-03,Half Day,4.3
A016694,S01670,2026-08-04,Present,7.8
A016695,S01670,2026-08-05,Half Day,4.8
A016696,S01670,2026-08-06,Present,9.5
A016697,S01670,2026-08-07,Present,7.1
A016698,S01670,2026-08-08,Present,8.7
A016699,S01670,2026-08-09,Present,9.1
A016700,S01670,2026-08-10,Present,7.3
A016701,S01671,2026-08-01,Present,7.9
A016702,S01671,2026-08-02,Present,9.0
A016703,S01671,2026-08-03,Present,7.9
A016704,S01671,2026-08-04,Present,7.2
A016705,S01671,2026-08-05,Present,9.4
A016706,S01671,2026-08-06,Present,9.4
A016707,S01671,2026-08-07,Present,8.7
A016708,S01671,2026-08-08,Present,9.2
A016709,S01671,2026-08-09,Present,7.8
A016710,S01671,2026-08-10,Present,8.0
A016711,S01672,2026-08-01,Present,8.8
A016712,S01672,2026-08-02,Present,9.1
A016713,S01672,2026-08-03,Present,9.2
A016714,S01672,2026-08-04,Present,7.4
A016715,S01672,2026-08-05,Present,8.4
A016716,S01672,2026-08-06,Present,8.7
A016717,S01672,2026-08-07,Present,7.0
A016718,S01672,2026-08-08,Present,8.1
A016719,S01672,2026-08-09,Absent,0.0
A016720,S01672,2026-08-10,Present,8.2
A016721,S01673,2026-08-01,Present,8.5
A016722,S01673,2026-08-02,Present,9.6
A016723,S01673,2026-08-03,Present,9.5
A016724,S01673,2026-08-04,Present,9.1
A016725,S01673,2026-08-05,Absent,0.0
A016726,S01673,2026-08-06,Present,9.4
A016727,S01673,2026-08-07,Present,9.6
A016728,S01673,2026-08-08,Present,8.9
A016729,S01673,2026-08-09,Present,9.4
A016730,S01673,2026-08-10,Half Day,4.2
A016731,S01674,2026-08-01,Present,9.7
A016732,S01674,2026-08-02,Present,7.6
A016733,S01674,2026-08-03,Present,9.6
A016734,S01674,2026-08-04,Present,9.9
A016735,S01674,2026-08-05,Half Day,4.7
A016736,S01674,2026-08-06,Present,8.5
A016737,S01674,2026-08-07,Present,9.3
A016738,S01674,2026-08-08,Absent,0.0
A016739,S01674,2026-08-09,Present,7.2
A016740,S01674,2026-08-10,Present,9.8
A016741,S01675,2026-08-01,Present,8.2
A016742,S01675,2026-08-02,Present,8.1
A016743,S01675,2026-08-03,Present,8.8
A016744,S01675,2026-08-04,Half Day,3.6
A016745,S01675,2026-08-05,Half Day,3.2
A016746,S01675,2026-08-06,Present,8.2
A016747,S01675,2026-08-07,Present,7.3
A016748,S01675,2026-08-08,Absent,0.0
A016749,S01675,2026-08-09,Present,9.0
A016750,S01675,2026-08-10,Half Day,4.7
A016751,S01676,2026-08-01,Present,8.6
A016752,S01676,2026-08-02,Present,9.9
A016753,S01676,2026-08-03,Present,9.8
A016754,S01676,2026-08-04,Present,9.2
A016755,S01676,2026-08-05,Absent,0.0
A016756,S01676,2026-08-06,Half Day,3.2
A016757,S01676,2026-08-07,Present,7.1
A016758,S01676,2026-08-08,Present,9.1
A016759,S01676,2026-08-09,Present,8.2
A016760,S01676,2026-08-10,Present,7.8
A016761,S01677,2026-08-01,Present,9.3
A016762,S01677,2026-08-02,Present,9.7
A016763,S01677,2026-08-03,Present,7.7
A016764,S01677,2026-08-04,Present,8.4
A016765,S01677,2026-08-05,Absent,0.0
A016766,S01677,2026-08-06,Present,9.8
A016767,S01677,2026-08-07,Present,7.0
A016768,S01677,2026-08-08,Present,8.9
A016769,S01677,2026-08-09,Present,9.7
A016770,S01677,2026-08-10,Present,9.3
A016771,S01678,2026-08-01,Present,8.5
A016772,S01678,2026-08-02,Present,8.9
A016773,S01678,2026-08-03,Present,7.7
A016774,S01678,2026-08-04,Present,7.7
A016775,S01678,2026-08-05,Present,9.6
A016776,S01678,2026-08-06,Present,7.1
A016777,S01678,2026-08-07,Present,7.8
A016778,S01678,2026-08-08,Present,7.4
A016779,S01678,2026-08-09,Absent,0.0
A016780,S01678,2026-08-10,Present,7.6
A016781,S01679,2026-08-01,Present,7.3
A016782,S01679,2026-08-02,Present,10.0
A016783,S01679,2026-08-03,Present,9.5
A016784,S01679,2026-08-04,Absent,0.0
A016785,S01679,2026-08-05,Present,9.8
A016786,S01679,2026-08-06,Present,9.0
A016787,S01679,2026-08-07,Present,7.1
A016788,S01679,2026-08-08,Present,9.6
A016789,S01679,2026-08-09,Present,10.0
A016790,S01679,2026-08-10,Half Day,4.6
A016791,S01680,2026-08-01,Present,8.0
A016792,S01680,2026-08-02,Present,9.6
A016793,S01680,2026-08-03,Present,9.8
A016794,S01680,2026-08-04,Present,8.2
A016795,S01680,2026-08-05,Present,9.5
A016796,S01680,2026-08-06,Half Day,4.3
A016797,S01680,2026-08-07,Present,8.8
A016798,S01680,2026-08-08,Present,8.8
A016799,S01680,2026-08-09,Present,8.6
A016800,S01680,2026-08-10,Present,7.5
A016801,S01681,2026-08-01,Present,7.7
A016802,S01681,2026-08-02,Present,8.3
A016803,S01681,2026-08-03,Present,7.6
A016804,S01681,2026-08-04,Present,8.7
A016805,S01681,2026-08-05,Present,10.0
A016806,S01681,2026-08-06,Present,9.0
A016807,S01681,2026-08-07,Absent,0.0
A016808,S01681,2026-08-08,Absent,0.0
A016809,S01681,2026-08-09,Present,8.2
A016810,S01681,2026-08-10,Present,9.2
A016811,S01682,2026-08-01,Half Day,4.3
A016812,S01682,2026-08-02,Present,9.7
A016813,S01682,2026-08-03,Present,8.7
A016814,S01682,2026-08-04,Present,8.0
A016815,S01682,2026-08-05,Present,8.3
A016816,S01682,2026-08-06,Present,7.4
A016817,S01682,2026-08-07,Absent,0.0
A016818,S01682,2026-08-08,Present,7.6
A016819,S01682,2026-08-09,Present,8.6
A016820,S01682,2026-08-10,Absent,0.0
A016821,S01683,2026-08-01,Present,7.6
A016822,S01683,2026-08-02,Present,9.0
A016823,S01683,2026-08-03,Present,9.7
A016824,S01683,2026-08-04,Present,8.7
A016825,S01683,2026-08-05,Present,8.9
A016826,S01683,2026-08-06,Present,8.8
A016827,S01683,2026-08-07,Present,9.1
A016828,S01683,2026-08-08,Present,7.2
A016829,S01683,2026-08-09,Present,8.7
A016830,S01683,2026-08-10,Present,9.0
A016831,S01684,2026-08-01,Present,7.9
A016832,S01684,2026-08-02,Present,7.9
A016833,S01684,2026-08-03,Present,8.8
A016834,S01684,2026-08-04,Present,7.5
A016835,S01684,2026-08-05,Present,7.5
A016836,S01684,2026-08-06,Present,7.4
A016837,S01684,2026-08-07,Present,9.5
A016838,S01684,2026-08-08,Present,9.4
A016839,S01684,2026-08-09,Present,9.4
A016840,S01684,2026-08-10,Present,8.8
A016841,S01685,2026-08-01,Half Day,3.6
A016842,S01685,2026-08-02,Present,7.2
A016843,S01685,2026-08-03,Present,8.2
A016844,S01685,2026-08-04,Present,7.2
A016845,S01685,2026-08-05,Half Day,4.8
A016846,S01685,2026-08-06,Present,7.3
A016847,S01685,2026-08-07,Present,7.9
A016848,S01685,2026-08-08,Present,7.9
A016849,S01685,2026-08-09,Present,9.8
A016850,S01685,2026-08-10,Present,8.1
A016851,S01686,2026-08-01,Present,7.6
A016852,S01686,2026-08-02,Present,9.3
A016853,S01686,2026-08-03,Present,9.1
A016854,S01686,2026-08-04,Present,9.2
A016855,S01686,2026-08-05,Present,7.1
A016856,S01686,2026-08-06,Present,8.6
A016857,S01686,2026-08-07,Half Day,3.5
A016858,S01686,2026-08-08,Present,8.7
A016859,S01686,2026-08-09,Present,7.2
A016860,S01686,2026-08-10,Present,9.8
A016861,S01687,2026-08-01,Half Day,4.3
A016862,S01687,2026-08-02,Present,9.4
A016863,S01687,2026-08-03,Present,7.8
A016864,S01687,2026-08-04,Present,9.3
A016865,S01687,2026-08-05,Present,7.2
A016866,S01687,2026-08-06,Present,7.2
A016867,S01687,2026-08-07,Present,9.0
A016868,S01687,2026-08-08,Present,8.0
A016869,S01687,2026-08-09,Present,7.9
A016870,S01687,2026-08-10,Absent,0.0
A016871,S01688,2026-08-01,Half Day,3.9
A016872,S01688,2026-08-02,Present,8.0
A016873,S01688,2026-08-03,Present,8.7
A016874,S01688,2026-08-04,Present,8.0
A016875,S01688,2026-08-05,Present,7.5
A016876,S01688,2026-08-06,Present,7.9
A016877,S01688,2026-08-07,Present,8.2
A016878,S01688,2026-08-08,Present,9.1
A016879,S01688,2026-08-09,Absent,0.0
A016880,S01688,2026-08-10,Absent,0.0
A016881,S01689,2026-08-01,Present,8.9
A016882,S01689,2026-08-02,Present,7.8
A016883,S01689,2026-08-03,Present,7.1
A016884,S01689,2026-08-04,Present,9.0
A016885,S01689,2026-08-05,Present,7.1
A016886,S01689,2026-08-06,Present,9.2
A016887,S01689,2026-08-07,Present,7.8
A016888,S01689,2026-08-08,Present,8.7
A016889,S01689,2026-08-09,Present,7.2
A016890,S01689,2026-08-10,Present,9.3
A016891,S01690,2026-08-01,Present,8.7
A016892,S01690,2026-08-02,Present,8.8
A016893,S01690,2026-08-03,Present,7.5
A016894,S01690,2026-08-04,Present,9.9
A016895,S01690,2026-08-05,Half Day,4.1
A016896,S01690,2026-08-06,Present,8.6
A016897,S01690,2026-08-07,Half Day,3.9
A016898,S01690,2026-08-08,Present,7.3
A016899,S01690,2026-08-09,Present,9.2
A016900,S01690,2026-08-10,Present,9.0
A016901,S01691,2026-08-01,Present,8.0
A016902,S01691,2026-08-02,Present,9.3
A016903,S01691,2026-08-03,Present,9.6
A016904,S01691,2026-08-04,Present,7.3
A016905,S01691,2026-08-05,Present,7.9
A016906,S01691,2026-08-06,Present,7.1
A016907,S01691,2026-08-07,Present,8.5
A016908,S01691,2026-08-08,Present,7.7
A016909,S01691,2026-08-09,Present,8.7
A016910,S01691,2026-08-10,Present,7.3
A016911,S01692,2026-08-01,Present,8.4
A016912,S01692,2026-08-02,Present,7.6
A016913,S01692,2026-08-03,Present,7.9
A016914,S01692,2026-08-04,Present,8.2
A016915,S01692,2026-08-05,Present,9.8
A016916,S01692,2026-08-06,Present,8.5
A016917,S01692,2026-08-07,Present,8.6
A016918,S01692,2026-08-08,Present,8.1
A016919,S01692,2026-08-09,Absent,0.0
A016920,S01692,2026-08-10,Present,10.0
A016921,S01693,2026-08-01,Present,9.6
A016922,S01693,2026-08-02,Absent,0.0
A016923,S01693,2026-08-03,Half Day,3.7
A016924,S01693,2026-08-04,Present,9.5
A016925,S01693,2026-08-05,Present,8.7
A016926,S01693,2026-08-06,Half Day,3.0
A016927,S01693,2026-08-07,Present,9.6
A016928,S01693,2026-08-08,Present,8.7
A016929,S01693,2026-08-09,Present,7.1
A016930,S01693,2026-08-10,Half Day,3.9
A016931,S01694,2026-08-01,Present,9.2
A016932,S01694,2026-08-02,Present,9.6
A016933,S01694,2026-08-03,Present,9.4
A016934,S01694,2026-08-04,Present,8.2
A016935,S01694,2026-08-05,Present,7.8
A016936,S01694,2026-08-06,Present,8.5
A016937,S01694,2026-08-07,Present,8.0
A016938,S01694,2026-08-08,Present,7.5
A016939,S01694,2026-08-09,Absent,0.0
A016940,S01694,2026-08-10,Present,8.0
A016941,S01695,2026-08-01,Present,8.7
A016942,S01695,2026-08-02,Present,8.1
A016943,S01695,2026-08-03,Half Day,3.5
A016944,S01695,2026-08-04,Absent,0.0
A016945,S01695,2026-08-05,Present,8.7
A016946,S01695,2026-08-06,Present,7.9
A016947,S01695,2026-08-07,Absent,0.0
A016948,S01695,2026-08-08,Present,8.1
A016949,S01695,2026-08-09,Present,7.9
A016950,S01695,2026-08-10,Present,8.6
A016951,S01696,2026-08-01,Present,7.4
A016952,S01696,2026-08-02,Present,8.0
A016953,S01696,2026-08-03,Present,8.0
A016954,S01696,2026-08-04,Present,8.9
A016955,S01696,2026-08-05,Present,9.6
A016956,S01696,2026-08-06,Present,7.9
A016957,S01696,2026-08-07,Present,7.1
A016958,S01696,2026-08-08,Present,7.0
A016959,S01696,2026-08-09,Present,8.7
A016960,S01696,2026-08-10,Present,9.4
A016961,S01697,2026-08-01,Present,7.5
A016962,S01697,2026-08-02,Present,8.4
A016963,S01697,2026-08-03,Present,8.5
A016964,S01697,2026-08-04,Absent,0.0
A016965,S01697,2026-08-05,Present,8.1
A016966,S01697,2026-08-06,Present,7.8
A016967,S01697,2026-08-07,Present,7.7
A016968,S01697,2026-08-08,Present,8.2
A016969,S01697,2026-08-09,Present,9.1
A016970,S01697,2026-08-10,Present,8.2
A016971,S01698,2026-08-01,Present,7.5
A016972,S01698,2026-08-02,Present,9.9
A016973,S01698,2026-08-03,Half Day,3.2
A016974,S01698,2026-08-04,Present,7.3
A016975,S01698,2026-08-05,Present,9.7
A016976,S01698,2026-08-06,Present,9.0
A016977,S01698,2026-08-07,Present,9.6
A016978,S01698,2026-08-08,Present,8.8
A016979,S01698,2026-08-09,Present,7.0
A016980,S01698,2026-08-10,Present,8.8
A016981,S01699,2026-08-01,Present,8.7
A016982,S01699,2026-08-02,Absent,0.0
A016983,S01699,2026-08-03,Present,7.6
A016984,S01699,2026-08-04,Present,8.5
A016985,S01699,2026-08-05,Present,9.7
A016986,S01699,2026-08-06,Present,7.9
A016987,S01699,2026-08-07,Absent,0.0
A016988,S01699,2026-08-08,Present,7.9
A016989,S01699,2026-08-09,Present,8.3
A016990,S01699,2026-08-10,Present,9.9
A016991,S01700,2026-08-01,Present,7.6
A016992,S01700,2026-08-02,Half Day,3.9
A016993,S01700,2026-08-03,Present,9.3
A016994,S01700,2026-08-04,Half Day,3.9
A016995,S01700,2026-08-05,Present,8.4
A016996,S01700,2026-08-06,Absent,0.0
A016997,S01700,2026-08-07,Absent,0.0
A016998,S01700,2026-08-08,Present,10.0
A016999,S01700,2026-08-09,Present,9.9
A017000,S01700,2026-08-10,Present,8.3
A017001,S01701,2026-08-01,Present,9.5
A017002,S01701,2026-08-02,Present,8.6
A017003,S01701,2026-08-03,Present,7.5
A017004,S01701,2026-08-04,Present,8.7
A017005,S01701,2026-08-05,Present,7.4
A017006,S01701,2026-08-06,Absent,0.0
A017007,S01701,2026-08-07,Present,7.0
A017008,S01701,2026-08-08,Present,7.7
A017009,S01701,2026-08-09,Present,9.3
A017010,S01701,2026-08-10,Present,8.3
A017011,S01702,2026-08-01,Present,9.8
A017012,S01702,2026-08-02,Present,7.5
A017013,S01702,2026-08-03,Present,7.8
A017014,S01702,2026-08-04,Present,9.6
A017015,S01702,2026-08-05,Present,7.5
A017016,S01702,2026-08-06,Present,7.2
A017017,S01702,2026-08-07,Present,8.3
A017018,S01702,2026-08-08,Present,9.5
A017019,S01702,2026-08-09,Present,9.3
A017020,S01702,2026-08-10,Present,7.6
A017021,S01703,2026-08-01,Present,8.4
A017022,S01703,2026-08-02,Present,7.7
A017023,S01703,2026-08-03,Present,9.7
A017024,S01703,2026-08-04,Present,9.1
A017025,S01703,2026-08-05,Present,8.4
A017026,S01703,2026-08-06,Present,7.8
A017027,S01703,2026-08-07,Present,8.8
A017028,S01703,2026-08-08,Present,9.8
A017029,S01703,2026-08-09,Present,9.3
A017030,S01703,2026-08-10,Present,7.6
A017031,S01704,2026-08-01,Present,7.4
A017032,S01704,2026-08-02,Absent,0.0
A017033,S01704,2026-08-03,Present,8.4
A017034,S01704,2026-08-04,Half Day,4.1
A017035,S01704,2026-08-05,Present,8.4
A017036,S01704,2026-08-06,Present,9.8
A017037,S01704,2026-08-07,Present,8.5
A017038,S01704,2026-08-08,Present,7.0
A017039,S01704,2026-08-09,Present,7.0
A017040,S01704,2026-08-10,Present,8.3
A017041,S01705,2026-08-01,Present,9.5
A017042,S01705,2026-08-02,Present,8.2
A017043,S01705,2026-08-03,Present,8.3
A017044,S01705,2026-08-04,Present,8.4
A017045,S01705,2026-08-05,Half Day,4.4
A017046,S01705,2026-08-06,Present,7.5
A017047,S01705,2026-08-07,Present,7.3
A017048,S01705,2026-08-08,Present,8.9
A017049,S01705,2026-08-09,Present,7.0
A017050,S01705,2026-08-10,Present,8.0
A017051,S01706,2026-08-01,Present,7.6
A017052,S01706,2026-08-02,Present,9.5
A017053,S01706,2026-08-03,Present,9.0
A017054,S01706,2026-08-04,Present,8.8
A017055,S01706,2026-08-05,Present,9.4
A017056,S01706,2026-08-06,Present,8.3
A017057,S01706,2026-08-07,Present,9.7
A017058,S01706,2026-08-08,Present,9.6
A017059,S01706,2026-08-09,Present,8.1
A017060,S01706,2026-08-10,Present,9.1
A017061,S01707,2026-08-01,Present,8.0
A017062,S01707,2026-08-02,Present,10.0
A017063,S01707,2026-08-03,Present,8.3
A017064,S01707,2026-08-04,Present,9.8
A017065,S01707,2026-08-05,Present,8.3
A017066,S01707,2026-08-06,Present,8.4
A017067,S01707,2026-08-07,Half Day,4.6
A017068,S01707,2026-08-08,Present,8.3
A017069,S01707,2026-08-09,Present,8.9
A017070,S01707,2026-08-10,Present,7.1
A017071,S01708,2026-08-01,Present,7.8
A017072,S01708,2026-08-02,Present,8.0
A017073,S01708,2026-08-03,Present,7.5
A017074,S01708,2026-08-04,Present,9.2
A017075,S01708,2026-08-05,Present,9.8
A017076,S01708,2026-08-06,Half Day,3.7
A017077,S01708,2026-08-07,Present,8.9
A017078,S01708,2026-08-08,Present,7.9
A017079,S01708,2026-08-09,Absent,0.0
A017080,S01708,2026-08-10,Present,8.0
A017081,S01709,2026-08-01,Present,9.2
A017082,S01709,2026-08-02,Present,9.5
A017083,S01709,2026-08-03,Absent,0.0
A017084,S01709,2026-08-04,Present,8.0
A017085,S01709,2026-08-05,Present,7.7
A017086,S01709,2026-08-06,Present,8.9
A017087,S01709,2026-08-07,Present,8.9
A017088,S01709,2026-08-08,Half Day,4.3
A017089,S01709,2026-08-09,Present,9.8
A017090,S01709,2026-08-10,Present,7.9
A017091,S01710,2026-08-01,Present,8.6
A017092,S01710,2026-08-02,Present,9.2
A017093,S01710,2026-08-03,Present,7.1
A017094,S01710,2026-08-04,Half Day,4.6
A017095,S01710,2026-08-05,Present,8.5
A017096,S01710,2026-08-06,Present,7.8
A017097,S01710,2026-08-07,Present,8.5
A017098,S01710,2026-08-08,Present,7.7
A017099,S01710,2026-08-09,Half Day,3.7
A017100,S01710,2026-08-10,Present,7.8
A017101,S01711,2026-08-01,Absent,0.0
A017102,S01711,2026-08-02,Present,7.2
A017103,S01711,2026-08-03,Present,9.9
A017104,S01711,2026-08-04,Present,8.6
A017105,S01711,2026-08-05,Present,8.9
A017106,S01711,2026-08-06,Present,8.5
A017107,S01711,2026-08-07,Present,9.4
A017108,S01711,2026-08-08,Present,7.9
A017109,S01711,2026-08-09,Present,8.3
A017110,S01711,2026-08-10,Present,7.5
A017111,S01712,2026-08-01,Present,9.7
A017112,S01712,2026-08-02,Half Day,3.5
A017113,S01712,2026-08-03,Present,8.1
A017114,S01712,2026-08-04,Present,7.7
A017115,S01712,2026-08-05,Present,8.2
A017116,S01712,2026-08-06,Present,7.8
A017117,S01712,2026-08-07,Absent,0.0
A017118,S01712,2026-08-08,Present,9.1
A017119,S01712,2026-08-09,Present,8.7
A017120,S01712,2026-08-10,Present,7.3
A017121,S01713,2026-08-01,Present,9.0
A017122,S01713,2026-08-02,Present,7.5
A017123,S01713,2026-08-03,Present,9.4
A017124,S01713,2026-08-04,Half Day,3.3
A017125,S01713,2026-08-05,Half Day,3.0
A017126,S01713,2026-08-06,Present,7.6
A017127,S01713,2026-08-07,Present,9.5
A017128,S01713,2026-08-08,Present,7.3
A017129,S01713,2026-08-09,Present,8.4
A017130,S01713,2026-08-10,Present,8.2
A017131,S01714,2026-08-01,Present,9.9
A017132,S01714,2026-08-02,Present,9.1
A017133,S01714,2026-08-03,Present,7.1
A017134,S01714,2026-08-04,Present,10.0
A017135,S01714,2026-08-05,Present,9.9
A017136,S01714,2026-08-06,Present,7.4
A017137,S01714,2026-08-07,Present,7.0
A017138,S01714,2026-08-08,Present,10.0
A017139,S01714,2026-08-09,Present,7.1
A017140,S01714,2026-08-10,Present,7.1
A017141,S01715,2026-08-01,Present,8.2
A017142,S01715,2026-08-02,Half Day,3.6
A017143,S01715,2026-08-03,Present,9.1
A017144,S01715,2026-08-04,Present,9.4
A017145,S01715,2026-08-05,Present,7.5
A017146,S01715,2026-08-06,Present,8.2
A017147,S01715,2026-08-07,Present,9.9
A017148,S01715,2026-08-08,Present,8.8
A017149,S01715,2026-08-09,Present,7.9
A017150,S01715,2026-08-10,Present,9.9
A017151,S01716,2026-08-01,Present,7.1
A017152,S01716,2026-08-02,Present,8.1
A017153,S01716,2026-08-03,Half Day,4.8
A017154,S01716,2026-08-04,Present,9.7
A017155,S01716,2026-08-05,Present,7.9
A017156,S01716,2026-08-06,Present,7.5
A017157,S01716,2026-08-07,Present,8.0
A017158,S01716,2026-08-08,Present,7.1
A017159,S01716,2026-08-09,Present,7.0
A017160,S01716,2026-08-10,Half Day,3.8
A017161,S01717,2026-08-01,Present,9.9
A017162,S01717,2026-08-02,Present,9.8
A017163,S01717,2026-08-03,Absent,0.0
A017164,S01717,2026-08-04,Present,9.4
A017165,S01717,2026-08-05,Present,8.5
A017166,S01717,2026-08-06,Present,7.3
A017167,S01717,2026-08-07,Present,9.3
A017168,S01717,2026-08-08,Present,7.1
A017169,S01717,2026-08-09,Present,9.9
A017170,S01717,2026-08-10,Present,7.1
A017171,S01718,2026-08-01,Present,8.3
A017172,S01718,2026-08-02,Present,7.5
A017173,S01718,2026-08-03,Present,8.8
A017174,S01718,2026-08-04,Present,9.2
A017175,S01718,2026-08-05,Present,9.2
A017176,S01718,2026-08-06,Present,7.1
A017177,S01718,2026-08-07,Present,7.6
A017178,S01718,2026-08-08,Present,9.5
A017179,S01718,2026-08-09,Present,8.0
A017180,S01718,2026-08-10,Present,8.2
A017181,S01719,2026-08-01,Present,9.3
A017182,S01719,2026-08-02,Present,9.5
A017183,S01719,2026-08-03,Present,8.5
A017184,S01719,2026-08-04,Present,8.7
A017185,S01719,2026-08-05,Present,7.5
A017186,S01719,2026-08-06,Present,8.8
A017187,S01719,2026-08-07,Present,9.0
A017188,S01719,2026-08-08,Present,7.6
A017189,S01719,2026-08-09,Present,8.1
A017190,S01719,2026-08-10,Present,8.9
A017191,S01720,2026-08-01,Present,7.8
A017192,S01720,2026-08-02,Half Day,3.7
A017193,S01720,2026-08-03,Present,8.8
A017194,S01720,2026-08-04,Present,7.8
A017195,S01720,2026-08-05,Present,8.7
A017196,S01720,2026-08-06,Present,9.6
A017197,S01720,2026-08-07,Present,9.0
A017198,S01720,2026-08-08,Present,7.1
A017199,S01720,2026-08-09,Present,9.4
A017200,S01720,2026-08-10,Present,9.1
A017201,S01721,2026-08-01,Present,7.5
A017202,S01721,2026-08-02,Present,7.9
A017203,S01721,2026-08-03,Present,7.5
A017204,S01721,2026-08-04,Present,8.9
A017205,S01721,2026-08-05,Present,10.0
A017206,S01721,2026-08-06,Present,7.2
A017207,S01721,2026-08-07,Half Day,3.4
A017208,S01721,2026-08-08,Present,8.6
A017209,S01721,2026-08-09,Present,9.2
A017210,S01721,2026-08-10,Present,9.4
A017211,S01722,2026-08-01,Present,9.3
A017212,S01722,2026-08-02,Present,9.9
A017213,S01722,2026-08-03,Present,8.1
A017214,S01722,2026-08-04,Present,7.3
A017215,S01722,2026-08-05,Half Day,4.2
A017216,S01722,2026-08-06,Present,9.3
A017217,S01722,2026-08-07,Present,7.8
A017218,S01722,2026-08-08,Present,9.1
A017219,S01722,2026-08-09,Present,9.9
A017220,S01722,2026-08-10,Half Day,4.2
A017221,S01723,2026-08-01,Present,7.1
A017222,S01723,2026-08-02,Present,7.3
A017223,S01723,2026-08-03,Present,9.8
A017224,S01723,2026-08-04,Present,9.7
A017225,S01723,2026-08-05,Present,9.3
A017226,S01723,2026-08-06,Present,7.4
A017227,S01723,2026-08-07,Present,7.6
A017228,S01723,2026-08-08,Present,7.9
A017229,S01723,2026-08-09,Present,9.9
A017230,S01723,2026-08-10,Present,7.4
A017231,S01724,2026-08-01,Present,7.4
A017232,S01724,2026-08-02,Present,7.7
A017233,S01724,2026-08-03,Present,7.2
A017234,S01724,2026-08-04,Present,8.8
A017235,S01724,2026-08-05,Present,8.1
A017236,S01724,2026-08-06,Present,8.8
A017237,S01724,2026-08-07,Present,10.0
A017238,S01724,2026-08-08,Present,9.5
A017239,S01724,2026-08-09,Present,9.7
A017240,S01724,2026-08-10,Present,7.2
A017241,S01725,2026-08-01,Present,9.9
A017242,S01725,2026-08-02,Half Day,3.7
A017243,S01725,2026-08-03,Present,8.4
A017244,S01725,2026-08-04,Present,8.5
A017245,S01725,2026-08-05,Present,7.1
A017246,S01725,2026-08-06,Half Day,3.6
A017247,S01725,2026-08-07,Present,8.2
A017248,S01725,2026-08-08,Present,7.1
A017249,S01725,2026-08-09,Present,9.5
A017250,S01725,2026-08-10,Absent,0.0
A017251,S01726,2026-08-01,Present,7.3
A017252,S01726,2026-08-02,Present,7.3
A017253,S01726,2026-08-03,Absent,0.0
A017254,S01726,2026-08-04,Present,8.9
A017255,S01726,2026-08-05,Present,8.1
A017256,S01726,2026-08-06,Present,9.0
A017257,S01726,2026-08-07,Present,7.4
A017258,S01726,2026-08-08,Present,9.3
A017259,S01726,2026-08-09,Present,9.0
A017260,S01726,2026-08-10,Present,8.4
A017261,S01727,2026-08-01,Present,9.3
A017262,S01727,2026-08-02,Present,9.6
A017263,S01727,2026-08-03,Present,7.9
A017264,S01727,2026-08-04,Present,7.1
A017265,S01727,2026-08-05,Present,9.9
A017266,S01727,2026-08-06,Half Day,4.3
A017267,S01727,2026-08-07,Present,9.2
A017268,S01727,2026-08-08,Present,8.9
A017269,S01727,2026-08-09,Present,7.3
A017270,S01727,2026-08-10,Present,8.9
A017271,S01728,2026-08-01,Present,9.1
A017272,S01728,2026-08-02,Present,9.8
A017273,S01728,2026-08-03,Present,9.3
A017274,S01728,2026-08-04,Present,8.3
A017275,S01728,2026-08-05,Absent,0.0
A017276,S01728,2026-08-06,Present,8.3
A017277,S01728,2026-08-07,Present,7.8
A017278,S01728,2026-08-08,Present,7.3
A017279,S01728,2026-08-09,Present,9.2
A017280,S01728,2026-08-10,Present,9.7
A017281,S01729,2026-08-01,Present,9.8
A017282,S01729,2026-08-02,Present,8.2
A017283,S01729,2026-08-03,Half Day,3.3
A017284,S01729,2026-08-04,Present,9.0
A017285,S01729,2026-08-05,Present,7.3
A017286,S01729,2026-08-06,Half Day,3.6
A017287,S01729,2026-08-07,Present,9.2
A017288,S01729,2026-08-08,Absent,0.0
A017289,S01729,2026-08-09,Present,7.7
A017290,S01729,2026-08-10,Present,7.5
A017291,S01730,2026-08-01,Present,9.7
A017292,S01730,2026-08-02,Half Day,4.1
A017293,S01730,2026-08-03,Present,9.6
A017294,S01730,2026-08-04,Half Day,4.7
A017295,S01730,2026-08-05,Half Day,4.9
A017296,S01730,2026-08-06,Present,9.1
A017297,S01730,2026-08-07,Present,9.9
A017298,S01730,2026-08-08,Present,7.7
A017299,S01730,2026-08-09,Present,9.6
A017300,S01730,2026-08-10,Present,9.7
A017301,S01731,2026-08-01,Half Day,4.7
A017302,S01731,2026-08-02,Present,7.1
A017303,S01731,2026-08-03,Half Day,4.4
A017304,S01731,2026-08-04,Present,8.9
A017305,S01731,2026-08-05,Present,9.8
A017306,S01731,2026-08-06,Present,7.2
A017307,S01731,2026-08-07,Present,8.8
A017308,S01731,2026-08-08,Present,8.2
A017309,S01731,2026-08-09,Present,8.8
A017310,S01731,2026-08-10,Absent,0.0
A017311,S01732,2026-08-01,Present,7.9
A017312,S01732,2026-08-02,Present,7.7
A017313,S01732,2026-08-03,Present,7.8
A017314,S01732,2026-08-04,Present,9.5
A017315,S01732,2026-08-05,Present,9.1
A017316,S01732,2026-08-06,Half Day,4.0
A017317,S01732,2026-08-07,Present,7.9
A017318,S01732,2026-08-08,Present,7.2
A017319,S01732,2026-08-09,Half Day,3.7
A017320,S01732,2026-08-10,Present,7.7
A017321,S01733,2026-08-01,Present,8.8
A017322,S01733,2026-08-02,Present,8.9
A017323,S01733,2026-08-03,Present,7.1
A017324,S01733,2026-08-04,Present,8.5
A017325,S01733,2026-08-05,Present,7.4
A017326,S01733,2026-08-06,Present,8.7
A017327,S01733,2026-08-07,Present,9.1
A017328,S01733,2026-08-08,Absent,0.0
A017329,S01733,2026-08-09,Present,7.8
A017330,S01733,2026-08-10,Present,7.8
A017331,S01734,2026-08-01,Absent,0.0
A017332,S01734,2026-08-02,Present,8.1
A017333,S01734,2026-08-03,Present,9.4
A017334,S01734,2026-08-04,Present,8.6
A017335,S01734,2026-08-05,Present,9.2
A017336,S01734,2026-08-06,Absent,0.0
A017337,S01734,2026-08-07,Present,9.4
A017338,S01734,2026-08-08,Present,7.2
A017339,S01734,2026-08-09,Present,8.2
A017340,S01734,2026-08-10,Half Day,4.3
A017341,S01735,2026-08-01,Absent,0.0
A017342,S01735,2026-08-02,Present,7.1
A017343,S01735,2026-08-03,Present,9.0
A017344,S01735,2026-08-04,Present,7.7
A017345,S01735,2026-08-05,Present,9.4
A017346,S01735,2026-08-06,Present,7.9
A017347,S01735,2026-08-07,Present,9.1
A017348,S01735,2026-08-08,Present,9.8
A017349,S01735,2026-08-09,Present,8.6
A017350,S01735,2026-08-10,Present,8.6
A017351,S01736,2026-08-01,Present,7.4
A017352,S01736,2026-08-02,Present,7.4
A017353,S01736,2026-08-03,Present,7.2
A017354,S01736,2026-08-04,Present,7.9
A017355,S01736,2026-08-05,Present,8.8
A017356,S01736,2026-08-06,Present,8.4
A017357,S01736,2026-08-07,Present,9.6
A017358,S01736,2026-08-08,Present,7.3
A017359,S01736,2026-08-09,Present,9.5
A017360,S01736,2026-08-10,Present,9.3
A017361,S01737,2026-08-01,Present,7.0
A017362,S01737,2026-08-02,Present,7.1
A017363,S01737,2026-08-03,Present,8.5
A017364,S01737,2026-08-04,Present,8.9
A017365,S01737,2026-08-05,Present,9.0
A017366,S01737,2026-08-06,Present,8.6
A017367,S01737,2026-08-07,Present,8.9
A017368,S01737,2026-08-08,Present,9.5
A017369,S01737,2026-08-09,Present,9.6
A017370,S01737,2026-08-10,Present,7.6
A017371,S01738,2026-08-01,Present,8.4
A017372,S01738,2026-08-02,Present,8.0
A017373,S01738,2026-08-03,Present,8.4
A017374,S01738,2026-08-04,Present,10.0
A017375,S01738,2026-08-05,Present,8.2
A017376,S01738,2026-08-06,Present,7.9
A017377,S01738,2026-08-07,Present,7.8
A017378,S01738,2026-08-08,Present,7.7
A017379,S01738,2026-08-09,Half Day,3.5
A017380,S01738,2026-08-10,Present,7.6
A017381,S01739,2026-08-01,Present,8.8
A017382,S01739,2026-08-02,Present,9.4
A017383,S01739,2026-08-03,Present,8.8
A017384,S01739,2026-08-04,Half Day,4.0
A017385,S01739,2026-08-05,Present,8.6
A017386,S01739,2026-08-06,Present,9.5
A017387,S01739,2026-08-07,Present,7.7
A017388,S01739,2026-08-08,Half Day,4.9
A017389,S01739,2026-08-09,Absent,0.0
A017390,S01739,2026-08-10,Present,7.9
A017391,S01740,2026-08-01,Present,8.7
A017392,S01740,2026-08-02,Present,7.3
A017393,S01740,2026-08-03,Present,7.5
A017394,S01740,2026-08-04,Present,8.1
A017395,S01740,2026-08-05,Present,9.3
A017396,S01740,2026-08-06,Present,9.2
A017397,S01740,2026-08-07,Present,9.7
A017398,S01740,2026-08-08,Present,9.4
A017399,S01740,2026-08-09,Present,7.9
A017400,S01740,2026-08-10,Present,8.5
A017401,S01741,2026-08-01,Half Day,3.6
A017402,S01741,2026-08-02,Present,8.6
A017403,S01741,2026-08-03,Present,8.7
A017404,S01741,2026-08-04,Present,7.5
A017405,S01741,2026-08-05,Present,7.5
A017406,S01741,2026-08-06,Present,9.0
A017407,S01741,2026-08-07,Present,9.9
A017408,S01741,2026-08-08,Present,8.4
A017409,S01741,2026-08-09,Present,8.4
A017410,S01741,2026-08-10,Present,9.3
A017411,S01742,2026-08-01,Present,9.4
A017412,S01742,2026-08-02,Present,8.4
A017413,S01742,2026-08-03,Present,9.4
A017414,S01742,2026-08-04,Absent,0.0
A017415,S01742,2026-08-05,Present,7.9
A017416,S01742,2026-08-06,Present,7.7
A017417,S01742,2026-08-07,Half Day,4.9
A017418,S01742,2026-08-08,Present,9.5
A017419,S01742,2026-08-09,Present,8.7
A017420,S01742,2026-08-10,Absent,0.0
A017421,S01743,2026-08-01,Present,8.4
A017422,S01743,2026-08-02,Present,8.0
A017423,S01743,2026-08-03,Present,9.2
A017424,S01743,2026-08-04,Present,9.4
A017425,S01743,2026-08-05,Present,8.6
A017426,S01743,2026-08-06,Present,8.7
A017427,S01743,2026-08-07,Present,9.1
A017428,S01743,2026-08-08,Present,8.2
A017429,S01743,2026-08-09,Present,8.8
A017430,S01743,2026-08-10,Absent,0.0
A017431,S01744,2026-08-01,Present,9.5
A017432,S01744,2026-08-02,Present,9.8
A017433,S01744,2026-08-03,Present,10.0
A017434,S01744,2026-08-04,Present,7.3
A017435,S01744,2026-08-05,Present,9.8
A017436,S01744,2026-08-06,Present,8.6
A017437,S01744,2026-08-07,Present,8.5
A017438,S01744,2026-08-08,Absent,0.0
A017439,S01744,2026-08-09,Present,8.3
A017440,S01744,2026-08-10,Present,7.7
A017441,S01745,2026-08-01,Present,9.6
A017442,S01745,2026-08-02,Present,7.6
A017443,S01745,2026-08-03,Present,8.4
A017444,S01745,2026-08-04,Present,8.9
A017445,S01745,2026-08-05,Present,9.3
A017446,S01745,2026-08-06,Present,7.4
A017447,S01745,2026-08-07,Present,9.6
A017448,S01745,2026-08-08,Present,9.6
A017449,S01745,2026-08-09,Absent,0.0
A017450,S01745,2026-08-10,Present,7.1
A017451,S01746,2026-08-01,Present,9.2
A017452,S01746,2026-08-02,Present,8.9
A017453,S01746,2026-08-03,Present,9.5
A017454,S01746,2026-08-04,Half Day,4.4
A017455,S01746,2026-08-05,Present,8.7
A017456,S01746,2026-08-06,Present,10.0
A017457,S01746,2026-08-07,Present,8.5
A017458,S01746,2026-08-08,Present,8.8
A017459,S01746,2026-08-09,Present,7.3
A017460,S01746,2026-08-10,Half Day,4.7
A017461,S01747,2026-08-01,Present,8.8
A017462,S01747,2026-08-02,Half Day,3.1
A017463,S01747,2026-08-03,Absent,0.0
A017464,S01747,2026-08-04,Present,9.4
A017465,S01747,2026-08-05,Present,7.4
A017466,S01747,2026-08-06,Present,7.9
A017467,S01747,2026-08-07,Absent,0.0
A017468,S01747,2026-08-08,Present,9.9
A017469,S01747,2026-08-09,Present,8.3
A017470,S01747,2026-08-10,Present,9.0
A017471,S01748,2026-08-01,Present,9.8
A017472,S01748,2026-08-02,Present,7.4
A017473,S01748,2026-08-03,Present,7.2
A017474,S01748,2026-08-04,Present,10.0
A017475,S01748,2026-08-05,Present,7.1
A017476,S01748,2026-08-06,Half Day,4.2
A017477,S01748,2026-08-07,Present,8.9
A017478,S01748,2026-08-08,Absent,0.0
A017479,S01748,2026-08-09,Present,7.8
A017480,S01748,2026-08-10,Present,9.2
A017481,S01749,2026-08-01,Present,8.9
A017482,S01749,2026-08-02,Present,9.9
A017483,S01749,2026-08-03,Present,7.8
A017484,S01749,2026-08-04,Present,9.9
A017485,S01749,2026-08-05,Present,7.5
A017486,S01749,2026-08-06,Present,8.0
A017487,S01749,2026-08-07,Present,7.2
A017488,S01749,2026-08-08,Present,8.4
A017489,S01749,2026-08-09,Present,8.7
A017490,S01749,2026-08-10,Half Day,4.9
A017491,S01750,2026-08-01,Absent,0.0
A017492,S01750,2026-08-02,Half Day,3.8
A017493,S01750,2026-08-03,Present,8.9
A017494,S01750,2026-08-04,Present,9.3
A017495,S01750,2026-08-05,Present,7.4
A017496,S01750,2026-08-06,Present,8.3
A017497,S01750,2026-08-07,Present,8.4
A017498,S01750,2026-08-08,Half Day,3.2
A017499,S01750,2026-08-09,Present,9.8
A017500,S01750,2026-08-10,Present,8.4
A017501,S01751,2026-08-01,Present,9.0
A017502,S01751,2026-08-02,Present,8.9
A017503,S01751,2026-08-03,Present,8.5
A017504,S01751,2026-08-04,Present,7.0
A017505,S01751,2026-08-05,Present,7.7
A017506,S01751,2026-08-06,Present,9.0
A017507,S01751,2026-08-07,Present,8.0
A017508,S01751,2026-08-08,Present,9.0
A017509,S01751,2026-08-09,Present,8.9
A017510,S01751,2026-08-10,Present,8.5
A017511,S01752,2026-08-01,Present,8.2
A017512,S01752,2026-08-02,Present,9.9
A017513,S01752,2026-08-03,Present,8.5
A017514,S01752,2026-08-04,Present,9.0
A017515,S01752,2026-08-05,Present,7.0
A017516,S01752,2026-08-06,Absent,0.0
A017517,S01752,2026-08-07,Present,7.0
A017518,S01752,2026-08-08,Present,7.3
A017519,S01752,2026-08-09,Present,8.6
A017520,S01752,2026-08-10,Present,7.6
A017521,S01753,2026-08-01,Present,8.8
A017522,S01753,2026-08-02,Present,7.7
A017523,S01753,2026-08-03,Absent,0.0
A017524,S01753,2026-08-04,Present,7.2
A017525,S01753,2026-08-05,Present,8.3
A017526,S01753,2026-08-06,Present,8.9
A017527,S01753,2026-08-07,Present,7.7
A017528,S01753,2026-08-08,Present,7.8
A017529,S01753,2026-08-09,Present,10.0
A017530,S01753,2026-08-10,Present,9.3
A017531,S01754,2026-08-01,Present,7.1
A017532,S01754,2026-08-02,Present,8.4
A017533,S01754,2026-08-03,Present,9.5
A017534,S01754,2026-08-04,Present,8.0
A017535,S01754,2026-08-05,Present,7.6
A017536,S01754,2026-08-06,Present,8.5
A017537,S01754,2026-08-07,Present,9.6
A017538,S01754,2026-08-08,Present,8.5
A017539,S01754,2026-08-09,Half Day,3.9
A017540,S01754,2026-08-10,Present,8.1
A017541,S01755,2026-08-01,Present,7.5
A017542,S01755,2026-08-02,Absent,0.0
A017543,S01755,2026-08-03,Present,7.2
A017544,S01755,2026-08-04,Present,9.9
A017545,S01755,2026-08-05,Present,8.6
A017546,S01755,2026-08-06,Present,7.1
A017547,S01755,2026-08-07,Present,7.7
A017548,S01755,2026-08-08,Absent,0.0
A017549,S01755,2026-08-09,Present,9.2
A017550,S01755,2026-08-10,Present,7.4
A017551,S01756,2026-08-01,Present,7.1
A017552,S01756,2026-08-02,Present,8.7
A017553,S01756,2026-08-03,Present,7.7
A017554,S01756,2026-08-04,Present,8.0
A017555,S01756,2026-08-05,Present,9.4
A017556,S01756,2026-08-06,Half Day,4.8
A017557,S01756,2026-08-07,Present,7.3
A017558,S01756,2026-08-08,Present,8.4
A017559,S01756,2026-08-09,Present,7.0
A017560,S01756,2026-08-10,Present,8.2
A017561,S01757,2026-08-01,Present,7.3
A017562,S01757,2026-08-02,Present,9.3
A017563,S01757,2026-08-03,Present,7.0
A017564,S01757,2026-08-04,Half Day,3.0
A017565,S01757,2026-08-05,Present,7.0
A017566,S01757,2026-08-06,Present,7.6
A017567,S01757,2026-08-07,Present,7.2
A017568,S01757,2026-08-08,Absent,0.0
A017569,S01757,2026-08-09,Present,7.7
A017570,S01757,2026-08-10,Present,10.0
A017571,S01758,2026-08-01,Present,9.4
A017572,S01758,2026-08-02,Present,9.9
A017573,S01758,2026-08-03,Present,9.8
A017574,S01758,2026-08-04,Present,7.1
A017575,S01758,2026-08-05,Present,9.4
A017576,S01758,2026-08-06,Present,8.8
A017577,S01758,2026-08-07,Present,8.8
A017578,S01758,2026-08-08,Present,8.9
A017579,S01758,2026-08-09,Present,7.8
A017580,S01758,2026-08-10,Present,7.5
A017581,S01759,2026-08-01,Present,9.0
A017582,S01759,2026-08-02,Present,7.1
A017583,S01759,2026-08-03,Present,8.6
A017584,S01759,2026-08-04,Present,7.4
A017585,S01759,2026-08-05,Present,7.2
A017586,S01759,2026-08-06,Present,9.7
A017587,S01759,2026-08-07,Present,7.6
A017588,S01759,2026-08-08,Present,8.1
A017589,S01759,2026-08-09,Absent,0.0
A017590,S01759,2026-08-10,Present,7.2
A017591,S01760,2026-08-01,Present,7.5
A017592,S01760,2026-08-02,Present,7.1
A017593,S01760,2026-08-03,Present,8.8
A017594,S01760,2026-08-04,Present,7.6
A017595,S01760,2026-08-05,Present,9.8
A017596,S01760,2026-08-06,Absent,0.0
A017597,S01760,2026-08-07,Present,8.2
A017598,S01760,2026-08-08,Present,9.1
A017599,S01760,2026-08-09,Present,9.7
A017600,S01760,2026-08-10,Present,8.2
A017601,S01761,2026-08-01,Half Day,3.4
A017602,S01761,2026-08-02,Present,8.8
A017603,S01761,2026-08-03,Present,8.7
A017604,S01761,2026-08-04,Absent,0.0
A017605,S01761,2026-08-05,Present,9.7
A017606,S01761,2026-08-06,Present,8.3
A017607,S01761,2026-08-07,Present,8.9
A017608,S01761,2026-08-08,Present,7.0
A017609,S01761,2026-08-09,Present,8.4
A017610,S01761,2026-08-10,Present,8.5
A017611,S01762,2026-08-01,Half Day,3.2
A017612,S01762,2026-08-02,Present,8.5
A017613,S01762,2026-08-03,Present,9.2
A017614,S01762,2026-08-04,Present,7.7
A017615,S01762,2026-08-05,Half Day,3.3
A017616,S01762,2026-08-06,Present,7.8
A017617,S01762,2026-08-07,Present,9.0
A017618,S01762,2026-08-08,Present,7.6
A017619,S01762,2026-08-09,Present,8.7
A017620,S01762,2026-08-10,Present,7.6
A017621,S01763,2026-08-01,Present,7.4
A017622,S01763,2026-08-02,Present,8.6
A017623,S01763,2026-08-03,Present,8.4
A017624,S01763,2026-08-04,Present,7.8
A017625,S01763,2026-08-05,Present,9.3
A017626,S01763,2026-08-06,Present,9.2
A017627,S01763,2026-08-07,Present,9.7
A017628,S01763,2026-08-08,Present,8.3
A017629,S01763,2026-08-09,Present,7.1
A017630,S01763,2026-08-10,Present,7.3
A017631,S01764,2026-08-01,Present,9.0
A017632,S01764,2026-08-02,Present,8.2
A017633,S01764,2026-08-03,Present,7.2
A017634,S01764,2026-08-04,Present,8.9
A017635,S01764,2026-08-05,Present,9.4
A017636,S01764,2026-08-06,Present,9.8
A017637,S01764,2026-08-07,Present,9.6
A017638,S01764,2026-08-08,Present,7.1
A017639,S01764,2026-08-09,Absent,0.0
A017640,S01764,2026-08-10,Present,9.2
A017641,S01765,2026-08-01,Present,7.6
A017642,S01765,2026-08-02,Present,8.2
A017643,S01765,2026-08-03,Present,8.4
A017644,S01765,2026-08-04,Present,7.9
A017645,S01765,2026-08-05,Present,9.6
A017646,S01765,2026-08-06,Present,9.3
A017647,S01765,2026-08-07,Present,9.8
A017648,S01765,2026-08-08,Present,7.2
A017649,S01765,2026-08-09,Present,9.6
A017650,S01765,2026-08-10,Present,8.9
A017651,S01766,2026-08-01,Present,8.0
A017652,S01766,2026-08-02,Present,7.4
A017653,S01766,2026-08-03,Present,7.5
A017654,S01766,2026-08-04,Present,7.9
A017655,S01766,2026-08-05,Present,9.1
A017656,S01766,2026-08-06,Present,8.9
A017657,S01766,2026-08-07,Present,9.6
A017658,S01766,2026-08-08,Present,7.6
A017659,S01766,2026-08-09,Present,8.0
A017660,S01766,2026-08-10,Present,7.0
A017661,S01767,2026-08-01,Present,7.7
A017662,S01767,2026-08-02,Present,9.1
A017663,S01767,2026-08-03,Present,9.1
A017664,S01767,2026-08-04,Present,7.7
A017665,S01767,2026-08-05,Present,9.2
A017666,S01767,2026-08-06,Present,7.4
A017667,S01767,2026-08-07,Present,9.9
A017668,S01767,2026-08-08,Present,8.7
A017669,S01767,2026-08-09,Present,8.0
A017670,S01767,2026-08-10,Present,8.9
A017671,S01768,2026-08-01,Present,9.0
A017672,S01768,2026-08-02,Present,8.1
A017673,S01768,2026-08-03,Present,8.5
A017674,S01768,2026-08-04,Present,9.4
A017675,S01768,2026-08-05,Present,8.0
A017676,S01768,2026-08-06,Present,9.8
A017677,S01768,2026-08-07,Present,7.0
A017678,S01768,2026-08-08,Present,8.5
A017679,S01768,2026-08-09,Present,7.9
A017680,S01768,2026-08-10,Present,8.7
A017681,S01769,2026-08-01,Present,8.5
A017682,S01769,2026-08-02,Present,7.8
A017683,S01769,2026-08-03,Absent,0.0
A017684,S01769,2026-08-04,Present,9.6
A017685,S01769,2026-08-05,Absent,0.0
A017686,S01769,2026-08-06,Absent,0.0
A017687,S01769,2026-08-07,Absent,0.0
A017688,S01769,2026-08-08,Present,7.4
A017689,S01769,2026-08-09,Present,8.9
A017690,S01769,2026-08-10,Present,7.9
A017691,S01770,2026-08-01,Present,9.6
A017692,S01770,2026-08-02,Present,9.7
A017693,S01770,2026-08-03,Present,9.4
A017694,S01770,2026-08-04,Present,7.4
A017695,S01770,2026-08-05,Present,8.7
A017696,S01770,2026-08-06,Present,7.9
A017697,S01770,2026-08-07,Present,9.1
A017698,S01770,2026-08-08,Present,7.3
A017699,S01770,2026-08-09,Present,7.4
A017700,S01770,2026-08-10,Present,8.5
A017701,S01771,2026-08-01,Present,9.7
A017702,S01771,2026-08-02,Half Day,3.1
A017703,S01771,2026-08-03,Half Day,4.3
A017704,S01771,2026-08-04,Present,7.2
A017705,S01771,2026-08-05,Present,7.5
A017706,S01771,2026-08-06,Present,7.8
A017707,S01771,2026-08-07,Present,7.2
A017708,S01771,2026-08-08,Present,7.2
A017709,S01771,2026-08-09,Present,7.3
A017710,S01771,2026-08-10,Present,9.9
A017711,S01772,2026-08-01,Present,8.2
A017712,S01772,2026-08-02,Present,7.2
A017713,S01772,2026-08-03,Absent,0.0
A017714,S01772,2026-08-04,Present,8.4
A017715,S01772,2026-08-05,Half Day,4.6
A017716,S01772,2026-08-06,Absent,0.0
A017717,S01772,2026-08-07,Present,9.1
A017718,S01772,2026-08-08,Absent,0.0
A017719,S01772,2026-08-09,Present,7.9
A017720,S01772,2026-08-10,Present,8.3
A017721,S01773,2026-08-01,Present,9.6
A017722,S01773,2026-08-02,Present,7.9
A017723,S01773,2026-08-03,Present,9.5
A017724,S01773,2026-08-04,Present,7.8
A017725,S01773,2026-08-05,Present,8.0
A017726,S01773,2026-08-06,Present,7.2
A017727,S01773,2026-08-07,Absent,0.0
A017728,S01773,2026-08-08,Present,7.0
A017729,S01773,2026-08-09,Present,7.8
A017730,S01773,2026-08-10,Present,9.3
A017731,S01774,2026-08-01,Present,8.6
A017732,S01774,2026-08-02,Present,7.9
A017733,S01774,2026-08-03,Absent,0.0
A017734,S01774,2026-08-04,Present,9.5
A017735,S01774,2026-08-05,Present,9.2
A017736,S01774,2026-08-06,Present,9.7
A017737,S01774,2026-08-07,Present,8.5
A017738,S01774,2026-08-08,Present,7.3
A017739,S01774,2026-08-09,Present,8.4
A017740,S01774,2026-08-10,Absent,0.0
A017741,S01775,2026-08-01,Present,8.5
A017742,S01775,2026-08-02,Half Day,3.9
A017743,S01775,2026-08-03,Present,10.0
A017744,S01775,2026-08-04,Present,9.9
A017745,S01775,2026-08-05,Half Day,4.8
A017746,S01775,2026-08-06,Present,9.3
A017747,S01775,2026-08-07,Present,7.2
A017748,S01775,2026-08-08,Present,7.2
A017749,S01775,2026-08-09,Present,7.7
A017750,S01775,2026-08-10,Present,9.1
A017751,S01776,2026-08-01,Present,8.9
A017752,S01776,2026-08-02,Present,8.4
A017753,S01776,2026-08-03,Present,7.4
A017754,S01776,2026-08-04,Present,8.0
A017755,S01776,2026-08-05,Present,9.7
A017756,S01776,2026-08-06,Present,7.6
A017757,S01776,2026-08-07,Present,8.8
A017758,S01776,2026-08-08,Present,9.6
A017759,S01776,2026-08-09,Present,8.4
A017760,S01776,2026-08-10,Present,8.2
A017761,S01777,2026-08-01,Present,7.7
A017762,S01777,2026-08-02,Present,9.9
A017763,S01777,2026-08-03,Present,7.6
A017764,S01777,2026-08-04,Present,9.7
A017765,S01777,2026-08-05,Present,10.0
A017766,S01777,2026-08-06,Present,9.3
A017767,S01777,2026-08-07,Present,7.8
A017768,S01777,2026-08-08,Present,9.8
A017769,S01777,2026-08-09,Present,9.4
A017770,S01777,2026-08-10,Present,7.1
A017771,S01778,2026-08-01,Present,7.3
A017772,S01778,2026-08-02,Present,8.9
A017773,S01778,2026-08-03,Present,9.0
A017774,S01778,2026-08-04,Present,9.6
A017775,S01778,2026-08-05,Present,9.8
A017776,S01778,2026-08-06,Present,9.8
A017777,S01778,2026-08-07,Present,9.9
A017778,S01778,2026-08-08,Present,8.9
A017779,S01778,2026-08-09,Present,9.3
A017780,S01778,2026-08-10,Present,9.5
A017781,S01779,2026-08-01,Absent,0.0
A017782,S01779,2026-08-02,Present,7.5
A017783,S01779,2026-08-03,Present,8.7
A017784,S01779,2026-08-04,Present,8.2
A017785,S01779,2026-08-05,Present,8.4
A017786,S01779,2026-08-06,Present,8.7
A017787,S01779,2026-08-07,Present,8.2
A017788,S01779,2026-08-08,Present,8.0
A017789,S01779,2026-08-09,Present,9.8
A017790,S01779,2026-08-10,Present,8.5
A017791,S01780,2026-08-01,Present,9.1
A017792,S01780,2026-08-02,Present,8.5
A017793,S01780,2026-08-03,Half Day,4.0
A017794,S01780,2026-08-04,Present,8.1
A017795,S01780,2026-08-05,Present,9.0
A017796,S01780,2026-08-06,Absent,0.0
A017797,S01780,2026-08-07,Present,9.4
A017798,S01780,2026-08-08,Absent,0.0
A017799,S01780,2026-08-09,Present,9.6
A017800,S01780,2026-08-10,Present,8.1
A017801,S01781,2026-08-01,Present,7.1
A017802,S01781,2026-08-02,Present,7.6
A017803,S01781,2026-08-03,Present,7.6
A017804,S01781,2026-08-04,Present,8.4
A017805,S01781,2026-08-05,Present,9.0
A017806,S01781,2026-08-06,Present,10.0
A017807,S01781,2026-08-07,Present,7.9
A017808,S01781,2026-08-08,Present,9.1
A017809,S01781,2026-08-09,Half Day,5.0
A017810,S01781,2026-08-10,Absent,0.0
A017811,S01782,2026-08-01,Present,8.4
A017812,S01782,2026-08-02,Half Day,3.6
A017813,S01782,2026-08-03,Present,7.5
A017814,S01782,2026-08-04,Present,7.1
A017815,S01782,2026-08-05,Present,9.9
A017816,S01782,2026-08-06,Present,7.8
A017817,S01782,2026-08-07,Present,8.8
A017818,S01782,2026-08-08,Present,7.5
A017819,S01782,2026-08-09,Present,9.6
A017820,S01782,2026-08-10,Present,9.2
A017821,S01783,2026-08-01,Present,9.5
A017822,S01783,2026-08-02,Present,8.8
A017823,S01783,2026-08-03,Present,7.4
A017824,S01783,2026-08-04,Present,9.1
A017825,S01783,2026-08-05,Present,7.0
A017826,S01783,2026-08-06,Present,8.5
A017827,S01783,2026-08-07,Half Day,4.3
A017828,S01783,2026-08-08,Half Day,3.3
A017829,S01783,2026-08-09,Half Day,3.2
A017830,S01783,2026-08-10,Present,7.5
A017831,S01784,2026-08-01,Present,9.9
A017832,S01784,2026-08-02,Present,9.9
A017833,S01784,2026-08-03,Present,7.3
A017834,S01784,2026-08-04,Present,8.8
A017835,S01784,2026-08-05,Present,8.2
A017836,S01784,2026-08-06,Present,8.6
A017837,S01784,2026-08-07,Half Day,3.1
A017838,S01784,2026-08-08,Half Day,3.1
A017839,S01784,2026-08-09,Present,7.9
A017840,S01784,2026-08-10,Half Day,3.6
A017841,S01785,2026-08-01,Present,8.5
A017842,S01785,2026-08-02,Present,8.7
A017843,S01785,2026-08-03,Present,8.8
A017844,S01785,2026-08-04,Present,7.5
A017845,S01785,2026-08-05,Present,8.1
A017846,S01785,2026-08-06,Present,9.6
A017847,S01785,2026-08-07,Present,8.5
A017848,S01785,2026-08-08,Present,8.9
A017849,S01785,2026-08-09,Present,8.0
A017850,S01785,2026-08-10,Present,8.4
A017851,S01786,2026-08-01,Half Day,4.8
A017852,S01786,2026-08-02,Present,7.1
A017853,S01786,2026-08-03,Present,9.8
A017854,S01786,2026-08-04,Present,7.8
A017855,S01786,2026-08-05,Present,7.8
A017856,S01786,2026-08-06,Present,8.5
A017857,S01786,2026-08-07,Present,7.3
A017858,S01786,2026-08-08,Present,9.1
A017859,S01786,2026-08-09,Present,8.9
A017860,S01786,2026-08-10,Present,9.4
A017861,S01787,2026-08-01,Present,8.5
A017862,S01787,2026-08-02,Present,9.8
A017863,S01787,2026-08-03,Present,7.5
A017864,S01787,2026-08-04,Half Day,3.0
A017865,S01787,2026-08-05,Absent,0.0
A017866,S01787,2026-08-06,Present,7.1
A017867,S01787,2026-08-07,Present,8.7
A017868,S01787,2026-08-08,Present,7.7
A017869,S01787,2026-08-09,Present,7.2
A017870,S01787,2026-08-10,Present,9.6
A017871,S01788,2026-08-01,Present,8.0
A017872,S01788,2026-08-02,Present,9.7
A017873,S01788,2026-08-03,Present,9.9
A017874,S01788,2026-08-04,Present,7.1
A017875,S01788,2026-08-05,Present,8.4
A017876,S01788,2026-08-06,Present,7.3
A017877,S01788,2026-08-07,Absent,0.0
A017878,S01788,2026-08-08,Present,8.5
A017879,S01788,2026-08-09,Present,8.8
A017880,S01788,2026-08-10,Present,9.1
A017881,S01789,2026-08-01,Present,9.9
A017882,S01789,2026-08-02,Present,9.2
A017883,S01789,2026-08-03,Present,9.6
A017884,S01789,2026-08-04,Present,9.0
A017885,S01789,2026-08-05,Present,8.8
A017886,S01789,2026-08-06,Present,8.4
A017887,S01789,2026-08-07,Present,8.3
A017888,S01789,2026-08-08,Present,8.3
A017889,S01789,2026-08-09,Present,8.8
A017890,S01789,2026-08-10,Present,8.4
A017891,S01790,2026-08-01,Present,9.2
A017892,S01790,2026-08-02,Present,8.5
A017893,S01790,2026-08-03,Present,7.0
A017894,S01790,2026-08-04,Present,7.5
A017895,S01790,2026-08-05,Present,9.1
A017896,S01790,2026-08-06,Absent,0.0
A017897,S01790,2026-08-07,Present,7.7
A017898,S01790,2026-08-08,Present,8.9
A017899,S01790,2026-08-09,Present,7.3
A017900,S01790,2026-08-10,Present,7.6
A017901,S01791,2026-08-01,Present,8.0
A017902,S01791,2026-08-02,Absent,0.0
A017903,S01791,2026-08-03,Present,9.9
A017904,S01791,2026-08-04,Present,9.2
A017905,S01791,2026-08-05,Present,7.3
A017906,S01791,2026-08-06,Present,8.0
A017907,S01791,2026-08-07,Present,8.9
A017908,S01791,2026-08-08,Present,9.3
A017909,S01791,2026-08-09,Present,8.2
A017910,S01791,2026-08-10,Present,8.9
A017911,S01792,2026-08-01,Present,7.5
A017912,S01792,2026-08-02,Absent,0.0
A017913,S01792,2026-08-03,Present,7.4
A017914,S01792,2026-08-04,Present,8.1
A017915,S01792,2026-08-05,Present,8.8
A017916,S01792,2026-08-06,Present,8.9
A017917,S01792,2026-08-07,Present,8.8
A017918,S01792,2026-08-08,Present,8.3
A017919,S01792,2026-08-09,Present,8.5
A017920,S01792,2026-08-10,Present,8.6
A017921,S01793,2026-08-01,Present,9.6
A017922,S01793,2026-08-02,Present,7.1
A017923,S01793,2026-08-03,Present,9.9
A017924,S01793,2026-08-04,Present,7.4
A017925,S01793,2026-08-05,Present,8.5
A017926,S01793,2026-08-06,Present,9.4
A017927,S01793,2026-08-07,Half Day,3.7
A017928,S01793,2026-08-08,Present,7.6
A017929,S01793,2026-08-09,Present,7.9
A017930,S01793,2026-08-10,Present,8.1
A017931,S01794,2026-08-01,Present,9.5
A017932,S01794,2026-08-02,Present,7.3
A017933,S01794,2026-08-03,Present,7.2
A017934,S01794,2026-08-04,Present,8.6
A017935,S01794,2026-08-05,Present,8.5
A017936,S01794,2026-08-06,Present,9.1
A017937,S01794,2026-08-07,Present,7.3
A017938,S01794,2026-08-08,Present,8.3
A017939,S01794,2026-08-09,Present,9.3
A017940,S01794,2026-08-10,Present,8.1
A017941,S01795,2026-08-01,Present,7.9
A017942,S01795,2026-08-02,Present,9.0
A017943,S01795,2026-08-03,Present,10.0
A017944,S01795,2026-08-04,Half Day,3.9
A017945,S01795,2026-08-05,Present,7.5
A017946,S01795,2026-08-06,Half Day,3.2
A017947,S01795,2026-08-07,Present,7.0
A017948,S01795,2026-08-08,Absent,0.0
A017949,S01795,2026-08-09,Present,9.2
A017950,S01795,2026-08-10,Present,9.2
A017951,S01796,2026-08-01,Present,8.5
A017952,S01796,2026-08-02,Absent,0.0
A017953,S01796,2026-08-03,Present,7.9
A017954,S01796,2026-08-04,Present,7.5
A017955,S01796,2026-08-05,Present,7.3
A017956,S01796,2026-08-06,Present,9.7
A017957,S01796,2026-08-07,Present,8.0
A017958,S01796,2026-08-08,Present,9.6
A017959,S01796,2026-08-09,Absent,0.0
A017960,S01796,2026-08-10,Present,9.8
A017961,S01797,2026-08-01,Half Day,4.4
A017962,S01797,2026-08-02,Present,9.2
A017963,S01797,2026-08-03,Half Day,4.6
A017964,S01797,2026-08-04,Present,7.5
A017965,S01797,2026-08-05,Present,9.2
A017966,S01797,2026-08-06,Present,8.1
A017967,S01797,2026-08-07,Present,8.1
A017968,S01797,2026-08-08,Present,10.0
A017969,S01797,2026-08-09,Present,9.4
A017970,S01797,2026-08-10,Absent,0.0
A017971,S01798,2026-08-01,Half Day,4.2
A017972,S01798,2026-08-02,Present,10.0
A017973,S01798,2026-08-03,Absent,0.0
A017974,S01798,2026-08-04,Present,7.5
A017975,S01798,2026-08-05,Present,9.1
A017976,S01798,2026-08-06,Present,7.4
A017977,S01798,2026-08-07,Present,8.0
A017978,S01798,2026-08-08,Present,7.4
A017979,S01798,2026-08-09,Present,8.0
A017980,S01798,2026-08-10,Present,9.9
A017981,S01799,2026-08-01,Present,8.5
A017982,S01799,2026-08-02,Present,7.4
A017983,S01799,2026-08-03,Present,8.1
A017984,S01799,2026-08-04,Present,9.1
A017985,S01799,2026-08-05,Present,8.3
A017986,S01799,2026-08-06,Present,8.1
A017987,S01799,2026-08-07,Present,7.5
A017988,S01799,2026-08-08,Present,8.6
A017989,S01799,2026-08-09,Present,7.0
A017990,S01799,2026-08-10,Present,9.5
A017991,S01800,2026-08-01,Present,9.6
A017992,S01800,2026-08-02,Absent,0.0
A017993,S01800,2026-08-03,Present,7.1
A017994,S01800,2026-08-04,Present,7.8
A017995,S01800,2026-08-05,Present,8.2
A017996,S01800,2026-08-06,Present,7.4
A017997,S01800,2026-08-07,Present,8.8
A017998,S01800,2026-08-08,Present,7.7
A017999,S01800,2026-08-09,Present,9.1
A018000,S01800,2026-08-10,Present,7.8
A018001,S01801,2026-08-01,Present,8.5
A018002,S01801,2026-08-02,Present,9.0
A018003,S01801,2026-08-03,Present,9.3
A018004,S01801,2026-08-04,Present,7.3
A018005,S01801,2026-08-05,Present,9.4
A018006,S01801,2026-08-06,Present,8.8
A018007,S01801,2026-08-07,Present,7.1
A018008,S01801,2026-08-08,Present,7.6
A018009,S01801,2026-08-09,Present,7.7
A018010,S01801,2026-08-10,Present,7.0
A018011,S01802,2026-08-01,Present,8.9
A018012,S01802,2026-08-02,Present,9.4
A018013,S01802,2026-08-03,Present,7.2
A018014,S01802,2026-08-04,Present,9.6
A018015,S01802,2026-08-05,Present,9.2
A018016,S01802,2026-08-06,Present,8.3
A018017,S01802,2026-08-07,Present,9.5
A018018,S01802,2026-08-08,Present,9.3
A018019,S01802,2026-08-09,Present,9.3
A018020,S01802,2026-08-10,Present,8.3
A018021,S01803,2026-08-01,Present,9.2
A018022,S01803,2026-08-02,Present,8.7
A018023,S01803,2026-08-03,Present,8.6
A018024,S01803,2026-08-04,Present,9.6
A018025,S01803,2026-08-05,Present,8.3
A018026,S01803,2026-08-06,Half Day,4.1
A018027,S01803,2026-08-07,Present,8.9
A018028,S01803,2026-08-08,Present,8.2
A018029,S01803,2026-08-09,Half Day,4.8
A018030,S01803,2026-08-10,Present,9.3
A018031,S01804,2026-08-01,Present,9.4
A018032,S01804,2026-08-02,Present,7.2
A018033,S01804,2026-08-03,Present,7.8
A018034,S01804,2026-08-04,Present,9.9
A018035,S01804,2026-08-05,Present,9.5
A018036,S01804,2026-08-06,Present,8.7
A018037,S01804,2026-08-07,Present,8.3
A018038,S01804,2026-08-08,Present,9.0
A018039,S01804,2026-08-09,Half Day,3.7
A018040,S01804,2026-08-10,Present,7.9
A018041,S01805,2026-08-01,Present,9.0
A018042,S01805,2026-08-02,Half Day,4.1
A018043,S01805,2026-08-03,Present,9.6
A018044,S01805,2026-08-04,Present,7.2
A018045,S01805,2026-08-05,Present,9.9
A018046,S01805,2026-08-06,Present,10.0
A018047,S01805,2026-08-07,Half Day,5.0
A018048,S01805,2026-08-08,Present,8.6
A018049,S01805,2026-08-09,Present,9.3
A018050,S01805,2026-08-10,Present,9.2
A018051,S01806,2026-08-01,Half Day,3.3
A018052,S01806,2026-08-02,Present,8.7
A018053,S01806,2026-08-03,Present,8.3
A018054,S01806,2026-08-04,Present,7.7
A018055,S01806,2026-08-05,Half Day,3.1
A018056,S01806,2026-08-06,Present,8.4
A018057,S01806,2026-08-07,Present,7.5
A018058,S01806,2026-08-08,Present,9.7
A018059,S01806,2026-08-09,Present,8.8
A018060,S01806,2026-08-10,Present,8.0
A018061,S01807,2026-08-01,Present,9.8
A018062,S01807,2026-08-02,Present,8.5
A018063,S01807,2026-08-03,Present,7.4
A018064,S01807,2026-08-04,Present,9.8
A018065,S01807,2026-08-05,Absent,0.0
A018066,S01807,2026-08-06,Present,7.9
A018067,S01807,2026-08-07,Present,8.4
A018068,S01807,2026-08-08,Present,8.8
A018069,S01807,2026-08-09,Present,8.3
A018070,S01807,2026-08-10,Present,8.4
A018071,S01808,2026-08-01,Present,7.5
A018072,S01808,2026-08-02,Present,8.6
A018073,S01808,2026-08-03,Present,9.6
A018074,S01808,2026-08-04,Present,9.7
A018075,S01808,2026-08-05,Present,10.0
A018076,S01808,2026-08-06,Present,8.2
A018077,S01808,2026-08-07,Present,7.7
A018078,S01808,2026-08-08,Present,8.7
A018079,S01808,2026-08-09,Present,7.2
A018080,S01808,2026-08-10,Present,9.2
A018081,S01809,2026-08-01,Absent,0.0
A018082,S01809,2026-08-02,Present,9.2
A018083,S01809,2026-08-03,Present,9.4
A018084,S01809,2026-08-04,Absent,0.0
A018085,S01809,2026-08-05,Present,7.6
A018086,S01809,2026-08-06,Present,7.7
A018087,S01809,2026-08-07,Present,7.4
A018088,S01809,2026-08-08,Present,8.5
A018089,S01809,2026-08-09,Present,9.1
A018090,S01809,2026-08-10,Present,9.6
A018091,S01810,2026-08-01,Present,7.3
A018092,S01810,2026-08-02,Present,9.8
A018093,S01810,2026-08-03,Present,8.8
A018094,S01810,2026-08-04,Present,7.9
A018095,S01810,2026-08-05,Present,7.2
A018096,S01810,2026-08-06,Present,8.2
A018097,S01810,2026-08-07,Present,9.4
A018098,S01810,2026-08-08,Present,8.3
A018099,S01810,2026-08-09,Present,9.4
A018100,S01810,2026-08-10,Present,9.7
A018101,S01811,2026-08-01,Present,9.1
A018102,S01811,2026-08-02,Present,9.2
A018103,S01811,2026-08-03,Present,7.8
A018104,S01811,2026-08-04,Half Day,4.9
A018105,S01811,2026-08-05,Absent,0.0
A018106,S01811,2026-08-06,Present,9.0
A018107,S01811,2026-08-07,Present,7.9
A018108,S01811,2026-08-08,Present,7.4
A018109,S01811,2026-08-09,Present,9.1
A018110,S01811,2026-08-10,Present,8.1
A018111,S01812,2026-08-01,Present,8.9
A018112,S01812,2026-08-02,Present,9.2
A018113,S01812,2026-08-03,Present,9.4
A018114,S01812,2026-08-04,Present,7.8
A018115,S01812,2026-08-05,Present,7.5
A018116,S01812,2026-08-06,Present,7.4
A018117,S01812,2026-08-07,Present,7.0
A018118,S01812,2026-08-08,Present,8.5
A018119,S01812,2026-08-09,Present,8.5
A018120,S01812,2026-08-10,Present,9.3
A018121,S01813,2026-08-01,Present,9.5
A018122,S01813,2026-08-02,Present,8.0
A018123,S01813,2026-08-03,Absent,0.0
A018124,S01813,2026-08-04,Present,9.0
A018125,S01813,2026-08-05,Present,7.4
A018126,S01813,2026-08-06,Present,9.8
A018127,S01813,2026-08-07,Present,9.8
A018128,S01813,2026-08-08,Present,8.2
A018129,S01813,2026-08-09,Half Day,4.5
A018130,S01813,2026-08-10,Present,8.6
A018131,S01814,2026-08-01,Half Day,4.6
A018132,S01814,2026-08-02,Present,9.9
A018133,S01814,2026-08-03,Present,7.2
A018134,S01814,2026-08-04,Present,8.5
A018135,S01814,2026-08-05,Present,8.3
A018136,S01814,2026-08-06,Present,8.3
A018137,S01814,2026-08-07,Present,7.3
A018138,S01814,2026-08-08,Present,7.4
A018139,S01814,2026-08-09,Present,8.8
A018140,S01814,2026-08-10,Present,7.1
A018141,S01815,2026-08-01,Present,9.5
A018142,S01815,2026-08-02,Absent,0.0
A018143,S01815,2026-08-03,Present,9.7
A018144,S01815,2026-08-04,Present,8.4
A018145,S01815,2026-08-05,Present,7.6
A018146,S01815,2026-08-06,Present,9.3
A018147,S01815,2026-08-07,Present,9.6
A018148,S01815,2026-08-08,Present,9.2
A018149,S01815,2026-08-09,Absent,0.0
A018150,S01815,2026-08-10,Present,7.1
A018151,S01816,2026-08-01,Present,7.4
A018152,S01816,2026-08-02,Present,9.1
A018153,S01816,2026-08-03,Present,10.0
A018154,S01816,2026-08-04,Half Day,4.9
A018155,S01816,2026-08-05,Present,8.5
A018156,S01816,2026-08-06,Present,7.4
A018157,S01816,2026-08-07,Present,7.2
A018158,S01816,2026-08-08,Present,7.8
A018159,S01816,2026-08-09,Present,9.2
A018160,S01816,2026-08-10,Present,8.5
A018161,S01817,2026-08-01,Present,8.5
A018162,S01817,2026-08-02,Present,8.9
A018163,S01817,2026-08-03,Present,7.5
A018164,S01817,2026-08-04,Present,8.6
A018165,S01817,2026-08-05,Present,8.5
A018166,S01817,2026-08-06,Present,9.1
A018167,S01817,2026-08-07,Present,9.5
A018168,S01817,2026-08-08,Present,7.6
A018169,S01817,2026-08-09,Present,7.7
A018170,S01817,2026-08-10,Present,8.0
A018171,S01818,2026-08-01,Present,7.0
A018172,S01818,2026-08-02,Present,9.2
A018173,S01818,2026-08-03,Absent,0.0
A018174,S01818,2026-08-04,Present,7.9
A018175,S01818,2026-08-05,Present,8.5
A018176,S01818,2026-08-06,Half Day,4.6
A018177,S01818,2026-08-07,Present,7.4
A018178,S01818,2026-08-08,Present,8.7
A018179,S01818,2026-08-09,Present,10.0
A018180,S01818,2026-08-10,Present,8.6
A018181,S01819,2026-08-01,Present,7.2
A018182,S01819,2026-08-02,Present,9.7
A018183,S01819,2026-08-03,Present,7.5
A018184,S01819,2026-08-04,Half Day,3.9
A018185,S01819,2026-08-05,Present,9.4
A018186,S01819,2026-08-06,Present,8.3
A018187,S01819,2026-08-07,Present,7.9
A018188,S01819,2026-08-08,Present,9.6
A018189,S01819,2026-08-09,Present,9.8
A018190,S01819,2026-08-10,Present,7.0
A018191,S01820,2026-08-01,Present,7.1
A018192,S01820,2026-08-02,Absent,0.0
A018193,S01820,2026-08-03,Present,9.5
A018194,S01820,2026-08-04,Present,7.8
A018195,S01820,2026-08-05,Present,7.7
A018196,S01820,2026-08-06,Present,7.7
A018197,S01820,2026-08-07,Present,8.3
A018198,S01820,2026-08-08,Present,7.5
A018199,S01820,2026-08-09,Present,7.5
A018200,S01820,2026-08-10,Present,9.6
A018201,S01821,2026-08-01,Absent,0.0
A018202,S01821,2026-08-02,Present,9.3
A018203,S01821,2026-08-03,Present,8.0
A018204,S01821,2026-08-04,Present,7.2
A018205,S01821,2026-08-05,Present,9.5
A018206,S01821,2026-08-06,Present,8.2
A018207,S01821,2026-08-07,Present,7.3
A018208,S01821,2026-08-08,Absent,0.0
A018209,S01821,2026-08-09,Present,8.7
A018210,S01821,2026-08-10,Present,9.8
A018211,S01822,2026-08-01,Present,7.4
A018212,S01822,2026-08-02,Present,9.6
A018213,S01822,2026-08-03,Present,7.1
A018214,S01822,2026-08-04,Absent,0.0
A018215,S01822,2026-08-05,Present,9.0
A018216,S01822,2026-08-06,Present,7.6
A018217,S01822,2026-08-07,Present,8.2
A018218,S01822,2026-08-08,Present,9.6
A018219,S01822,2026-08-09,Absent,0.0
A018220,S01822,2026-08-10,Present,7.0
A018221,S01823,2026-08-01,Present,7.7
A018222,S01823,2026-08-02,Present,9.0
A018223,S01823,2026-08-03,Present,9.5
A018224,S01823,2026-08-04,Present,9.9
A018225,S01823,2026-08-05,Present,7.3
A018226,S01823,2026-08-06,Present,7.8
A018227,S01823,2026-08-07,Present,7.8
A018228,S01823,2026-08-08,Present,7.7
A018229,S01823,2026-08-09,Present,8.3
A018230,S01823,2026-08-10,Present,9.6
A018231,S01824,2026-08-01,Present,7.7
A018232,S01824,2026-08-02,Present,8.9
A018233,S01824,2026-08-03,Present,9.0
A018234,S01824,2026-08-04,Present,9.7
A018235,S01824,2026-08-05,Present,8.8
A018236,S01824,2026-08-06,Present,7.8
A018237,S01824,2026-08-07,Present,7.5
A018238,S01824,2026-08-08,Present,8.0
A018239,S01824,2026-08-09,Present,8.7
A018240,S01824,2026-08-10,Present,7.8
A018241,S01825,2026-08-01,Absent,0.0
A018242,S01825,2026-08-02,Present,8.7
A018243,S01825,2026-08-03,Present,8.5
A018244,S01825,2026-08-04,Present,9.3
A018245,S01825,2026-08-05,Present,9.4
A018246,S01825,2026-08-06,Present,9.5
A018247,S01825,2026-08-07,Present,7.2
A018248,S01825,2026-08-08,Present,9.1
A018249,S01825,2026-08-09,Present,9.4
A018250,S01825,2026-08-10,Half Day,4.9
A018251,S01826,2026-08-01,Present,9.1
A018252,S01826,2026-08-02,Present,7.3
A018253,S01826,2026-08-03,Present,9.3
A018254,S01826,2026-08-04,Present,8.8
A018255,S01826,2026-08-05,Absent,0.0
A018256,S01826,2026-08-06,Present,7.6
A018257,S01826,2026-08-07,Present,9.5
A018258,S01826,2026-08-08,Present,7.5
A018259,S01826,2026-08-09,Present,7.9
A018260,S01826,2026-08-10,Present,8.6
A018261,S01827,2026-08-01,Present,8.2
A018262,S01827,2026-08-02,Present,8.4
A018263,S01827,2026-08-03,Present,8.8
A018264,S01827,2026-08-04,Present,7.6
A018265,S01827,2026-08-05,Present,8.3
A018266,S01827,2026-08-06,Present,7.5
A018267,S01827,2026-08-07,Present,7.1
A018268,S01827,2026-08-08,Present,9.8
A018269,S01827,2026-08-09,Present,7.8
A018270,S01827,2026-08-10,Present,7.4
A018271,S01828,2026-08-01,Present,9.9
A018272,S01828,2026-08-02,Present,7.9
A018273,S01828,2026-08-03,Present,8.7
A018274,S01828,2026-08-04,Present,9.6
A018275,S01828,2026-08-05,Present,7.4
A018276,S01828,2026-08-06,Present,7.6
A018277,S01828,2026-08-07,Present,9.3
A018278,S01828,2026-08-08,Present,9.7
A018279,S01828,2026-08-09,Present,8.9
A018280,S01828,2026-08-10,Present,9.9
A018281,S01829,2026-08-01,Present,8.1
A018282,S01829,2026-08-02,Present,8.2
A018283,S01829,2026-08-03,Present,9.0
A018284,S01829,2026-08-04,Present,7.2
A018285,S01829,2026-08-05,Present,8.1
A018286,S01829,2026-08-06,Present,8.6
A018287,S01829,2026-08-07,Absent,0.0
A018288,S01829,2026-08-08,Present,9.5
A018289,S01829,2026-08-09,Present,7.4
A018290,S01829,2026-08-10,Present,9.7
A018291,S01830,2026-08-01,Present,7.0
A018292,S01830,2026-08-02,Present,9.9
A018293,S01830,2026-08-03,Present,8.3
A018294,S01830,2026-08-04,Present,8.5
A018295,S01830,2026-08-05,Present,9.9
A018296,S01830,2026-08-06,Present,9.2
A018297,S01830,2026-08-07,Present,8.7
A018298,S01830,2026-08-08,Present,9.3
A018299,S01830,2026-08-09,Present,9.3
A018300,S01830,2026-08-10,Half Day,4.4
A018301,S01831,2026-08-01,Half Day,3.1
A018302,S01831,2026-08-02,Present,8.6
A018303,S01831,2026-08-03,Absent,0.0
A018304,S01831,2026-08-04,Present,9.0
A018305,S01831,2026-08-05,Present,8.9
A018306,S01831,2026-08-06,Absent,0.0
A018307,S01831,2026-08-07,Present,9.9
A018308,S01831,2026-08-08,Present,8.7
A018309,S01831,2026-08-09,Half Day,3.4
A018310,S01831,2026-08-10,Present,9.1
A018311,S01832,2026-08-01,Present,9.4
A018312,S01832,2026-08-02,Present,9.8
A018313,S01832,2026-08-03,Present,9.9
A018314,S01832,2026-08-04,Present,7.3
A018315,S01832,2026-08-05,Present,8.7
A018316,S01832,2026-08-06,Present,9.9
A018317,S01832,2026-08-07,Present,7.4
A018318,S01832,2026-08-08,Present,7.5
A018319,S01832,2026-08-09,Present,9.4
A018320,S01832,2026-08-10,Present,8.8
A018321,S01833,2026-08-01,Present,9.3
A018322,S01833,2026-08-02,Half Day,4.1
A018323,S01833,2026-08-03,Present,8.1
A018324,S01833,2026-08-04,Present,7.1
A018325,S01833,2026-08-05,Present,8.4
A018326,S01833,2026-08-06,Present,8.1
A018327,S01833,2026-08-07,Present,8.1
A018328,S01833,2026-08-08,Present,9.4
A018329,S01833,2026-08-09,Present,9.3
A018330,S01833,2026-08-10,Present,9.1
A018331,S01834,2026-08-01,Present,9.2
A018332,S01834,2026-08-02,Present,8.2
A018333,S01834,2026-08-03,Present,7.1
A018334,S01834,2026-08-04,Present,9.4
A018335,S01834,2026-08-05,Present,8.2
A018336,S01834,2026-08-06,Present,7.3
A018337,S01834,2026-08-07,Present,9.1
A018338,S01834,2026-08-08,Absent,0.0
A018339,S01834,2026-08-09,Present,8.4
A018340,S01834,2026-08-10,Present,7.7
A018341,S01835,2026-08-01,Absent,0.0
A018342,S01835,2026-08-02,Present,8.8
A018343,S01835,2026-08-03,Present,8.1
A018344,S01835,2026-08-04,Half Day,4.2
A018345,S01835,2026-08-05,Present,8.7
A018346,S01835,2026-08-06,Present,7.6
A018347,S01835,2026-08-07,Present,9.5
A018348,S01835,2026-08-08,Absent,0.0
A018349,S01835,2026-08-09,Present,7.5
A018350,S01835,2026-08-10,Half Day,3.4
A018351,S01836,2026-08-01,Present,7.4
A018352,S01836,2026-08-02,Present,8.0
A018353,S01836,2026-08-03,Present,9.6
A018354,S01836,2026-08-04,Present,8.6
A018355,S01836,2026-08-05,Present,10.0
A018356,S01836,2026-08-06,Present,8.7
A018357,S01836,2026-08-07,Present,8.5
A018358,S01836,2026-08-08,Half Day,4.6
A018359,S01836,2026-08-09,Present,9.9
A018360,S01836,2026-08-10,Present,9.6
A018361,S01837,2026-08-01,Present,10.0
A018362,S01837,2026-08-02,Present,7.6
A018363,S01837,2026-08-03,Present,8.7
A018364,S01837,2026-08-04,Absent,0.0
A018365,S01837,2026-08-05,Present,7.9
A018366,S01837,2026-08-06,Present,8.8
A018367,S01837,2026-08-07,Present,8.9
A018368,S01837,2026-08-08,Present,7.2
A018369,S01837,2026-08-09,Present,9.2
A018370,S01837,2026-08-10,Present,8.9
A018371,S01838,2026-08-01,Half Day,4.8
A018372,S01838,2026-08-02,Present,9.0
A018373,S01838,2026-08-03,Present,8.9
A018374,S01838,2026-08-04,Present,9.9
A018375,S01838,2026-08-05,Present,8.1
A018376,S01838,2026-08-06,Present,8.1
A018377,S01838,2026-08-07,Present,7.6
A018378,S01838,2026-08-08,Present,7.5
A018379,S01838,2026-08-09,Present,7.4
A018380,S01838,2026-08-10,Present,8.0
A018381,S01839,2026-08-01,Present,7.6
A018382,S01839,2026-08-02,Half Day,4.9
A018383,S01839,2026-08-03,Present,9.9
A018384,S01839,2026-08-04,Present,8.7
A018385,S01839,2026-08-05,Present,7.5
A018386,S01839,2026-08-06,Present,8.3
A018387,S01839,2026-08-07,Present,7.4
A018388,S01839,2026-08-08,Present,7.3
A018389,S01839,2026-08-09,Absent,0.0
A018390,S01839,2026-08-10,Present,7.1
A018391,S01840,2026-08-01,Present,7.2
A018392,S01840,2026-08-02,Present,9.0
A018393,S01840,2026-08-03,Present,7.3
A018394,S01840,2026-08-04,Present,8.1
A018395,S01840,2026-08-05,Present,9.5
A018396,S01840,2026-08-06,Absent,0.0
A018397,S01840,2026-08-07,Absent,0.0
A018398,S01840,2026-08-08,Present,8.3
A018399,S01840,2026-08-09,Present,7.9
A018400,S01840,2026-08-10,Present,9.0
A018401,S01841,2026-08-01,Present,8.7
A018402,S01841,2026-08-02,Present,8.7
A018403,S01841,2026-08-03,Present,9.8
A018404,S01841,2026-08-04,Present,9.6
A018405,S01841,2026-08-05,Present,7.0
A018406,S01841,2026-08-06,Present,8.3
A018407,S01841,2026-08-07,Present,8.3
A018408,S01841,2026-08-08,Absent,0.0
A018409,S01841,2026-08-09,Half Day,4.3
A018410,S01841,2026-08-10,Absent,0.0
A018411,S01842,2026-08-01,Present,9.3
A018412,S01842,2026-08-02,Present,8.5
A018413,S01842,2026-08-03,Present,9.8
A018414,S01842,2026-08-04,Present,9.9
A018415,S01842,2026-08-05,Present,9.3
A018416,S01842,2026-08-06,Present,9.1
A018417,S01842,2026-08-07,Present,7.4
A018418,S01842,2026-08-08,Present,7.9
A018419,S01842,2026-08-09,Present,8.7
A018420,S01842,2026-08-10,Half Day,3.4
A018421,S01843,2026-08-01,Present,8.4
A018422,S01843,2026-08-02,Present,7.5
A018423,S01843,2026-08-03,Present,8.0
A018424,S01843,2026-08-04,Present,9.8
A018425,S01843,2026-08-05,Half Day,4.1
A018426,S01843,2026-08-06,Present,8.8
A018427,S01843,2026-08-07,Present,8.8
A018428,S01843,2026-08-08,Present,7.6
A018429,S01843,2026-08-09,Present,7.9
A018430,S01843,2026-08-10,Absent,0.0
A018431,S01844,2026-08-01,Present,8.0
A018432,S01844,2026-08-02,Present,7.5
A018433,S01844,2026-08-03,Present,10.0
A018434,S01844,2026-08-04,Half Day,4.1
A018435,S01844,2026-08-05,Present,8.8
A018436,S01844,2026-08-06,Present,8.5
A018437,S01844,2026-08-07,Present,7.9
A018438,S01844,2026-08-08,Present,7.9
A018439,S01844,2026-08-09,Present,8.8
A018440,S01844,2026-08-10,Absent,0.0
A018441,S01845,2026-08-01,Present,8.2
A018442,S01845,2026-08-02,Present,9.6
A018443,S01845,2026-08-03,Present,9.2
A018444,S01845,2026-08-04,Present,8.8
A018445,S01845,2026-08-05,Present,7.2
A018446,S01845,2026-08-06,Present,9.8
A018447,S01845,2026-08-07,Present,8.8
A018448,S01845,2026-08-08,Present,8.8
A018449,S01845,2026-08-09,Present,7.1
A018450,S01845,2026-08-10,Present,7.9
A018451,S01846,2026-08-01,Present,10.0
A018452,S01846,2026-08-02,Present,9.0
A018453,S01846,2026-08-03,Present,9.3
A018454,S01846,2026-08-04,Present,9.2
A018455,S01846,2026-08-05,Present,8.4
A018456,S01846,2026-08-06,Present,7.3
A018457,S01846,2026-08-07,Present,9.9
A018458,S01846,2026-08-08,Present,8.3
A018459,S01846,2026-08-09,Present,9.4
A018460,S01846,2026-08-10,Present,8.7
A018461,S01847,2026-08-01,Absent,0.0
A018462,S01847,2026-08-02,Present,8.0
A018463,S01847,2026-08-03,Present,9.8
A018464,S01847,2026-08-04,Absent,0.0
A018465,S01847,2026-08-05,Present,7.0
A018466,S01847,2026-08-06,Half Day,3.7
A018467,S01847,2026-08-07,Present,7.8
A018468,S01847,2026-08-08,Present,8.5
A018469,S01847,2026-08-09,Present,9.3
A018470,S01847,2026-08-10,Present,7.0
A018471,S01848,2026-08-01,Present,7.1
A018472,S01848,2026-08-02,Present,8.1
A018473,S01848,2026-08-03,Present,8.3
A018474,S01848,2026-08-04,Present,9.5
A018475,S01848,2026-08-05,Present,8.5
A018476,S01848,2026-08-06,Present,7.1
A018477,S01848,2026-08-07,Present,8.2
A018478,S01848,2026-08-08,Present,8.0
A018479,S01848,2026-08-09,Present,7.8
A018480,S01848,2026-08-10,Present,7.2
A018481,S01849,2026-08-01,Present,7.2
A018482,S01849,2026-08-02,Present,9.4
A018483,S01849,2026-08-03,Present,9.9
A018484,S01849,2026-08-04,Present,9.1
A018485,S01849,2026-08-05,Present,7.5
A018486,S01849,2026-08-06,Present,9.4
A018487,S01849,2026-08-07,Present,8.4
A018488,S01849,2026-08-08,Present,7.1
A018489,S01849,2026-08-09,Present,9.4
A018490,S01849,2026-08-10,Present,7.4
A018491,S01850,2026-08-01,Present,8.8
A018492,S01850,2026-08-02,Absent,0.0
A018493,S01850,2026-08-03,Present,9.0
A018494,S01850,2026-08-04,Present,8.3
A018495,S01850,2026-08-05,Present,8.6
A018496,S01850,2026-08-06,Present,7.8
A018497,S01850,2026-08-07,Present,10.0
A018498,S01850,2026-08-08,Present,9.0
A018499,S01850,2026-08-09,Present,9.3
A018500,S01850,2026-08-10,Present,8.3
A018501,S01851,2026-08-01,Present,8.4
A018502,S01851,2026-08-02,Present,8.4
A018503,S01851,2026-08-03,Present,9.5
A018504,S01851,2026-08-04,Present,7.5
A018505,S01851,2026-08-05,Present,7.5
A018506,S01851,2026-08-06,Present,9.7
A018507,S01851,2026-08-07,Present,9.7
A018508,S01851,2026-08-08,Present,7.1
A018509,S01851,2026-08-09,Present,7.3
A018510,S01851,2026-08-10,Present,9.9
A018511,S01852,2026-08-01,Present,7.7
A018512,S01852,2026-08-02,Half Day,4.5
A018513,S01852,2026-08-03,Present,9.4
A018514,S01852,2026-08-04,Present,7.3
A018515,S01852,2026-08-05,Present,8.3
A018516,S01852,2026-08-06,Present,9.3
A018517,S01852,2026-08-07,Present,9.7
A018518,S01852,2026-08-08,Present,8.3
A018519,S01852,2026-08-09,Present,8.5
A018520,S01852,2026-08-10,Present,9.8
A018521,S01853,2026-08-01,Present,8.1
A018522,S01853,2026-08-02,Present,8.5
A018523,S01853,2026-08-03,Present,9.7
A018524,S01853,2026-08-04,Present,8.1
A018525,S01853,2026-08-05,Half Day,3.5
A018526,S01853,2026-08-06,Present,8.5
A018527,S01853,2026-08-07,Present,9.0
A018528,S01853,2026-08-08,Present,7.6
A018529,S01853,2026-08-09,Present,9.7
A018530,S01853,2026-08-10,Absent,0.0
A018531,S01854,2026-08-01,Present,7.1
A018532,S01854,2026-08-02,Absent,0.0
A018533,S01854,2026-08-03,Absent,0.0
A018534,S01854,2026-08-04,Present,9.6
A018535,S01854,2026-08-05,Present,7.8
A018536,S01854,2026-08-06,Present,8.8
A018537,S01854,2026-08-07,Present,8.9
A018538,S01854,2026-08-08,Present,7.2
A018539,S01854,2026-08-09,Present,8.5
A018540,S01854,2026-08-10,Present,9.2
A018541,S01855,2026-08-01,Half Day,3.1
A018542,S01855,2026-08-02,Present,7.9
A018543,S01855,2026-08-03,Present,8.7
A018544,S01855,2026-08-04,Present,8.4
A018545,S01855,2026-08-05,Present,7.7
A018546,S01855,2026-08-06,Present,7.1
A018547,S01855,2026-08-07,Present,8.1
A018548,S01855,2026-08-08,Present,8.4
A018549,S01855,2026-08-09,Present,8.5
A018550,S01855,2026-08-10,Present,8.4
A018551,S01856,2026-08-01,Present,9.4
A018552,S01856,2026-08-02,Present,8.4
A018553,S01856,2026-08-03,Present,7.4
A018554,S01856,2026-08-04,Present,7.8
A018555,S01856,2026-08-05,Absent,0.0
A018556,S01856,2026-08-06,Half Day,4.9
A018557,S01856,2026-08-07,Present,9.2
A018558,S01856,2026-08-08,Present,8.5
A018559,S01856,2026-08-09,Absent,0.0
A018560,S01856,2026-08-10,Present,9.4
A018561,S01857,2026-08-01,Present,8.6
A018562,S01857,2026-08-02,Present,9.2
A018563,S01857,2026-08-03,Present,7.1
A018564,S01857,2026-08-04,Present,9.5
A018565,S01857,2026-08-05,Present,7.9
A018566,S01857,2026-08-06,Present,8.5
A018567,S01857,2026-08-07,Present,7.7
A018568,S01857,2026-08-08,Present,8.5
A018569,S01857,2026-08-09,Present,9.4
A018570,S01857,2026-08-10,Present,8.2
A018571,S01858,2026-08-01,Present,9.0
A018572,S01858,2026-08-02,Present,8.2
A018573,S01858,2026-08-03,Present,7.7
A018574,S01858,2026-08-04,Present,7.9
A018575,S01858,2026-08-05,Present,8.8
A018576,S01858,2026-08-06,Present,9.5
A018577,S01858,2026-08-07,Present,7.3
A018578,S01858,2026-08-08,Present,9.3
A018579,S01858,2026-08-09,Absent,0.0
A018580,S01858,2026-08-10,Present,7.4
A018581,S01859,2026-08-01,Absent,0.0
A018582,S01859,2026-08-02,Half Day,4.0
A018583,S01859,2026-08-03,Present,8.9
A018584,S01859,2026-08-04,Present,8.9
A018585,S01859,2026-08-05,Present,8.2
A018586,S01859,2026-08-06,Present,7.2
A018587,S01859,2026-08-07,Present,9.2
A018588,S01859,2026-08-08,Half Day,3.8
A018589,S01859,2026-08-09,Present,8.5
A018590,S01859,2026-08-10,Present,9.5
A018591,S01860,2026-08-01,Present,8.2
A018592,S01860,2026-08-02,Half Day,3.9
A018593,S01860,2026-08-03,Present,10.0
A018594,S01860,2026-08-04,Present,8.4
A018595,S01860,2026-08-05,Present,9.1
A018596,S01860,2026-08-06,Present,7.9
A018597,S01860,2026-08-07,Present,8.6
A018598,S01860,2026-08-08,Half Day,3.1
A018599,S01860,2026-08-09,Present,9.6
A018600,S01860,2026-08-10,Present,7.4
A018601,S01861,2026-08-01,Present,9.1
A018602,S01861,2026-08-02,Absent,0.0
A018603,S01861,2026-08-03,Present,8.7
A018604,S01861,2026-08-04,Present,9.5
A018605,S01861,2026-08-05,Present,9.0
A018606,S01861,2026-08-06,Half Day,4.3
A018607,S01861,2026-08-07,Present,8.4
A018608,S01861,2026-08-08,Present,8.0
A018609,S01861,2026-08-09,Present,8.3
A018610,S01861,2026-08-10,Half Day,4.7
A018611,S01862,2026-08-01,Present,9.3
A018612,S01862,2026-08-02,Present,9.9
A018613,S01862,2026-08-03,Present,8.1
A018614,S01862,2026-08-04,Half Day,3.4
A018615,S01862,2026-08-05,Present,8.1
A018616,S01862,2026-08-06,Half Day,3.9
A018617,S01862,2026-08-07,Present,9.4
A018618,S01862,2026-08-08,Half Day,3.3
A018619,S01862,2026-08-09,Absent,0.0
A018620,S01862,2026-08-10,Present,7.6
A018621,S01863,2026-08-01,Present,8.9
A018622,S01863,2026-08-02,Present,8.7
A018623,S01863,2026-08-03,Present,9.0
A018624,S01863,2026-08-04,Half Day,3.7
A018625,S01863,2026-08-05,Present,8.9
A018626,S01863,2026-08-06,Present,8.0
A018627,S01863,2026-08-07,Present,9.6
A018628,S01863,2026-08-08,Present,7.3
A018629,S01863,2026-08-09,Present,9.4
A018630,S01863,2026-08-10,Present,9.3
A018631,S01864,2026-08-01,Half Day,3.8
A018632,S01864,2026-08-02,Present,8.6
A018633,S01864,2026-08-03,Present,7.1
A018634,S01864,2026-08-04,Present,9.3
A018635,S01864,2026-08-05,Absent,0.0
A018636,S01864,2026-08-06,Present,7.1
A018637,S01864,2026-08-07,Present,9.4
A018638,S01864,2026-08-08,Present,8.6
A018639,S01864,2026-08-09,Half Day,4.6
A018640,S01864,2026-08-10,Present,9.9
A018641,S01865,2026-08-01,Absent,0.0
A018642,S01865,2026-08-02,Present,10.0
A018643,S01865,2026-08-03,Present,7.4
A018644,S01865,2026-08-04,Present,9.5
A018645,S01865,2026-08-05,Half Day,4.4
A018646,S01865,2026-08-06,Half Day,3.7
A018647,S01865,2026-08-07,Present,8.5
A018648,S01865,2026-08-08,Present,8.6
A018649,S01865,2026-08-09,Present,7.1
A018650,S01865,2026-08-10,Half Day,4.5
A018651,S01866,2026-08-01,Half Day,4.5
A018652,S01866,2026-08-02,Present,9.5
A018653,S01866,2026-08-03,Present,7.9
A018654,S01866,2026-08-04,Present,8.9
A018655,S01866,2026-08-05,Present,7.6
A018656,S01866,2026-08-06,Present,8.7
A018657,S01866,2026-08-07,Present,7.1
A018658,S01866,2026-08-08,Present,8.5
A018659,S01866,2026-08-09,Present,8.6
A018660,S01866,2026-08-10,Present,7.4
A018661,S01867,2026-08-01,Present,8.9
A018662,S01867,2026-08-02,Present,9.6
A018663,S01867,2026-08-03,Present,8.1
A018664,S01867,2026-08-04,Present,9.0
A018665,S01867,2026-08-05,Present,9.5
A018666,S01867,2026-08-06,Present,8.0
A018667,S01867,2026-08-07,Present,9.6
A018668,S01867,2026-08-08,Present,9.2
A018669,S01867,2026-08-09,Present,7.1
A018670,S01867,2026-08-10,Present,7.1
A018671,S01868,2026-08-01,Present,9.3
A018672,S01868,2026-08-02,Present,9.4
A018673,S01868,2026-08-03,Half Day,4.3
A018674,S01868,2026-08-04,Present,7.5
A018675,S01868,2026-08-05,Present,8.8
A018676,S01868,2026-08-06,Present,7.5
A018677,S01868,2026-08-07,Present,8.0
A018678,S01868,2026-08-08,Present,8.2
A018679,S01868,2026-08-09,Present,9.2
A018680,S01868,2026-08-10,Present,7.8
A018681,S01869,2026-08-01,Present,7.4
A018682,S01869,2026-08-02,Present,9.6
A018683,S01869,2026-08-03,Present,9.5
A018684,S01869,2026-08-04,Present,8.4
A018685,S01869,2026-08-05,Present,8.2
A018686,S01869,2026-08-06,Present,9.6
A018687,S01869,2026-08-07,Present,7.1
A018688,S01869,2026-08-08,Present,8.3
A018689,S01869,2026-08-09,Present,7.8
A018690,S01869,2026-08-10,Present,9.5
A018691,S01870,2026-08-01,Present,7.3
A018692,S01870,2026-08-02,Present,10.0
A018693,S01870,2026-08-03,Absent,0.0
A018694,S01870,2026-08-04,Present,10.0
A018695,S01870,2026-08-05,Present,8.9
A018696,S01870,2026-08-06,Present,8.7
A018697,S01870,2026-08-07,Present,8.5
A018698,S01870,2026-08-08,Present,7.8
A018699,S01870,2026-08-09,Present,8.9
A018700,S01870,2026-08-10,Present,7.8
A018701,S01871,2026-08-01,Present,8.9
A018702,S01871,2026-08-02,Half Day,3.6
A018703,S01871,2026-08-03,Present,9.1
A018704,S01871,2026-08-04,Present,8.4
A018705,S01871,2026-08-05,Present,8.4
A018706,S01871,2026-08-06,Present,9.8
A018707,S01871,2026-08-07,Present,8.1
A018708,S01871,2026-08-08,Present,10.0
A018709,S01871,2026-08-09,Present,9.6
A018710,S01871,2026-08-10,Present,7.1
A018711,S01872,2026-08-01,Present,7.8
A018712,S01872,2026-08-02,Present,9.5
A018713,S01872,2026-08-03,Present,8.7
A018714,S01872,2026-08-04,Half Day,4.1
A018715,S01872,2026-08-05,Present,9.7
A018716,S01872,2026-08-06,Present,9.6
A018717,S01872,2026-08-07,Absent,0.0
A018718,S01872,2026-08-08,Present,7.6
A018719,S01872,2026-08-09,Present,10.0
A018720,S01872,2026-08-10,Present,9.4
A018721,S01873,2026-08-01,Present,7.6
A018722,S01873,2026-08-02,Present,7.7
A018723,S01873,2026-08-03,Present,8.7
A018724,S01873,2026-08-04,Present,7.8
A018725,S01873,2026-08-05,Present,7.6
A018726,S01873,2026-08-06,Present,9.9
A018727,S01873,2026-08-07,Present,9.9
A018728,S01873,2026-08-08,Present,8.7
A018729,S01873,2026-08-09,Present,9.8
A018730,S01873,2026-08-10,Present,9.4
A018731,S01874,2026-08-01,Present,8.0
A018732,S01874,2026-08-02,Present,9.5
A018733,S01874,2026-08-03,Present,9.0
A018734,S01874,2026-08-04,Present,7.0
A018735,S01874,2026-08-05,Present,9.2
A018736,S01874,2026-08-06,Present,9.5
A018737,S01874,2026-08-07,Present,9.5
A018738,S01874,2026-08-08,Present,9.2
A018739,S01874,2026-08-09,Present,7.6
A018740,S01874,2026-08-10,Present,9.6
A018741,S01875,2026-08-01,Present,9.3
A018742,S01875,2026-08-02,Present,7.9
A018743,S01875,2026-08-03,Half Day,4.4
A018744,S01875,2026-08-04,Present,8.8
A018745,S01875,2026-08-05,Present,7.4
A018746,S01875,2026-08-06,Present,9.6
A018747,S01875,2026-08-07,Present,7.1
A018748,S01875,2026-08-08,Present,8.5
A018749,S01875,2026-08-09,Present,8.5
A018750,S01875,2026-08-10,Present,8.2
A018751,S01876,2026-08-01,Absent,0.0
A018752,S01876,2026-08-02,Present,9.2
A018753,S01876,2026-08-03,Present,8.7
A018754,S01876,2026-08-04,Present,9.9
A018755,S01876,2026-08-05,Present,7.3
A018756,S01876,2026-08-06,Present,8.3
A018757,S01876,2026-08-07,Present,8.3
A018758,S01876,2026-08-08,Present,7.5
A018759,S01876,2026-08-09,Present,8.2
A018760,S01876,2026-08-10,Present,9.4
A018761,S01877,2026-08-01,Present,9.4
A018762,S01877,2026-08-02,Present,8.9
A018763,S01877,2026-08-03,Present,9.3
A018764,S01877,2026-08-04,Present,8.0
A018765,S01877,2026-08-05,Present,8.6
A018766,S01877,2026-08-06,Present,8.8
A018767,S01877,2026-08-07,Present,8.4
A018768,S01877,2026-08-08,Absent,0.0
A018769,S01877,2026-08-09,Present,9.8
A018770,S01877,2026-08-10,Present,8.8
A018771,S01878,2026-08-01,Present,9.2
A018772,S01878,2026-08-02,Present,7.6
A018773,S01878,2026-08-03,Present,9.8
A018774,S01878,2026-08-04,Present,7.7
A018775,S01878,2026-08-05,Present,8.3
A018776,S01878,2026-08-06,Half Day,3.3
A018777,S01878,2026-08-07,Present,8.3
A018778,S01878,2026-08-08,Present,8.9
A018779,S01878,2026-08-09,Present,7.9
A018780,S01878,2026-08-10,Present,9.9
A018781,S01879,2026-08-01,Present,7.6
A018782,S01879,2026-08-02,Absent,0.0
A018783,S01879,2026-08-03,Present,7.0
A018784,S01879,2026-08-04,Present,9.0
A018785,S01879,2026-08-05,Present,9.7
A018786,S01879,2026-08-06,Present,9.2
A018787,S01879,2026-08-07,Present,9.4
A018788,S01879,2026-08-08,Half Day,4.8
A018789,S01879,2026-08-09,Absent,0.0
A018790,S01879,2026-08-10,Present,9.1
A018791,S01880,2026-08-01,Present,9.2
A018792,S01880,2026-08-02,Half Day,3.4
A018793,S01880,2026-08-03,Present,7.4
A018794,S01880,2026-08-04,Present,9.1
A018795,S01880,2026-08-05,Present,9.1
A018796,S01880,2026-08-06,Present,9.5
A018797,S01880,2026-08-07,Present,8.5
A018798,S01880,2026-08-08,Present,9.8
A018799,S01880,2026-08-09,Half Day,4.0
A018800,S01880,2026-08-10,Present,8.0
A018801,S01881,2026-08-01,Present,8.9
A018802,S01881,2026-08-02,Present,9.4
A018803,S01881,2026-08-03,Present,9.7
A018804,S01881,2026-08-04,Present,7.4
A018805,S01881,2026-08-05,Present,9.4
A018806,S01881,2026-08-06,Half Day,4.6
A018807,S01881,2026-08-07,Present,7.3
A018808,S01881,2026-08-08,Present,9.6
A018809,S01881,2026-08-09,Present,8.8
A018810,S01881,2026-08-10,Present,8.2
A018811,S01882,2026-08-01,Half Day,4.5
A018812,S01882,2026-08-02,Present,7.3
A018813,S01882,2026-08-03,Absent,0.0
A018814,S01882,2026-08-04,Present,8.7
A018815,S01882,2026-08-05,Present,8.9
A018816,S01882,2026-08-06,Present,7.2
A018817,S01882,2026-08-07,Absent,0.0
A018818,S01882,2026-08-08,Present,10.0
A018819,S01882,2026-08-09,Present,7.2
A018820,S01882,2026-08-10,Present,9.3
A018821,S01883,2026-08-01,Present,7.5
A018822,S01883,2026-08-02,Present,7.6
A018823,S01883,2026-08-03,Present,7.6
A018824,S01883,2026-08-04,Present,7.9
A018825,S01883,2026-08-05,Present,9.7
A018826,S01883,2026-08-06,Half Day,4.2
A018827,S01883,2026-08-07,Present,8.9
A018828,S01883,2026-08-08,Present,9.3
A018829,S01883,2026-08-09,Present,8.2
A018830,S01883,2026-08-10,Present,7.7
A018831,S01884,2026-08-01,Present,9.9
A018832,S01884,2026-08-02,Absent,0.0
A018833,S01884,2026-08-03,Present,9.9
A018834,S01884,2026-08-04,Present,9.2
A018835,S01884,2026-08-05,Present,8.8
A018836,S01884,2026-08-06,Present,7.9
A018837,S01884,2026-08-07,Present,7.3
A018838,S01884,2026-08-08,Present,7.2
A018839,S01884,2026-08-09,Present,9.2
A018840,S01884,2026-08-10,Present,8.7
A018841,S01885,2026-08-01,Present,8.7
A018842,S01885,2026-08-02,Present,8.0
A018843,S01885,2026-08-03,Present,9.5
A018844,S01885,2026-08-04,Present,8.1
A018845,S01885,2026-08-05,Present,9.9
A018846,S01885,2026-08-06,Half Day,4.7
A018847,S01885,2026-08-07,Present,7.5
A018848,S01885,2026-08-08,Present,7.8
A018849,S01885,2026-08-09,Present,8.1
A018850,S01885,2026-08-10,Present,9.8
A018851,S01886,2026-08-01,Present,7.8
A018852,S01886,2026-08-02,Present,8.6
A018853,S01886,2026-08-03,Half Day,3.6
A018854,S01886,2026-08-04,Present,9.3
A018855,S01886,2026-08-05,Present,8.1
A018856,S01886,2026-08-06,Present,8.8
A018857,S01886,2026-08-07,Present,7.4
A018858,S01886,2026-08-08,Half Day,4.8
A018859,S01886,2026-08-09,Absent,0.0
A018860,S01886,2026-08-10,Present,9.4
A018861,S01887,2026-08-01,Absent,0.0
A018862,S01887,2026-08-02,Present,9.4
A018863,S01887,2026-08-03,Present,8.7
A018864,S01887,2026-08-04,Present,8.8
A018865,S01887,2026-08-05,Present,8.9
A018866,S01887,2026-08-06,Present,9.1
A018867,S01887,2026-08-07,Present,7.7
A018868,S01887,2026-08-08,Present,8.3
A018869,S01887,2026-08-09,Present,9.9
A018870,S01887,2026-08-10,Half Day,3.9
A018871,S01888,2026-08-01,Present,8.6
A018872,S01888,2026-08-02,Present,9.7
A018873,S01888,2026-08-03,Absent,0.0
A018874,S01888,2026-08-04,Present,7.2
A018875,S01888,2026-08-05,Present,7.6
A018876,S01888,2026-08-06,Present,9.5
A018877,S01888,2026-08-07,Half Day,3.5
A018878,S01888,2026-08-08,Present,7.4
A018879,S01888,2026-08-09,Present,7.9
A018880,S01888,2026-08-10,Present,7.9
A018881,S01889,2026-08-01,Present,9.5
A018882,S01889,2026-08-02,Present,7.2
A018883,S01889,2026-08-03,Present,7.2
A018884,S01889,2026-08-04,Present,7.6
A018885,S01889,2026-08-05,Present,9.2
A018886,S01889,2026-08-06,Present,7.6
A018887,S01889,2026-08-07,Present,8.7
A018888,S01889,2026-08-08,Absent,0.0
A018889,S01889,2026-08-09,Present,9.6
A018890,S01889,2026-08-10,Present,8.7
A018891,S01890,2026-08-01,Present,8.8
A018892,S01890,2026-08-02,Present,8.8
A018893,S01890,2026-08-03,Present,9.8
A018894,S01890,2026-08-04,Present,9.9
A018895,S01890,2026-08-05,Absent,0.0
A018896,S01890,2026-08-06,Present,8.2
A018897,S01890,2026-08-07,Present,7.2
A018898,S01890,2026-08-08,Half Day,4.6
A018899,S01890,2026-08-09,Present,9.7
A018900,S01890,2026-08-10,Absent,0.0
A018901,S01891,2026-08-01,Present,9.6
A018902,S01891,2026-08-02,Present,8.1
A018903,S01891,2026-08-03,Present,7.1
A018904,S01891,2026-08-04,Present,8.7
A018905,S01891,2026-08-05,Present,9.1
A018906,S01891,2026-08-06,Present,9.8
A018907,S01891,2026-08-07,Absent,0.0
A018908,S01891,2026-08-08,Present,9.2
A018909,S01891,2026-08-09,Present,9.9
A018910,S01891,2026-08-10,Present,7.7
A018911,S01892,2026-08-01,Present,8.3
A018912,S01892,2026-08-02,Present,7.3
A018913,S01892,2026-08-03,Present,9.7
A018914,S01892,2026-08-04,Present,9.9
A018915,S01892,2026-08-05,Present,9.7
A018916,S01892,2026-08-06,Present,9.3
A018917,S01892,2026-08-07,Present,9.1
A018918,S01892,2026-08-08,Present,8.4
A018919,S01892,2026-08-09,Present,9.5
A018920,S01892,2026-08-10,Present,8.0
A018921,S01893,2026-08-01,Present,9.4
A018922,S01893,2026-08-02,Half Day,3.0
A018923,S01893,2026-08-03,Present,7.1
A018924,S01893,2026-08-04,Present,8.1
A018925,S01893,2026-08-05,Absent,0.0
A018926,S01893,2026-08-06,Absent,0.0
A018927,S01893,2026-08-07,Present,9.6
A018928,S01893,2026-08-08,Present,9.4
A018929,S01893,2026-08-09,Absent,0.0
A018930,S01893,2026-08-10,Absent,0.0
A018931,S01894,2026-08-01,Present,7.5
A018932,S01894,2026-08-02,Present,8.3
A018933,S01894,2026-08-03,Present,8.5
A018934,S01894,2026-08-04,Present,8.0
A018935,S01894,2026-08-05,Present,8.7
A018936,S01894,2026-08-06,Absent,0.0
A018937,S01894,2026-08-07,Present,7.4
A018938,S01894,2026-08-08,Absent,0.0
A018939,S01894,2026-08-09,Present,8.9
A018940,S01894,2026-08-10,Half Day,4.7
A018941,S01895,2026-08-01,Present,7.9
A018942,S01895,2026-08-02,Present,9.5
A018943,S01895,2026-08-03,Present,9.8
A018944,S01895,2026-08-04,Half Day,4.6
A018945,S01895,2026-08-05,Present,9.9
A018946,S01895,2026-08-06,Half Day,4.4
A018947,S01895,2026-08-07,Present,8.4
A018948,S01895,2026-08-08,Present,7.7
A018949,S01895,2026-08-09,Present,7.4
A018950,S01895,2026-08-10,Present,9.0
A018951,S01896,2026-08-01,Present,7.3
A018952,S01896,2026-08-02,Half Day,4.8
A018953,S01896,2026-08-03,Present,7.7
A018954,S01896,2026-08-04,Present,9.2
A018955,S01896,2026-08-05,Present,7.3
A018956,S01896,2026-08-06,Half Day,3.7
A018957,S01896,2026-08-07,Present,9.1
A018958,S01896,2026-08-08,Present,7.7
A018959,S01896,2026-08-09,Present,9.1
A018960,S01896,2026-08-10,Present,10.0
A018961,S01897,2026-08-01,Present,8.6
A018962,S01897,2026-08-02,Present,9.0
A018963,S01897,2026-08-03,Half Day,4.7
A018964,S01897,2026-08-04,Present,8.2
A018965,S01897,2026-08-05,Present,9.3
A018966,S01897,2026-08-06,Present,8.4
A018967,S01897,2026-08-07,Present,8.6
A018968,S01897,2026-08-08,Present,7.5
A018969,S01897,2026-08-09,Present,8.6
A018970,S01897,2026-08-10,Half Day,4.9
A018971,S01898,2026-08-01,Present,8.4
A018972,S01898,2026-08-02,Present,9.9
A018973,S01898,2026-08-03,Half Day,3.1
A018974,S01898,2026-08-04,Present,8.3
A018975,S01898,2026-08-05,Present,8.9
A018976,S01898,2026-08-06,Present,8.2
A018977,S01898,2026-08-07,Absent,0.0
A018978,S01898,2026-08-08,Present,7.4
A018979,S01898,2026-08-09,Present,8.6
A018980,S01898,2026-08-10,Present,8.1
A018981,S01899,2026-08-01,Present,9.2
A018982,S01899,2026-08-02,Present,9.8
A018983,S01899,2026-08-03,Present,8.6
A018984,S01899,2026-08-04,Present,8.6
A018985,S01899,2026-08-05,Present,8.4
A018986,S01899,2026-08-06,Present,9.0
A018987,S01899,2026-08-07,Present,8.6
A018988,S01899,2026-08-08,Present,10.0
A018989,S01899,2026-08-09,Present,9.5
A018990,S01899,2026-08-10,Present,9.0
A018991,S01900,2026-08-01,Present,7.7
A018992,S01900,2026-08-02,Present,8.1
A018993,S01900,2026-08-03,Present,9.9
A018994,S01900,2026-08-04,Present,7.3
A018995,S01900,2026-08-05,Present,8.1
A018996,S01900,2026-08-06,Present,7.5
A018997,S01900,2026-08-07,Present,8.9
A018998,S01900,2026-08-08,Present,7.9
A018999,S01900,2026-08-09,Present,7.0
A019000,S01900,2026-08-10,Present,8.3
A019001,S01901,2026-08-01,Present,9.4
A019002,S01901,2026-08-02,Half Day,3.7
A019003,S01901,2026-08-03,Absent,0.0
A019004,S01901,2026-08-04,Present,8.6
A019005,S01901,2026-08-05,Present,7.5
A019006,S01901,2026-08-06,Present,9.1
A019007,S01901,2026-08-07,Present,7.3
A019008,S01901,2026-08-08,Present,7.7
A019009,S01901,2026-08-09,Present,7.0
A019010,S01901,2026-08-10,Present,7.3
A019011,S01902,2026-08-01,Present,9.5
A019012,S01902,2026-08-02,Present,9.8
A019013,S01902,2026-08-03,Present,7.4
A019014,S01902,2026-08-04,Present,9.5
A019015,S01902,2026-08-05,Present,9.5
A019016,S01902,2026-08-06,Present,9.6
A019017,S01902,2026-08-07,Present,8.7
A019018,S01902,2026-08-08,Present,9.6
A019019,S01902,2026-08-09,Present,7.9
A019020,S01902,2026-08-10,Present,8.7
A019021,S01903,2026-08-01,Present,9.3
A019022,S01903,2026-08-02,Half Day,3.4
A019023,S01903,2026-08-03,Present,8.8
A019024,S01903,2026-08-04,Present,8.2
A019025,S01903,2026-08-05,Present,7.3
A019026,S01903,2026-08-06,Present,7.7
A019027,S01903,2026-08-07,Present,8.2
A019028,S01903,2026-08-08,Present,7.4
A019029,S01903,2026-08-09,Present,8.4
A019030,S01903,2026-08-10,Present,7.8
A019031,S01904,2026-08-01,Present,9.2
A019032,S01904,2026-08-02,Present,8.5
A019033,S01904,2026-08-03,Present,9.7
A019034,S01904,2026-08-04,Present,8.6
A019035,S01904,2026-08-05,Present,7.5
A019036,S01904,2026-08-06,Present,7.2
A019037,S01904,2026-08-07,Present,7.9
A019038,S01904,2026-08-08,Present,7.7
A019039,S01904,2026-08-09,Present,7.1
A019040,S01904,2026-08-10,Present,8.0
A019041,S01905,2026-08-01,Present,8.7
A019042,S01905,2026-08-02,Present,8.6
A019043,S01905,2026-08-03,Present,7.1
A019044,S01905,2026-08-04,Present,7.1
A019045,S01905,2026-08-05,Present,7.3
A019046,S01905,2026-08-06,Present,9.4
A019047,S01905,2026-08-07,Present,7.0
A019048,S01905,2026-08-08,Present,9.2
A019049,S01905,2026-08-09,Present,8.0
A019050,S01905,2026-08-10,Absent,0.0
A019051,S01906,2026-08-01,Absent,0.0
A019052,S01906,2026-08-02,Present,9.7
A019053,S01906,2026-08-03,Present,8.4
A019054,S01906,2026-08-04,Present,7.3
A019055,S01906,2026-08-05,Present,8.3
A019056,S01906,2026-08-06,Present,8.7
A019057,S01906,2026-08-07,Present,9.4
A019058,S01906,2026-08-08,Present,9.3
A019059,S01906,2026-08-09,Present,7.5
A019060,S01906,2026-08-10,Present,7.6
A019061,S01907,2026-08-01,Present,8.9
A019062,S01907,2026-08-02,Present,9.8
A019063,S01907,2026-08-03,Present,8.5
A019064,S01907,2026-08-04,Present,8.6
A019065,S01907,2026-08-05,Present,8.3
A019066,S01907,2026-08-06,Present,9.5
A019067,S01907,2026-08-07,Present,9.8
A019068,S01907,2026-08-08,Present,9.4
A019069,S01907,2026-08-09,Half Day,4.1
A019070,S01907,2026-08-10,Present,7.2
A019071,S01908,2026-08-01,Present,7.3
A019072,S01908,2026-08-02,Present,8.9
A019073,S01908,2026-08-03,Present,8.9
A019074,S01908,2026-08-04,Present,8.9
A019075,S01908,2026-08-05,Half Day,4.4
A019076,S01908,2026-08-06,Present,7.7
A019077,S01908,2026-08-07,Present,9.6
A019078,S01908,2026-08-08,Present,7.3
A019079,S01908,2026-08-09,Present,8.5
A019080,S01908,2026-08-10,Present,8.0
A019081,S01909,2026-08-01,Present,7.6
A019082,S01909,2026-08-02,Present,7.1
A019083,S01909,2026-08-03,Present,8.6
A019084,S01909,2026-08-04,Present,8.7
A019085,S01909,2026-08-05,Present,9.9
A019086,S01909,2026-08-06,Present,9.3
A019087,S01909,2026-08-07,Present,8.9
A019088,S01909,2026-08-08,Present,8.0
A019089,S01909,2026-08-09,Present,7.1
A019090,S01909,2026-08-10,Present,9.1
A019091,S01910,2026-08-01,Present,9.5
A019092,S01910,2026-08-02,Present,7.7
A019093,S01910,2026-08-03,Present,9.9
A019094,S01910,2026-08-04,Present,7.6
A019095,S01910,2026-08-05,Present,8.1
A019096,S01910,2026-08-06,Present,9.2
A019097,S01910,2026-08-07,Absent,0.0
A019098,S01910,2026-08-08,Present,9.4
A019099,S01910,2026-08-09,Present,8.1
A019100,S01910,2026-08-10,Present,8.3
A019101,S01911,2026-08-01,Present,9.5
A019102,S01911,2026-08-02,Present,8.6
A019103,S01911,2026-08-03,Present,7.3
A019104,S01911,2026-08-04,Present,9.6
A019105,S01911,2026-08-05,Present,10.0
A019106,S01911,2026-08-06,Present,9.7
A019107,S01911,2026-08-07,Present,9.1
A019108,S01911,2026-08-08,Present,7.4
A019109,S01911,2026-08-09,Present,8.1
A019110,S01911,2026-08-10,Present,8.9
A019111,S01912,2026-08-01,Present,7.8
A019112,S01912,2026-08-02,Present,10.0
A019113,S01912,2026-08-03,Present,8.4
A019114,S01912,2026-08-04,Present,9.0
A019115,S01912,2026-08-05,Present,8.9
A019116,S01912,2026-08-06,Present,9.3
A019117,S01912,2026-08-07,Present,7.1
A019118,S01912,2026-08-08,Absent,0.0
A019119,S01912,2026-08-09,Present,9.2
A019120,S01912,2026-08-10,Present,9.9
A019121,S01913,2026-08-01,Present,7.6
A019122,S01913,2026-08-02,Present,7.7
A019123,S01913,2026-08-03,Present,8.9
A019124,S01913,2026-08-04,Present,8.2
A019125,S01913,2026-08-05,Present,8.4
A019126,S01913,2026-08-06,Present,8.7
A019127,S01913,2026-08-07,Half Day,4.8
A019128,S01913,2026-08-08,Present,8.9
A019129,S01913,2026-08-09,Present,9.9
A019130,S01913,2026-08-10,Present,9.2
A019131,S01914,2026-08-01,Present,7.6
A019132,S01914,2026-08-02,Present,9.8
A019133,S01914,2026-08-03,Present,9.8
A019134,S01914,2026-08-04,Present,8.7
A019135,S01914,2026-08-05,Present,9.8
A019136,S01914,2026-08-06,Present,7.3
A019137,S01914,2026-08-07,Present,9.9
A019138,S01914,2026-08-08,Present,9.1
A019139,S01914,2026-08-09,Present,8.3
A019140,S01914,2026-08-10,Present,9.6
A019141,S01915,2026-08-01,Present,9.8
A019142,S01915,2026-08-02,Absent,0.0
A019143,S01915,2026-08-03,Present,8.3
A019144,S01915,2026-08-04,Present,8.4
A019145,S01915,2026-08-05,Present,9.8
A019146,S01915,2026-08-06,Present,9.0
A019147,S01915,2026-08-07,Present,7.8
A019148,S01915,2026-08-08,Present,8.5
A019149,S01915,2026-08-09,Half Day,4.1
A019150,S01915,2026-08-10,Present,9.4
A019151,S01916,2026-08-01,Present,8.5
A019152,S01916,2026-08-02,Present,9.2
A019153,S01916,2026-08-03,Present,8.4
A019154,S01916,2026-08-04,Present,9.7
A019155,S01916,2026-08-05,Present,8.4
A019156,S01916,2026-08-06,Present,7.8
A019157,S01916,2026-08-07,Present,7.9
A019158,S01916,2026-08-08,Present,9.2
A019159,S01916,2026-08-09,Present,9.2
A019160,S01916,2026-08-10,Present,8.6
A019161,S01917,2026-08-01,Present,7.9
A019162,S01917,2026-08-02,Present,7.1
A019163,S01917,2026-08-03,Present,7.9
A019164,S01917,2026-08-04,Present,10.0
A019165,S01917,2026-08-05,Present,9.2
A019166,S01917,2026-08-06,Present,9.2
A019167,S01917,2026-08-07,Present,7.1
A019168,S01917,2026-08-08,Present,8.1
A019169,S01917,2026-08-09,Present,9.3
A019170,S01917,2026-08-10,Absent,0.0
A019171,S01918,2026-08-01,Present,9.8
A019172,S01918,2026-08-02,Present,8.3
A019173,S01918,2026-08-03,Present,9.4
A019174,S01918,2026-08-04,Present,7.9
A019175,S01918,2026-08-05,Present,7.5
A019176,S01918,2026-08-06,Present,7.3
A019177,S01918,2026-08-07,Present,7.8
A019178,S01918,2026-08-08,Present,8.7
A019179,S01918,2026-08-09,Present,9.3
A019180,S01918,2026-08-10,Present,7.1
A019181,S01919,2026-08-01,Present,9.2
A019182,S01919,2026-08-02,Present,7.8
A019183,S01919,2026-08-03,Present,7.3
A019184,S01919,2026-08-04,Present,7.5
A019185,S01919,2026-08-05,Absent,0.0
A019186,S01919,2026-08-06,Present,7.7
A019187,S01919,2026-08-07,Present,7.7
A019188,S01919,2026-08-08,Present,8.7
A019189,S01919,2026-08-09,Present,7.5
A019190,S01919,2026-08-10,Absent,0.0
A019191,S01920,2026-08-01,Present,7.9
A019192,S01920,2026-08-02,Present,8.7
A019193,S01920,2026-08-03,Present,8.9
A019194,S01920,2026-08-04,Present,9.9
A019195,S01920,2026-08-05,Absent,0.0
A019196,S01920,2026-08-06,Present,9.1
A019197,S01920,2026-08-07,Absent,0.0
A019198,S01920,2026-08-08,Present,8.3
A019199,S01920,2026-08-09,Present,8.0
A019200,S01920,2026-08-10,Present,9.0
A019201,S01921,2026-08-01,Present,9.6
A019202,S01921,2026-08-02,Present,8.7
A019203,S01921,2026-08-03,Present,9.7
A019204,S01921,2026-08-04,Present,7.6
A019205,S01921,2026-08-05,Present,9.3
A019206,S01921,2026-08-06,Present,9.4
A019207,S01921,2026-08-07,Present,9.9
A019208,S01921,2026-08-08,Present,9.1
A019209,S01921,2026-08-09,Present,8.3
A019210,S01921,2026-08-10,Present,9.0
A019211,S01922,2026-08-01,Present,9.0
A019212,S01922,2026-08-02,Present,8.5
A019213,S01922,2026-08-03,Half Day,4.0
A019214,S01922,2026-08-04,Present,7.1
A019215,S01922,2026-08-05,Present,7.1
A019216,S01922,2026-08-06,Present,9.4
A019217,S01922,2026-08-07,Absent,0.0
A019218,S01922,2026-08-08,Present,10.0
A019219,S01922,2026-08-09,Present,7.7
A019220,S01922,2026-08-10,Present,8.6
A019221,S01923,2026-08-01,Present,9.6
A019222,S01923,2026-08-02,Present,9.2
A019223,S01923,2026-08-03,Present,9.7
A019224,S01923,2026-08-04,Present,8.6
A019225,S01923,2026-08-05,Present,8.0
A019226,S01923,2026-08-06,Present,9.8
A019227,S01923,2026-08-07,Present,8.2
A019228,S01923,2026-08-08,Absent,0.0
A019229,S01923,2026-08-09,Present,8.1
A019230,S01923,2026-08-10,Present,8.5
A019231,S01924,2026-08-01,Present,7.1
A019232,S01924,2026-08-02,Present,7.9
A019233,S01924,2026-08-03,Present,8.8
A019234,S01924,2026-08-04,Present,8.3
A019235,S01924,2026-08-05,Present,7.4
A019236,S01924,2026-08-06,Present,9.6
A019237,S01924,2026-08-07,Present,7.5
A019238,S01924,2026-08-08,Present,9.7
A019239,S01924,2026-08-09,Present,7.6
A019240,S01924,2026-08-10,Present,8.9
A019241,S01925,2026-08-01,Present,9.9
A019242,S01925,2026-08-02,Present,8.0
A019243,S01925,2026-08-03,Present,7.6
A019244,S01925,2026-08-04,Present,8.2
A019245,S01925,2026-08-05,Present,7.0
A019246,S01925,2026-08-06,Present,8.6
A019247,S01925,2026-08-07,Present,9.2
A019248,S01925,2026-08-08,Present,9.0
A019249,S01925,2026-08-09,Present,8.6
A019250,S01925,2026-08-10,Absent,0.0
A019251,S01926,2026-08-01,Present,9.4
A019252,S01926,2026-08-02,Present,9.5
A019253,S01926,2026-08-03,Present,7.0
A019254,S01926,2026-08-04,Present,8.6
A019255,S01926,2026-08-05,Present,9.4
A019256,S01926,2026-08-06,Half Day,4.2
A019257,S01926,2026-08-07,Present,8.5
A019258,S01926,2026-08-08,Present,7.5
A019259,S01926,2026-08-09,Half Day,3.1
A019260,S01926,2026-08-10,Half Day,4.8
A019261,S01927,2026-08-01,Absent,0.0
A019262,S01927,2026-08-02,Present,9.5
A019263,S01927,2026-08-03,Present,8.2
A019264,S01927,2026-08-04,Present,7.8
A019265,S01927,2026-08-05,Present,9.0
A019266,S01927,2026-08-06,Present,9.3
A019267,S01927,2026-08-07,Half Day,3.5
A019268,S01927,2026-08-08,Present,7.7
A019269,S01927,2026-08-09,Present,8.8
A019270,S01927,2026-08-10,Present,8.3
A019271,S01928,2026-08-01,Present,7.8
A019272,S01928,2026-08-02,Present,7.5
A019273,S01928,2026-08-03,Absent,0.0
A019274,S01928,2026-08-04,Absent,0.0
A019275,S01928,2026-08-05,Present,7.9
A019276,S01928,2026-08-06,Present,8.6
A019277,S01928,2026-08-07,Present,9.8
A019278,S01928,2026-08-08,Absent,0.0
A019279,S01928,2026-08-09,Present,8.9
A019280,S01928,2026-08-10,Present,7.2
A019281,S01929,2026-08-01,Absent,0.0
A019282,S01929,2026-08-02,Present,10.0
A019283,S01929,2026-08-03,Present,7.7
A019284,S01929,2026-08-04,Present,8.0
A019285,S01929,2026-08-05,Present,9.7
A019286,S01929,2026-08-06,Present,7.9
A019287,S01929,2026-08-07,Half Day,4.5
A019288,S01929,2026-08-08,Absent,0.0
A019289,S01929,2026-08-09,Present,9.8
A019290,S01929,2026-08-10,Present,9.4
A019291,S01930,2026-08-01,Half Day,4.8
A019292,S01930,2026-08-02,Present,9.1
A019293,S01930,2026-08-03,Present,7.4
A019294,S01930,2026-08-04,Present,9.2
A019295,S01930,2026-08-05,Present,7.8
A019296,S01930,2026-08-06,Half Day,3.2
A019297,S01930,2026-08-07,Present,9.9
A019298,S01930,2026-08-08,Absent,0.0
A019299,S01930,2026-08-09,Present,8.0
A019300,S01930,2026-08-10,Present,9.2
A019301,S01931,2026-08-01,Present,7.8
A019302,S01931,2026-08-02,Present,8.6
A019303,S01931,2026-08-03,Present,8.0
A019304,S01931,2026-08-04,Present,9.8
A019305,S01931,2026-08-05,Half Day,4.1
A019306,S01931,2026-08-06,Present,9.6
A019307,S01931,2026-08-07,Present,9.4
A019308,S01931,2026-08-08,Present,8.9
A019309,S01931,2026-08-09,Present,8.6
A019310,S01931,2026-08-10,Present,8.7
A019311,S01932,2026-08-01,Half Day,4.6
A019312,S01932,2026-08-02,Present,8.3
A019313,S01932,2026-08-03,Present,7.6
A019314,S01932,2026-08-04,Present,9.4
A019315,S01932,2026-08-05,Present,9.6
A019316,S01932,2026-08-06,Present,8.2
A019317,S01932,2026-08-07,Present,9.3
A019318,S01932,2026-08-08,Present,8.4
A019319,S01932,2026-08-09,Present,8.3
A019320,S01932,2026-08-10,Present,8.1
A019321,S01933,2026-08-01,Present,9.0
A019322,S01933,2026-08-02,Present,7.7
A019323,S01933,2026-08-03,Present,8.9
A019324,S01933,2026-08-04,Present,9.2
A019325,S01933,2026-08-05,Present,8.9
A019326,S01933,2026-08-06,Present,7.7
A019327,S01933,2026-08-07,Half Day,3.3
A019328,S01933,2026-08-08,Present,9.5
A019329,S01933,2026-08-09,Present,8.2
A019330,S01933,2026-08-10,Absent,0.0
A019331,S01934,2026-08-01,Present,9.5
A019332,S01934,2026-08-02,Present,8.9
A019333,S01934,2026-08-03,Present,8.9
A019334,S01934,2026-08-04,Present,8.4
A019335,S01934,2026-08-05,Absent,0.0
A019336,S01934,2026-08-06,Present,7.4
A019337,S01934,2026-08-07,Present,8.4
A019338,S01934,2026-08-08,Present,8.4
A019339,S01934,2026-08-09,Present,9.0
A019340,S01934,2026-08-10,Present,9.8
A019341,S01935,2026-08-01,Present,9.3
A019342,S01935,2026-08-02,Present,9.5
A019343,S01935,2026-08-03,Absent,0.0
A019344,S01935,2026-08-04,Present,7.6
A019345,S01935,2026-08-05,Present,8.4
A019346,S01935,2026-08-06,Present,9.0
A019347,S01935,2026-08-07,Present,7.7
A019348,S01935,2026-08-08,Present,9.0
A019349,S01935,2026-08-09,Present,7.4
A019350,S01935,2026-08-10,Present,8.8
A019351,S01936,2026-08-01,Present,8.9
A019352,S01936,2026-08-02,Present,9.3
A019353,S01936,2026-08-03,Present,8.8
A019354,S01936,2026-08-04,Present,9.9
A019355,S01936,2026-08-05,Present,8.5
A019356,S01936,2026-08-06,Present,7.6
A019357,S01936,2026-08-07,Present,7.1
A019358,S01936,2026-08-08,Present,7.4
A019359,S01936,2026-08-09,Present,8.6
A019360,S01936,2026-08-10,Half Day,3.9
A019361,S01937,2026-08-01,Half Day,3.4
A019362,S01937,2026-08-02,Present,8.0
A019363,S01937,2026-08-03,Absent,0.0
A019364,S01937,2026-08-04,Present,10.0
A019365,S01937,2026-08-05,Half Day,3.3
A019366,S01937,2026-08-06,Half Day,4.6
A019367,S01937,2026-08-07,Present,9.1
A019368,S01937,2026-08-08,Present,9.4
A019369,S01937,2026-08-09,Half Day,4.2
A019370,S01937,2026-08-10,Present,9.2
A019371,S01938,2026-08-01,Present,8.4
A019372,S01938,2026-08-02,Present,8.3
A019373,S01938,2026-08-03,Absent,0.0
A019374,S01938,2026-08-04,Present,8.1
A019375,S01938,2026-08-05,Present,7.3
A019376,S01938,2026-08-06,Present,7.1
A019377,S01938,2026-08-07,Present,8.8
A019378,S01938,2026-08-08,Half Day,4.2
A019379,S01938,2026-08-09,Present,7.2
A019380,S01938,2026-08-10,Present,7.5
A019381,S01939,2026-08-01,Present,7.0
A019382,S01939,2026-08-02,Present,8.8
A019383,S01939,2026-08-03,Present,9.9
A019384,S01939,2026-08-04,Present,7.8
A019385,S01939,2026-08-05,Absent,0.0
A019386,S01939,2026-08-06,Present,9.4
A019387,S01939,2026-08-07,Present,8.5
A019388,S01939,2026-08-08,Present,9.0
A019389,S01939,2026-08-09,Present,8.5
A019390,S01939,2026-08-10,Present,9.6
A019391,S01940,2026-08-01,Present,9.7
A019392,S01940,2026-08-02,Present,8.6
A019393,S01940,2026-08-03,Present,8.8
A019394,S01940,2026-08-04,Present,9.5
A019395,S01940,2026-08-05,Present,8.2
A019396,S01940,2026-08-06,Present,8.2
A019397,S01940,2026-08-07,Half Day,3.3
A019398,S01940,2026-08-08,Present,9.0
A019399,S01940,2026-08-09,Present,8.4
A019400,S01940,2026-08-10,Present,8.0
A019401,S01941,2026-08-01,Present,10.0
A019402,S01941,2026-08-02,Present,9.0
A019403,S01941,2026-08-03,Present,8.9
A019404,S01941,2026-08-04,Present,9.2
A019405,S01941,2026-08-05,Present,9.9
A019406,S01941,2026-08-06,Absent,0.0
A019407,S01941,2026-08-07,Absent,0.0
A019408,S01941,2026-08-08,Present,9.4
A019409,S01941,2026-08-09,Present,8.6
A019410,S01941,2026-08-10,Present,9.7
A019411,S01942,2026-08-01,Present,7.8
A019412,S01942,2026-08-02,Half Day,3.7
A019413,S01942,2026-08-03,Present,7.7
A019414,S01942,2026-08-04,Present,7.1
A019415,S01942,2026-08-05,Present,9.4
A019416,S01942,2026-08-06,Present,8.4
A019417,S01942,2026-08-07,Present,8.1
A019418,S01942,2026-08-08,Present,7.3
A019419,S01942,2026-08-09,Present,8.9
A019420,S01942,2026-08-10,Present,7.8
A019421,S01943,2026-08-01,Present,9.2
A019422,S01943,2026-08-02,Present,7.6
A019423,S01943,2026-08-03,Half Day,3.6
A019424,S01943,2026-08-04,Present,9.1
A019425,S01943,2026-08-05,Present,7.9
A019426,S01943,2026-08-06,Present,8.4
A019427,S01943,2026-08-07,Present,9.0
A019428,S01943,2026-08-08,Present,8.2
A019429,S01943,2026-08-09,Present,9.7
A019430,S01943,2026-08-10,Present,8.7
A019431,S01944,2026-08-01,Present,8.1
A019432,S01944,2026-08-02,Absent,0.0
A019433,S01944,2026-08-03,Present,8.4
A019434,S01944,2026-08-04,Half Day,3.3
A019435,S01944,2026-08-05,Absent,0.0
A019436,S01944,2026-08-06,Present,8.2
A019437,S01944,2026-08-07,Present,9.2
A019438,S01944,2026-08-08,Present,8.1
A019439,S01944,2026-08-09,Present,7.5
A019440,S01944,2026-08-10,Present,8.6
A019441,S01945,2026-08-01,Present,9.3
A019442,S01945,2026-08-02,Present,8.4
A019443,S01945,2026-08-03,Present,7.0
A019444,S01945,2026-08-04,Present,7.2
A019445,S01945,2026-08-05,Absent,0.0
A019446,S01945,2026-08-06,Present,8.4
A019447,S01945,2026-08-07,Present,7.5
A019448,S01945,2026-08-08,Absent,0.0
A019449,S01945,2026-08-09,Present,8.5
A019450,S01945,2026-08-10,Present,8.4
A019451,S01946,2026-08-01,Present,8.4
A019452,S01946,2026-08-02,Present,7.5
A019453,S01946,2026-08-03,Present,9.1
A019454,S01946,2026-08-04,Present,7.0
A019455,S01946,2026-08-05,Half Day,4.4
A019456,S01946,2026-08-06,Present,7.6
A019457,S01946,2026-08-07,Present,9.0
A019458,S01946,2026-08-08,Present,9.7
A019459,S01946,2026-08-09,Present,7.5
A019460,S01946,2026-08-10,Present,8.4
A019461,S01947,2026-08-01,Present,9.5
A019462,S01947,2026-08-02,Present,8.1
A019463,S01947,2026-08-03,Present,10.0
A019464,S01947,2026-08-04,Present,7.5
A019465,S01947,2026-08-05,Present,7.3
A019466,S01947,2026-08-06,Present,7.1
A019467,S01947,2026-08-07,Present,8.0
A019468,S01947,2026-08-08,Present,8.0
A019469,S01947,2026-08-09,Present,9.2
A019470,S01947,2026-08-10,Present,9.2
A019471,S01948,2026-08-01,Present,7.8
A019472,S01948,2026-08-02,Present,8.1
A019473,S01948,2026-08-03,Present,7.9
A019474,S01948,2026-08-04,Present,9.3
A019475,S01948,2026-08-05,Present,9.3
A019476,S01948,2026-08-06,Present,8.4
A019477,S01948,2026-08-07,Half Day,4.7
A019478,S01948,2026-08-08,Present,9.9
A019479,S01948,2026-08-09,Present,9.7
A019480,S01948,2026-08-10,Present,8.1
A019481,S01949,2026-08-01,Present,7.4
A019482,S01949,2026-08-02,Present,8.6
A019483,S01949,2026-08-03,Present,9.1
A019484,S01949,2026-08-04,Present,7.7
A019485,S01949,2026-08-05,Present,9.7
A019486,S01949,2026-08-06,Half Day,4.5
A019487,S01949,2026-08-07,Half Day,4.7
A019488,S01949,2026-08-08,Present,8.7
A019489,S01949,2026-08-09,Present,8.5
A019490,S01949,2026-08-10,Present,9.5
A019491,S01950,2026-08-01,Present,9.7
A019492,S01950,2026-08-02,Present,9.5
A019493,S01950,2026-08-03,Present,7.6
A019494,S01950,2026-08-04,Present,9.3
A019495,S01950,2026-08-05,Present,9.1
A019496,S01950,2026-08-06,Absent,0.0
A019497,S01950,2026-08-07,Absent,0.0
A019498,S01950,2026-08-08,Present,7.6
A019499,S01950,2026-08-09,Present,9.8
A019500,S01950,2026-08-10,Present,8.2
A019501,S01951,2026-08-01,Present,7.3
A019502,S01951,2026-08-02,Present,7.6
A019503,S01951,2026-08-03,Present,9.3
A019504,S01951,2026-08-04,Present,7.6
A019505,S01951,2026-08-05,Present,8.5
A019506,S01951,2026-08-06,Present,9.4
A019507,S01951,2026-08-07,Present,9.8
A019508,S01951,2026-08-08,Present,8.4
A019509,S01951,2026-08-09,Present,8.7
A019510,S01951,2026-08-10,Present,7.7
A019511,S01952,2026-08-01,Present,9.9
A019512,S01952,2026-08-02,Present,7.2
A019513,S01952,2026-08-03,Present,9.2
A019514,S01952,2026-08-04,Present,7.0
A019515,S01952,2026-08-05,Present,9.5
A019516,S01952,2026-08-06,Half Day,4.7
A019517,S01952,2026-08-07,Present,9.2
A019518,S01952,2026-08-08,Present,8.8
A019519,S01952,2026-08-09,Present,8.5
A019520,S01952,2026-08-10,Present,8.3
A019521,S01953,2026-08-01,Present,7.2
A019522,S01953,2026-08-02,Present,7.4
A019523,S01953,2026-08-03,Present,8.9
A019524,S01953,2026-08-04,Present,9.0
A019525,S01953,2026-08-05,Present,8.4
A019526,S01953,2026-08-06,Present,8.6
A019527,S01953,2026-08-07,Present,8.3
A019528,S01953,2026-08-08,Present,9.8
A019529,S01953,2026-08-09,Half Day,4.4
A019530,S01953,2026-08-10,Present,8.9
A019531,S01954,2026-08-01,Present,8.5
A019532,S01954,2026-08-02,Present,9.8
A019533,S01954,2026-08-03,Present,8.1
A019534,S01954,2026-08-04,Present,7.5
A019535,S01954,2026-08-05,Present,8.9
A019536,S01954,2026-08-06,Absent,0.0
A019537,S01954,2026-08-07,Present,7.3
A019538,S01954,2026-08-08,Present,7.7
A019539,S01954,2026-08-09,Present,8.1
A019540,S01954,2026-08-10,Present,9.9
A019541,S01955,2026-08-01,Present,7.3
A019542,S01955,2026-08-02,Present,9.4
A019543,S01955,2026-08-03,Present,8.7
A019544,S01955,2026-08-04,Present,8.4
A019545,S01955,2026-08-05,Present,9.1
A019546,S01955,2026-08-06,Absent,0.0
A019547,S01955,2026-08-07,Present,8.1
A019548,S01955,2026-08-08,Half Day,3.3
A019549,S01955,2026-08-09,Present,8.6
A019550,S01955,2026-08-10,Present,7.4
A019551,S01956,2026-08-01,Half Day,3.7
A019552,S01956,2026-08-02,Half Day,3.8
A019553,S01956,2026-08-03,Present,7.2
A019554,S01956,2026-08-04,Present,9.1
A019555,S01956,2026-08-05,Present,9.0
A019556,S01956,2026-08-06,Absent,0.0
A019557,S01956,2026-08-07,Present,9.5
A019558,S01956,2026-08-08,Present,8.4
A019559,S01956,2026-08-09,Absent,0.0
A019560,S01956,2026-08-10,Present,9.6
A019561,S01957,2026-08-01,Present,8.2
A019562,S01957,2026-08-02,Present,8.3
A019563,S01957,2026-08-03,Present,9.4
A019564,S01957,2026-08-04,Present,8.2
A019565,S01957,2026-08-05,Present,8.0
A019566,S01957,2026-08-06,Present,7.8
A019567,S01957,2026-08-07,Present,8.4
A019568,S01957,2026-08-08,Present,7.9
A019569,S01957,2026-08-09,Present,8.8
A019570,S01957,2026-08-10,Present,8.5
A019571,S01958,2026-08-01,Present,9.8
A019572,S01958,2026-08-02,Half Day,4.4
A019573,S01958,2026-08-03,Present,8.1
A019574,S01958,2026-08-04,Absent,0.0
A019575,S01958,2026-08-05,Present,8.6
A019576,S01958,2026-08-06,Present,7.6
A019577,S01958,2026-08-07,Present,8.5
A019578,S01958,2026-08-08,Present,7.7
A019579,S01958,2026-08-09,Present,9.2
A019580,S01958,2026-08-10,Present,7.8
A019581,S01959,2026-08-01,Present,8.1
A019582,S01959,2026-08-02,Present,7.9
A019583,S01959,2026-08-03,Present,8.3
A019584,S01959,2026-08-04,Present,7.6
A019585,S01959,2026-08-05,Present,9.0
A019586,S01959,2026-08-06,Present,9.1
A019587,S01959,2026-08-07,Present,9.6
A019588,S01959,2026-08-08,Present,9.9
A019589,S01959,2026-08-09,Present,9.0
A019590,S01959,2026-08-10,Present,8.8
A019591,S01960,2026-08-01,Present,7.8
A019592,S01960,2026-08-02,Present,9.3
A019593,S01960,2026-08-03,Present,7.8
A019594,S01960,2026-08-04,Present,7.1
A019595,S01960,2026-08-05,Present,9.1
A019596,S01960,2026-08-06,Present,8.6
A019597,S01960,2026-08-07,Present,8.1
A019598,S01960,2026-08-08,Present,8.7
A019599,S01960,2026-08-09,Present,7.1
A019600,S01960,2026-08-10,Absent,0.0
A019601,S01961,2026-08-01,Present,8.3
A019602,S01961,2026-08-02,Present,7.3
A019603,S01961,2026-08-03,Present,9.2
A019604,S01961,2026-08-04,Absent,0.0
A019605,S01961,2026-08-05,Present,9.4
A019606,S01961,2026-08-06,Present,9.0
A019607,S01961,2026-08-07,Present,9.5
A019608,S01961,2026-08-08,Present,7.6
A019609,S01961,2026-08-09,Present,9.6
A019610,S01961,2026-08-10,Present,7.2
A019611,S01962,2026-08-01,Present,9.2
A019612,S01962,2026-08-02,Present,7.2
A019613,S01962,2026-08-03,Present,8.6
A019614,S01962,2026-08-04,Present,9.3
A019615,S01962,2026-08-05,Present,7.3
A019616,S01962,2026-08-06,Half Day,4.1
A019617,S01962,2026-08-07,Absent,0.0
A019618,S01962,2026-08-08,Present,8.2
A019619,S01962,2026-08-09,Present,8.0
A019620,S01962,2026-08-10,Present,9.8
A019621,S01963,2026-08-01,Present,7.2
A019622,S01963,2026-08-02,Present,8.1
A019623,S01963,2026-08-03,Present,9.0
A019624,S01963,2026-08-04,Present,8.1
A019625,S01963,2026-08-05,Present,8.6
A019626,S01963,2026-08-06,Present,9.5
A019627,S01963,2026-08-07,Present,8.3
A019628,S01963,2026-08-08,Present,7.9
A019629,S01963,2026-08-09,Present,9.3
A019630,S01963,2026-08-10,Present,7.6
A019631,S01964,2026-08-01,Present,9.4
A019632,S01964,2026-08-02,Present,9.9
A019633,S01964,2026-08-03,Absent,0.0
A019634,S01964,2026-08-04,Present,9.7
A019635,S01964,2026-08-05,Present,9.7
A019636,S01964,2026-08-06,Present,9.1
A019637,S01964,2026-08-07,Present,7.3
A019638,S01964,2026-08-08,Present,9.3
A019639,S01964,2026-08-09,Present,9.7
A019640,S01964,2026-08-10,Present,7.9
A019641,S01965,2026-08-01,Present,9.4
A019642,S01965,2026-08-02,Present,7.5
A019643,S01965,2026-08-03,Present,9.4
A019644,S01965,2026-08-04,Present,9.2
A019645,S01965,2026-08-05,Present,9.2
A019646,S01965,2026-08-06,Present,9.7
A019647,S01965,2026-08-07,Present,8.0
A019648,S01965,2026-08-08,Present,9.6
A019649,S01965,2026-08-09,Present,8.6
A019650,S01965,2026-08-10,Present,8.7
A019651,S01966,2026-08-01,Present,8.2
A019652,S01966,2026-08-02,Present,9.1
A019653,S01966,2026-08-03,Present,7.6
A019654,S01966,2026-08-04,Half Day,3.3
A019655,S01966,2026-08-05,Present,7.8
A019656,S01966,2026-08-06,Present,8.0
A019657,S01966,2026-08-07,Present,7.6
A019658,S01966,2026-08-08,Present,8.8
A019659,S01966,2026-08-09,Present,8.7
A019660,S01966,2026-08-10,Present,9.8
A019661,S01967,2026-08-01,Half Day,4.2
A019662,S01967,2026-08-02,Present,8.1
A019663,S01967,2026-08-03,Present,8.0
A019664,S01967,2026-08-04,Present,8.5
A019665,S01967,2026-08-05,Absent,0.0
A019666,S01967,2026-08-06,Present,8.2
A019667,S01967,2026-08-07,Present,7.8
A019668,S01967,2026-08-08,Present,9.1
A019669,S01967,2026-08-09,Present,7.1
A019670,S01967,2026-08-10,Present,9.9
A019671,S01968,2026-08-01,Present,8.4
A019672,S01968,2026-08-02,Present,9.9
A019673,S01968,2026-08-03,Absent,0.0
A019674,S01968,2026-08-04,Present,9.2
A019675,S01968,2026-08-05,Present,8.2
A019676,S01968,2026-08-06,Present,7.4
A019677,S01968,2026-08-07,Absent,0.0
A019678,S01968,2026-08-08,Present,7.3
A019679,S01968,2026-08-09,Present,8.6
A019680,S01968,2026-08-10,Present,7.5
A019681,S01969,2026-08-01,Present,8.1
A019682,S01969,2026-08-02,Present,8.2
A019683,S01969,2026-08-03,Present,9.5
A019684,S01969,2026-08-04,Present,9.7
A019685,S01969,2026-08-05,Absent,0.0
A019686,S01969,2026-08-06,Absent,0.0
A019687,S01969,2026-08-07,Present,9.3
A019688,S01969,2026-08-08,Present,7.2
A019689,S01969,2026-08-09,Present,7.3
A019690,S01969,2026-08-10,Absent,0.0
A019691,S01970,2026-08-01,Present,7.0
A019692,S01970,2026-08-02,Present,8.3
A019693,S01970,2026-08-03,Present,8.1
A019694,S01970,2026-08-04,Present,9.1
A019695,S01970,2026-08-05,Present,9.7
A019696,S01970,2026-08-06,Present,7.8
A019697,S01970,2026-08-07,Present,7.8
A019698,S01970,2026-08-08,Present,8.0
A019699,S01970,2026-08-09,Present,7.9
A019700,S01970,2026-08-10,Present,9.0
A019701,S01971,2026-08-01,Present,9.7
A019702,S01971,2026-08-02,Half Day,3.5
A019703,S01971,2026-08-03,Half Day,4.4
A019704,S01971,2026-08-04,Present,9.9
A019705,S01971,2026-08-05,Present,7.6
A019706,S01971,2026-08-06,Present,8.6
A019707,S01971,2026-08-07,Present,7.1
A019708,S01971,2026-08-08,Present,8.0
A019709,S01971,2026-08-09,Present,7.5
A019710,S01971,2026-08-10,Present,9.8
A019711,S01972,2026-08-01,Present,7.3
A019712,S01972,2026-08-02,Present,7.2
A019713,S01972,2026-08-03,Present,9.0
A019714,S01972,2026-08-04,Absent,0.0
A019715,S01972,2026-08-05,Present,8.9
A019716,S01972,2026-08-06,Present,7.2
A019717,S01972,2026-08-07,Absent,0.0
A019718,S01972,2026-08-08,Present,7.0
A019719,S01972,2026-08-09,Present,7.8
A019720,S01972,2026-08-10,Half Day,3.8
A019721,S01973,2026-08-01,Absent,0.0
A019722,S01973,2026-08-02,Present,7.2
A019723,S01973,2026-08-03,Present,9.7
A019724,S01973,2026-08-04,Present,7.6
A019725,S01973,2026-08-05,Absent,0.0
A019726,S01973,2026-08-06,Absent,0.0
A019727,S01973,2026-08-07,Present,8.0
A019728,S01973,2026-08-08,Present,7.8
A019729,S01973,2026-08-09,Present,9.5
A019730,S01973,2026-08-10,Present,8.8
A019731,S01974,2026-08-01,Present,10.0
A019732,S01974,2026-08-02,Present,7.5
A019733,S01974,2026-08-03,Present,8.0
A019734,S01974,2026-08-04,Present,9.3
A019735,S01974,2026-08-05,Present,8.0
A019736,S01974,2026-08-06,Half Day,4.0
A019737,S01974,2026-08-07,Present,9.3
A019738,S01974,2026-08-08,Present,8.3
A019739,S01974,2026-08-09,Present,7.2
A019740,S01974,2026-08-10,Present,9.1
A019741,S01975,2026-08-01,Present,8.6
A019742,S01975,2026-08-02,Absent,0.0
A019743,S01975,2026-08-03,Present,9.1
A019744,S01975,2026-08-04,Present,8.2
A019745,S01975,2026-08-05,Present,8.5
A019746,S01975,2026-08-06,Half Day,3.8
A019747,S01975,2026-08-07,Half Day,4.6
A019748,S01975,2026-08-08,Present,9.4
A019749,S01975,2026-08-09,Present,9.3
A019750,S01975,2026-08-10,Present,8.7
A019751,S01976,2026-08-01,Present,7.2
A019752,S01976,2026-08-02,Present,9.1
A019753,S01976,2026-08-03,Present,8.8
A019754,S01976,2026-08-04,Present,8.7
A019755,S01976,2026-08-05,Present,9.1
A019756,S01976,2026-08-06,Present,8.5
A019757,S01976,2026-08-07,Half Day,3.3
A019758,S01976,2026-08-08,Present,9.2
A019759,S01976,2026-08-09,Present,8.0
A019760,S01976,2026-08-10,Present,7.9
A019761,S01977,2026-08-01,Present,8.2
A019762,S01977,2026-08-02,Present,9.3
A019763,S01977,2026-08-03,Present,7.4
A019764,S01977,2026-08-04,Absent,0.0
A019765,S01977,2026-08-05,Present,7.5
A019766,S01977,2026-08-06,Absent,0.0
A019767,S01977,2026-08-07,Present,9.3
A019768,S01977,2026-08-08,Present,8.2
A019769,S01977,2026-08-09,Half Day,4.5
A019770,S01977,2026-08-10,Present,9.2
A019771,S01978,2026-08-01,Present,7.3
A019772,S01978,2026-08-02,Present,8.5
A019773,S01978,2026-08-03,Half Day,3.9
A019774,S01978,2026-08-04,Present,8.2
A019775,S01978,2026-08-05,Absent,0.0
A019776,S01978,2026-08-06,Present,7.8
A019777,S01978,2026-08-07,Absent,0.0
A019778,S01978,2026-08-08,Present,9.2
A019779,S01978,2026-08-09,Present,8.9
A019780,S01978,2026-08-10,Present,7.2
A019781,S01979,2026-08-01,Present,9.2
A019782,S01979,2026-08-02,Present,7.9
A019783,S01979,2026-08-03,Half Day,3.3
A019784,S01979,2026-08-04,Present,7.7
A019785,S01979,2026-08-05,Present,9.3
A019786,S01979,2026-08-06,Present,7.7
A019787,S01979,2026-08-07,Present,8.3
A019788,S01979,2026-08-08,Half Day,3.4
A019789,S01979,2026-08-09,Present,9.0
A019790,S01979,2026-08-10,Present,8.1
A019791,S01980,2026-08-01,Present,9.7
A019792,S01980,2026-08-02,Present,7.5
A019793,S01980,2026-08-03,Absent,0.0
A019794,S01980,2026-08-04,Present,9.5
A019795,S01980,2026-08-05,Half Day,4.8
A019796,S01980,2026-08-06,Present,8.0
A019797,S01980,2026-08-07,Absent,0.0
A019798,S01980,2026-08-08,Present,7.2
A019799,S01980,2026-08-09,Present,8.3
A019800,S01980,2026-08-10,Present,7.4
A019801,S01981,2026-08-01,Present,7.5
A019802,S01981,2026-08-02,Present,9.5
A019803,S01981,2026-08-03,Present,9.2
A019804,S01981,2026-08-04,Present,7.1
A019805,S01981,2026-08-05,Absent,0.0
A019806,S01981,2026-08-06,Present,9.3
A019807,S01981,2026-08-07,Present,7.1
A019808,S01981,2026-08-08,Present,8.3
A019809,S01981,2026-08-09,Absent,0.0
A019810,S01981,2026-08-10,Present,9.5
A019811,S01982,2026-08-01,Present,7.3
A019812,S01982,2026-08-02,Present,8.3
A019813,S01982,2026-08-03,Half Day,3.8
A019814,S01982,2026-08-04,Present,7.0
A019815,S01982,2026-08-05,Absent,0.0
A019816,S01982,2026-08-06,Present,7.6
A019817,S01982,2026-08-07,Half Day,3.1
A019818,S01982,2026-08-08,Present,8.4
A019819,S01982,2026-08-09,Present,8.9
A019820,S01982,2026-08-10,Present,9.1
A019821,S01983,2026-08-01,Present,9.4
A019822,S01983,2026-08-02,Present,8.4
A019823,S01983,2026-08-03,Absent,0.0
A019824,S01983,2026-08-04,Present,8.2
A019825,S01983,2026-08-05,Present,7.8
A019826,S01983,2026-08-06,Present,9.6
A019827,S01983,2026-08-07,Present,7.2
A019828,S01983,2026-08-08,Present,9.4
A019829,S01983,2026-08-09,Present,9.0
A019830,S01983,2026-08-10,Present,8.4
A019831,S01984,2026-08-01,Present,9.6
A019832,S01984,2026-08-02,Present,7.8
A019833,S01984,2026-08-03,Present,9.8
A019834,S01984,2026-08-04,Present,7.5
A019835,S01984,2026-08-05,Present,9.1
A019836,S01984,2026-08-06,Present,8.8
A019837,S01984,2026-08-07,Present,8.3
A019838,S01984,2026-08-08,Present,8.1
A019839,S01984,2026-08-09,Present,9.6
A019840,S01984,2026-08-10,Present,7.9
A019841,S01985,2026-08-01,Present,7.1
A019842,S01985,2026-08-02,Present,7.8
A019843,S01985,2026-08-03,Present,7.7
A019844,S01985,2026-08-04,Present,8.2
A019845,S01985,2026-08-05,Present,8.0
A019846,S01985,2026-08-06,Present,7.4
A019847,S01985,2026-08-07,Present,8.2
A019848,S01985,2026-08-08,Present,9.4
A019849,S01985,2026-08-09,Present,8.6
A019850,S01985,2026-08-10,Absent,0.0
A019851,S01986,2026-08-01,Present,9.0
A019852,S01986,2026-08-02,Present,9.4
A019853,S01986,2026-08-03,Present,9.8
A019854,S01986,2026-08-04,Present,7.8
A019855,S01986,2026-08-05,Present,8.0
A019856,S01986,2026-08-06,Present,9.9
A019857,S01986,2026-08-07,Present,8.7
A019858,S01986,2026-08-08,Present,9.6
A019859,S01986,2026-08-09,Present,9.3
A019860,S01986,2026-08-10,Present,9.1
A019861,S01987,2026-08-01,Present,9.6
A019862,S01987,2026-08-02,Present,7.8
A019863,S01987,2026-08-03,Half Day,4.2
A019864,S01987,2026-08-04,Present,9.5
A019865,S01987,2026-08-05,Present,9.1
A019866,S01987,2026-08-06,Present,7.7
A019867,S01987,2026-08-07,Present,8.8
A019868,S01987,2026-08-08,Present,9.6
A019869,S01987,2026-08-09,Present,7.9
A019870,S01987,2026-08-10,Present,8.6
A019871,S01988,2026-08-01,Present,7.2
A019872,S01988,2026-08-02,Half Day,4.4
A019873,S01988,2026-08-03,Present,7.8
A019874,S01988,2026-08-04,Present,8.7
A019875,S01988,2026-08-05,Present,9.5
A019876,S01988,2026-08-06,Present,8.2
A019877,S01988,2026-08-07,Present,8.1
A019878,S01988,2026-08-08,Present,8.7
A019879,S01988,2026-08-09,Present,7.4
A019880,S01988,2026-08-10,Present,7.4
A019881,S01989,2026-08-01,Present,9.7
A019882,S01989,2026-08-02,Present,9.9
A019883,S01989,2026-08-03,Present,8.2
A019884,S01989,2026-08-04,Present,10.0
A019885,S01989,2026-08-05,Present,7.2
A019886,S01989,2026-08-06,Present,8.7
A019887,S01989,2026-08-07,Present,9.7
A019888,S01989,2026-08-08,Half Day,4.7
A019889,S01989,2026-08-09,Present,9.5
A019890,S01989,2026-08-10,Present,8.6
A019891,S01990,2026-08-01,Present,7.7
A019892,S01990,2026-08-02,Present,8.6
A019893,S01990,2026-08-03,Present,7.9
A019894,S01990,2026-08-04,Present,9.7
A019895,S01990,2026-08-05,Present,7.9
A019896,S01990,2026-08-06,Present,9.9
A019897,S01990,2026-08-07,Half Day,4.0
A019898,S01990,2026-08-08,Present,7.5
A019899,S01990,2026-08-09,Present,8.7
A019900,S01990,2026-08-10,Present,7.5
A019901,S01991,2026-08-01,Present,8.6
A019902,S01991,2026-08-02,Present,8.1
A019903,S01991,2026-08-03,Present,7.7
A019904,S01991,2026-08-04,Present,8.1
A019905,S01991,2026-08-05,Present,8.9
A019906,S01991,2026-08-06,Present,7.3
A019907,S01991,2026-08-07,Present,9.7
A019908,S01991,2026-08-08,Absent,0.0
A019909,S01991,2026-08-09,Present,7.6
A019910,S01991,2026-08-10,Present,7.3
A019911,S01992,2026-08-01,Present,9.1
A019912,S01992,2026-08-02,Present,8.8
A019913,S01992,2026-08-03,Present,7.4
A019914,S01992,2026-08-04,Half Day,4.0
A019915,S01992,2026-08-05,Present,10.0
A019916,S01992,2026-08-06,Present,10.0
A019917,S01992,2026-08-07,Present,7.3
A019918,S01992,2026-08-08,Present,8.3
A019919,S01992,2026-08-09,Present,7.7
A019920,S01992,2026-08-10,Present,9.6
A019921,S01993,2026-08-01,Present,9.3
A019922,S01993,2026-08-02,Present,8.9
A019923,S01993,2026-08-03,Present,7.8
A019924,S01993,2026-08-04,Absent,0.0
A019925,S01993,2026-08-05,Present,7.5
A019926,S01993,2026-08-06,Present,8.4
A019927,S01993,2026-08-07,Present,9.8
A019928,S01993,2026-08-08,Present,8.4
A019929,S01993,2026-08-09,Present,8.4
A019930,S01993,2026-08-10,Half Day,3.5
A019931,S01994,2026-08-01,Present,7.9
A019932,S01994,2026-08-02,Present,7.8
A019933,S01994,2026-08-03,Present,9.3
A019934,S01994,2026-08-04,Present,7.2
A019935,S01994,2026-08-05,Present,8.3
A019936,S01994,2026-08-06,Half Day,3.6
A019937,S01994,2026-08-07,Half Day,3.5
A019938,S01994,2026-08-08,Present,9.8
A019939,S01994,2026-08-09,Half Day,4.2
A019940,S01994,2026-08-10,Present,7.8
A019941,S01995,2026-08-01,Present,8.7
A019942,S01995,2026-08-02,Present,8.9
A019943,S01995,2026-08-03,Present,9.7
A019944,S01995,2026-08-04,Present,8.3
A019945,S01995,2026-08-05,Present,7.1
A019946,S01995,2026-08-06,Present,7.9
A019947,S01995,2026-08-07,Present,8.2
A019948,S01995,2026-08-08,Absent,0.0
A019949,S01995,2026-08-09,Present,9.7
A019950,S01995,2026-08-10,Present,9.5
A019951,S01996,2026-08-01,Half Day,4.6
A019952,S01996,2026-08-02,Half Day,3.6
A019953,S01996,2026-08-03,Present,8.7
A019954,S01996,2026-08-04,Present,9.1
A019955,S01996,2026-08-05,Present,8.9
A019956,S01996,2026-08-06,Present,7.2
A019957,S01996,2026-08-07,Absent,0.0
A019958,S01996,2026-08-08,Present,8.6
A019959,S01996,2026-08-09,Present,7.5
A019960,S01996,2026-08-10,Present,8.9
A019961,S01997,2026-08-01,Present,9.5
A019962,S01997,2026-08-02,Present,7.7
A019963,S01997,2026-08-03,Present,9.7
A019964,S01997,2026-08-04,Present,9.5
A019965,S01997,2026-08-05,Present,7.8
A019966,S01997,2026-08-06,Present,7.3
A019967,S01997,2026-08-07,Present,8.5
A019968,S01997,2026-08-08,Present,7.3
A019969,S01997,2026-08-09,Present,7.6
A019970,S01997,2026-08-10,Present,7.6
A019971,S01998,2026-08-01,Present,9.4
A019972,S01998,2026-08-02,Present,8.9
A019973,S01998,2026-08-03,Present,7.2
A019974,S01998,2026-08-04,Present,8.1
A019975,S01998,2026-08-05,Present,7.5
A019976,S01998,2026-08-06,Present,8.8
A019977,S01998,2026-08-07,Present,9.5
A019978,S01998,2026-08-08,Present,8.8
A019979,S01998,2026-08-09,Present,9.2
A019980,S01998,2026-08-10,Present,8.9
A019981,S01999,2026-08-01,Present,9.4
A019982,S01999,2026-08-02,Present,7.5
A019983,S01999,2026-08-03,Present,9.6
A019984,S01999,2026-08-04,Half Day,4.5
A019985,S01999,2026-08-05,Present,7.0
A019986,S01999,2026-08-06,Present,7.7
A019987,S01999,2026-08-07,Present,7.2
A019988,S01999,2026-08-08,Half Day,3.7
A019989,S01999,2026-08-09,Present,7.5
A019990,S01999,2026-08-10,Present,8.9
A019991,S02000,2026-08-01,Absent,0.0
A019992,S02000,2026-08-02,Present,8.9
A019993,S02000,2026-08-03,Present,8.9
A019994,S02000,2026-08-04,Half Day,3.9
A019995,S02000,2026-08-05,Present,7.5
A019996,S02000,2026-08-06,Present,9.3
A019997,S02000,2026-08-07,Present,8.6
A019998,S02000,2026-08-08,Present,7.3
A019999,S02000,2026-08-09,Present,7.1
A020000,S02000,2026-08-10,Half Day,4.8
